Áreas,Comarcas,Defensorias,Datas de Cadastro,Processos,Ações,Defensores
CÍVEL,ANANINDEUA,1ª DEFENSORIA PUBLICA CIVEL DE ANANINDEUA,2026-01-08 10:28:52.265682-03:00,0800247-55.2026.8.14.0006,SUPRIMENTO DE IDADE E/OU CONSENTIMENTO (143),ROBERTA OLIVEIRA MOREIRA
CÍVEL,ANANINDEUA,1ª DEFENSORIA PUBLICA CIVEL DE ANANINDEUA,2026-01-12 10:35:36.957807-03:00,0800708-27.2026.8.14.0006,CUMPRIMENTO PROVISÓRIO DE DECISÃO (10980),ROBERTA OLIVEIRA MOREIRA
CÍVEL,ANANINDEUA,1ª DEFENSORIA PUBLICA CIVEL DE ANANINDEUA,2026-01-12 10:45:19.043237-03:00,0800706-57.2026.8.14.0006,CUMPRIMENTO PROVISÓRIO DE DECISÃO (10980),ROBERTA OLIVEIRA MOREIRA
CÍVEL,ANANINDEUA,1ª DEFENSORIA PUBLICA CIVEL DE ANANINDEUA,2026-01-28 14:56:28.925652-03:00,0801973-64.2026.8.14.0006,PROCEDIMENTO COMUM CÍVEL (7),JAIRO MAIA JUNIOR
CÍVEL,ANANINDEUA,1ª DEFENSORIA PUBLICA CIVEL DE ANANINDEUA,2026-02-03 14:44:03.883816-03:00,0802563-41.2026.8.14.0006,RETIFICAÇÃO OU SUPRIMENTO OU RESTAURAÇÃO DE REGISTRO CIVIL (1682),RODRIGO VICENTE MAIA MENDES
CÍVEL,ANANINDEUA,1ª DEFENSORIA PUBLICA CIVEL DE ANANINDEUA,2026-02-24 14:25:13.939514-03:00,0804347-53.2026.8.14.0006,RETIFICAÇÃO OU SUPRIMENTO OU RESTAURAÇÃO DE REGISTRO CIVIL (1682),RODRIGO VICENTE MAIA MENDES
CÍVEL,ANANINDEUA,1ª DEFENSORIA PUBLICA CIVEL DE ANANINDEUA,2026-02-27 10:20:37.918918-03:00,0804466-14.2026.8.14.0006,INVENTÁRIO (39),RODRIGO VICENTE MAIA MENDES
CÍVEL,ANANINDEUA,1ª DEFENSORIA PUBLICA CIVEL DE ANANINDEUA,2026-02-27 14:13:59.600794-03:00,0804660-14.2026.8.14.0006,RETIFICAÇÃO OU SUPRIMENTO OU RESTAURAÇÃO DE REGISTRO CIVIL (1682),RODRIGO VICENTE MAIA MENDES
CÍVEL,ANANINDEUA,1ª DEFENSORIA PUBLICA CIVEL DE ANANINDEUA,2026-03-02 10:03:31.725930-03:00,0804687-94.2026.8.14.0006,ALIMENTOS - LEI ESPECIAL Nº 5.478/68 (69),RODRIGO VICENTE MAIA MENDES
CÍVEL,ANANINDEUA,1ª DEFENSORIA PUBLICA CIVEL DE ANANINDEUA,2026-03-02 10:15:43.164305-03:00,0805004-92.2026.8.14.0006,ALIMENTOS - LEI ESPECIAL Nº 5.478/68 (69),RODRIGO VICENTE MAIA MENDES
CÍVEL,ANANINDEUA,1ª DEFENSORIA PUBLICA CIVEL DE ANANINDEUA,2026-03-02 10:34:15.000106-03:00,0804901-85.2026.8.14.0006,ALIMENTOS - LEI ESPECIAL Nº 5.478/68 (69),RODRIGO VICENTE MAIA MENDES
CÍVEL,ANANINDEUA,1ª DEFENSORIA PUBLICA CIVEL DE ANANINDEUA,2026-03-05 12:39:46.689535-03:00,0805410-16.2026.8.14.0006,ALIMENTOS - LEI ESPECIAL Nº 5.478/68 (69),RODRIGO VICENTE MAIA MENDES
CÍVEL,ANANINDEUA,1ª DEFENSORIA PUBLICA CIVEL DE ANANINDEUA,2026-03-18 13:17:05.843933-03:00,0806328-20.2026.8.14.0006,RETIFICAÇÃO OU SUPRIMENTO OU RESTAURAÇÃO DE REGISTRO CIVIL (1682),RODRIGO VICENTE MAIA MENDES
CÍVEL,ANANINDEUA,1ª DEFENSORIA PUBLICA CIVEL DE ANANINDEUA,2026-03-23 11:11:09.093302-03:00,0806651-25.2026.8.14.0006,RETIFICAÇÃO OU SUPRIMENTO OU RESTAURAÇÃO DE REGISTRO CIVIL (1682),RODRIGO VICENTE MAIA MENDES
CÍVEL,ANANINDEUA,1ª DEFENSORIA PUBLICA CIVEL DE ANANINDEUA,2026-03-26 12:07:37.995678-03:00,0806986-44.2026.8.14.0006,EXECUÇÃO DE TÍTULO EXTRAJUDICIAL,RODRIGO VICENTE MAIA MENDES
CÍVEL,ANANINDEUA,1ª DEFENSORIA PUBLICA CIVEL DE ANANINDEUA,2026-03-31 10:36:05.164354-03:00,0807348-46.2026.8.14.0006,PROCEDIMENTO COMUM CÍVEL (7),RODRIGO VICENTE MAIA MENDES
CÍVEL,ANANINDEUA,1ª DEFENSORIA PUBLICA CIVEL DE ANANINDEUA,2026-04-14 13:34:35.701478-03:00,0808414-61.2026.8.14.0006,AÇÃO CIVIL PÚBLICA (65),RODRIGO VICENTE MAIA MENDES
CÍVEL,ANANINDEUA,1ª DEFENSORIA PUBLICA CIVEL DE ANANINDEUA,2026-04-16 09:31:55.265438-03:00,0808671-86.2026.8.14.0006,ALIMENTOS - LEI ESPECIAL Nº 5.478/68 (69),RODRIGO VICENTE MAIA MENDES
CÍVEL,ANANINDEUA,1ª DEFENSORIA PUBLICA CIVEL DE ANANINDEUA,2026-04-16 12:12:50.046143-03:00,0808704-76.2026.8.14.0006,PROCEDIMENTO COMUM CÍVEL (7),RODRIGO VICENTE MAIA MENDES
CÍVEL,ANANINDEUA,1ª DEFENSORIA PUBLICA CIVEL DE ANANINDEUA,2026-04-22 13:57:57.380770-03:00,0809198-38.2026.8.14.0006,INVENTÁRIO (39),RODRIGO VICENTE MAIA MENDES
CÍVEL,ANANINDEUA,1ª DEFENSORIA PUBLICA CIVEL DE ANANINDEUA,2026-05-08 09:42:13.125439-03:00,0810703-64.2026.8.14.0006,INTERDIÇÃO/CURATELA (58),RODRIGO VICENTE MAIA MENDES
CÍVEL,ANANINDEUA,1ª DEFENSORIA PUBLICA CIVEL DE ANANINDEUA,2026-05-21 09:31:25.943566-03:00,0811830-37.2026.8.14.0006,RETIFICAÇÃO OU SUPRIMENTO OU RESTAURAÇÃO DE REGISTRO CIVIL (1682),RODRIGO VICENTE MAIA MENDES
CÍVEL,ANANINDEUA,1ª DEFENSORIA PUBLICA CIVEL DE ANANINDEUA,2026-05-27 10:07:21.276136-03:00,0812412-37.2026.8.14.0006,PROCEDIMENTO COMUM CÍVEL (7),RODRIGO VICENTE MAIA MENDES
CÍVEL,ANANINDEUA,1ª DEFENSORIA PUBLICA CIVEL DE ANANINDEUA,2026-05-27 11:30:51.931079-03:00,0812622-88.2026.8.14.0006,RETIFICAÇÃO OU SUPRIMENTO OU RESTAURAÇÃO DE REGISTRO CIVIL (1682),RODRIGO VICENTE MAIA MENDES
CÍVEL,ANANINDEUA,1ª DEFENSORIA PUBLICA CIVEL DE ANANINDEUA,2026-06-08 14:14:51.407034-03:00,0813268-98.2026.8.14.0006,DIVÓRCIO LITIGIOSO (12541),MARIA DO CARMO SOUZA MAIA
CÍVEL,ANANINDEUA,1ª DEFENSORIA PUBLICA CIVEL DE ANANINDEUA,2026-06-09 14:13:40.414431-03:00,0813553-91.2026.8.14.0006,INTERDIÇÃO/CURATELA (58),RODRIGO VICENTE MAIA MENDES
CÍVEL,ANANINDEUA,1ª DEFENSORIA PUBLICA CIVEL DE ANANINDEUA,2026-06-10 11:50:47.562223-03:00,0813481-07.2026.8.14.0006,ALIMENTOS - LEI ESPECIAL Nº 5.478/68 (69),MARIA DO CARMO SOUZA MAIA
CÍVEL,ANANINDEUA,1ª DEFENSORIA PUBLICA CIVEL DE ANANINDEUA,2026-06-10 13:24:16.784478-03:00,0813502-80.2026.8.14.0006,ALIMENTOS - LEI ESPECIAL Nº 5.478/68 (69),MARIA DO CARMO SOUZA MAIA
CÍVEL,ANANINDEUA,1ª DEFENSORIA PUBLICA CIVEL DE ANANINDEUA,2026-06-19 12:30:53.224137-03:00,0814345-45.2026.8.14.0006,PROCEDIMENTO COMUM CÍVEL (7),RODRIGO VICENTE MAIA MENDES
CÍVEL,ANANINDEUA,1ª DEFENSORIA PUBLICA CIVEL DE ANANINDEUA,2026-06-22 09:57:20.761034-03:00,0814469-28.2026.8.14.0006,DIVÓRCIO LITIGIOSO (12541),MARIA DO CARMO SOUZA MAIA
CÍVEL,ANANINDEUA,1ª DEFENSORIA PUBLICA CIVEL DE ANANINDEUA,2026-06-22 10:51:25.582995-03:00,0814465-88.2026.8.14.0006,ALIMENTOS - LEI ESPECIAL Nº 5.478/68 (69),MARIA DO CARMO SOUZA MAIA
CÍVEL,ANANINDEUA,1ª DEFENSORIA PUBLICA CIVEL DE ANANINDEUA,2026-06-24 11:51:05.543815-03:00,0814952-58.2026.8.14.0006,ALIMENTOS - LEI ESPECIAL Nº 5.478/68 (69),MARIA DO CARMO SOUZA MAIA
CÍVEL,ANANINDEUA,1ª DEFENSORIA PUBLICA CIVEL DE ANANINDEUA,2026-06-25 11:21:11.396526-03:00,0814866-87.2026.8.14.0006,AVERIGUAÇÃO DE PATERNIDADE (123),MARIA DO CARMO SOUZA MAIA
CÍVEL,ANANINDEUA,1ª DEFENSORIA PUBLICA CIVEL DE ANANINDEUA,2026-06-25 11:47:27.495562-03:00,0814870-27.2026.8.14.0006,ALIMENTOS - LEI ESPECIAL Nº 5.478/68 (69),MARIA DO CARMO SOUZA MAIA
CÍVEL,ANANINDEUA,1ª DEFENSORIA PUBLICA CIVEL DE ANANINDEUA,2026-06-26 11:11:51.925251-03:00,0814977-71.2026.8.14.0006,PROCEDIMENTO COMUM CÍVEL (7),MARIA DO CARMO SOUZA MAIA
CÍVEL,ANANINDEUA,1ª DEFENSORIA PUBLICA CIVEL DE ANANINDEUA,2026-06-26 14:17:12.947752-03:00,0814979-41.2026.8.14.0006,PROCEDIMENTO COMUM CÍVEL (7),MARIA DO CARMO SOUZA MAIA
CÍVEL,ANANINDEUA,1ª DEFENSORIA PUBLICA CIVEL DE ANANINDEUA,2026-07-02 10:54:24.301912-03:00,0815565-78.2026.8.14.0006,DIVÓRCIO LITIGIOSO (12541),MARIA DO CARMO SOUZA MAIA
CÍVEL,ANANINDEUA,1ª DEFENSORIA PUBLICA CIVEL DE ANANINDEUA,2026-07-02 11:34:35.148922-03:00,0815486-02.2026.8.14.0006,DIVÓRCIO LITIGIOSO (12541),MARIA DO CARMO SOUZA MAIA
CÍVEL,ANANINDEUA,1ª DEFENSORIA PUBLICA CIVEL DE ANANINDEUA,2026-07-03 09:05:11.008721-03:00,0815562-26.2026.8.14.0006,DIVÓRCIO LITIGIOSO (12541),MARIA DO CARMO SOUZA MAIA
CÍVEL,ANANINDEUA,1ª DEFENSORIA PUBLICA CIVEL DE ANANINDEUA,2026-07-03 13:03:11.440639-03:00,0815602-08.2026.8.14.0006,PROCEDIMENTO COMUM CÍVEL (7),MARIA DO CARMO SOUZA MAIA
CÍVEL,ANANINDEUA,1ª DEFENSORIA PUBLICA CIVEL DE ANANINDEUA,2026-08-17 13:35:29.480872-03:00,0819294-15.2026.8.14.0006,PROCEDIMENTO COMUM CÍVEL (7),MARIA DO CARMO SOUZA MAIA
CÍVEL,ANANINDEUA,1ª DEFENSORIA PUBLICA CIVEL DE ANANINDEUA,2026-08-19 11:55:29.843047-03:00,0819544-48.2026.8.14.0006,ALIMENTOS - LEI ESPECIAL Nº 5.478/68 (69),MARIA DO CARMO SOUZA MAIA
CÍVEL,ANANINDEUA,1ª DEFENSORIA PUBLICA CIVEL DE ANANINDEUA,2026-08-19 14:12:05.510670-03:00,0820204-42.2026.8.14.0006,CUMPRIMENTO DE SENTENÇA DE OBRIGAÇÃO DE PRESTAR ALIMENTOS,MARIA DO CARMO SOUZA MAIA
CÍVEL,ANANINDEUA,1ª DEFENSORIA PUBLICA CIVEL DE ANANINDEUA,2026-08-20 12:55:57.915667-03:00,0819686-52.2026.8.14.0006,ALIMENTOS - LEI ESPECIAL Nº 5.478/68 (69),MARIA DO CARMO SOUZA MAIA
CÍVEL,ANANINDEUA,1ª DEFENSORIA PUBLICA CIVEL DE ANANINDEUA,2026-08-21 12:18:42.527734-03:00,0819811-20.2026.8.14.0006,PROCEDIMENTO COMUM CÍVEL (7),MARIA DO CARMO SOUZA MAIA
CÍVEL,ANANINDEUA,1ª DEFENSORIA PUBLICA CIVEL DE ANANINDEUA,2026-08-24 11:18:19.886710-03:00,0819972-30.2026.8.14.0006,ALIMENTOS - LEI ESPECIAL Nº 5.478/68 (69),MARIA DO CARMO SOUZA MAIA
CÍVEL,ANANINDEUA,1ª DEFENSORIA PUBLICA CIVEL DE ANANINDEUA,2026-09-02 11:40:33.440785-03:00,0821011-62.2026.8.14.0006,DIVÓRCIO LITIGIOSO (12541),MARIA DO CARMO SOUZA MAIA
CÍVEL,ANANINDEUA,1ª DEFENSORIA PUBLICA CIVEL DE ANANINDEUA,2026-09-04 10:47:36.789879-03:00,0821258-43.2026.8.14.0006,ALIMENTOS - LEI ESPECIAL Nº 5.478/68 (69),MARIA DO CARMO SOUZA MAIA
CÍVEL,ANANINDEUA,1ª DEFENSORIA PUBLICA CIVEL DE ANANINDEUA,2026-09-04 12:15:59.124168-03:00,0821286-11.2026.8.14.0006,GUARDA DE FAMÍLIA,MARIA DO CARMO SOUZA MAIA
CÍVEL,ANANINDEUA,1ª DEFENSORIA PUBLICA CIVEL DE ANANINDEUA,2026-09-04 13:47:01.456731-03:00,0821306-02.2026.8.14.0006,CUMPRIMENTO DE SENTENÇA DE OBRIGAÇÃO DE PRESTAR ALIMENTOS,MARIA DO CARMO SOUZA MAIA
CÍVEL,ANANINDEUA,1ª DEFENSORIA PUBLICA CIVEL DE ANANINDEUA,2026-09-15 09:28:05.988646-03:00,0889428-55.2026.8.14.0301,ALIMENTOS - LEI ESPECIAL Nº 5.478/68 (69),MARIA DO CARMO SOUZA MAIA
CÍVEL,ANANINDEUA,1ª DEFENSORIA PUBLICA CIVEL DE ANANINDEUA,2026-09-16 14:15:43.484833-03:00,0822636-34.2026.8.14.0006,PROCEDIMENTO COMUM CÍVEL (7),MARIA DO CARMO SOUZA MAIA
CÍVEL,ANANINDEUA,1ª DEFENSORIA PUBLICA CIVEL DE ANANINDEUA,2026-09-16 14:18:27.946557-03:00,0822337-57.2026.8.14.0006,PROCEDIMENTO COMUM CÍVEL (7),MARIA DO CARMO SOUZA MAIA
CÍVEL,ANANINDEUA,1ª DEFENSORIA PÚBLICA CRIMINAL DE ANANINDEUA,2026-03-01 14:03:48.665783-03:00,0804589-12.2026.8.14.0006,AÇÃO CIVIL PÚBLICA (65),CLIVIA RENATA LOUREIRO CROELHAS
CÍVEL,ANANINDEUA,1ª DEFENSORIA PÚBLICA CRIMINAL DE ANANINDEUA,2026-03-04 16:38:31.976077-03:00,0804974-57.2026.8.14.0006,PROCEDIMENTO DO JUIZADO ESPECIAL CÍVEL (436),CLIVIA RENATA LOUREIRO CROELHAS
CÍVEL,ANANINDEUA,1ª DEFENSORIA PÚBLICA CRIMINAL DE ANANINDEUA,2026-04-15 21:52:23.765248-03:00,0808949-87.2026.8.14.0006,PROCEDIMENTO DO JUIZADO ESPECIAL CÍVEL (436),CLIVIA RENATA LOUREIRO CROELHAS
CÍVEL,ANANINDEUA,1ª DEFENSORIA PÚBLICA CRIMINAL DE ANANINDEUA,2026-08-01 14:01:17.129952-03:00,0817847-89.2026.8.14.0006,PROCEDIMENTO COMUM CÍVEL (7),CLIVIA RENATA LOUREIRO CROELHAS
CÍVEL,ANANINDEUA,1ª DEFENSORIA PÚBLICA CRIMINAL DE ANANINDEUA,2026-08-05 08:48:38.142647-03:00,0875997-51.2026.8.14.0301,GUARDA DE FAMÍLIA,CLIVIA RENATA LOUREIRO CROELHAS
CÍVEL,ANANINDEUA,1ª DEFENSORIA PÚBLICA CRIMINAL DE ANANINDEUA,2026-08-05 09:59:10.300328-03:00,0875999-21.2026.8.14.0301,PETIÇÃO INFÂNCIA E JUVENTUDE CÍVEL (11026),CLIVIA RENATA LOUREIRO CROELHAS
CÍVEL,ANANINDEUA,2ª DEFENSORIA PUBLICA CIVEL DE ANANINDEUA,2026-01-14 12:45:10.611872-03:00,0801022-70.2026.8.14.0006,PROCEDIMENTO COMUM CÍVEL (7),ISABELE CASTRO DA SILVA LIMA
CÍVEL,ANANINDEUA,2ª DEFENSORIA PUBLICA CIVEL DE ANANINDEUA,2026-01-19 10:43:16.536179-03:00,0801042-61.2026.8.14.0006,ALIMENTOS - LEI ESPECIAL Nº 5.478/68 (69),ISABELE CASTRO DA SILVA LIMA
CÍVEL,ANANINDEUA,2ª DEFENSORIA PUBLICA CIVEL DE ANANINDEUA,2026-01-19 12:52:21.569429-03:00,0801068-59.2026.8.14.0006,PROCEDIMENTO COMUM CÍVEL (7),ISABELE CASTRO DA SILVA LIMA
CÍVEL,ANANINDEUA,2ª DEFENSORIA PUBLICA CIVEL DE ANANINDEUA,2026-01-20 13:12:02.687256-03:00,0801198-49.2026.8.14.0006,CUMPRIMENTO DE SENTENÇA (156),ISABELE CASTRO DA SILVA LIMA
CÍVEL,ANANINDEUA,2ª DEFENSORIA PUBLICA CIVEL DE ANANINDEUA,2026-01-31 09:40:45.748335-03:00,0802262-94.2026.8.14.0006,DIVÓRCIO LITIGIOSO (12541),SILVANE BRITO LOPES
CÍVEL,ANANINDEUA,2ª DEFENSORIA PUBLICA CIVEL DE ANANINDEUA,2026-01-31 09:51:18.865058-03:00,0802264-64.2026.8.14.0006,DIVÓRCIO LITIGIOSO (12541),RODRIGO AYAN DA SILVA
CÍVEL,ANANINDEUA,2ª DEFENSORIA PUBLICA CIVEL DE ANANINDEUA,2026-01-31 10:17:38.523487-03:00,0802274-11.2026.8.14.0006,DIVÓRCIO LITIGIOSO (12541),THAMIRES OLIVEIRA NASCIMENTO
CÍVEL,ANANINDEUA,2ª DEFENSORIA PUBLICA CIVEL DE ANANINDEUA,2026-01-31 10:22:18.540076-03:00,0802270-71.2026.8.14.0006,DIVÓRCIO LITIGIOSO (12541),THAMIRES OLIVEIRA NASCIMENTO
CÍVEL,ANANINDEUA,2ª DEFENSORIA PUBLICA CIVEL DE ANANINDEUA,2026-01-31 10:24:49.582555-03:00,0802273-26.2026.8.14.0006,DIVÓRCIO LITIGIOSO (12541),THAÍSSA GOMES DOS SANTOS DRAGO
CÍVEL,ANANINDEUA,2ª DEFENSORIA PUBLICA CIVEL DE ANANINDEUA,2026-01-31 10:38:59.559359-03:00,0802277-63.2026.8.14.0006,AÇÃO DE ALIMENTOS DE INFÂNCIA E JUVENTUDE (1389),RODRIGO AYAN DA SILVA
CÍVEL,ANANINDEUA,2ª DEFENSORIA PUBLICA CIVEL DE ANANINDEUA,2026-01-31 10:59:18.793413-03:00,0802596-31.2026.8.14.0006,GUARDA DE INFÂNCIA E JUVENTUDE (1420),ANA CLAUDIA DA SILVA CABRAL
CÍVEL,ANANINDEUA,2ª DEFENSORIA PUBLICA CIVEL DE ANANINDEUA,2026-01-31 11:01:12.573840-03:00,0802299-24.2026.8.14.0006,ALIMENTOS - LEI ESPECIAL Nº 5.478/68 (69),THAÍSSA GOMES DOS SANTOS DRAGO
CÍVEL,ANANINDEUA,2ª DEFENSORIA PUBLICA CIVEL DE ANANINDEUA,2026-01-31 11:09:20.762835-03:00,0802281-03.2026.8.14.0006,AÇÃO DE ALIMENTOS DE INFÂNCIA E JUVENTUDE (1389),RODRIGO AYAN DA SILVA
CÍVEL,ANANINDEUA,2ª DEFENSORIA PUBLICA CIVEL DE ANANINDEUA,2026-01-31 11:19:08.623519-03:00,0802289-77.2026.8.14.0006,ALIMENTOS - LEI ESPECIAL Nº 5.478/68 (69),SILVANE BRITO LOPES
CÍVEL,ANANINDEUA,2ª DEFENSORIA PUBLICA CIVEL DE ANANINDEUA,2026-01-31 11:20:45.079528-03:00,0802291-47.2026.8.14.0006,ALIMENTOS - LEI ESPECIAL Nº 5.478/68 (69),THAMIRES OLIVEIRA NASCIMENTO
CÍVEL,ANANINDEUA,2ª DEFENSORIA PUBLICA CIVEL DE ANANINDEUA,2026-01-31 11:20:56.899695-03:00,0802292-32.2026.8.14.0006,ALIMENTOS - LEI ESPECIAL Nº 5.478/68 (69),THAÍSSA GOMES DOS SANTOS DRAGO
CÍVEL,ANANINDEUA,2ª DEFENSORIA PUBLICA CIVEL DE ANANINDEUA,2026-01-31 12:00:05.290690-03:00,0802297-54.2026.8.14.0006,ALIMENTOS - LEI ESPECIAL Nº 5.478/68 (69),THAÍSSA GOMES DOS SANTOS DRAGO
CÍVEL,ANANINDEUA,2ª DEFENSORIA PUBLICA CIVEL DE ANANINDEUA,2026-01-31 12:02:34.865492-03:00,0802295-84.2026.8.14.0006,ALIMENTOS - LEI ESPECIAL Nº 5.478/68 (69),THAÍSSA GOMES DOS SANTOS DRAGO
CÍVEL,ANANINDEUA,2ª DEFENSORIA PUBLICA CIVEL DE ANANINDEUA,2026-01-31 12:04:37.740358-03:00,0802565-11.2026.8.14.0006,DIVÓRCIO LITIGIOSO (12541),ANA CLAUDIA DA SILVA CABRAL
CÍVEL,ANANINDEUA,2ª DEFENSORIA PUBLICA CIVEL DE ANANINDEUA,2026-01-31 12:09:28.746581-03:00,0802300-09.2026.8.14.0006,DIVÓRCIO LITIGIOSO (12541),THAMIRES OLIVEIRA NASCIMENTO
CÍVEL,ANANINDEUA,2ª DEFENSORIA PUBLICA CIVEL DE ANANINDEUA,2026-01-31 12:31:14.029224-03:00,0802310-53.2026.8.14.0006,DIVÓRCIO LITIGIOSO (12541),THAÍSSA GOMES DOS SANTOS DRAGO
CÍVEL,ANANINDEUA,2ª DEFENSORIA PUBLICA CIVEL DE ANANINDEUA,2026-01-31 12:34:34.130025-03:00,0802304-46.2026.8.14.0006,DIVÓRCIO LITIGIOSO (12541),RODRIGO AYAN DA SILVA
CÍVEL,ANANINDEUA,2ª DEFENSORIA PUBLICA CIVEL DE ANANINDEUA,2026-01-31 12:40:03.411271-03:00,0802308-83.2026.8.14.0006,ALIMENTOS - LEI ESPECIAL Nº 5.478/68 (69),SILVANE BRITO LOPES
CÍVEL,ANANINDEUA,2ª DEFENSORIA PUBLICA CIVEL DE ANANINDEUA,2026-01-31 12:40:33.921652-03:00,0802309-68.2026.8.14.0006,ALIMENTOS - LEI ESPECIAL Nº 5.478/68 (69),THAÍSSA GOMES DOS SANTOS DRAGO
CÍVEL,ANANINDEUA,2ª DEFENSORIA PUBLICA CIVEL DE ANANINDEUA,2026-01-31 12:42:52.216894-03:00,0802311-38.2026.8.14.0006,DIVÓRCIO LITIGIOSO (12541),RODRIGO AYAN DA SILVA
CÍVEL,ANANINDEUA,2ª DEFENSORIA PUBLICA CIVEL DE ANANINDEUA,2026-01-31 12:59:17.015426-03:00,0802567-78.2026.8.14.0006,AÇÃO DE ALIMENTOS DE INFÂNCIA E JUVENTUDE (1389),ANA CLAUDIA DA SILVA CABRAL
CÍVEL,ANANINDEUA,2ª DEFENSORIA PUBLICA CIVEL DE ANANINDEUA,2026-01-31 13:18:16.336012-03:00,0802322-67.2026.8.14.0006,ALIMENTOS - LEI ESPECIAL Nº 5.478/68 (69),THAÍSSA GOMES DOS SANTOS DRAGO
CÍVEL,ANANINDEUA,2ª DEFENSORIA PUBLICA CIVEL DE ANANINDEUA,2026-01-31 13:21:46.182771-03:00,0802319-15.2026.8.14.0006,ALIMENTOS - LEI ESPECIAL Nº 5.478/68 (69),THAMIRES OLIVEIRA NASCIMENTO
CÍVEL,ANANINDEUA,2ª DEFENSORIA PUBLICA CIVEL DE ANANINDEUA,2026-01-31 13:22:29.585398-03:00,0802320-97.2026.8.14.0006,ALIMENTOS - LEI ESPECIAL Nº 5.478/68 (69),THAÍSSA GOMES DOS SANTOS DRAGO
CÍVEL,ANANINDEUA,2ª DEFENSORIA PUBLICA CIVEL DE ANANINDEUA,2026-01-31 13:34:56.358938-03:00,0802325-22.2026.8.14.0006,ALIMENTOS - LEI ESPECIAL Nº 5.478/68 (69),SILVANE BRITO LOPES
CÍVEL,ANANINDEUA,2ª DEFENSORIA PUBLICA CIVEL DE ANANINDEUA,2026-01-31 13:36:17.741419-03:00,0802327-89.2026.8.14.0006,AÇÃO DE ALIMENTOS DE INFÂNCIA E JUVENTUDE (1389),RODRIGO AYAN DA SILVA
CÍVEL,ANANINDEUA,2ª DEFENSORIA PUBLICA CIVEL DE ANANINDEUA,2026-01-31 13:46:18.198767-03:00,0802564-26.2026.8.14.0006,AÇÃO DE ALIMENTOS DE INFÂNCIA E JUVENTUDE (1389),ANA CLAUDIA DA SILVA CABRAL
CÍVEL,ANANINDEUA,2ª DEFENSORIA PUBLICA CIVEL DE ANANINDEUA,2026-01-31 13:48:18.655952-03:00,0802333-96.2026.8.14.0006,ALIMENTOS - LEI ESPECIAL Nº 5.478/68 (69),RODRIGO AYAN DA SILVA
CÍVEL,ANANINDEUA,2ª DEFENSORIA PUBLICA CIVEL DE ANANINDEUA,2026-01-31 13:51:01.704205-03:00,0802334-81.2026.8.14.0006,ALIMENTOS - LEI ESPECIAL Nº 5.478/68 (69),SILVANE BRITO LOPES
CÍVEL,ANANINDEUA,2ª DEFENSORIA PUBLICA CIVEL DE ANANINDEUA,2026-01-31 13:56:22.163827-03:00,0802340-88.2026.8.14.0006,ALIMENTOS - LEI ESPECIAL Nº 5.478/68 (69),THAMIRES OLIVEIRA NASCIMENTO
CÍVEL,ANANINDEUA,2ª DEFENSORIA PUBLICA CIVEL DE ANANINDEUA,2026-01-31 14:18:52.498534-03:00,0802339-06.2026.8.14.0006,ALIMENTOS - LEI ESPECIAL Nº 5.478/68 (69),THAMIRES OLIVEIRA NASCIMENTO
CÍVEL,ANANINDEUA,2ª DEFENSORIA PUBLICA CIVEL DE ANANINDEUA,2026-02-02 13:12:22.035458-03:00,0802434-36.2026.8.14.0006,PROCEDIMENTO COMUM CÍVEL (7),ISABELE CASTRO DA SILVA LIMA
CÍVEL,ANANINDEUA,2ª DEFENSORIA PUBLICA CIVEL DE ANANINDEUA,2026-02-09 11:00:42.232362-03:00,0803074-39.2026.8.14.0006,ALIMENTOS - LEI ESPECIAL Nº 5.478/68 (69),ISABELE CASTRO DA SILVA LIMA
CÍVEL,ANANINDEUA,2ª DEFENSORIA PUBLICA CIVEL DE ANANINDEUA,2026-02-13 11:42:55.044606-03:00,0804081-66.2026.8.14.0006,CUMPRIMENTO DE SENTENÇA (156),ISABELE CASTRO DA SILVA LIMA
CÍVEL,ANANINDEUA,2ª DEFENSORIA PUBLICA CIVEL DE ANANINDEUA,2026-03-02 13:36:37.707005-03:00,0805280-26.2026.8.14.0006,CUMPRIMENTO DE SENTENÇA (156),ISABELE CASTRO DA SILVA LIMA
CÍVEL,ANANINDEUA,2ª DEFENSORIA PUBLICA CIVEL DE ANANINDEUA,2026-03-02 13:37:56.305092-03:00,0805284-63.2026.8.14.0006,CUMPRIMENTO DE SENTENÇA (156),ISABELE CASTRO DA SILVA LIMA
CÍVEL,ANANINDEUA,2ª DEFENSORIA PUBLICA CIVEL DE ANANINDEUA,2026-03-02 13:53:31.034417-03:00,0805274-19.2026.8.14.0006,CUMPRIMENTO DE SENTENÇA (156),ISABELE CASTRO DA SILVA LIMA
CÍVEL,ANANINDEUA,2ª DEFENSORIA PUBLICA CIVEL DE ANANINDEUA,2026-03-02 14:01:40.310597-03:00,0805270-79.2026.8.14.0006,CUMPRIMENTO DE SENTENÇA (156),ISABELE CASTRO DA SILVA LIMA
CÍVEL,ANANINDEUA,2ª DEFENSORIA PUBLICA CIVEL DE ANANINDEUA,2026-03-03 09:56:24.868231-03:00,0805283-78.2026.8.14.0006,CUMPRIMENTO DE SENTENÇA (156),ISABELE CASTRO DA SILVA LIMA
CÍVEL,ANANINDEUA,2ª DEFENSORIA PUBLICA CIVEL DE ANANINDEUA,2026-03-03 10:55:38.964507-03:00,0805295-92.2026.8.14.0006,CUMPRIMENTO DE SENTENÇA (156),ISABELE CASTRO DA SILVA LIMA
CÍVEL,ANANINDEUA,2ª DEFENSORIA PUBLICA CIVEL DE ANANINDEUA,2026-03-03 11:06:45.992158-03:00,0805303-69.2026.8.14.0006,CUMPRIMENTO DE SENTENÇA (156),ISABELE CASTRO DA SILVA LIMA
CÍVEL,ANANINDEUA,2ª DEFENSORIA PUBLICA CIVEL DE ANANINDEUA,2026-03-03 11:47:06.231095-03:00,0805292-40.2026.8.14.0006,CUMPRIMENTO DE SENTENÇA (156),ISABELE CASTRO DA SILVA LIMA
CÍVEL,ANANINDEUA,2ª DEFENSORIA PUBLICA CIVEL DE ANANINDEUA,2026-03-04 09:25:55.780803-03:00,0805296-77.2026.8.14.0006,CUMPRIMENTO DE SENTENÇA (156),ISABELE CASTRO DA SILVA LIMA
CÍVEL,ANANINDEUA,2ª DEFENSORIA PUBLICA CIVEL DE ANANINDEUA,2026-03-04 12:49:23.424716-03:00,0805291-55.2026.8.14.0006,CUMPRIMENTO DE SENTENÇA (156),ISABELE CASTRO DA SILVA LIMA
CÍVEL,ANANINDEUA,2ª DEFENSORIA PUBLICA CIVEL DE ANANINDEUA,2026-03-04 13:00:18.870204-03:00,0805278-56.2026.8.14.0006,CUMPRIMENTO DE SENTENÇA (156),ISABELE CASTRO DA SILVA LIMA
CÍVEL,ANANINDEUA,2ª DEFENSORIA PUBLICA CIVEL DE ANANINDEUA,2026-03-04 13:57:51.906830-03:00,0805279-41.2026.8.14.0006,CUMPRIMENTO DE SENTENÇA (156),ISABELE CASTRO DA SILVA LIMA
CÍVEL,ANANINDEUA,2ª DEFENSORIA PUBLICA CIVEL DE ANANINDEUA,2026-03-04 14:10:43.756618-03:00,0805293-25.2026.8.14.0006,CUMPRIMENTO DE SENTENÇA (156),ISABELE CASTRO DA SILVA LIMA
CÍVEL,ANANINDEUA,2ª DEFENSORIA PUBLICA CIVEL DE ANANINDEUA,2026-03-09 09:58:45.006233-03:00,0805260-35.2026.8.14.0006,CUMPRIMENTO DE SENTENÇA (156),ISABELE CASTRO DA SILVA LIMA
CÍVEL,ANANINDEUA,2ª DEFENSORIA PUBLICA CIVEL DE ANANINDEUA,2026-03-09 09:59:59.782037-03:00,0805259-50.2026.8.14.0006,CUMPRIMENTO DE SENTENÇA (156),ISABELE CASTRO DA SILVA LIMA
CÍVEL,ANANINDEUA,2ª DEFENSORIA PUBLICA CIVEL DE ANANINDEUA,2026-03-09 10:41:42.191480-03:00,0805273-34.2026.8.14.0006,CUMPRIMENTO DE SENTENÇA (156),ISABELE CASTRO DA SILVA LIMA
CÍVEL,ANANINDEUA,2ª DEFENSORIA PUBLICA CIVEL DE ANANINDEUA,2026-03-09 10:58:00.811315-03:00,0805272-49.2026.8.14.0006,CUMPRIMENTO DE SENTENÇA (156),ISABELE CASTRO DA SILVA LIMA
CÍVEL,ANANINDEUA,2ª DEFENSORIA PUBLICA CIVEL DE ANANINDEUA,2026-03-09 13:12:47.593739-03:00,0805323-60.2026.8.14.0006,CUMPRIMENTO DE SENTENÇA (156),ISABELE CASTRO DA SILVA LIMA
CÍVEL,ANANINDEUA,2ª DEFENSORIA PUBLICA CIVEL DE ANANINDEUA,2026-03-10 10:20:48.726955-03:00,0805625-89.2026.8.14.0006,CUMPRIMENTO DE SENTENÇA (156),ISABELE CASTRO DA SILVA LIMA
CÍVEL,ANANINDEUA,2ª DEFENSORIA PUBLICA CIVEL DE ANANINDEUA,2026-03-10 10:46:33.803567-03:00,0805626-74.2026.8.14.0006,CUMPRIMENTO DE SENTENÇA (156),ISABELE CASTRO DA SILVA LIMA
CÍVEL,ANANINDEUA,2ª DEFENSORIA PUBLICA CIVEL DE ANANINDEUA,2026-03-10 11:27:14.578770-03:00,0805561-79.2026.8.14.0006,CUMPRIMENTO DE SENTENÇA (156),ISABELE CASTRO DA SILVA LIMA
CÍVEL,ANANINDEUA,2ª DEFENSORIA PUBLICA CIVEL DE ANANINDEUA,2026-03-11 10:35:35.123561-03:00,0805612-90.2026.8.14.0006,CUMPRIMENTO DE SENTENÇA (156),ISABELE CASTRO DA SILVA LIMA
CÍVEL,ANANINDEUA,2ª DEFENSORIA PUBLICA CIVEL DE ANANINDEUA,2026-03-11 10:40:48.731253-03:00,0805614-60.2026.8.14.0006,CUMPRIMENTO DE SENTENÇA (156),ISABELE CASTRO DA SILVA LIMA
CÍVEL,ANANINDEUA,2ª DEFENSORIA PUBLICA CIVEL DE ANANINDEUA,2026-03-11 12:11:06.204901-03:00,0805613-75.2026.8.14.0006,CUMPRIMENTO DE SENTENÇA (156),ISABELE CASTRO DA SILVA LIMA
CÍVEL,ANANINDEUA,2ª DEFENSORIA PUBLICA CIVEL DE ANANINDEUA,2026-03-11 12:36:13.287873-03:00,0805615-45.2026.8.14.0006,CUMPRIMENTO DE SENTENÇA (156),ISABELE CASTRO DA SILVA LIMA
CÍVEL,ANANINDEUA,2ª DEFENSORIA PUBLICA CIVEL DE ANANINDEUA,2026-03-12 10:29:18.307811-03:00,0805777-40.2026.8.14.0006,CUMPRIMENTO DE SENTENÇA (156),ISABELE CASTRO DA SILVA LIMA
CÍVEL,ANANINDEUA,2ª DEFENSORIA PUBLICA CIVEL DE ANANINDEUA,2026-03-12 11:35:07.754239-03:00,0805778-25.2026.8.14.0006,CUMPRIMENTO DE SENTENÇA (156),ISABELE CASTRO DA SILVA LIMA
CÍVEL,ANANINDEUA,2ª DEFENSORIA PUBLICA CIVEL DE ANANINDEUA,2026-03-12 13:39:13.145739-03:00,0805780-92.2026.8.14.0006,CUMPRIMENTO DE SENTENÇA (156),ISABELE CASTRO DA SILVA LIMA
CÍVEL,ANANINDEUA,2ª DEFENSORIA PUBLICA CIVEL DE ANANINDEUA,2026-03-16 11:05:49.026752-03:00,0806111-74.2026.8.14.0006,CUMPRIMENTO DE SENTENÇA (156),ISABELE CASTRO DA SILVA LIMA
CÍVEL,ANANINDEUA,2ª DEFENSORIA PUBLICA CIVEL DE ANANINDEUA,2026-03-16 13:10:29.871406-03:00,0806102-15.2026.8.14.0006,CUMPRIMENTO DE SENTENÇA (156),ISABELE CASTRO DA SILVA LIMA
CÍVEL,ANANINDEUA,2ª DEFENSORIA PUBLICA CIVEL DE ANANINDEUA,2026-03-17 10:49:22.416999-03:00,0806307-44.2026.8.14.0006,CUMPRIMENTO DE SENTENÇA (156),ISABELE CASTRO DA SILVA LIMA
CÍVEL,ANANINDEUA,2ª DEFENSORIA PUBLICA CIVEL DE ANANINDEUA,2026-03-17 13:46:46.608525-03:00,0806185-31.2026.8.14.0006,CUMPRIMENTO DE SENTENÇA (156),ISABELE CASTRO DA SILVA LIMA
CÍVEL,ANANINDEUA,2ª DEFENSORIA PUBLICA CIVEL DE ANANINDEUA,2026-03-17 14:10:38.165523-03:00,0806395-82.2026.8.14.0006,CUMPRIMENTO DE SENTENÇA (156),ISABELE CASTRO DA SILVA LIMA
CÍVEL,ANANINDEUA,2ª DEFENSORIA PUBLICA CIVEL DE ANANINDEUA,2026-03-18 10:09:01.564231-03:00,0806457-25.2026.8.14.0006,CUMPRIMENTO DE SENTENÇA (156),ISABELE CASTRO DA SILVA LIMA
CÍVEL,ANANINDEUA,2ª DEFENSORIA PUBLICA CIVEL DE ANANINDEUA,2026-03-18 10:14:55.876217-03:00,0806458-10.2026.8.14.0006,CUMPRIMENTO DE SENTENÇA (156),ISABELE CASTRO DA SILVA LIMA
CÍVEL,ANANINDEUA,2ª DEFENSORIA PUBLICA CIVEL DE ANANINDEUA,2026-03-18 11:37:56.695221-03:00,0806309-14.2026.8.14.0006,CUMPRIMENTO DE SENTENÇA (156),ISABELE CASTRO DA SILVA LIMA
CÍVEL,ANANINDEUA,2ª DEFENSORIA PUBLICA CIVEL DE ANANINDEUA,2026-03-18 12:55:18.815402-03:00,0806308-29.2026.8.14.0006,CUMPRIMENTO DE SENTENÇA (156),ISABELE CASTRO DA SILVA LIMA
CÍVEL,ANANINDEUA,2ª DEFENSORIA PUBLICA CIVEL DE ANANINDEUA,2026-03-19 11:52:10.436207-03:00,0806393-15.2026.8.14.0006,CUMPRIMENTO DE SENTENÇA (156),ISABELE CASTRO DA SILVA LIMA
CÍVEL,ANANINDEUA,2ª DEFENSORIA PUBLICA CIVEL DE ANANINDEUA,2026-03-23 09:57:28.996131-03:00,0806626-12.2026.8.14.0006,CUMPRIMENTO DE SENTENÇA (156),ISABELE CASTRO DA SILVA LIMA
CÍVEL,ANANINDEUA,2ª DEFENSORIA PUBLICA CIVEL DE ANANINDEUA,2026-03-24 11:09:36.125939-03:00,0806949-17.2026.8.14.0006,CUMPRIMENTO DE SENTENÇA (156),ISABELE CASTRO DA SILVA LIMA
CÍVEL,ANANINDEUA,2ª DEFENSORIA PUBLICA CIVEL DE ANANINDEUA,2026-03-24 11:09:49.958579-03:00,0806968-23.2026.8.14.0006,CUMPRIMENTO DE SENTENÇA (156),ISABELE CASTRO DA SILVA LIMA
CÍVEL,ANANINDEUA,2ª DEFENSORIA PUBLICA CIVEL DE ANANINDEUA,2026-03-24 12:08:32.463533-03:00,0806969-08.2026.8.14.0006,CUMPRIMENTO DE SENTENÇA (156),ISABELE CASTRO DA SILVA LIMA
CÍVEL,ANANINDEUA,2ª DEFENSORIA PUBLICA CIVEL DE ANANINDEUA,2026-03-24 12:40:25.935616-03:00,0806953-54.2026.8.14.0006,CUMPRIMENTO DE SENTENÇA (156),ISABELE CASTRO DA SILVA LIMA
CÍVEL,ANANINDEUA,2ª DEFENSORIA PUBLICA CIVEL DE ANANINDEUA,2026-03-24 12:43:42.942957-03:00,0806954-39.2026.8.14.0006,CUMPRIMENTO DE SENTENÇA (156),ISABELE CASTRO DA SILVA LIMA
CÍVEL,ANANINDEUA,2ª DEFENSORIA PUBLICA CIVEL DE ANANINDEUA,2026-03-25 09:07:17.441993-03:00,0806957-91.2026.8.14.0006,CUMPRIMENTO DE SENTENÇA (156),ISABELE CASTRO DA SILVA LIMA
CÍVEL,ANANINDEUA,2ª DEFENSORIA PUBLICA CIVEL DE ANANINDEUA,2026-03-25 10:21:57.857210-03:00,0806956-09.2026.8.14.0006,CUMPRIMENTO DE SENTENÇA (156),ISABELE CASTRO DA SILVA LIMA
CÍVEL,ANANINDEUA,2ª DEFENSORIA PUBLICA CIVEL DE ANANINDEUA,2026-03-25 11:30:57.858252-03:00,0806950-02.2026.8.14.0006,CUMPRIMENTO DE SENTENÇA (156),ISABELE CASTRO DA SILVA LIMA
CÍVEL,ANANINDEUA,2ª DEFENSORIA PUBLICA CIVEL DE ANANINDEUA,2026-03-25 14:30:52.518888-03:00,0806955-24.2026.8.14.0006,CUMPRIMENTO DE SENTENÇA (156),ISABELE CASTRO DA SILVA LIMA
CÍVEL,ANANINDEUA,2ª DEFENSORIA PUBLICA CIVEL DE ANANINDEUA,2026-03-26 10:55:57.228111-03:00,0806976-97.2026.8.14.0006,CUMPRIMENTO DE SENTENÇA (156),ISABELE CASTRO DA SILVA LIMA
CÍVEL,ANANINDEUA,2ª DEFENSORIA PUBLICA CIVEL DE ANANINDEUA,2026-03-27 10:15:46.545277-03:00,0807103-35.2026.8.14.0006,CUMPRIMENTO DE SENTENÇA (156),ISABELE CASTRO DA SILVA LIMA
CÍVEL,ANANINDEUA,2ª DEFENSORIA PUBLICA CIVEL DE ANANINDEUA,2026-03-27 11:22:12.522852-03:00,0807097-28.2026.8.14.0006,CUMPRIMENTO DE SENTENÇA (156),ISABELE CASTRO DA SILVA LIMA
CÍVEL,ANANINDEUA,2ª DEFENSORIA PUBLICA CIVEL DE ANANINDEUA,2026-03-30 10:39:44.436704-03:00,0807254-98.2026.8.14.0006,CUMPRIMENTO DE SENTENÇA (156),ISABELE CASTRO DA SILVA LIMA
CÍVEL,ANANINDEUA,2ª DEFENSORIA PUBLICA CIVEL DE ANANINDEUA,2026-04-10 12:39:33.062059-03:00,0808658-87.2026.8.14.0006,PROCEDIMENTO COMUM CÍVEL (7),MAYANA BARROS JORGE JOAO
CÍVEL,ANANINDEUA,2ª DEFENSORIA PUBLICA CIVEL DE ANANINDEUA,2026-04-10 13:04:11.046014-03:00,0810613-56.2026.8.14.0006,PROCEDIMENTO COMUM CÍVEL (7),MAYANA BARROS JORGE JOAO
CÍVEL,ANANINDEUA,2ª DEFENSORIA PUBLICA CIVEL DE ANANINDEUA,2026-04-10 13:35:01.459557-03:00,0809817-65.2026.8.14.0006,PROCEDIMENTO COMUM CÍVEL (7),MAYANA BARROS JORGE JOAO
CÍVEL,ANANINDEUA,2ª DEFENSORIA PUBLICA CIVEL DE ANANINDEUA,2026-04-10 17:30:47.774340-03:00,0808222-31.2026.8.14.0006,DIVÓRCIO LITIGIOSO (12541),CAMILLA FACIOLA PESSOA LOBO LOPES
CÍVEL,ANANINDEUA,2ª DEFENSORIA PUBLICA CIVEL DE ANANINDEUA,2026-04-15 09:02:39.145921-03:00,0809698-07.2026.8.14.0006,PROCEDIMENTO COMUM CÍVEL (7),MAYANA BARROS JORGE JOAO
CÍVEL,ANANINDEUA,2ª DEFENSORIA PUBLICA CIVEL DE ANANINDEUA,2026-04-15 09:39:44.321142-03:00,0810391-88.2026.8.14.0006,PROCEDIMENTO COMUM CÍVEL (7),MAYANA BARROS JORGE JOAO
CÍVEL,ANANINDEUA,2ª DEFENSORIA PUBLICA CIVEL DE ANANINDEUA,2026-04-16 11:20:46.128015-03:00,0809802-96.2026.8.14.0006,PROCEDIMENTO COMUM CÍVEL (7),MAYANA BARROS JORGE JOAO
CÍVEL,ANANINDEUA,2ª DEFENSORIA PUBLICA CIVEL DE ANANINDEUA,2026-04-16 12:17:24.204658-03:00,0809803-81.2026.8.14.0006,ALIMENTOS - LEI ESPECIAL Nº 5.478/68 (69),MAYANA BARROS JORGE JOAO
CÍVEL,ANANINDEUA,2ª DEFENSORIA PUBLICA CIVEL DE ANANINDEUA,2026-04-25 11:17:28.104703-03:00,0809451-26.2026.8.14.0006,CUMPRIMENTO DE SENTENÇA (156),CAMILLA FACIOLA PESSOA LOBO LOPES
CÍVEL,ANANINDEUA,2ª DEFENSORIA PUBLICA CIVEL DE ANANINDEUA,2026-05-05 10:24:51.380262-03:00,0811043-08.2026.8.14.0006,PROCEDIMENTO COMUM CÍVEL (7),MAYANA BARROS JORGE JOAO
CÍVEL,ANANINDEUA,2ª DEFENSORIA PUBLICA CIVEL DE ANANINDEUA,2026-05-05 12:55:21.741696-03:00,0810606-64.2026.8.14.0006,PROCEDIMENTO COMUM CÍVEL (7),ISABELE CASTRO DA SILVA LIMA
CÍVEL,ANANINDEUA,2ª DEFENSORIA PUBLICA CIVEL DE ANANINDEUA,2026-05-12 09:22:29.781498-03:00,0811072-58.2026.8.14.0006,PROCEDIMENTO COMUM CÍVEL (7),ISABELE CASTRO DA SILVA LIMA
CÍVEL,ANANINDEUA,2ª DEFENSORIA PUBLICA CIVEL DE ANANINDEUA,2026-05-12 10:18:29.144905-03:00,0811071-73.2026.8.14.0006,PROCEDIMENTO COMUM CÍVEL (7),ISABELE CASTRO DA SILVA LIMA
CÍVEL,ANANINDEUA,2ª DEFENSORIA PUBLICA CIVEL DE ANANINDEUA,2026-05-12 11:18:40.983642-03:00,0811305-55.2026.8.14.0006,PROCEDIMENTO COMUM CÍVEL (7),ISABELE CASTRO DA SILVA LIMA
CÍVEL,ANANINDEUA,2ª DEFENSORIA PUBLICA CIVEL DE ANANINDEUA,2026-05-12 12:03:03.314637-03:00,0811210-25.2026.8.14.0006,PROCEDIMENTO COMUM CÍVEL (7),ISABELE CASTRO DA SILVA LIMA
CÍVEL,ANANINDEUA,2ª DEFENSORIA PUBLICA CIVEL DE ANANINDEUA,2026-05-21 13:14:45.095853-03:00,0811928-22.2026.8.14.0006,DIVÓRCIO LITIGIOSO (12541),ISABELE CASTRO DA SILVA LIMA
CÍVEL,ANANINDEUA,2ª DEFENSORIA PUBLICA CIVEL DE ANANINDEUA,2026-05-21 13:36:15.626715-03:00,0811926-52.2026.8.14.0006,ALIMENTOS - LEI ESPECIAL Nº 5.478/68 (69),ISABELE CASTRO DA SILVA LIMA
CÍVEL,ANANINDEUA,2ª DEFENSORIA PUBLICA CIVEL DE ANANINDEUA,2026-05-22 10:29:20.543914-03:00,0811944-73.2026.8.14.0006,CUMPRIMENTO DE SENTENÇA DE OBRIGAÇÃO DE PRESTAR ALIMENTOS,ISABELE CASTRO DA SILVA LIMA
CÍVEL,ANANINDEUA,2ª DEFENSORIA PUBLICA CIVEL DE ANANINDEUA,2026-05-25 10:04:32.369959-03:00,0812214-97.2026.8.14.0006,CUMPRIMENTO DE SENTENÇA (156),ISABELE CASTRO DA SILVA LIMA
CÍVEL,ANANINDEUA,2ª DEFENSORIA PUBLICA CIVEL DE ANANINDEUA,2026-06-02 12:00:38.405335-03:00,0812884-38.2026.8.14.0006,ALIMENTOS - LEI ESPECIAL Nº 5.478/68 (69),ISABELE CASTRO DA SILVA LIMA
CÍVEL,ANANINDEUA,2ª DEFENSORIA PUBLICA CIVEL DE ANANINDEUA,2026-06-12 08:29:24.522543-03:00,0815190-77.2026.8.14.0006,CUMPRIMENTO DE SENTENÇA (156),MAYANA BARROS JORGE JOAO
CÍVEL,ANANINDEUA,2ª DEFENSORIA PUBLICA CIVEL DE ANANINDEUA,2026-06-12 09:08:08.195701-03:00,0815191-62.2026.8.14.0006,CUMPRIMENTO DE SENTENÇA (156),MAYANA BARROS JORGE JOAO
CÍVEL,ANANINDEUA,2ª DEFENSORIA PUBLICA CIVEL DE ANANINDEUA,2026-06-12 09:24:15.141543-03:00,0815192-47.2026.8.14.0006,CUMPRIMENTO DE SENTENÇA (156),MAYANA BARROS JORGE JOAO
CÍVEL,ANANINDEUA,2ª DEFENSORIA PUBLICA CIVEL DE ANANINDEUA,2026-06-12 09:30:38.189798-03:00,0816036-94.2026.8.14.0006,CUMPRIMENTO DE SENTENÇA (156),MAYANA BARROS JORGE JOAO
CÍVEL,ANANINDEUA,2ª DEFENSORIA PUBLICA CIVEL DE ANANINDEUA,2026-06-12 10:23:11.335395-03:00,0815193-32.2026.8.14.0006,CUMPRIMENTO DE SENTENÇA (156),MAYANA BARROS JORGE JOAO
CÍVEL,ANANINDEUA,2ª DEFENSORIA PUBLICA CIVEL DE ANANINDEUA,2026-06-15 10:00:17.889431-03:00,0814032-84.2026.8.14.0006,DIVÓRCIO LITIGIOSO (12541),MAYANA BARROS JORGE JOAO
CÍVEL,ANANINDEUA,2ª DEFENSORIA PUBLICA CIVEL DE ANANINDEUA,2026-06-15 10:24:08.728032-03:00,0814567-13.2026.8.14.0006,DIVÓRCIO LITIGIOSO (12541),MAYANA BARROS JORGE JOAO
CÍVEL,ANANINDEUA,2ª DEFENSORIA PUBLICA CIVEL DE ANANINDEUA,2026-06-17 13:44:00.724072-03:00,0816038-64.2026.8.14.0006,PROCEDIMENTO COMUM CÍVEL (7),MAYANA BARROS JORGE JOAO
CÍVEL,ANANINDEUA,2ª DEFENSORIA PUBLICA CIVEL DE ANANINDEUA,2026-06-22 10:56:13.051721-03:00,0814457-14.2026.8.14.0006,CUMPRIMENTO PROVISÓRIO DE DECISÃO (10980),MAYANA BARROS JORGE JOAO
CÍVEL,ANANINDEUA,2ª DEFENSORIA PUBLICA CIVEL DE ANANINDEUA,2026-06-23 08:52:00.190738-03:00,0816039-49.2026.8.14.0006,PROCEDIMENTO COMUM CÍVEL (7),MAYANA BARROS JORGE JOAO
CÍVEL,ANANINDEUA,2ª DEFENSORIA PUBLICA CIVEL DE ANANINDEUA,2026-06-29 09:17:31.381854-03:00,0815102-39.2026.8.14.0006,DIVÓRCIO LITIGIOSO (12541),MAYANA BARROS JORGE JOAO
CÍVEL,ANANINDEUA,2ª DEFENSORIA PUBLICA CIVEL DE ANANINDEUA,2026-06-29 09:48:16.727099-03:00,0816041-19.2026.8.14.0006,DIVÓRCIO LITIGIOSO (12541),MAYANA BARROS JORGE JOAO
CÍVEL,ANANINDEUA,2ª DEFENSORIA PUBLICA CIVEL DE ANANINDEUA,2026-06-29 10:53:27.944340-03:00,0816040-34.2026.8.14.0006,PROCEDIMENTO COMUM CÍVEL (7),MAYANA BARROS JORGE JOAO
CÍVEL,ANANINDEUA,2ª DEFENSORIA PUBLICA CIVEL DE ANANINDEUA,2026-07-01 09:46:51.373625-03:00,0815343-13.2026.8.14.0006,ALIMENTOS - LEI ESPECIAL Nº 5.478/68 (69),MAYANA BARROS JORGE JOAO
CÍVEL,ANANINDEUA,2ª DEFENSORIA PUBLICA CIVEL DE ANANINDEUA,2026-07-01 10:18:02.729793-03:00,0816042-04.2026.8.14.0006,ALIMENTOS - LEI ESPECIAL Nº 5.478/68 (69),MAYANA BARROS JORGE JOAO
CÍVEL,ANANINDEUA,2ª DEFENSORIA PUBLICA CIVEL DE ANANINDEUA,2026-07-01 11:00:48.613729-03:00,0816044-71.2026.8.14.0006,ALIMENTOS - LEI ESPECIAL Nº 5.478/68 (69),MAYANA BARROS JORGE JOAO
CÍVEL,ANANINDEUA,2ª DEFENSORIA PUBLICA CIVEL DE ANANINDEUA,2026-07-02 14:22:48.458678-03:00,0816469-98.2026.8.14.0006,ALIMENTOS - LEI ESPECIAL Nº 5.478/68 (69),MAYANA BARROS JORGE JOAO
CÍVEL,ANANINDEUA,2ª DEFENSORIA PUBLICA CIVEL DE ANANINDEUA,2026-07-03 12:22:18.756687-03:00,0816046-41.2026.8.14.0006,ALIMENTOS - LEI ESPECIAL Nº 5.478/68 (69),MAYANA BARROS JORGE JOAO
CÍVEL,ANANINDEUA,2ª DEFENSORIA PUBLICA CIVEL DE ANANINDEUA,2026-07-07 12:44:50.538812-03:00,0816378-08.2026.8.14.0006,ALIMENTOS - LEI ESPECIAL Nº 5.478/68 (69),MAYANA BARROS JORGE JOAO
CÍVEL,ANANINDEUA,2ª DEFENSORIA PUBLICA CIVEL DE ANANINDEUA,2026-07-08 15:13:37.005826-03:00,0803197-44.2026.8.14.0133,PROCEDIMENTO COMUM CÍVEL (7),MAYANA BARROS JORGE JOAO
CÍVEL,ANANINDEUA,2ª DEFENSORIA PUBLICA CIVEL DE ANANINDEUA,2026-07-12 10:34:43.872984-03:00,0816497-66.2026.8.14.0006,ALIMENTOS - LEI ESPECIAL Nº 5.478/68 (69),MAYANA BARROS JORGE JOAO
CÍVEL,ANANINDEUA,2ª DEFENSORIA PUBLICA CIVEL DE ANANINDEUA,2026-07-13 09:54:16.716859-03:00,0816470-83.2026.8.14.0006,ALIMENTOS - LEI ESPECIAL Nº 5.478/68 (69),MAYANA BARROS JORGE JOAO
CÍVEL,ANANINDEUA,2ª DEFENSORIA PUBLICA CIVEL DE ANANINDEUA,2026-07-13 10:34:25.978396-03:00,0816496-81.2026.8.14.0006,ALIMENTOS - LEI ESPECIAL Nº 5.478/68 (69),MAYANA BARROS JORGE JOAO
CÍVEL,ANANINDEUA,2ª DEFENSORIA PUBLICA CIVEL DE ANANINDEUA,2026-07-13 11:04:02.051167-03:00,0816921-11.2026.8.14.0006,ALIMENTOS - LEI ESPECIAL Nº 5.478/68 (69),MAYANA BARROS JORGE JOAO
CÍVEL,ANANINDEUA,2ª DEFENSORIA PUBLICA CIVEL DE ANANINDEUA,2026-07-13 12:57:37.433720-03:00,0816302-81.2026.8.14.0006,ALIMENTOS - LEI ESPECIAL Nº 5.478/68 (69),MAYANA BARROS JORGE JOAO
CÍVEL,ANANINDEUA,2ª DEFENSORIA PUBLICA CIVEL DE ANANINDEUA,2026-07-14 17:14:31.972823-03:00,0816933-25.2026.8.14.0006,ALIMENTOS - LEI ESPECIAL Nº 5.478/68 (69),MAYANA BARROS JORGE JOAO
CÍVEL,ANANINDEUA,2ª DEFENSORIA PUBLICA CIVEL DE ANANINDEUA,2026-07-15 11:35:06.182326-03:00,0816597-21.2026.8.14.0006,PROCEDIMENTO COMUM CÍVEL (7),MAYANA BARROS JORGE JOAO
CÍVEL,ANANINDEUA,2ª DEFENSORIA PUBLICA CIVEL DE ANANINDEUA,2026-07-16 09:44:02.401381-03:00,0816935-92.2026.8.14.0006,ALIMENTOS - LEI ESPECIAL Nº 5.478/68 (69),MAYANA BARROS JORGE JOAO
CÍVEL,ANANINDEUA,2ª DEFENSORIA PUBLICA CIVEL DE ANANINDEUA,2026-07-19 08:33:17.294799-03:00,0819239-64.2026.8.14.0006,ALIMENTOS - LEI ESPECIAL Nº 5.478/68 (69),MAYANA BARROS JORGE JOAO
CÍVEL,ANANINDEUA,2ª DEFENSORIA PUBLICA CIVEL DE ANANINDEUA,2026-07-22 12:00:42.010600-03:00,0819227-50.2026.8.14.0006,ALIMENTOS - LEI ESPECIAL Nº 5.478/68 (69),MAYANA BARROS JORGE JOAO
CÍVEL,ANANINDEUA,2ª DEFENSORIA PUBLICA CIVEL DE ANANINDEUA,2026-07-27 16:21:03.140109-03:00,0819236-12.2026.8.14.0006,ALIMENTOS - LEI ESPECIAL Nº 5.478/68 (69),MAYANA BARROS JORGE JOAO
CÍVEL,ANANINDEUA,2ª DEFENSORIA PUBLICA CIVEL DE ANANINDEUA,2026-07-29 13:21:38.616849-03:00,0875756-77.2026.8.14.0301,DIVÓRCIO LITIGIOSO (12541),MAYANA BARROS JORGE JOAO
CÍVEL,ANANINDEUA,2ª DEFENSORIA PUBLICA CIVEL DE ANANINDEUA,2026-07-30 09:14:21.363624-03:00,0818085-11.2026.8.14.0006,ALIMENTOS - LEI ESPECIAL Nº 5.478/68 (69),MAYANA BARROS JORGE JOAO
CÍVEL,ANANINDEUA,2ª DEFENSORIA PUBLICA CIVEL DE ANANINDEUA,2026-07-30 13:38:12.418798-03:00,0817951-81.2026.8.14.0006,ALIMENTOS - LEI ESPECIAL Nº 5.478/68 (69),MAYANA BARROS JORGE JOAO
CÍVEL,ANANINDEUA,2ª DEFENSORIA PUBLICA CIVEL DE ANANINDEUA,2026-08-04 23:06:51.987769-03:00,0818206-39.2026.8.14.0006,ALIMENTOS - LEI ESPECIAL Nº 5.478/68 (69),MAYANA BARROS JORGE JOAO
CÍVEL,ANANINDEUA,2ª DEFENSORIA PUBLICA CIVEL DE ANANINDEUA,2026-08-05 23:40:41.149370-03:00,0818717-37.2026.8.14.0006,DIVÓRCIO LITIGIOSO (12541),MAYANA BARROS JORGE JOAO
CÍVEL,ANANINDEUA,2ª DEFENSORIA PUBLICA CIVEL DE ANANINDEUA,2026-08-07 12:28:29.818517-03:00,0819231-87.2026.8.14.0006,ALIMENTOS - LEI ESPECIAL Nº 5.478/68 (69),MAYANA BARROS JORGE JOAO
CÍVEL,ANANINDEUA,2ª DEFENSORIA PUBLICA CIVEL DE ANANINDEUA,2026-08-10 11:17:44.363547-03:00,0818623-89.2026.8.14.0006,DIVÓRCIO CONSENSUAL (12372),MAYANA BARROS JORGE JOAO
CÍVEL,ANANINDEUA,2ª DEFENSORIA PUBLICA CIVEL DE ANANINDEUA,2026-08-11 08:35:43.637285-03:00,0819238-79.2026.8.14.0006,ALIMENTOS - LEI ESPECIAL Nº 5.478/68 (69),MAYANA BARROS JORGE JOAO
CÍVEL,ANANINDEUA,2ª DEFENSORIA PUBLICA CIVEL DE ANANINDEUA,2026-08-12 09:34:52.918258-03:00,0818839-50.2026.8.14.0006,ALIMENTOS - LEI ESPECIAL Nº 5.478/68 (69),MAYANA BARROS JORGE JOAO
CÍVEL,ANANINDEUA,2ª DEFENSORIA PUBLICA CIVEL DE ANANINDEUA,2026-08-12 11:00:15.677883-03:00,0819224-95.2026.8.14.0006,DIVÓRCIO LITIGIOSO (12541),MAYANA BARROS JORGE JOAO
CÍVEL,ANANINDEUA,2ª DEFENSORIA PUBLICA CIVEL DE ANANINDEUA,2026-08-13 08:54:55.732687-03:00,0819981-89.2026.8.14.0006,DIVÓRCIO LITIGIOSO (12541),MAYANA BARROS JORGE JOAO
CÍVEL,ANANINDEUA,2ª DEFENSORIA PUBLICA CIVEL DE ANANINDEUA,2026-08-14 09:15:09.314813-03:00,0819226-65.2026.8.14.0006,ALIMENTOS - LEI ESPECIAL Nº 5.478/68 (69),MAYANA BARROS JORGE JOAO
CÍVEL,ANANINDEUA,2ª DEFENSORIA PUBLICA CIVEL DE ANANINDEUA,2026-08-14 09:57:36.947434-03:00,0819813-87.2026.8.14.0006,ALIMENTOS - LEI ESPECIAL Nº 5.478/68 (69),MAYANA BARROS JORGE JOAO
CÍVEL,ANANINDEUA,2ª DEFENSORIA PUBLICA CIVEL DE ANANINDEUA,2026-08-14 10:27:03.850327-03:00,0820081-44.2026.8.14.0006,CUMPRIMENTO DE SENTENÇA (156),MAYANA BARROS JORGE JOAO
CÍVEL,ANANINDEUA,2ª DEFENSORIA PUBLICA CIVEL DE ANANINDEUA,2026-08-17 10:03:41.213205-03:00,0819243-04.2026.8.14.0006,ALIMENTOS - LEI ESPECIAL Nº 5.478/68 (69),MAYANA BARROS JORGE JOAO
CÍVEL,ANANINDEUA,2ª DEFENSORIA PUBLICA CIVEL DE ANANINDEUA,2026-08-19 12:49:50.299699-03:00,0822027-51.2026.8.14.0006,PROCEDIMENTO COMUM CÍVEL (7),MAYANA BARROS JORGE JOAO
CÍVEL,ANANINDEUA,2ª DEFENSORIA PUBLICA CIVEL DE ANANINDEUA,2026-08-24 12:22:34.893249-03:00,0819988-81.2026.8.14.0006,ALIMENTOS - LEI ESPECIAL Nº 5.478/68 (69),MAYANA BARROS JORGE JOAO
CÍVEL,ANANINDEUA,2ª DEFENSORIA PUBLICA CIVEL DE ANANINDEUA,2026-08-25 14:51:45.460235-03:00,0822029-21.2026.8.14.0006,ALIMENTOS - LEI ESPECIAL Nº 5.478/68 (69),MAYANA BARROS JORGE JOAO
CÍVEL,ANANINDEUA,2ª DEFENSORIA PUBLICA CIVEL DE ANANINDEUA,2026-08-25 19:49:41.405040-03:00,0821471-49.2026.8.14.0006,ALIMENTOS - LEI ESPECIAL Nº 5.478/68 (69),MAYANA BARROS JORGE JOAO
CÍVEL,ANANINDEUA,2ª DEFENSORIA PUBLICA CIVEL DE ANANINDEUA,2026-08-26 12:11:06.109965-03:00,0822283-91.2026.8.14.0006,DIVÓRCIO LITIGIOSO (12541),MAYANA BARROS JORGE JOAO
CÍVEL,ANANINDEUA,2ª DEFENSORIA PUBLICA CIVEL DE ANANINDEUA,2026-09-03 09:39:18.719508-03:00,0822286-46.2026.8.14.0006,GUARDA DE FAMÍLIA,MAYANA BARROS JORGE JOAO
CÍVEL,ANANINDEUA,2ª DEFENSORIA PUBLICA CIVEL DE ANANINDEUA,2026-09-04 09:50:02.095064-03:00,0822287-31.2026.8.14.0006,CUMPRIMENTO DE SENTENÇA (156),MAYANA BARROS JORGE JOAO
CÍVEL,ANANINDEUA,2ª DEFENSORIA PUBLICA CIVEL DE ANANINDEUA,2026-09-08 08:44:45.337740-03:00,0821592-77.2026.8.14.0006,PROCEDIMENTO COMUM CÍVEL (7),MAYANA BARROS JORGE JOAO
CÍVEL,ANANINDEUA,2ª DEFENSORIA PUBLICA CIVEL DE ANANINDEUA,2026-09-14 10:22:10.349122-03:00,0822404-22.2026.8.14.0006,SOBREPARTILHA (48),MAYANA BARROS JORGE JOAO
CÍVEL,ANANINDEUA,2ª DEFENSORIA PUBLICA CIVEL DE ANANINDEUA,2026-09-14 10:53:34.813123-03:00,0822329-80.2026.8.14.0006,DIVÓRCIO LITIGIOSO (12541),MAYANA BARROS JORGE JOAO
CÍVEL,ANANINDEUA,2ª DEFENSORIA PUBLICA CIVEL DE ANANINDEUA,2026-09-16 09:05:11.119679-03:00,0822327-13.2026.8.14.0006,DIVÓRCIO CONSENSUAL (12372),MAYANA BARROS JORGE JOAO
CÍVEL,ANANINDEUA,2ª DEFENSORIA PUBLICA CIVEL DE ANANINDEUA,2026-09-16 10:41:50.198421-03:00,0822298-60.2026.8.14.0006,ALIMENTOS - LEI ESPECIAL Nº 5.478/68 (69),MAYANA BARROS JORGE JOAO
CÍVEL,ANANINDEUA,2ª DEFENSORIA PUBLICA CIVEL DE ANANINDEUA,2026-09-17 09:59:35.364448-03:00,0822414-66.2026.8.14.0006,ALIMENTOS - LEI ESPECIAL Nº 5.478/68 (69),MAYANA BARROS JORGE JOAO
CÍVEL,ANANINDEUA,2ª DEFENSORIA PUBLICA CIVEL DE ANANINDEUA,2026-09-18 10:53:19.332965-03:00,0822942-03.2026.8.14.0006,ALIMENTOS - LEI ESPECIAL Nº 5.478/68 (69),MAYANA BARROS JORGE JOAO
CÍVEL,ANANINDEUA,3ª DEFENSORIA PUBLICA CIVEL DE ANANINDEUA,2026-01-07 10:35:17.081306-03:00,0800187-82.2026.8.14.0006,RETIFICAÇÃO OU SUPRIMENTO OU RESTAURAÇÃO DE REGISTRO CIVIL (1682),ISABELE CASTRO DA SILVA LIMA
CÍVEL,ANANINDEUA,3ª DEFENSORIA PUBLICA CIVEL DE ANANINDEUA,2026-01-08 13:15:00.713656-03:00,0800292-59.2026.8.14.0006,PROCEDIMENTO COMUM CÍVEL (7),ISABELE CASTRO DA SILVA LIMA
CÍVEL,ANANINDEUA,3ª DEFENSORIA PUBLICA CIVEL DE ANANINDEUA,2026-01-16 10:48:32.253640-03:00,0803849-54.2026.8.14.0006,ALVARÁ JUDICIAL - LEI 6858/80 (74),ISABELE CASTRO DA SILVA LIMA
CÍVEL,ANANINDEUA,3ª DEFENSORIA PUBLICA CIVEL DE ANANINDEUA,2026-01-20 09:34:04.604410-03:00,0801638-45.2026.8.14.0006,RETIFICAÇÃO OU SUPRIMENTO OU RESTAURAÇÃO DE REGISTRO CIVIL (1682),ISABELE CASTRO DA SILVA LIMA
CÍVEL,ANANINDEUA,3ª DEFENSORIA PUBLICA CIVEL DE ANANINDEUA,2026-01-21 14:10:49.873718-03:00,0801311-03.2026.8.14.0006,PROCEDIMENTO COMUM CÍVEL (7),ISABELE CASTRO DA SILVA LIMA
CÍVEL,ANANINDEUA,3ª DEFENSORIA PUBLICA CIVEL DE ANANINDEUA,2026-01-22 10:19:48.003006-03:00,0801414-10.2026.8.14.0006,RETIFICAÇÃO OU SUPRIMENTO OU RESTAURAÇÃO DE REGISTRO CIVIL (1682),ISABELE CASTRO DA SILVA LIMA
CÍVEL,ANANINDEUA,3ª DEFENSORIA PUBLICA CIVEL DE ANANINDEUA,2026-01-27 09:27:28.291648-03:00,0803852-09.2026.8.14.0006,RETIFICAÇÃO OU SUPRIMENTO OU RESTAURAÇÃO DE REGISTRO CIVIL (1682),ISABELE CASTRO DA SILVA LIMA
CÍVEL,ANANINDEUA,3ª DEFENSORIA PUBLICA CIVEL DE ANANINDEUA,2026-01-27 10:37:25.536758-03:00,0801778-79.2026.8.14.0006,PROCEDIMENTO COMUM CÍVEL (7),ISABELE CASTRO DA SILVA LIMA
CÍVEL,ANANINDEUA,3ª DEFENSORIA PUBLICA CIVEL DE ANANINDEUA,2026-01-27 11:51:35.364535-03:00,0803231-12.2026.8.14.0006,REINTEGRAÇÃO / MANUTENÇÃO DE POSSE (1707),ISABELE CASTRO DA SILVA LIMA
CÍVEL,ANANINDEUA,3ª DEFENSORIA PUBLICA CIVEL DE ANANINDEUA,2026-01-30 11:07:57.992726-03:00,0802504-53.2026.8.14.0006,PROCEDIMENTO COMUM CÍVEL (7),ISABELE CASTRO DA SILVA LIMA
CÍVEL,ANANINDEUA,3ª DEFENSORIA PUBLICA CIVEL DE ANANINDEUA,2026-02-06 10:08:21.185269-03:00,0803228-57.2026.8.14.0006,RETIFICAÇÃO OU SUPRIMENTO OU RESTAURAÇÃO DE REGISTRO CIVIL (1682),ISABELE CASTRO DA SILVA LIMA
CÍVEL,ANANINDEUA,3ª DEFENSORIA PUBLICA CIVEL DE ANANINDEUA,2026-02-17 16:58:24.919386-03:00,0803723-04.2026.8.14.0006,RETIFICAÇÃO OU SUPRIMENTO OU RESTAURAÇÃO DE REGISTRO CIVIL (1682),ISABELE CASTRO DA SILVA LIMA
CÍVEL,ANANINDEUA,3ª DEFENSORIA PUBLICA CIVEL DE ANANINDEUA,2026-02-17 18:13:58.888369-03:00,0805294-10.2026.8.14.0006,RETIFICAÇÃO OU SUPRIMENTO OU RESTAURAÇÃO DE REGISTRO CIVIL (1682),ISABELE CASTRO DA SILVA LIMA
CÍVEL,ANANINDEUA,3ª DEFENSORIA PUBLICA CIVEL DE ANANINDEUA,2026-02-17 20:09:22.714301-03:00,0803725-71.2026.8.14.0006,INTERDIÇÃO/CURATELA (58),ISABELE CASTRO DA SILVA LIMA
CÍVEL,ANANINDEUA,3ª DEFENSORIA PUBLICA CIVEL DE ANANINDEUA,2026-02-20 12:23:13.287044-03:00,0803847-84.2026.8.14.0006,PROCEDIMENTO COMUM CÍVEL (7),ISABELE CASTRO DA SILVA LIMA
CÍVEL,ANANINDEUA,3ª DEFENSORIA PUBLICA CIVEL DE ANANINDEUA,2026-02-24 14:19:38.645767-03:00,0804124-03.2026.8.14.0006,PROCEDIMENTO COMUM CÍVEL (7),ISABELE CASTRO DA SILVA LIMA
CÍVEL,ANANINDEUA,3ª DEFENSORIA PUBLICA CIVEL DE ANANINDEUA,2026-02-26 12:19:46.555417-03:00,0805261-20.2026.8.14.0006,INTERDIÇÃO/CURATELA (58),ISABELE CASTRO DA SILVA LIMA
CÍVEL,ANANINDEUA,3ª DEFENSORIA PUBLICA CIVEL DE ANANINDEUA,2026-02-28 13:57:50.277125-03:00,0805309-76.2026.8.14.0006,RETIFICAÇÃO OU SUPRIMENTO OU RESTAURAÇÃO DE REGISTRO CIVIL (1682),ISABELE CASTRO DA SILVA LIMA
CÍVEL,ANANINDEUA,3ª DEFENSORIA PUBLICA CIVEL DE ANANINDEUA,2026-03-05 10:02:28.752956-03:00,0805000-55.2026.8.14.0006,RETIFICAÇÃO OU SUPRIMENTO OU RESTAURAÇÃO DE REGISTRO CIVIL (1682),ISABELE CASTRO DA SILVA LIMA
CÍVEL,ANANINDEUA,3ª DEFENSORIA PUBLICA CIVEL DE ANANINDEUA,2026-03-05 11:25:40.521291-03:00,0805034-30.2026.8.14.0006,INTERDIÇÃO/CURATELA (58),ISABELE CASTRO DA SILVA LIMA
CÍVEL,ANANINDEUA,3ª DEFENSORIA PUBLICA CIVEL DE ANANINDEUA,2026-03-05 14:23:57.149742-03:00,0805045-59.2026.8.14.0006,AÇÃO CIVIL PÚBLICA (65),ISABELE CASTRO DA SILVA LIMA
CÍVEL,ANANINDEUA,3ª DEFENSORIA PUBLICA CIVEL DE ANANINDEUA,2026-03-09 12:04:26.427303-03:00,0805301-02.2026.8.14.0006,OUTROS PROCEDIMENTOS DE JURISDIÇÃO VOLUNTÁRIA (1294),ISABELE CASTRO DA SILVA LIMA
CÍVEL,ANANINDEUA,3ª DEFENSORIA PUBLICA CIVEL DE ANANINDEUA,2026-03-12 10:58:40.852660-03:00,0805752-27.2026.8.14.0006,PROCEDIMENTO COMUM CÍVEL (7),ISABELE CASTRO DA SILVA LIMA
CÍVEL,ANANINDEUA,3ª DEFENSORIA PUBLICA CIVEL DE ANANINDEUA,2026-03-12 10:58:57.350772-03:00,0805779-10.2026.8.14.0006,PROCEDIMENTO COMUM CÍVEL (7),ISABELE CASTRO DA SILVA LIMA
CÍVEL,ANANINDEUA,3ª DEFENSORIA PUBLICA CIVEL DE ANANINDEUA,2026-03-12 12:12:36.660103-03:00,0805764-41.2026.8.14.0006,PROCEDIMENTO COMUM CÍVEL (7),ISABELE CASTRO DA SILVA LIMA
CÍVEL,ANANINDEUA,3ª DEFENSORIA PUBLICA CIVEL DE ANANINDEUA,2026-03-15 20:47:08.456390-03:00,0806274-54.2026.8.14.0006,RETIFICAÇÃO OU SUPRIMENTO OU RESTAURAÇÃO DE REGISTRO CIVIL (1682),ISABELE CASTRO DA SILVA LIMA
CÍVEL,ANANINDEUA,3ª DEFENSORIA PUBLICA CIVEL DE ANANINDEUA,2026-03-17 11:46:54.631895-03:00,0806977-82.2026.8.14.0006,INTERDIÇÃO/CURATELA (58),ISABELE CASTRO DA SILVA LIMA
CÍVEL,ANANINDEUA,3ª DEFENSORIA PUBLICA CIVEL DE ANANINDEUA,2026-03-19 12:10:55.168006-03:00,0806975-15.2026.8.14.0006,RETIFICAÇÃO OU SUPRIMENTO OU RESTAURAÇÃO DE REGISTRO CIVIL (1682),ISABELE CASTRO DA SILVA LIMA
CÍVEL,ANANINDEUA,3ª DEFENSORIA PUBLICA CIVEL DE ANANINDEUA,2026-03-19 13:08:18.825924-03:00,0806398-37.2026.8.14.0006,PROCEDIMENTO COMUM CÍVEL (7),ISABELE CASTRO DA SILVA LIMA
CÍVEL,ANANINDEUA,3ª DEFENSORIA PUBLICA CIVEL DE ANANINDEUA,2026-03-23 11:20:59.712168-03:00,0808821-67.2026.8.14.0006,INTERDIÇÃO/CURATELA (58),ISABELE CASTRO DA SILVA LIMA
CÍVEL,ANANINDEUA,3ª DEFENSORIA PUBLICA CIVEL DE ANANINDEUA,2026-03-23 11:32:05.256342-03:00,0806962-16.2026.8.14.0006,RETIFICAÇÃO OU SUPRIMENTO OU RESTAURAÇÃO DE REGISTRO CIVIL (1682),ISABELE CASTRO DA SILVA LIMA
CÍVEL,ANANINDEUA,3ª DEFENSORIA PUBLICA CIVEL DE ANANINDEUA,2026-03-26 11:14:09.391372-03:00,0807005-50.2026.8.14.0006,ALVARÁ JUDICIAL - LEI 6858/80 (74),ISABELE CASTRO DA SILVA LIMA
CÍVEL,ANANINDEUA,3ª DEFENSORIA PUBLICA CIVEL DE ANANINDEUA,2026-03-27 10:09:58.351151-03:00,0809544-86.2026.8.14.0006,INTERDIÇÃO/CURATELA (58),ISABELE CASTRO DA SILVA LIMA
CÍVEL,ANANINDEUA,3ª DEFENSORIA PUBLICA CIVEL DE ANANINDEUA,2026-04-22 10:33:41.809766-03:00,0809113-52.2026.8.14.0006,PROCEDIMENTO COMUM CÍVEL (7),ISABELE CASTRO DA SILVA LIMA
CÍVEL,ANANINDEUA,3ª DEFENSORIA PUBLICA CIVEL DE ANANINDEUA,2026-04-23 10:37:34.689794-03:00,0811069-06.2026.8.14.0006,INTERDIÇÃO/CURATELA (58),ISABELE CASTRO DA SILVA LIMA
CÍVEL,ANANINDEUA,3ª DEFENSORIA PUBLICA CIVEL DE ANANINDEUA,2026-04-23 12:48:55.259174-03:00,0809241-72.2026.8.14.0006,PROCEDIMENTO COMUM CÍVEL (7),ISABELE CASTRO DA SILVA LIMA
CÍVEL,ANANINDEUA,3ª DEFENSORIA PUBLICA CIVEL DE ANANINDEUA,2026-04-30 10:09:52.223198-03:00,0810243-77.2026.8.14.0006,PROCEDIMENTO COMUM CÍVEL (7),ISABELE CASTRO DA SILVA LIMA
CÍVEL,ANANINDEUA,3ª DEFENSORIA PUBLICA CIVEL DE ANANINDEUA,2026-04-30 11:26:46.589717-03:00,0847392-95.2026.8.14.0301,PROCEDIMENTO COMUM CÍVEL (7),ISABELE CASTRO DA SILVA LIMA
CÍVEL,ANANINDEUA,3ª DEFENSORIA PUBLICA CIVEL DE ANANINDEUA,2026-04-30 12:06:35.980549-03:00,0811562-80.2026.8.14.0006,PROCEDIMENTO COMUM CÍVEL (7),ISABELE CASTRO DA SILVA LIMA
CÍVEL,ANANINDEUA,3ª DEFENSORIA PUBLICA CIVEL DE ANANINDEUA,2026-05-07 11:58:03.871473-03:00,0810567-67.2026.8.14.0006,PROCEDIMENTO COMUM CÍVEL (7),ISABELE CASTRO DA SILVA LIMA
CÍVEL,ANANINDEUA,3ª DEFENSORIA PUBLICA CIVEL DE ANANINDEUA,2026-05-11 10:33:43.769251-03:00,0811166-06.2026.8.14.0006,PROCEDIMENTO COMUM CÍVEL (7),ISABELE CASTRO DA SILVA LIMA
CÍVEL,ANANINDEUA,3ª DEFENSORIA PUBLICA CIVEL DE ANANINDEUA,2026-05-12 12:33:37.736374-03:00,0811218-02.2026.8.14.0006,INTERDIÇÃO/CURATELA (58),ISABELE CASTRO DA SILVA LIMA
CÍVEL,ANANINDEUA,3ª DEFENSORIA PUBLICA CIVEL DE ANANINDEUA,2026-05-13 14:19:22.291222-03:00,0811111-55.2026.8.14.0006,PROCEDIMENTO COMUM CÍVEL (7),ISABELE CASTRO DA SILVA LIMA
CÍVEL,ANANINDEUA,3ª DEFENSORIA PUBLICA CIVEL DE ANANINDEUA,2026-05-14 10:21:42.721275-03:00,0811209-40.2026.8.14.0006,PROCEDIMENTO COMUM CÍVEL (7),ISABELE CASTRO DA SILVA LIMA
CÍVEL,ANANINDEUA,3ª DEFENSORIA PUBLICA CIVEL DE ANANINDEUA,2026-05-18 10:11:26.709803-03:00,0813674-22.2026.8.14.0006,INTERDIÇÃO/CURATELA (58),ISABELE CASTRO DA SILVA LIMA
CÍVEL,ANANINDEUA,3ª DEFENSORIA PUBLICA CIVEL DE ANANINDEUA,2026-05-18 12:33:47.640299-03:00,0811556-73.2026.8.14.0006,PROCEDIMENTO COMUM CÍVEL (7),ISABELE CASTRO DA SILVA LIMA
CÍVEL,ANANINDEUA,3ª DEFENSORIA PUBLICA CIVEL DE ANANINDEUA,2026-05-20 12:35:02.259416-03:00,0818870-70.2026.8.14.0006,RETIFICAÇÃO OU SUPRIMENTO OU RESTAURAÇÃO DE REGISTRO CIVIL (1682),ISABELE CASTRO DA SILVA LIMA
CÍVEL,ANANINDEUA,3ª DEFENSORIA PUBLICA CIVEL DE ANANINDEUA,2026-05-21 10:07:19.488933-03:00,0811832-07.2026.8.14.0006,EMBARGOS À EXECUÇÃO (172),ISABELE CASTRO DA SILVA LIMA
CÍVEL,ANANINDEUA,3ª DEFENSORIA PUBLICA CIVEL DE ANANINDEUA,2026-05-22 09:22:10.249775-03:00,0811927-37.2026.8.14.0006,PROCEDIMENTO COMUM CÍVEL (7),ISABELE CASTRO DA SILVA LIMA
CÍVEL,ANANINDEUA,3ª DEFENSORIA PUBLICA CIVEL DE ANANINDEUA,2026-05-27 11:16:31.284802-03:00,0812437-50.2026.8.14.0006,PROCEDIMENTO COMUM CÍVEL (7),ISABELE CASTRO DA SILVA LIMA
CÍVEL,ANANINDEUA,3ª DEFENSORIA PUBLICA CIVEL DE ANANINDEUA,2026-05-28 10:19:37.606632-03:00,0814504-85.2026.8.14.0006,RETIFICAÇÃO OU SUPRIMENTO OU RESTAURAÇÃO DE REGISTRO CIVIL (1682),ISABELE CASTRO DA SILVA LIMA
CÍVEL,ANANINDEUA,3ª DEFENSORIA PUBLICA CIVEL DE ANANINDEUA,2026-06-11 09:50:51.950060-03:00,0817962-13.2026.8.14.0006,OUTROS PROCEDIMENTOS DE JURISDIÇÃO VOLUNTÁRIA (1294),ISABELE CASTRO DA SILVA LIMA
CÍVEL,ANANINDEUA,3ª DEFENSORIA PUBLICA CIVEL DE ANANINDEUA,2026-06-12 12:06:24.529565-03:00,0814045-83.2026.8.14.0006,INVENTÁRIO (39),ISABELE CASTRO DA SILVA LIMA
CÍVEL,ANANINDEUA,3ª DEFENSORIA PUBLICA CIVEL DE ANANINDEUA,2026-06-18 13:32:17.323023-03:00,0814340-23.2026.8.14.0006,PROCEDIMENTO COMUM CÍVEL (7),ISABELE CASTRO DA SILVA LIMA
CÍVEL,ANANINDEUA,3ª DEFENSORIA PUBLICA CIVEL DE ANANINDEUA,2026-06-25 10:19:09.610542-03:00,0817981-19.2026.8.14.0006,OUTROS PROCEDIMENTOS DE JURISDIÇÃO VOLUNTÁRIA (1294),ISABELE CASTRO DA SILVA LIMA
CÍVEL,ANANINDEUA,3ª DEFENSORIA PUBLICA CIVEL DE ANANINDEUA,2026-06-25 11:32:45.794951-03:00,0814841-74.2026.8.14.0006,MONITÓRIA (40),ISABELE CASTRO DA SILVA LIMA
CÍVEL,ANANINDEUA,3ª DEFENSORIA PUBLICA CIVEL DE ANANINDEUA,2026-06-25 12:32:48.126358-03:00,0814874-64.2026.8.14.0006,MANDADO DE SEGURANÇA CÍVEL (120),ISABELE CASTRO DA SILVA LIMA
CÍVEL,ANANINDEUA,3ª DEFENSORIA PUBLICA CIVEL DE ANANINDEUA,2026-07-01 14:16:25.108590-03:00,0815385-62.2026.8.14.0006,PROCEDIMENTO COMUM CÍVEL (7),WALTER AUGUSTO BARRETO TEIXEIRA
CÍVEL,ANANINDEUA,3ª DEFENSORIA PUBLICA CIVEL DE ANANINDEUA,2026-07-06 09:35:55.211360-03:00,0815793-53.2026.8.14.0006,OUTROS PROCEDIMENTOS DE JURISDIÇÃO VOLUNTÁRIA (1294),WALTER AUGUSTO BARRETO TEIXEIRA
CÍVEL,ANANINDEUA,3ª DEFENSORIA PUBLICA CIVEL DE ANANINDEUA,2026-07-21 13:39:03.064722-03:00,0817931-90.2026.8.14.0006,PROCEDIMENTO COMUM CÍVEL (7),ISABELE CASTRO DA SILVA LIMA
CÍVEL,ANANINDEUA,3ª DEFENSORIA PUBLICA CIVEL DE ANANINDEUA,2026-08-06 11:14:22.033820-03:00,0818339-81.2026.8.14.0006,PROCEDIMENTO COMUM CÍVEL (7),ISABELE CASTRO DA SILVA LIMA
CÍVEL,ANANINDEUA,3ª DEFENSORIA PUBLICA CIVEL DE ANANINDEUA,2026-08-20 10:53:34.132227-03:00,0819652-77.2026.8.14.0006,PROCEDIMENTO COMUM CÍVEL (7),ISABELE CASTRO DA SILVA LIMA
CÍVEL,ANANINDEUA,3ª DEFENSORIA PUBLICA CIVEL DE ANANINDEUA,2026-08-21 10:37:50.159856-03:00,0819963-68.2026.8.14.0006,RETIFICAÇÃO OU SUPRIMENTO OU RESTAURAÇÃO DE REGISTRO CIVIL (1682),ISABELE CASTRO DA SILVA LIMA
CÍVEL,ANANINDEUA,3ª DEFENSORIA PUBLICA CIVEL DE ANANINDEUA,2026-08-24 11:26:30.793843-03:00,0821276-64.2026.8.14.0006,INVENTÁRIO (39),ISABELE CASTRO DA SILVA LIMA
CÍVEL,ANANINDEUA,3ª DEFENSORIA PUBLICA CIVEL DE ANANINDEUA,2026-08-24 12:32:17.898941-03:00,0822418-06.2026.8.14.0006,RETIFICAÇÃO OU SUPRIMENTO OU RESTAURAÇÃO DE REGISTRO CIVIL (1682),ISABELE CASTRO DA SILVA LIMA
CÍVEL,ANANINDEUA,3ª DEFENSORIA PUBLICA CIVEL DE ANANINDEUA,2026-08-27 09:42:40.399301-03:00,0820368-07.2026.8.14.0006,RETIFICAÇÃO OU SUPRIMENTO OU RESTAURAÇÃO DE REGISTRO CIVIL (1682),ISABELE CASTRO DA SILVA LIMA
CÍVEL,ANANINDEUA,3ª DEFENSORIA PUBLICA CIVEL DE ANANINDEUA,2026-08-27 10:51:16.420641-03:00,0820367-22.2026.8.14.0006,PROCEDIMENTO COMUM CÍVEL (7),ISABELE CASTRO DA SILVA LIMA
CÍVEL,ANANINDEUA,3ª DEFENSORIA PUBLICA CIVEL DE ANANINDEUA,2026-08-27 11:52:06.312186-03:00,0820360-30.2026.8.14.0006,RETIFICAÇÃO OU SUPRIMENTO OU RESTAURAÇÃO DE REGISTRO CIVIL (1682),ISABELE CASTRO DA SILVA LIMA
CÍVEL,ANANINDEUA,3ª DEFENSORIA PUBLICA CIVEL DE ANANINDEUA,2026-09-03 11:06:55.170222-03:00,0821137-15.2026.8.14.0006,PROCEDIMENTO COMUM CÍVEL (7),ISABELE CASTRO DA SILVA LIMA
CÍVEL,ANANINDEUA,3ª DEFENSORIA PUBLICA CIVEL DE ANANINDEUA,2026-09-04 10:53:33.964125-03:00,0821277-49.2026.8.14.0006,PROCEDIMENTO COMUM CÍVEL (7),ISABELE CASTRO DA SILVA LIMA
CÍVEL,ANANINDEUA,3ª DEFENSORIA PUBLICA CIVEL DE ANANINDEUA,2026-09-17 10:51:08.107760-03:00,0822425-95.2026.8.14.0006,AÇÃO CIVIL PÚBLICA INFÂNCIA E JUVENTUDE (1690),ISABELE CASTRO DA SILVA LIMA
CÍVEL,ANANINDEUA,3ª DEFENSORIA PUBLICA CIVEL DE ANANINDEUA,2026-09-18 09:58:42.479617-03:00,0822557-55.2026.8.14.0006,INTERDIÇÃO/CURATELA (58),ISABELE CASTRO DA SILVA LIMA
CÍVEL,ANANINDEUA,3ª DEFENSORIA PUBLICA CIVEL DE ANANINDEUA,2026-09-18 11:53:37.987361-03:00,0822580-98.2026.8.14.0006,PROCEDIMENTO COMUM CÍVEL (7),ISABELE CASTRO DA SILVA LIMA
CÍVEL,ANANINDEUA,4ª DEFENSORIA PUBLICA CIVEL DE ANANINDEUA,2026-01-12 11:21:27.713908-03:00,0800678-89.2026.8.14.0006,CUMPRIMENTO DE SENTENÇA (156),SERGIO SALES PEREIRA LIMA
CÍVEL,ANANINDEUA,4ª DEFENSORIA PUBLICA CIVEL DE ANANINDEUA,2026-01-12 11:44:26.738166-03:00,0800679-74.2026.8.14.0006,CUMPRIMENTO DE SENTENÇA (156),SERGIO SALES PEREIRA LIMA
CÍVEL,ANANINDEUA,4ª DEFENSORIA PUBLICA CIVEL DE ANANINDEUA,2026-01-12 12:13:28.137274-03:00,0800680-59.2026.8.14.0006,CUMPRIMENTO DE SENTENÇA (156),SERGIO SALES PEREIRA LIMA
CÍVEL,ANANINDEUA,4ª DEFENSORIA PUBLICA CIVEL DE ANANINDEUA,2026-01-14 09:23:34.041855-03:00,0800810-49.2026.8.14.0006,CUMPRIMENTO DE SENTENÇA (156),SERGIO SALES PEREIRA LIMA
CÍVEL,ANANINDEUA,4ª DEFENSORIA PUBLICA CIVEL DE ANANINDEUA,2026-01-14 09:27:29.231661-03:00,0800811-34.2026.8.14.0006,CUMPRIMENTO DE SENTENÇA (156),SERGIO SALES PEREIRA LIMA
CÍVEL,ANANINDEUA,4ª DEFENSORIA PUBLICA CIVEL DE ANANINDEUA,2026-01-14 11:08:18.589487-03:00,0800818-26.2026.8.14.0006,ALIMENTOS - LEI ESPECIAL Nº 5.478/68 (69),SERGIO SALES PEREIRA LIMA
CÍVEL,ANANINDEUA,4ª DEFENSORIA PUBLICA CIVEL DE ANANINDEUA,2026-01-14 11:14:03.110408-03:00,0800817-41.2026.8.14.0006,ALIMENTOS - LEI ESPECIAL Nº 5.478/68 (69),SERGIO SALES PEREIRA LIMA
CÍVEL,ANANINDEUA,4ª DEFENSORIA PUBLICA CIVEL DE ANANINDEUA,2026-01-15 11:03:13.892848-03:00,0800836-47.2026.8.14.0006,CUMPRIMENTO DE SENTENÇA (156),SERGIO SALES PEREIRA LIMA
CÍVEL,ANANINDEUA,4ª DEFENSORIA PUBLICA CIVEL DE ANANINDEUA,2026-01-15 12:25:38.525852-03:00,0800861-60.2026.8.14.0006,ALIMENTOS - LEI ESPECIAL Nº 5.478/68 (69),SERGIO SALES PEREIRA LIMA
CÍVEL,ANANINDEUA,4ª DEFENSORIA PUBLICA CIVEL DE ANANINDEUA,2026-01-21 13:16:07.363871-03:00,0801868-87.2026.8.14.0006,DIVÓRCIO CONSENSUAL (12372),SERGIO SALES PEREIRA LIMA
CÍVEL,ANANINDEUA,4ª DEFENSORIA PUBLICA CIVEL DE ANANINDEUA,2026-01-22 10:48:07.890966-03:00,0804198-57.2026.8.14.0006,DIVÓRCIO LITIGIOSO (12541),SERGIO SALES PEREIRA LIMA
CÍVEL,ANANINDEUA,4ª DEFENSORIA PUBLICA CIVEL DE ANANINDEUA,2026-01-23 08:42:19.925228-03:00,0801867-05.2026.8.14.0006,PROCEDIMENTO COMUM CÍVEL (7),SERGIO SALES PEREIRA LIMA
CÍVEL,ANANINDEUA,4ª DEFENSORIA PUBLICA CIVEL DE ANANINDEUA,2026-01-23 11:04:27.319900-03:00,0801869-72.2026.8.14.0006,CUMPRIMENTO PROVISÓRIO DE DECISÃO (10980),SERGIO SALES PEREIRA LIMA
CÍVEL,ANANINDEUA,4ª DEFENSORIA PUBLICA CIVEL DE ANANINDEUA,2026-01-26 12:29:27.461722-03:00,0804200-27.2026.8.14.0006,PROCEDIMENTO COMUM CÍVEL (7),SERGIO SALES PEREIRA LIMA
CÍVEL,ANANINDEUA,4ª DEFENSORIA PUBLICA CIVEL DE ANANINDEUA,2026-02-04 13:58:55.709487-03:00,0804343-16.2026.8.14.0006,ALIMENTOS - LEI ESPECIAL Nº 5.478/68 (69),SERGIO SALES PEREIRA LIMA
CÍVEL,ANANINDEUA,4ª DEFENSORIA PUBLICA CIVEL DE ANANINDEUA,2026-02-10 12:11:41.940249-03:00,0804317-18.2026.8.14.0006,CUMPRIMENTO DE SENTENÇA (156),SERGIO SALES PEREIRA LIMA
CÍVEL,ANANINDEUA,4ª DEFENSORIA PUBLICA CIVEL DE ANANINDEUA,2026-02-24 12:43:29.244807-03:00,0804320-70.2026.8.14.0006,PROCEDIMENTO COMUM CÍVEL (7),SERGIO SALES PEREIRA LIMA
CÍVEL,ANANINDEUA,4ª DEFENSORIA PUBLICA CIVEL DE ANANINDEUA,2026-02-26 11:57:17.439285-03:00,0805126-08.2026.8.14.0006,DIVÓRCIO CONSENSUAL (12372),SERGIO SALES PEREIRA LIMA
CÍVEL,ANANINDEUA,4ª DEFENSORIA PUBLICA CIVEL DE ANANINDEUA,2026-02-26 12:00:06.590084-03:00,0805127-90.2026.8.14.0006,DIVÓRCIO CONSENSUAL (12372),SERGIO SALES PEREIRA LIMA
CÍVEL,ANANINDEUA,4ª DEFENSORIA PUBLICA CIVEL DE ANANINDEUA,2026-03-16 11:18:08.450318-03:00,0806497-07.2026.8.14.0006,ALIMENTOS - LEI ESPECIAL Nº 5.478/68 (69),SERGIO SALES PEREIRA LIMA
CÍVEL,ANANINDEUA,4ª DEFENSORIA PUBLICA CIVEL DE ANANINDEUA,2026-03-17 09:49:52.198402-03:00,0806477-16.2026.8.14.0006,PROCEDIMENTO COMUM CÍVEL (7),SERGIO SALES PEREIRA LIMA
CÍVEL,ANANINDEUA,4ª DEFENSORIA PUBLICA CIVEL DE ANANINDEUA,2026-03-18 12:48:18.750526-03:00,0806478-98.2026.8.14.0006,ALIMENTOS - LEI ESPECIAL Nº 5.478/68 (69),SERGIO SALES PEREIRA LIMA
CÍVEL,ANANINDEUA,4ª DEFENSORIA PUBLICA CIVEL DE ANANINDEUA,2026-03-20 09:33:21.735328-03:00,0806485-90.2026.8.14.0006,INTERDIÇÃO/CURATELA (58),SERGIO SALES PEREIRA LIMA
CÍVEL,ANANINDEUA,4ª DEFENSORIA PUBLICA CIVEL DE ANANINDEUA,2026-03-24 09:40:12.312427-03:00,0806753-47.2026.8.14.0006,PROCEDIMENTO COMUM CÍVEL (7),SERGIO SALES PEREIRA LIMA
CÍVEL,ANANINDEUA,4ª DEFENSORIA PUBLICA CIVEL DE ANANINDEUA,2026-03-24 10:48:35.026306-03:00,0806754-32.2026.8.14.0006,ALIMENTOS - LEI ESPECIAL Nº 5.478/68 (69),SERGIO SALES PEREIRA LIMA
CÍVEL,ANANINDEUA,4ª DEFENSORIA PUBLICA CIVEL DE ANANINDEUA,2026-03-27 10:42:20.220122-03:00,0807237-62.2026.8.14.0006,ALIMENTOS - LEI ESPECIAL Nº 5.478/68 (69),SERGIO SALES PEREIRA LIMA
CÍVEL,ANANINDEUA,4ª DEFENSORIA PUBLICA CIVEL DE ANANINDEUA,2026-03-27 10:55:26.814746-03:00,0807846-45.2026.8.14.0006,ALIMENTOS - LEI ESPECIAL Nº 5.478/68 (69),SERGIO SALES PEREIRA LIMA
CÍVEL,ANANINDEUA,4ª DEFENSORIA PUBLICA CIVEL DE ANANINDEUA,2026-03-29 15:34:02.300294-03:00,0807198-65.2026.8.14.0006,CUMPRIMENTO DE SENTENÇA (156),SERGIO SALES PEREIRA LIMA
CÍVEL,ANANINDEUA,4ª DEFENSORIA PUBLICA CIVEL DE ANANINDEUA,2026-03-29 15:54:52.921867-03:00,0807199-50.2026.8.14.0006,CUMPRIMENTO DE SENTENÇA (156),SERGIO SALES PEREIRA LIMA
CÍVEL,ANANINDEUA,4ª DEFENSORIA PUBLICA CIVEL DE ANANINDEUA,2026-03-29 16:58:48.623803-03:00,0807203-87.2026.8.14.0006,CUMPRIMENTO DE SENTENÇA (156),SERGIO SALES PEREIRA LIMA
CÍVEL,ANANINDEUA,4ª DEFENSORIA PUBLICA CIVEL DE ANANINDEUA,2026-04-01 09:17:19.541771-03:00,0807457-60.2026.8.14.0006,ALIMENTOS - LEI ESPECIAL Nº 5.478/68 (69),SERGIO SALES PEREIRA LIMA
CÍVEL,ANANINDEUA,4ª DEFENSORIA PUBLICA CIVEL DE ANANINDEUA,2026-04-01 10:47:52.220218-03:00,0807550-23.2026.8.14.0006,PROCEDIMENTO COMUM CÍVEL (7),SERGIO SALES PEREIRA LIMA
CÍVEL,ANANINDEUA,4ª DEFENSORIA PUBLICA CIVEL DE ANANINDEUA,2026-04-01 12:06:33.371138-03:00,0807499-12.2026.8.14.0006,PROCEDIMENTO COMUM CÍVEL (7),SERGIO SALES PEREIRA LIMA
CÍVEL,ANANINDEUA,4ª DEFENSORIA PUBLICA CIVEL DE ANANINDEUA,2026-04-06 13:38:49.548433-03:00,0807773-73.2026.8.14.0006,CUMPRIMENTO DE SENTENÇA (156),SERGIO SALES PEREIRA LIMA
CÍVEL,ANANINDEUA,4ª DEFENSORIA PUBLICA CIVEL DE ANANINDEUA,2026-04-08 10:06:01.174991-03:00,0808090-71.2026.8.14.0006,PROCEDIMENTO COMUM CÍVEL (7),SERGIO SALES PEREIRA LIMA
CÍVEL,ANANINDEUA,4ª DEFENSORIA PUBLICA CIVEL DE ANANINDEUA,2026-04-09 12:14:23.204246-03:00,0808185-04.2026.8.14.0006,CUMPRIMENTO DE SENTENÇA (156),SERGIO SALES PEREIRA LIMA
CÍVEL,ANANINDEUA,4ª DEFENSORIA PUBLICA CIVEL DE ANANINDEUA,2026-04-09 12:16:50.435781-03:00,0808184-19.2026.8.14.0006,CUMPRIMENTO DE SENTENÇA (156),SERGIO SALES PEREIRA LIMA
CÍVEL,ANANINDEUA,4ª DEFENSORIA PUBLICA CIVEL DE ANANINDEUA,2026-04-13 10:33:57.500839-03:00,0808296-85.2026.8.14.0006,DIVÓRCIO LITIGIOSO (12541),SERGIO SALES PEREIRA LIMA
CÍVEL,ANANINDEUA,4ª DEFENSORIA PUBLICA CIVEL DE ANANINDEUA,2026-04-16 11:46:22.279010-03:00,0809545-71.2026.8.14.0006,ALIMENTOS - LEI ESPECIAL Nº 5.478/68 (69),SERGIO SALES PEREIRA LIMA
CÍVEL,ANANINDEUA,4ª DEFENSORIA PUBLICA CIVEL DE ANANINDEUA,2026-04-23 11:50:57.491645-03:00,0809548-26.2026.8.14.0006,PROCEDIMENTO COMUM CÍVEL (7),SERGIO SALES PEREIRA LIMA
CÍVEL,ANANINDEUA,4ª DEFENSORIA PUBLICA CIVEL DE ANANINDEUA,2026-04-27 10:29:41.911337-03:00,0809595-97.2026.8.14.0006,CUMPRIMENTO DE SENTENÇA (156),SERGIO SALES PEREIRA LIMA
CÍVEL,ANANINDEUA,4ª DEFENSORIA PUBLICA CIVEL DE ANANINDEUA,2026-04-27 10:33:55.440183-03:00,0809557-85.2026.8.14.0006,CUMPRIMENTO DE SENTENÇA (156),SERGIO SALES PEREIRA LIMA
CÍVEL,ANANINDEUA,4ª DEFENSORIA PUBLICA CIVEL DE ANANINDEUA,2026-04-27 11:16:42.625102-03:00,0809555-18.2026.8.14.0006,PROCEDIMENTO COMUM CÍVEL (7),SERGIO SALES PEREIRA LIMA
CÍVEL,ANANINDEUA,4ª DEFENSORIA PUBLICA CIVEL DE ANANINDEUA,2026-04-29 09:55:00.253949-03:00,0810206-50.2026.8.14.0006,PROCEDIMENTO COMUM CÍVEL (7),SERGIO SALES PEREIRA LIMA
CÍVEL,ANANINDEUA,4ª DEFENSORIA PUBLICA CIVEL DE ANANINDEUA,2026-05-04 10:58:14.365429-03:00,0810516-56.2026.8.14.0006,OUTROS PROCEDIMENTOS DE JURISDIÇÃO VOLUNTÁRIA (1294),SERGIO SALES PEREIRA LIMA
CÍVEL,ANANINDEUA,4ª DEFENSORIA PUBLICA CIVEL DE ANANINDEUA,2026-05-04 14:02:17.139078-03:00,0810566-82.2026.8.14.0006,CUMPRIMENTO DE SENTENÇA (156),SERGIO SALES PEREIRA LIMA
CÍVEL,ANANINDEUA,4ª DEFENSORIA PUBLICA CIVEL DE ANANINDEUA,2026-05-06 10:17:53.010699-03:00,0810607-49.2026.8.14.0006,PROCEDIMENTO COMUM CÍVEL (7),SERGIO SALES PEREIRA LIMA
CÍVEL,ANANINDEUA,4ª DEFENSORIA PUBLICA CIVEL DE ANANINDEUA,2026-05-07 11:02:40.399680-03:00,0810556-38.2026.8.14.0006,DIVÓRCIO CONSENSUAL (12372),SERGIO SALES PEREIRA LIMA
CÍVEL,ANANINDEUA,4ª DEFENSORIA PUBLICA CIVEL DE ANANINDEUA,2026-05-07 12:07:16.928210-03:00,0810569-37.2026.8.14.0006,HOMOLOGAÇÃO DA TRANSAÇÃO EXTRAJUDICIAL (12374),SERGIO SALES PEREIRA LIMA
CÍVEL,ANANINDEUA,4ª DEFENSORIA PUBLICA CIVEL DE ANANINDEUA,2026-05-07 12:17:52.166220-03:00,0810573-74.2026.8.14.0006,ALIMENTOS - LEI ESPECIAL Nº 5.478/68 (69),SERGIO SALES PEREIRA LIMA
CÍVEL,ANANINDEUA,4ª DEFENSORIA PUBLICA CIVEL DE ANANINDEUA,2026-05-08 10:58:05.404919-03:00,0810713-11.2026.8.14.0006,CUMPRIMENTO DE SENTENÇA (156),SERGIO SALES PEREIRA LIMA
CÍVEL,ANANINDEUA,4ª DEFENSORIA PUBLICA CIVEL DE ANANINDEUA,2026-05-08 11:16:50.365093-03:00,0810715-78.2026.8.14.0006,CUMPRIMENTO DE SENTENÇA (156),SERGIO SALES PEREIRA LIMA
CÍVEL,ANANINDEUA,4ª DEFENSORIA PUBLICA CIVEL DE ANANINDEUA,2026-06-19 11:56:26.276319-03:00,0814624-31.2026.8.14.0006,DIVÓRCIO LITIGIOSO (12541),SERGIO SALES PEREIRA LIMA
CÍVEL,ANANINDEUA,4ª DEFENSORIA PUBLICA CIVEL DE ANANINDEUA,2026-06-23 12:35:11.400668-03:00,0814818-31.2026.8.14.0006,DIVÓRCIO LITIGIOSO (12541),SERGIO SALES PEREIRA LIMA
CÍVEL,ANANINDEUA,4ª DEFENSORIA PUBLICA CIVEL DE ANANINDEUA,2026-06-24 14:29:10.607014-03:00,0815110-16.2026.8.14.0006,CUMPRIMENTO DE SENTENÇA DE OBRIGAÇÃO DE PRESTAR ALIMENTOS,SERGIO SALES PEREIRA LIMA
CÍVEL,ANANINDEUA,4ª DEFENSORIA PUBLICA CIVEL DE ANANINDEUA,2026-06-24 15:32:15.665435-03:00,0814821-83.2026.8.14.0006,PROCEDIMENTO COMUM CÍVEL (7),SERGIO SALES PEREIRA LIMA
CÍVEL,ANANINDEUA,4ª DEFENSORIA PUBLICA CIVEL DE ANANINDEUA,2026-06-25 11:39:35.618432-03:00,0814844-29.2026.8.14.0006,CUMPRIMENTO DE SENTENÇA DE OBRIGAÇÃO DE PRESTAR ALIMENTOS,SERGIO SALES PEREIRA LIMA
CÍVEL,ANANINDEUA,4ª DEFENSORIA PUBLICA CIVEL DE ANANINDEUA,2026-06-30 11:41:20.502124-03:00,0815225-37.2026.8.14.0006,DIVÓRCIO LITIGIOSO (12541),SERGIO SALES PEREIRA LIMA
CÍVEL,ANANINDEUA,4ª DEFENSORIA PUBLICA CIVEL DE ANANINDEUA,2026-07-01 12:44:00.785555-03:00,0815370-93.2026.8.14.0006,CUMPRIMENTO DE SENTENÇA (156),SERGIO SALES PEREIRA LIMA
CÍVEL,ANANINDEUA,4ª DEFENSORIA PUBLICA CIVEL DE ANANINDEUA,2026-07-09 12:34:02.265554-03:00,0816298-44.2026.8.14.0006,ALIMENTOS - LEI ESPECIAL Nº 5.478/68 (69),SERGIO SALES PEREIRA LIMA
CÍVEL,ANANINDEUA,4ª DEFENSORIA PUBLICA CIVEL DE ANANINDEUA,2026-07-09 13:07:20.154578-03:00,0816299-29.2026.8.14.0006,PROCEDIMENTO COMUM CÍVEL (7),SERGIO SALES PEREIRA LIMA
CÍVEL,ANANINDEUA,4ª DEFENSORIA PUBLICA CIVEL DE ANANINDEUA,2026-07-15 09:24:59.061278-03:00,0816678-67.2026.8.14.0006,HOMOLOGAÇÃO DA TRANSAÇÃO EXTRAJUDICIAL (12374),SERGIO SALES PEREIRA LIMA
CÍVEL,ANANINDEUA,4ª DEFENSORIA PUBLICA CIVEL DE ANANINDEUA,2026-07-16 09:43:03.157303-03:00,0816584-22.2026.8.14.0006,ALIMENTOS - LEI ESPECIAL Nº 5.478/68 (69),SERGIO SALES PEREIRA LIMA
CÍVEL,ANANINDEUA,4ª DEFENSORIA PUBLICA CIVEL DE ANANINDEUA,2026-07-20 19:01:09.857456-03:00,0816905-57.2026.8.14.0006,CUMPRIMENTO DE SENTENÇA (156),SERGIO SALES PEREIRA LIMA
CÍVEL,ANANINDEUA,4ª DEFENSORIA PUBLICA CIVEL DE ANANINDEUA,2026-07-20 19:33:23.301651-03:00,0816906-42.2026.8.14.0006,ALIMENTOS - LEI ESPECIAL Nº 5.478/68 (69),SERGIO SALES PEREIRA LIMA
CÍVEL,ANANINDEUA,4ª DEFENSORIA PUBLICA CIVEL DE ANANINDEUA,2026-07-21 09:21:26.996430-03:00,0816924-63.2026.8.14.0006,PROCEDIMENTO COMUM CÍVEL (7),SERGIO SALES PEREIRA LIMA
CÍVEL,ANANINDEUA,4ª DEFENSORIA PUBLICA CIVEL DE ANANINDEUA,2026-07-22 11:46:09.853057-03:00,0817130-77.2026.8.14.0006,PROCEDIMENTO COMUM CÍVEL (7),SERGIO SALES PEREIRA LIMA
CÍVEL,ANANINDEUA,4ª DEFENSORIA PUBLICA CIVEL DE ANANINDEUA,2026-07-28 11:13:32.648093-03:00,0817518-77.2026.8.14.0006,PROCEDIMENTO COMUM CÍVEL (7),SERGIO SALES PEREIRA LIMA
CÍVEL,ANANINDEUA,4ª DEFENSORIA PUBLICA CIVEL DE ANANINDEUA,2026-07-28 11:54:41.627092-03:00,0817520-47.2026.8.14.0006,ALIMENTOS - LEI ESPECIAL Nº 5.478/68 (69),SERGIO SALES PEREIRA LIMA
CÍVEL,ANANINDEUA,4ª DEFENSORIA PUBLICA CIVEL DE ANANINDEUA,2026-07-28 13:05:02.001835-03:00,0817521-32.2026.8.14.0006,ALIMENTOS - LEI ESPECIAL Nº 5.478/68 (69),SERGIO SALES PEREIRA LIMA
CÍVEL,ANANINDEUA,4ª DEFENSORIA PUBLICA CIVEL DE ANANINDEUA,2026-07-30 09:08:22.048216-03:00,0817656-44.2026.8.14.0006,DIVÓRCIO LITIGIOSO (12541),SERGIO SALES PEREIRA LIMA
CÍVEL,ANANINDEUA,4ª DEFENSORIA PUBLICA CIVEL DE ANANINDEUA,2026-08-04 13:18:21.976575-03:00,0818211-61.2026.8.14.0006,ALIMENTOS - LEI ESPECIAL Nº 5.478/68 (69),SERGIO SALES PEREIRA LIMA
CÍVEL,ANANINDEUA,4ª DEFENSORIA PUBLICA CIVEL DE ANANINDEUA,2026-08-05 12:03:43.443574-03:00,0818302-54.2026.8.14.0006,PROCEDIMENTO COMUM CÍVEL (7),SERGIO SALES PEREIRA LIMA
CÍVEL,ANANINDEUA,4ª DEFENSORIA PUBLICA CIVEL DE ANANINDEUA,2026-08-06 13:04:51.146749-03:00,0818363-12.2026.8.14.0006,ALIMENTOS - LEI ESPECIAL Nº 5.478/68 (69),SERGIO SALES PEREIRA LIMA
CÍVEL,ANANINDEUA,4ª DEFENSORIA PUBLICA CIVEL DE ANANINDEUA,2026-08-06 14:26:33.282459-03:00,0818362-27.2026.8.14.0006,ALIMENTOS - LEI ESPECIAL Nº 5.478/68 (69),SERGIO SALES PEREIRA LIMA
CÍVEL,ANANINDEUA,4ª DEFENSORIA PUBLICA CIVEL DE ANANINDEUA,2026-08-07 09:48:50.605988-03:00,0818416-90.2026.8.14.0006,ALIMENTOS - LEI ESPECIAL Nº 5.478/68 (69),SERGIO SALES PEREIRA LIMA
CÍVEL,ANANINDEUA,4ª DEFENSORIA PUBLICA CIVEL DE ANANINDEUA,2026-08-07 10:49:40.324129-03:00,0818415-08.2026.8.14.0006,GUARDA DE FAMÍLIA,SERGIO SALES PEREIRA LIMA
CÍVEL,ANANINDEUA,4ª DEFENSORIA PUBLICA CIVEL DE ANANINDEUA,2026-08-07 10:57:33.106525-03:00,0818424-67.2026.8.14.0006,ALIMENTOS - LEI ESPECIAL Nº 5.478/68 (69),SERGIO SALES PEREIRA LIMA
CÍVEL,ANANINDEUA,4ª DEFENSORIA PUBLICA CIVEL DE ANANINDEUA,2026-08-07 12:18:05.646714-03:00,0818420-30.2026.8.14.0006,GUARDA DE FAMÍLIA,SERGIO SALES PEREIRA LIMA
CÍVEL,ANANINDEUA,4ª DEFENSORIA PUBLICA CIVEL DE ANANINDEUA,2026-08-07 12:22:41.243002-03:00,0818419-45.2026.8.14.0006,ALIMENTOS - LEI ESPECIAL Nº 5.478/68 (69),SERGIO SALES PEREIRA LIMA
CÍVEL,ANANINDEUA,4ª DEFENSORIA PUBLICA CIVEL DE ANANINDEUA,2026-08-07 13:05:40.623902-03:00,0818432-44.2026.8.14.0006,OUTROS PROCEDIMENTOS DE JURISDIÇÃO VOLUNTÁRIA (1294),SERGIO SALES PEREIRA LIMA
CÍVEL,ANANINDEUA,4ª DEFENSORIA PUBLICA CIVEL DE ANANINDEUA,2026-08-13 12:37:19.069444-03:00,0818979-84.2026.8.14.0006,PROCEDIMENTO COMUM CÍVEL (7),BIANCA DUARTE BRANCO CARIBE
CÍVEL,ANANINDEUA,4ª DEFENSORIA PUBLICA CIVEL DE ANANINDEUA,2026-08-20 12:27:11.232225-03:00,0820966-58.2026.8.14.0006,PROCEDIMENTO COMUM CÍVEL (7),SERGIO SALES PEREIRA LIMA
CÍVEL,ANANINDEUA,4ª DEFENSORIA PUBLICA CIVEL DE ANANINDEUA,2026-08-21 12:35:18.544205-03:00,0820961-36.2026.8.14.0006,ALIMENTOS - LEI ESPECIAL Nº 5.478/68 (69),SERGIO SALES PEREIRA LIMA
CÍVEL,ANANINDEUA,4ª DEFENSORIA PUBLICA CIVEL DE ANANINDEUA,2026-08-25 12:42:49.994866-03:00,0820962-21.2026.8.14.0006,DIVÓRCIO LITIGIOSO (12541),SERGIO SALES PEREIRA LIMA
CÍVEL,ANANINDEUA,4ª DEFENSORIA PUBLICA CIVEL DE ANANINDEUA,2026-08-28 11:37:03.087876-03:00,0820964-88.2026.8.14.0006,PROCEDIMENTO COMUM CÍVEL (7),SERGIO SALES PEREIRA LIMA
CÍVEL,ANANINDEUA,4ª DEFENSORIA PUBLICA CIVEL DE ANANINDEUA,2026-09-03 09:23:46.636602-03:00,0821578-93.2026.8.14.0006,HOMOLOGAÇÃO DA TRANSAÇÃO EXTRAJUDICIAL (12374),SERGIO SALES PEREIRA LIMA
CÍVEL,ANANINDEUA,4ª DEFENSORIA PUBLICA CIVEL DE ANANINDEUA,2026-09-03 12:53:59.255712-03:00,0821579-78.2026.8.14.0006,PROCEDIMENTO COMUM CÍVEL (7),SERGIO SALES PEREIRA LIMA
CÍVEL,ANANINDEUA,4ª DEFENSORIA PUBLICA CIVEL DE ANANINDEUA,2026-09-08 14:04:18.284318-03:00,0821582-33.2026.8.14.0006,CUMPRIMENTO DE SENTENÇA (156),SERGIO SALES PEREIRA LIMA
CÍVEL,ANANINDEUA,4ª DEFENSORIA PUBLICA CIVEL DE ANANINDEUA,2026-09-09 11:25:17.468105-03:00,0821618-75.2026.8.14.0006,CUMPRIMENTO DE SENTENÇA (156),SERGIO SALES PEREIRA LIMA
CÍVEL,ANANINDEUA,4ª DEFENSORIA PUBLICA CIVEL DE ANANINDEUA,2026-09-09 12:43:26.283282-03:00,0821635-14.2026.8.14.0006,PROCEDIMENTO COMUM CÍVEL (7),SERGIO SALES PEREIRA LIMA
CÍVEL,ANANINDEUA,4ª DEFENSORIA PUBLICA CIVEL DE ANANINDEUA,2026-09-10 09:03:04.397308-03:00,0821713-08.2026.8.14.0006,DIVÓRCIO LITIGIOSO (12541),SERGIO SALES PEREIRA LIMA
CÍVEL,ANANINDEUA,4ª DEFENSORIA PUBLICA CIVEL DE ANANINDEUA,2026-09-10 12:44:14.052237-03:00,0821927-96.2026.8.14.0006,GUARDA DE FAMÍLIA,SERGIO SALES PEREIRA LIMA
CÍVEL,ANANINDEUA,4ª DEFENSORIA PUBLICA CIVEL DE ANANINDEUA,2026-09-11 12:48:15.501424-03:00,0822367-92.2026.8.14.0006,PROCEDIMENTO COMUM CÍVEL (7),SERGIO SALES PEREIRA LIMA
CÍVEL,ANANINDEUA,4ª DEFENSORIA PUBLICA CIVEL DE ANANINDEUA,2026-09-11 18:36:06.738380-03:00,0821928-81.2026.8.14.0006,DIVÓRCIO LITIGIOSO (12541),SERGIO SALES PEREIRA LIMA
CÍVEL,ANANINDEUA,4ª DEFENSORIA PUBLICA CIVEL DE ANANINDEUA,2026-09-15 11:39:27.716104-03:00,0822279-54.2026.8.14.0006,PROCEDIMENTO COMUM CÍVEL (7),SERGIO SALES PEREIRA LIMA
CÍVEL,ANANINDEUA,5ª DEFENSORIA PUBLICA CIVEL DE ANANINDEUA,2026-01-14 11:34:26.912459-03:00,0800822-63.2026.8.14.0006,PROCEDIMENTO COMUM CÍVEL (7),RODRIGO VICENTE MAIA MENDES
CÍVEL,ANANINDEUA,5ª DEFENSORIA PUBLICA CIVEL DE ANANINDEUA,2026-01-14 11:45:33.655969-03:00,0801139-61.2026.8.14.0006,RETIFICAÇÃO OU SUPRIMENTO OU RESTAURAÇÃO DE REGISTRO CIVIL (1682),RODRIGO VICENTE MAIA MENDES
CÍVEL,ANANINDEUA,5ª DEFENSORIA PUBLICA CIVEL DE ANANINDEUA,2026-01-19 10:23:23.818873-03:00,0801025-25.2026.8.14.0006,CUMPRIMENTO DE SENTENÇA (156),ROBERTA OLIVEIRA MOREIRA
CÍVEL,ANANINDEUA,5ª DEFENSORIA PUBLICA CIVEL DE ANANINDEUA,2026-01-20 10:09:35.056803-03:00,0803870-18.2026.8.14.0301,GUARDA DE INFÂNCIA E JUVENTUDE (1420),ROBERTA OLIVEIRA MOREIRA
CÍVEL,ANANINDEUA,5ª DEFENSORIA PUBLICA CIVEL DE ANANINDEUA,2026-01-20 11:18:12.987504-03:00,0801174-21.2026.8.14.0006,CUMPRIMENTO DE SENTENÇA (156),ROBERTA OLIVEIRA MOREIRA
CÍVEL,ANANINDEUA,5ª DEFENSORIA PUBLICA CIVEL DE ANANINDEUA,2026-01-20 11:24:06.542232-03:00,0801177-73.2026.8.14.0006,CUMPRIMENTO DE SENTENÇA (156),ROBERTA OLIVEIRA MOREIRA
CÍVEL,ANANINDEUA,5ª DEFENSORIA PUBLICA CIVEL DE ANANINDEUA,2026-01-21 12:16:45.030469-03:00,0801477-35.2026.8.14.0006,PROCEDIMENTO COMUM CÍVEL (7),ROBERTA OLIVEIRA MOREIRA
CÍVEL,ANANINDEUA,5ª DEFENSORIA PUBLICA CIVEL DE ANANINDEUA,2026-01-22 12:47:43.153783-03:00,0801516-32.2026.8.14.0006,CUMPRIMENTO DE SENTENÇA (156),ROBERTA OLIVEIRA MOREIRA
CÍVEL,ANANINDEUA,5ª DEFENSORIA PUBLICA CIVEL DE ANANINDEUA,2026-01-23 10:00:15.400001-03:00,0802651-79.2026.8.14.0006,ALVARÁ JUDICIAL - LEI 6858/80 (74),RODRIGO VICENTE MAIA MENDES
CÍVEL,ANANINDEUA,5ª DEFENSORIA PUBLICA CIVEL DE ANANINDEUA,2026-01-23 10:07:29.607593-03:00,0801514-62.2026.8.14.0006,CUMPRIMENTO DE SENTENÇA (156),ROBERTA OLIVEIRA MOREIRA
CÍVEL,ANANINDEUA,5ª DEFENSORIA PUBLICA CIVEL DE ANANINDEUA,2026-01-23 10:34:38.827978-03:00,0801499-93.2026.8.14.0006,PROCEDIMENTO COMUM CÍVEL (7),ROBERTA OLIVEIRA MOREIRA
CÍVEL,ANANINDEUA,5ª DEFENSORIA PUBLICA CIVEL DE ANANINDEUA,2026-01-26 11:57:17.827285-03:00,0801693-93.2026.8.14.0006,RETIFICAÇÃO OU SUPRIMENTO OU RESTAURAÇÃO DE REGISTRO CIVIL (1682),RODRIGO VICENTE MAIA MENDES
CÍVEL,ANANINDEUA,5ª DEFENSORIA PUBLICA CIVEL DE ANANINDEUA,2026-01-27 09:08:39.220240-03:00,0801949-36.2026.8.14.0006,CUMPRIMENTO DE SENTENÇA (156),ROBERTA OLIVEIRA MOREIRA
CÍVEL,ANANINDEUA,5ª DEFENSORIA PUBLICA CIVEL DE ANANINDEUA,2026-01-29 10:55:43.004114-03:00,0805305-39.2026.8.14.0006,CUMPRIMENTO DE SENTENÇA (156),ROBERTA OLIVEIRA MOREIRA
CÍVEL,ANANINDEUA,5ª DEFENSORIA PUBLICA CIVEL DE ANANINDEUA,2026-01-29 12:14:54.597521-03:00,0802068-94.2026.8.14.0006,PROCEDIMENTO COMUM CÍVEL (7),ROBERTA OLIVEIRA MOREIRA
CÍVEL,ANANINDEUA,5ª DEFENSORIA PUBLICA CIVEL DE ANANINDEUA,2026-02-01 12:58:36.719100-03:00,0802367-71.2026.8.14.0006,PROCEDIMENTO COMUM CÍVEL (7),ROBERTA OLIVEIRA MOREIRA
CÍVEL,ANANINDEUA,5ª DEFENSORIA PUBLICA CIVEL DE ANANINDEUA,2026-02-03 09:37:07.401624-03:00,0802515-82.2026.8.14.0006,CUMPRIMENTO DE SENTENÇA (156),ROBERTA OLIVEIRA MOREIRA
CÍVEL,ANANINDEUA,5ª DEFENSORIA PUBLICA CIVEL DE ANANINDEUA,2026-02-03 10:31:25.990857-03:00,0802513-15.2026.8.14.0006,PROCEDIMENTO COMUM CÍVEL (7),ROBERTA OLIVEIRA MOREIRA
CÍVEL,ANANINDEUA,5ª DEFENSORIA PUBLICA CIVEL DE ANANINDEUA,2026-02-05 11:06:11.315894-03:00,0802724-51.2026.8.14.0006,PROCEDIMENTO COMUM CÍVEL (7),ROBERTA OLIVEIRA MOREIRA
CÍVEL,ANANINDEUA,5ª DEFENSORIA PUBLICA CIVEL DE ANANINDEUA,2026-02-11 13:14:55.635320-03:00,0803223-35.2026.8.14.0006,CUMPRIMENTO DE SENTENÇA (156),ROBERTA OLIVEIRA MOREIRA
CÍVEL,ANANINDEUA,5ª DEFENSORIA PUBLICA CIVEL DE ANANINDEUA,2026-02-25 10:49:16.886030-03:00,0804414-18.2026.8.14.0006,CUMPRIMENTO DE SENTENÇA (156),ROBERTA OLIVEIRA MOREIRA
CÍVEL,ANANINDEUA,5ª DEFENSORIA PUBLICA CIVEL DE ANANINDEUA,2026-02-25 10:59:31.514974-03:00,0804818-69.2026.8.14.0006,CUMPRIMENTO DE SENTENÇA (156),ROBERTA OLIVEIRA MOREIRA
CÍVEL,ANANINDEUA,5ª DEFENSORIA PUBLICA CIVEL DE ANANINDEUA,2026-03-03 10:23:18.884798-03:00,0804796-11.2026.8.14.0006,PROCEDIMENTO COMUM CÍVEL (7),ROBERTA OLIVEIRA MOREIRA
CÍVEL,ANANINDEUA,5ª DEFENSORIA PUBLICA CIVEL DE ANANINDEUA,2026-03-03 11:37:41.337755-03:00,0805311-46.2026.8.14.0006,PROCEDIMENTO COMUM CÍVEL (7),ROBERTA OLIVEIRA MOREIRA
CÍVEL,ANANINDEUA,5ª DEFENSORIA PUBLICA CIVEL DE ANANINDEUA,2026-03-03 12:25:07.020081-03:00,0804877-57.2026.8.14.0006,PROCEDIMENTO COMUM CÍVEL (7),ROBERTA OLIVEIRA MOREIRA
CÍVEL,ANANINDEUA,5ª DEFENSORIA PUBLICA CIVEL DE ANANINDEUA,2026-03-05 10:21:19.435551-03:00,0805001-40.2026.8.14.0006,PROCEDIMENTO COMUM CÍVEL (7),ROBERTA OLIVEIRA MOREIRA
CÍVEL,ANANINDEUA,5ª DEFENSORIA PUBLICA CIVEL DE ANANINDEUA,2026-03-05 11:49:22.716295-03:00,0806835-78.2026.8.14.0006,CUMPRIMENTO DE SENTENÇA (156),ROBERTA OLIVEIRA MOREIRA
CÍVEL,ANANINDEUA,5ª DEFENSORIA PUBLICA CIVEL DE ANANINDEUA,2026-03-05 12:25:36.758756-03:00,0806830-56.2026.8.14.0006,PROCEDIMENTO COMUM CÍVEL (7),ROBERTA OLIVEIRA MOREIRA
CÍVEL,ANANINDEUA,5ª DEFENSORIA PUBLICA CIVEL DE ANANINDEUA,2026-03-05 12:33:35.132186-03:00,0806846-10.2026.8.14.0006,CUMPRIMENTO DE SENTENÇA (156),ROBERTA OLIVEIRA MOREIRA
CÍVEL,ANANINDEUA,5ª DEFENSORIA PUBLICA CIVEL DE ANANINDEUA,2026-03-09 11:33:32.788293-03:00,0805289-85.2026.8.14.0006,PROCEDIMENTO COMUM CÍVEL (7),ROBERTA OLIVEIRA MOREIRA
CÍVEL,ANANINDEUA,5ª DEFENSORIA PUBLICA CIVEL DE ANANINDEUA,2026-03-17 11:01:14.084754-03:00,0806507-51.2026.8.14.0006,ALIMENTOS - LEI ESPECIAL Nº 5.478/68 (69),ROBERTA OLIVEIRA MOREIRA
CÍVEL,ANANINDEUA,5ª DEFENSORIA PUBLICA CIVEL DE ANANINDEUA,2026-03-17 13:14:34.784802-03:00,0806281-46.2026.8.14.0006,PROCEDIMENTO COMUM CÍVEL (7),ROBERTA OLIVEIRA MOREIRA
CÍVEL,ANANINDEUA,5ª DEFENSORIA PUBLICA CIVEL DE ANANINDEUA,2026-03-19 12:12:17.244298-03:00,0806505-81.2026.8.14.0006,CUMPRIMENTO DE SENTENÇA (156),ROBERTA OLIVEIRA MOREIRA
CÍVEL,ANANINDEUA,5ª DEFENSORIA PUBLICA CIVEL DE ANANINDEUA,2026-03-19 12:26:43.580711-03:00,0806498-89.2026.8.14.0006,DIVÓRCIO LITIGIOSO (12541),ROBERTA OLIVEIRA MOREIRA
CÍVEL,ANANINDEUA,5ª DEFENSORIA PUBLICA CIVEL DE ANANINDEUA,2026-03-20 12:44:55.318893-03:00,0806857-39.2026.8.14.0006,CUMPRIMENTO DE SENTENÇA (156),ROBERTA OLIVEIRA MOREIRA
CÍVEL,ANANINDEUA,5ª DEFENSORIA PUBLICA CIVEL DE ANANINDEUA,2026-03-20 13:08:09.872805-03:00,0806831-41.2026.8.14.0006,CUMPRIMENTO DE SENTENÇA (156),ROBERTA OLIVEIRA MOREIRA
CÍVEL,ANANINDEUA,5ª DEFENSORIA PUBLICA CIVEL DE ANANINDEUA,2026-04-06 09:59:36.356603-03:00,0807733-91.2026.8.14.0006,CUMPRIMENTO DE SENTENÇA (156),ROBERTA OLIVEIRA MOREIRA
CÍVEL,ANANINDEUA,5ª DEFENSORIA PUBLICA CIVEL DE ANANINDEUA,2026-04-10 19:32:52.941545-03:00,0808227-53.2026.8.14.0006,OUTROS PROCEDIMENTOS DE JURISDIÇÃO VOLUNTÁRIA (1294),ROBERTA OLIVEIRA MOREIRA
CÍVEL,ANANINDEUA,5ª DEFENSORIA PUBLICA CIVEL DE ANANINDEUA,2026-04-14 11:01:18.132344-03:00,0808391-18.2026.8.14.0006,PROCEDIMENTO COMUM CÍVEL (7),ROBERTA OLIVEIRA MOREIRA
CÍVEL,ANANINDEUA,5ª DEFENSORIA PUBLICA CIVEL DE ANANINDEUA,2026-04-14 11:49:30.953673-03:00,0808419-83.2026.8.14.0006,PROCEDIMENTO COMUM CÍVEL (7),ROBERTA OLIVEIRA MOREIRA
CÍVEL,ANANINDEUA,5ª DEFENSORIA PUBLICA CIVEL DE ANANINDEUA,2026-04-14 12:49:53.903178-03:00,0809489-38.2026.8.14.0006,PROCEDIMENTO COMUM CÍVEL (7),ROBERTA OLIVEIRA MOREIRA
CÍVEL,ANANINDEUA,5ª DEFENSORIA PUBLICA CIVEL DE ANANINDEUA,2026-04-15 12:09:20.760847-03:00,0808542-81.2026.8.14.0006,PROCEDIMENTO COMUM CÍVEL (7),ROBERTA OLIVEIRA MOREIRA
CÍVEL,ANANINDEUA,5ª DEFENSORIA PUBLICA CIVEL DE ANANINDEUA,2026-04-15 13:02:27.759794-03:00,0808702-09.2026.8.14.0006,ALIMENTOS - LEI ESPECIAL Nº 5.478/68 (69),ROBERTA OLIVEIRA MOREIRA
CÍVEL,ANANINDEUA,5ª DEFENSORIA PUBLICA CIVEL DE ANANINDEUA,2026-04-16 10:13:06.388787-03:00,0808667-49.2026.8.14.0006,CUMPRIMENTO DE SENTENÇA (156),ROBERTA OLIVEIRA MOREIRA
CÍVEL,ANANINDEUA,5ª DEFENSORIA PUBLICA CIVEL DE ANANINDEUA,2026-04-16 11:17:42.291800-03:00,0809490-23.2026.8.14.0006,CUMPRIMENTO PROVISÓRIO DE DECISÃO (10980),ROBERTA OLIVEIRA MOREIRA
CÍVEL,ANANINDEUA,5ª DEFENSORIA PUBLICA CIVEL DE ANANINDEUA,2026-04-16 11:44:30.285995-03:00,0809491-08.2026.8.14.0006,CUMPRIMENTO PROVISÓRIO DE DECISÃO (10980),ROBERTA OLIVEIRA MOREIRA
CÍVEL,ANANINDEUA,5ª DEFENSORIA PUBLICA CIVEL DE ANANINDEUA,2026-04-16 12:22:06.504112-03:00,0809798-59.2026.8.14.0006,PROCEDIMENTO COMUM CÍVEL (7),ROBERTA OLIVEIRA MOREIRA
CÍVEL,ANANINDEUA,5ª DEFENSORIA PUBLICA CIVEL DE ANANINDEUA,2026-04-27 10:50:17.959745-03:00,0809550-93.2026.8.14.0006,PROCEDIMENTO COMUM CÍVEL (7),ROBERTA OLIVEIRA MOREIRA
CÍVEL,ANANINDEUA,5ª DEFENSORIA PUBLICA CIVEL DE ANANINDEUA,2026-04-28 10:27:49.965056-03:00,0809692-97.2026.8.14.0006,PROCEDIMENTO COMUM CÍVEL (7),ROBERTA OLIVEIRA MOREIRA
CÍVEL,ANANINDEUA,5ª DEFENSORIA PUBLICA CIVEL DE ANANINDEUA,2026-05-27 09:40:55.251779-03:00,0812458-26.2026.8.14.0006,PROCEDIMENTO COMUM CÍVEL (7),ROBERTA OLIVEIRA MOREIRA
CÍVEL,ANANINDEUA,5ª DEFENSORIA PUBLICA CIVEL DE ANANINDEUA,2026-05-28 13:06:06.760741-03:00,0812550-04.2026.8.14.0006,CUMPRIMENTO DE SENTENÇA (156),ROBERTA OLIVEIRA MOREIRA
CÍVEL,ANANINDEUA,5ª DEFENSORIA PUBLICA CIVEL DE ANANINDEUA,2026-05-29 10:07:11.528883-03:00,0813623-11.2026.8.14.0006,PROCEDIMENTO COMUM CÍVEL (7),ROBERTA OLIVEIRA MOREIRA
CÍVEL,ANANINDEUA,5ª DEFENSORIA PUBLICA CIVEL DE ANANINDEUA,2026-05-29 11:30:06.753298-03:00,0813865-67.2026.8.14.0006,PROCEDIMENTO COMUM CÍVEL (7),ROBERTA OLIVEIRA MOREIRA
CÍVEL,ANANINDEUA,5ª DEFENSORIA PUBLICA CIVEL DE ANANINDEUA,2026-06-02 10:33:48.966465-03:00,0813995-57.2026.8.14.0006,DIVÓRCIO LITIGIOSO (12541),ROBERTA OLIVEIRA MOREIRA
CÍVEL,ANANINDEUA,5ª DEFENSORIA PUBLICA CIVEL DE ANANINDEUA,2026-06-02 12:33:05.949275-03:00,0815334-51.2026.8.14.0006,PROCEDIMENTO COMUM CÍVEL (7),ROBERTA OLIVEIRA MOREIRA
CÍVEL,ANANINDEUA,5ª DEFENSORIA PUBLICA CIVEL DE ANANINDEUA,2026-06-09 11:28:34.857146-03:00,0813364-16.2026.8.14.0006,PROCEDIMENTO COMUM CÍVEL (7),ROBERTA OLIVEIRA MOREIRA
CÍVEL,ANANINDEUA,5ª DEFENSORIA PUBLICA CIVEL DE ANANINDEUA,2026-06-11 09:25:29.582554-03:00,0813579-89.2026.8.14.0006,PROCEDIMENTO COMUM CÍVEL (7),ROBERTA OLIVEIRA MOREIRA
CÍVEL,ANANINDEUA,5ª DEFENSORIA PUBLICA CIVEL DE ANANINDEUA,2026-06-11 11:35:40.245824-03:00,0813606-72.2026.8.14.0006,ALIMENTOS - LEI ESPECIAL Nº 5.478/68 (69),ROBERTA OLIVEIRA MOREIRA
CÍVEL,ANANINDEUA,5ª DEFENSORIA PUBLICA CIVEL DE ANANINDEUA,2026-06-17 11:11:04.343795-03:00,0814127-17.2026.8.14.0006,PROCEDIMENTO COMUM CÍVEL (7),ROBERTA OLIVEIRA MOREIRA
CÍVEL,ANANINDEUA,5ª DEFENSORIA PUBLICA CIVEL DE ANANINDEUA,2026-06-24 10:36:03.840398-03:00,0814834-82.2026.8.14.0006,ALIMENTOS - LEI ESPECIAL Nº 5.478/68 (69),ROBERTA OLIVEIRA MOREIRA
CÍVEL,ANANINDEUA,5ª DEFENSORIA PUBLICA CIVEL DE ANANINDEUA,2026-06-24 14:03:30.054385-03:00,0814768-05.2026.8.14.0006,PROCEDIMENTO COMUM CÍVEL (7),ROBERTA OLIVEIRA MOREIRA
CÍVEL,ANANINDEUA,5ª DEFENSORIA PUBLICA CIVEL DE ANANINDEUA,2026-06-25 09:40:49.730436-03:00,0814825-23.2026.8.14.0006,ALIMENTOS - LEI ESPECIAL Nº 5.478/68 (69),ROBERTA OLIVEIRA MOREIRA
CÍVEL,ANANINDEUA,5ª DEFENSORIA PUBLICA CIVEL DE ANANINDEUA,2026-06-25 10:44:58.770341-03:00,0815211-53.2026.8.14.0006,DIVÓRCIO LITIGIOSO (12541),ROBERTA OLIVEIRA MOREIRA
CÍVEL,ANANINDEUA,5ª DEFENSORIA PUBLICA CIVEL DE ANANINDEUA,2026-06-25 12:46:13.311622-03:00,0816802-50.2026.8.14.0006,DIVÓRCIO LITIGIOSO (12541),ROBERTA OLIVEIRA MOREIRA
CÍVEL,ANANINDEUA,5ª DEFENSORIA PUBLICA CIVEL DE ANANINDEUA,2026-07-01 09:33:01.404039-03:00,0815361-34.2026.8.14.0006,ALIMENTOS - LEI ESPECIAL Nº 5.478/68 (69),ROBERTA OLIVEIRA MOREIRA
CÍVEL,ANANINDEUA,5ª DEFENSORIA PUBLICA CIVEL DE ANANINDEUA,2026-07-07 10:33:45.331970-03:00,0815809-07.2026.8.14.0006,ALIMENTOS - LEI ESPECIAL Nº 5.478/68 (69),ROBERTA OLIVEIRA MOREIRA
CÍVEL,ANANINDEUA,5ª DEFENSORIA PUBLICA CIVEL DE ANANINDEUA,2026-07-07 11:20:30.927699-03:00,0815817-81.2026.8.14.0006,ALIMENTOS - LEI ESPECIAL Nº 5.478/68 (69),ROBERTA OLIVEIRA MOREIRA
CÍVEL,ANANINDEUA,5ª DEFENSORIA PUBLICA CIVEL DE ANANINDEUA,2026-07-07 13:05:17.129463-03:00,0817032-92.2026.8.14.0006,ALIMENTOS - LEI ESPECIAL Nº 5.478/68 (69),ROBERTA OLIVEIRA MOREIRA
CÍVEL,ANANINDEUA,5ª DEFENSORIA PUBLICA CIVEL DE ANANINDEUA,2026-07-08 08:53:31.935452-03:00,0816908-12.2026.8.14.0006,ALIMENTOS - LEI ESPECIAL Nº 5.478/68 (69),ROBERTA OLIVEIRA MOREIRA
CÍVEL,ANANINDEUA,5ª DEFENSORIA PUBLICA CIVEL DE ANANINDEUA,2026-07-09 10:00:17.044939-03:00,0816022-13.2026.8.14.0006,ALIMENTOS - LEI ESPECIAL Nº 5.478/68 (69),ROBERTA OLIVEIRA MOREIRA
CÍVEL,ANANINDEUA,5ª DEFENSORIA PUBLICA CIVEL DE ANANINDEUA,2026-07-10 12:20:28.709130-03:00,0816167-69.2026.8.14.0006,PROCEDIMENTO COMUM CÍVEL (7),ROBERTA OLIVEIRA MOREIRA
CÍVEL,ANANINDEUA,5ª DEFENSORIA PUBLICA CIVEL DE ANANINDEUA,2026-07-10 12:59:21.155060-03:00,0817036-32.2026.8.14.0006,PROCEDIMENTO COMUM CÍVEL (7),ROBERTA OLIVEIRA MOREIRA
CÍVEL,ANANINDEUA,5ª DEFENSORIA PUBLICA CIVEL DE ANANINDEUA,2026-07-13 12:57:24.587371-03:00,0817666-88.2026.8.14.0006,PROCEDIMENTO COMUM CÍVEL (7),ROBERTA OLIVEIRA MOREIRA
CÍVEL,ANANINDEUA,5ª DEFENSORIA PUBLICA CIVEL DE ANANINDEUA,2026-07-14 10:59:09.449990-03:00,0817670-28.2026.8.14.0006,ALIMENTOS - LEI ESPECIAL Nº 5.478/68 (69),ROBERTA OLIVEIRA MOREIRA
CÍVEL,ANANINDEUA,5ª DEFENSORIA PUBLICA CIVEL DE ANANINDEUA,2026-07-20 08:50:03.991962-03:00,0817029-40.2026.8.14.0006,PROCEDIMENTO COMUM CÍVEL (7),ROBERTA OLIVEIRA MOREIRA
CÍVEL,ANANINDEUA,5ª DEFENSORIA PUBLICA CIVEL DE ANANINDEUA,2026-07-21 12:52:33.080732-03:00,0816966-15.2026.8.14.0006,PROCEDIMENTO COMUM CÍVEL (7),ROBERTA OLIVEIRA MOREIRA
CÍVEL,ANANINDEUA,5ª DEFENSORIA PUBLICA CIVEL DE ANANINDEUA,2026-07-22 13:22:19.570869-03:00,0817673-80.2026.8.14.0006,PROCEDIMENTO COMUM CÍVEL (7),ROBERTA OLIVEIRA MOREIRA
CÍVEL,ANANINDEUA,5ª DEFENSORIA PUBLICA CIVEL DE ANANINDEUA,2026-07-23 10:42:18.511328-03:00,0817136-84.2026.8.14.0006,ALIMENTOS - LEI ESPECIAL Nº 5.478/68 (69),ROBERTA OLIVEIRA MOREIRA
CÍVEL,ANANINDEUA,5ª DEFENSORIA PUBLICA CIVEL DE ANANINDEUA,2026-07-23 10:58:40.587754-03:00,0817143-76.2026.8.14.0006,ALIMENTOS - LEI ESPECIAL Nº 5.478/68 (69),ROBERTA OLIVEIRA MOREIRA
CÍVEL,ANANINDEUA,5ª DEFENSORIA PUBLICA CIVEL DE ANANINDEUA,2026-08-03 11:39:56.729952-03:00,0817956-06.2026.8.14.0006,PROCEDIMENTO COMUM CÍVEL (7),ROBERTA OLIVEIRA MOREIRA
CÍVEL,ANANINDEUA,5ª DEFENSORIA PUBLICA CIVEL DE ANANINDEUA,2026-08-04 14:22:46.268983-03:00,0818340-66.2026.8.14.0006,DIVÓRCIO LITIGIOSO (12541),ROBERTA OLIVEIRA MOREIRA
CÍVEL,ANANINDEUA,5ª DEFENSORIA PUBLICA CIVEL DE ANANINDEUA,2026-08-06 15:15:49.989737-03:00,0818357-05.2026.8.14.0006,ALIMENTOS - LEI ESPECIAL Nº 5.478/68 (69),ROBERTA OLIVEIRA MOREIRA
CÍVEL,ANANINDEUA,5ª DEFENSORIA PUBLICA CIVEL DE ANANINDEUA,2026-08-07 11:43:43.831332-03:00,0820188-88.2026.8.14.0006,PROCEDIMENTO COMUM CÍVEL (7),ROBERTA OLIVEIRA MOREIRA
CÍVEL,ANANINDEUA,5ª DEFENSORIA PUBLICA CIVEL DE ANANINDEUA,2026-08-11 10:03:10.606748-03:00,0820348-16.2026.8.14.0006,PROCEDIMENTO COMUM CÍVEL (7),ROBERTA OLIVEIRA MOREIRA
CÍVEL,ANANINDEUA,5ª DEFENSORIA PUBLICA CIVEL DE ANANINDEUA,2026-08-12 09:15:32.994450-03:00,0818836-95.2026.8.14.0006,PROCEDIMENTO COMUM CÍVEL (7),ROBERTA OLIVEIRA MOREIRA
CÍVEL,ANANINDEUA,5ª DEFENSORIA PUBLICA CIVEL DE ANANINDEUA,2026-08-12 10:28:07.044190-03:00,0818858-56.2026.8.14.0006,PROCEDIMENTO COMUM CÍVEL (7),ROBERTA OLIVEIRA MOREIRA
CÍVEL,ANANINDEUA,5ª DEFENSORIA PUBLICA CIVEL DE ANANINDEUA,2026-08-14 18:53:45.018383-03:00,0819149-56.2026.8.14.0006,PROCEDIMENTO COMUM CÍVEL (7),ROBERTA OLIVEIRA MOREIRA
CÍVEL,ANANINDEUA,5ª DEFENSORIA PUBLICA CIVEL DE ANANINDEUA,2026-08-17 09:09:30.600629-03:00,0819228-35.2026.8.14.0006,PROCEDIMENTO COMUM CÍVEL (7),ROBERTA OLIVEIRA MOREIRA
CÍVEL,ANANINDEUA,5ª DEFENSORIA PUBLICA CIVEL DE ANANINDEUA,2026-08-20 11:00:39.814273-03:00,0819654-47.2026.8.14.0006,ALIMENTOS - LEI ESPECIAL Nº 5.478/68 (69),ROBERTA OLIVEIRA MOREIRA
CÍVEL,ANANINDEUA,5ª DEFENSORIA PUBLICA CIVEL DE ANANINDEUA,2026-08-20 15:41:20.912886-03:00,0820851-37.2026.8.14.0006,PROCEDIMENTO COMUM CÍVEL (7),ROBERTA OLIVEIRA MOREIRA
CÍVEL,ANANINDEUA,5ª DEFENSORIA PUBLICA CIVEL DE ANANINDEUA,2026-08-21 13:10:55.888593-03:00,0819955-91.2026.8.14.0006,CUMPRIMENTO DE SENTENÇA (156),ROBERTA OLIVEIRA MOREIRA
CÍVEL,ANANINDEUA,5ª DEFENSORIA PUBLICA CIVEL DE ANANINDEUA,2026-08-26 08:56:43.680848-03:00,0820267-67.2026.8.14.0006,DIVÓRCIO LITIGIOSO (12541),ROBERTA OLIVEIRA MOREIRA
CÍVEL,ANANINDEUA,5ª DEFENSORIA PUBLICA CIVEL DE ANANINDEUA,2026-08-26 13:09:44.575078-03:00,0820857-44.2026.8.14.0006,PROCEDIMENTO COMUM CÍVEL (7),ROBERTA OLIVEIRA MOREIRA
CÍVEL,ANANINDEUA,5ª DEFENSORIA PUBLICA CIVEL DE ANANINDEUA,2026-08-26 21:09:37.932664-03:00,0820285-88.2026.8.14.0006,PROCEDIMENTO COMUM CÍVEL (7),ROBERTA OLIVEIRA MOREIRA
CÍVEL,ANANINDEUA,5ª DEFENSORIA PUBLICA CIVEL DE ANANINDEUA,2026-08-27 11:21:32.548943-03:00,0820356-90.2026.8.14.0006,ALIMENTOS - LEI ESPECIAL Nº 5.478/68 (69),ROBERTA OLIVEIRA MOREIRA
CÍVEL,ANANINDEUA,5ª DEFENSORIA PUBLICA CIVEL DE ANANINDEUA,2026-08-27 13:57:28.462373-03:00,0821078-27.2026.8.14.0006,PROCEDIMENTO COMUM CÍVEL (7),ROBERTA OLIVEIRA MOREIRA
CÍVEL,ANANINDEUA,5ª DEFENSORIA PUBLICA CIVEL DE ANANINDEUA,2026-08-27 20:32:02.376963-03:00,0820426-10.2026.8.14.0006,PROCEDIMENTO COMUM CÍVEL (7),ROBERTA OLIVEIRA MOREIRA
CÍVEL,ANANINDEUA,5ª DEFENSORIA PUBLICA CIVEL DE ANANINDEUA,2026-09-01 11:36:47.576520-03:00,0820840-08.2026.8.14.0006,PROCEDIMENTO COMUM CÍVEL (7),ROBERTA OLIVEIRA MOREIRA
CÍVEL,ANANINDEUA,5ª DEFENSORIA PUBLICA CIVEL DE ANANINDEUA,2026-09-01 12:59:14.544952-03:00,0821082-64.2026.8.14.0006,CUMPRIMENTO DE SENTENÇA (156),ROBERTA OLIVEIRA MOREIRA
CÍVEL,ANANINDEUA,5ª DEFENSORIA PUBLICA CIVEL DE ANANINDEUA,2026-09-04 12:29:13.108651-03:00,0821358-95.2026.8.14.0006,DIVÓRCIO LITIGIOSO (12541),ROBERTA OLIVEIRA MOREIRA
CÍVEL,ANANINDEUA,5ª DEFENSORIA PUBLICA CIVEL DE ANANINDEUA,2026-09-04 19:51:15.093628-03:00,0821356-28.2026.8.14.0006,PROCEDIMENTO COMUM CÍVEL (7),ROBERTA OLIVEIRA MOREIRA
CÍVEL,ANANINDEUA,5ª DEFENSORIA PUBLICA CIVEL DE ANANINDEUA,2026-09-04 22:21:57.970326-03:00,0821363-20.2026.8.14.0006,DIVÓRCIO LITIGIOSO (12541),ROBERTA OLIVEIRA MOREIRA
CÍVEL,ANANINDEUA,6ª DEFENSORIA PUBLICA CIVEL DE ANANINDEUA,2026-01-06 18:36:07.003367-03:00,0800281-30.2026.8.14.0006,ALIMENTOS - LEI ESPECIAL Nº 5.478/68 (69),WALTER AUGUSTO BARRETO TEIXEIRA
CÍVEL,ANANINDEUA,6ª DEFENSORIA PUBLICA CIVEL DE ANANINDEUA,2026-01-15 09:48:22.864349-03:00,0801587-34.2026.8.14.0006,ALIMENTOS - LEI ESPECIAL Nº 5.478/68 (69),WALTER AUGUSTO BARRETO TEIXEIRA
CÍVEL,ANANINDEUA,6ª DEFENSORIA PUBLICA CIVEL DE ANANINDEUA,2026-01-16 08:13:33.935866-03:00,0800978-51.2026.8.14.0006,ALIMENTOS - LEI ESPECIAL Nº 5.478/68 (69),WALTER AUGUSTO BARRETO TEIXEIRA
CÍVEL,ANANINDEUA,6ª DEFENSORIA PUBLICA CIVEL DE ANANINDEUA,2026-01-16 12:49:49.583106-03:00,0800979-36.2026.8.14.0006,GUARDA DE INFÂNCIA E JUVENTUDE (1420),WALTER AUGUSTO BARRETO TEIXEIRA
CÍVEL,ANANINDEUA,6ª DEFENSORIA PUBLICA CIVEL DE ANANINDEUA,2026-01-16 13:13:33.649450-03:00,0800935-17.2026.8.14.0006,PROCEDIMENTO COMUM CÍVEL (7),WALTER AUGUSTO BARRETO TEIXEIRA
CÍVEL,ANANINDEUA,6ª DEFENSORIA PUBLICA CIVEL DE ANANINDEUA,2026-01-19 12:50:41.475107-03:00,0801626-31.2026.8.14.0006,ALIMENTOS - LEI ESPECIAL Nº 5.478/68 (69),WALTER AUGUSTO BARRETO TEIXEIRA
CÍVEL,ANANINDEUA,6ª DEFENSORIA PUBLICA CIVEL DE ANANINDEUA,2026-01-19 13:19:11.069842-03:00,0801072-96.2026.8.14.0006,PROCEDIMENTO COMUM CÍVEL (7),WALTER AUGUSTO BARRETO TEIXEIRA
CÍVEL,ANANINDEUA,6ª DEFENSORIA PUBLICA CIVEL DE ANANINDEUA,2026-01-29 10:32:35.106971-03:00,0802046-36.2026.8.14.0006,DIVÓRCIO CONSENSUAL (12372),WALTER AUGUSTO BARRETO TEIXEIRA
CÍVEL,ANANINDEUA,6ª DEFENSORIA PUBLICA CIVEL DE ANANINDEUA,2026-02-04 09:20:23.066515-03:00,0804470-51.2026.8.14.0006,PROCEDIMENTO COMUM CÍVEL (7),WALTER AUGUSTO BARRETO TEIXEIRA
CÍVEL,ANANINDEUA,6ª DEFENSORIA PUBLICA CIVEL DE ANANINDEUA,2026-02-11 09:40:52.621353-03:00,0803292-67.2026.8.14.0006,CUMPRIMENTO DE SENTENÇA (156),WALTER AUGUSTO BARRETO TEIXEIRA
CÍVEL,ANANINDEUA,6ª DEFENSORIA PUBLICA CIVEL DE ANANINDEUA,2026-02-13 09:59:09.128648-03:00,0804080-81.2026.8.14.0006,ALIMENTOS - LEI ESPECIAL Nº 5.478/68 (69),WALTER AUGUSTO BARRETO TEIXEIRA
CÍVEL,ANANINDEUA,6ª DEFENSORIA PUBLICA CIVEL DE ANANINDEUA,2026-02-27 10:36:21.608681-03:00,0804494-79.2026.8.14.0006,EXECUÇÃO DE ALIMENTOS INFÂNCIA E JUVENTUDE (1432),WALTER AUGUSTO BARRETO TEIXEIRA
CÍVEL,ANANINDEUA,6ª DEFENSORIA PUBLICA CIVEL DE ANANINDEUA,2026-02-27 13:10:08.845179-03:00,0804477-43.2026.8.14.0006,PROCEDIMENTO COMUM CÍVEL (7),WALTER AUGUSTO BARRETO TEIXEIRA
CÍVEL,ANANINDEUA,6ª DEFENSORIA PUBLICA CIVEL DE ANANINDEUA,2026-02-27 14:05:07.133937-03:00,0804488-72.2026.8.14.0006,PROCEDIMENTO COMUM CÍVEL (7),WALTER AUGUSTO BARRETO TEIXEIRA
CÍVEL,ANANINDEUA,6ª DEFENSORIA PUBLICA CIVEL DE ANANINDEUA,2026-02-28 10:58:56.324171-03:00,0809309-22.2026.8.14.0006,ALIMENTOS - LEI ESPECIAL Nº 5.478/68 (69),WALTER AUGUSTO BARRETO TEIXEIRA
CÍVEL,ANANINDEUA,6ª DEFENSORIA PUBLICA CIVEL DE ANANINDEUA,2026-02-28 12:06:29.288116-03:00,0809310-07.2026.8.14.0006,ALIMENTOS - LEI ESPECIAL Nº 5.478/68 (69),WALTER AUGUSTO BARRETO TEIXEIRA
CÍVEL,ANANINDEUA,6ª DEFENSORIA PUBLICA CIVEL DE ANANINDEUA,2026-03-02 09:38:56.502973-03:00,0805320-08.2026.8.14.0006,DIVÓRCIO LITIGIOSO (12541),WALTER AUGUSTO BARRETO TEIXEIRA
CÍVEL,ANANINDEUA,6ª DEFENSORIA PUBLICA CIVEL DE ANANINDEUA,2026-03-06 09:15:40.345716-03:00,0805115-76.2026.8.14.0006,CUMPRIMENTO DE SENTENÇA (156),WALTER AUGUSTO BARRETO TEIXEIRA
CÍVEL,ANANINDEUA,6ª DEFENSORIA PUBLICA CIVEL DE ANANINDEUA,2026-03-06 09:43:24.227673-03:00,0805116-61.2026.8.14.0006,CUMPRIMENTO DE SENTENÇA (156),WALTER AUGUSTO BARRETO TEIXEIRA
CÍVEL,ANANINDEUA,6ª DEFENSORIA PUBLICA CIVEL DE ANANINDEUA,2026-03-12 12:45:19.894045-03:00,0805770-48.2026.8.14.0006,ALIMENTOS - LEI ESPECIAL Nº 5.478/68 (69),WALTER AUGUSTO BARRETO TEIXEIRA
CÍVEL,ANANINDEUA,6ª DEFENSORIA PUBLICA CIVEL DE ANANINDEUA,2026-03-16 12:58:51.852047-03:00,0806188-83.2026.8.14.0006,ALIMENTOS - LEI ESPECIAL Nº 5.478/68 (69),WALTER AUGUSTO BARRETO TEIXEIRA
CÍVEL,ANANINDEUA,6ª DEFENSORIA PUBLICA CIVEL DE ANANINDEUA,2026-03-16 13:23:17.466883-03:00,0806187-98.2026.8.14.0006,ALIMENTOS - LEI ESPECIAL Nº 5.478/68 (69),WALTER AUGUSTO BARRETO TEIXEIRA
CÍVEL,ANANINDEUA,6ª DEFENSORIA PUBLICA CIVEL DE ANANINDEUA,2026-03-17 07:48:09.453857-03:00,0806162-85.2026.8.14.0006,ALIMENTOS - LEI ESPECIAL Nº 5.478/68 (69),WALTER AUGUSTO BARRETO TEIXEIRA
CÍVEL,ANANINDEUA,6ª DEFENSORIA PUBLICA CIVEL DE ANANINDEUA,2026-03-23 10:54:19.848842-03:00,0806757-84.2026.8.14.0006,ALIMENTOS - LEI ESPECIAL Nº 5.478/68 (69),WALTER AUGUSTO BARRETO TEIXEIRA
CÍVEL,ANANINDEUA,6ª DEFENSORIA PUBLICA CIVEL DE ANANINDEUA,2026-03-24 12:02:12.216909-03:00,0806960-46.2026.8.14.0006,ALIMENTOS - LEI ESPECIAL Nº 5.478/68 (69),WALTER AUGUSTO BARRETO TEIXEIRA
CÍVEL,ANANINDEUA,6ª DEFENSORIA PUBLICA CIVEL DE ANANINDEUA,2026-03-24 12:35:03.861341-03:00,0806876-45.2026.8.14.0006,PROCEDIMENTO COMUM CÍVEL (7),WALTER AUGUSTO BARRETO TEIXEIRA
CÍVEL,ANANINDEUA,6ª DEFENSORIA PUBLICA CIVEL DE ANANINDEUA,2026-03-28 08:41:45.241025-03:00,0807238-47.2026.8.14.0006,CUMPRIMENTO DE SENTENÇA (156),WALTER AUGUSTO BARRETO TEIXEIRA
CÍVEL,ANANINDEUA,6ª DEFENSORIA PUBLICA CIVEL DE ANANINDEUA,2026-03-28 12:19:38.194569-03:00,0807239-32.2026.8.14.0006,CUMPRIMENTO DE SENTENÇA (156),WALTER AUGUSTO BARRETO TEIXEIRA
CÍVEL,ANANINDEUA,6ª DEFENSORIA PUBLICA CIVEL DE ANANINDEUA,2026-03-28 12:33:22.786967-03:00,0807241-02.2026.8.14.0006,CUMPRIMENTO DE SENTENÇA (156),WALTER AUGUSTO BARRETO TEIXEIRA
CÍVEL,ANANINDEUA,6ª DEFENSORIA PUBLICA CIVEL DE ANANINDEUA,2026-03-28 13:15:52.365331-03:00,0807240-17.2026.8.14.0006,CUMPRIMENTO DE SENTENÇA (156),WALTER AUGUSTO BARRETO TEIXEIRA
CÍVEL,ANANINDEUA,6ª DEFENSORIA PUBLICA CIVEL DE ANANINDEUA,2026-03-30 10:45:38.814770-03:00,0807272-22.2026.8.14.0006,PROCEDIMENTO COMUM CÍVEL (7),WALTER AUGUSTO BARRETO TEIXEIRA
CÍVEL,ANANINDEUA,6ª DEFENSORIA PUBLICA CIVEL DE ANANINDEUA,2026-03-30 13:25:14.500611-03:00,0809354-26.2026.8.14.0006,PROCEDIMENTO COMUM CÍVEL (7),WALTER AUGUSTO BARRETO TEIXEIRA
CÍVEL,ANANINDEUA,6ª DEFENSORIA PUBLICA CIVEL DE ANANINDEUA,2026-04-01 10:20:04.864054-03:00,0807665-44.2026.8.14.0006,DIVÓRCIO LITIGIOSO (12541),WALTER AUGUSTO BARRETO TEIXEIRA
CÍVEL,ANANINDEUA,6ª DEFENSORIA PUBLICA CIVEL DE ANANINDEUA,2026-04-01 11:33:20.931796-03:00,0808003-18.2026.8.14.0006,DIVÓRCIO CONSENSUAL (12372),WALTER AUGUSTO BARRETO TEIXEIRA
CÍVEL,ANANINDEUA,6ª DEFENSORIA PUBLICA CIVEL DE ANANINDEUA,2026-04-07 08:53:41.787124-03:00,0809208-82.2026.8.14.0006,PROCEDIMENTO COMUM CÍVEL (7),WALTER AUGUSTO BARRETO TEIXEIRA
CÍVEL,ANANINDEUA,6ª DEFENSORIA PUBLICA CIVEL DE ANANINDEUA,2026-04-07 09:43:48.769350-03:00,0814742-07.2026.8.14.0006,PROCEDIMENTO COMUM CÍVEL (7),WALTER AUGUSTO BARRETO TEIXEIRA
CÍVEL,ANANINDEUA,6ª DEFENSORIA PUBLICA CIVEL DE ANANINDEUA,2026-04-07 12:35:12.512702-03:00,0809209-67.2026.8.14.0006,ALIMENTOS - LEI ESPECIAL Nº 5.478/68 (69),WALTER AUGUSTO BARRETO TEIXEIRA
CÍVEL,ANANINDEUA,6ª DEFENSORIA PUBLICA CIVEL DE ANANINDEUA,2026-04-07 14:45:25.248701-03:00,0809063-26.2026.8.14.0006,ALIMENTOS - LEI ESPECIAL Nº 5.478/68 (69),WALTER AUGUSTO BARRETO TEIXEIRA
CÍVEL,ANANINDEUA,6ª DEFENSORIA PUBLICA CIVEL DE ANANINDEUA,2026-04-10 09:45:26.304094-03:00,0809065-93.2026.8.14.0006,PROCEDIMENTO COMUM CÍVEL (7),WALTER AUGUSTO BARRETO TEIXEIRA
CÍVEL,ANANINDEUA,6ª DEFENSORIA PUBLICA CIVEL DE ANANINDEUA,2026-04-14 14:12:59.724390-03:00,0808538-44.2026.8.14.0006,CUMPRIMENTO DE SENTENÇA (156),WALTER AUGUSTO BARRETO TEIXEIRA
CÍVEL,ANANINDEUA,6ª DEFENSORIA PUBLICA CIVEL DE ANANINDEUA,2026-04-15 11:24:02.283306-03:00,0808654-50.2026.8.14.0006,DIVÓRCIO CONSENSUAL (12372),WALTER AUGUSTO BARRETO TEIXEIRA
CÍVEL,ANANINDEUA,6ª DEFENSORIA PUBLICA CIVEL DE ANANINDEUA,2026-04-16 07:36:27.923345-03:00,0808690-92.2026.8.14.0006,CUMPRIMENTO DE SENTENÇA (156),WALTER AUGUSTO BARRETO TEIXEIRA
CÍVEL,ANANINDEUA,6ª DEFENSORIA PUBLICA CIVEL DE ANANINDEUA,2026-04-16 12:57:52.447832-03:00,0809068-48.2026.8.14.0006,ALIMENTOS - LEI ESPECIAL Nº 5.478/68 (69),WALTER AUGUSTO BARRETO TEIXEIRA
CÍVEL,ANANINDEUA,6ª DEFENSORIA PUBLICA CIVEL DE ANANINDEUA,2026-04-17 12:06:58.922547-03:00,0809062-41.2026.8.14.0006,PROCEDIMENTO COMUM CÍVEL (7),WALTER AUGUSTO BARRETO TEIXEIRA
CÍVEL,ANANINDEUA,6ª DEFENSORIA PUBLICA CIVEL DE ANANINDEUA,2026-04-22 08:41:29.840174-03:00,0809187-09.2026.8.14.0006,PROCEDIMENTO COMUM CÍVEL (7),WALTER AUGUSTO BARRETO TEIXEIRA
CÍVEL,ANANINDEUA,6ª DEFENSORIA PUBLICA CIVEL DE ANANINDEUA,2026-04-23 10:01:13.924420-03:00,0809205-30.2026.8.14.0006,PROCEDIMENTO COMUM CÍVEL (7),WALTER AUGUSTO BARRETO TEIXEIRA
CÍVEL,ANANINDEUA,6ª DEFENSORIA PUBLICA CIVEL DE ANANINDEUA,2026-04-23 10:48:35.158193-03:00,0809231-28.2026.8.14.0006,DIVÓRCIO LITIGIOSO (12541),WALTER AUGUSTO BARRETO TEIXEIRA
CÍVEL,ANANINDEUA,6ª DEFENSORIA PUBLICA CIVEL DE ANANINDEUA,2026-04-23 12:15:50.103297-03:00,0809247-79.2026.8.14.0006,DIVÓRCIO CONSENSUAL (12372),WALTER AUGUSTO BARRETO TEIXEIRA
CÍVEL,ANANINDEUA,6ª DEFENSORIA PUBLICA CIVEL DE ANANINDEUA,2026-04-24 11:10:54.925032-03:00,0809347-34.2026.8.14.0006,ALIMENTOS - LEI ESPECIAL Nº 5.478/68 (69),WALTER AUGUSTO BARRETO TEIXEIRA
CÍVEL,ANANINDEUA,6ª DEFENSORIA PUBLICA CIVEL DE ANANINDEUA,2026-04-24 11:17:32.398565-03:00,0809348-19.2026.8.14.0006,ALIMENTOS - LEI ESPECIAL Nº 5.478/68 (69),WALTER AUGUSTO BARRETO TEIXEIRA
CÍVEL,ANANINDEUA,6ª DEFENSORIA PUBLICA CIVEL DE ANANINDEUA,2026-04-25 10:22:29.409363-03:00,0809438-27.2026.8.14.0006,ALIMENTOS - LEI ESPECIAL Nº 5.478/68 (69),WALTER AUGUSTO BARRETO TEIXEIRA
CÍVEL,ANANINDEUA,6ª DEFENSORIA PUBLICA CIVEL DE ANANINDEUA,2026-04-25 11:38:23.738764-03:00,0809454-78.2026.8.14.0006,ALIMENTOS - LEI ESPECIAL Nº 5.478/68 (69),WALTER AUGUSTO BARRETO TEIXEIRA
CÍVEL,ANANINDEUA,6ª DEFENSORIA PUBLICA CIVEL DE ANANINDEUA,2026-05-04 09:58:11.350206-03:00,0814724-83.2026.8.14.0006,PROCEDIMENTO COMUM CÍVEL (7),WALTER AUGUSTO BARRETO TEIXEIRA
CÍVEL,ANANINDEUA,6ª DEFENSORIA PUBLICA CIVEL DE ANANINDEUA,2026-05-04 11:01:12.035422-03:00,0810242-92.2026.8.14.0006,CUMPRIMENTO DE SENTENÇA (156),WALTER AUGUSTO BARRETO TEIXEIRA
CÍVEL,ANANINDEUA,6ª DEFENSORIA PUBLICA CIVEL DE ANANINDEUA,2026-05-04 11:22:50.524668-03:00,0810241-10.2026.8.14.0006,ALIMENTOS - LEI ESPECIAL Nº 5.478/68 (69),WALTER AUGUSTO BARRETO TEIXEIRA
CÍVEL,ANANINDEUA,6ª DEFENSORIA PUBLICA CIVEL DE ANANINDEUA,2026-05-06 08:28:37.436896-03:00,0810523-48.2026.8.14.0006,ALIMENTOS - LEI ESPECIAL Nº 5.478/68 (69),WALTER AUGUSTO BARRETO TEIXEIRA
CÍVEL,ANANINDEUA,6ª DEFENSORIA PUBLICA CIVEL DE ANANINDEUA,2026-05-07 11:19:42.961186-03:00,0810922-77.2026.8.14.0006,CUMPRIMENTO DE SENTENÇA (156),WALTER AUGUSTO BARRETO TEIXEIRA
CÍVEL,ANANINDEUA,6ª DEFENSORIA PUBLICA CIVEL DE ANANINDEUA,2026-05-07 11:23:01.031906-03:00,0810626-55.2026.8.14.0006,CUMPRIMENTO DE SENTENÇA (156),WALTER AUGUSTO BARRETO TEIXEIRA
CÍVEL,ANANINDEUA,6ª DEFENSORIA PUBLICA CIVEL DE ANANINDEUA,2026-05-14 11:12:10.667972-03:00,0811273-50.2026.8.14.0006,DIVÓRCIO CONSENSUAL (12372),WALTER AUGUSTO BARRETO TEIXEIRA
CÍVEL,ANANINDEUA,6ª DEFENSORIA PUBLICA CIVEL DE ANANINDEUA,2026-05-15 09:26:15.413668-03:00,0811272-65.2026.8.14.0006,PROCEDIMENTO COMUM CÍVEL (7),WALTER AUGUSTO BARRETO TEIXEIRA
CÍVEL,ANANINDEUA,6ª DEFENSORIA PUBLICA CIVEL DE ANANINDEUA,2026-05-15 10:44:38.801643-03:00,0814725-68.2026.8.14.0006,PROCEDIMENTO COMUM CÍVEL (7),WALTER AUGUSTO BARRETO TEIXEIRA
CÍVEL,ANANINDEUA,6ª DEFENSORIA PUBLICA CIVEL DE ANANINDEUA,2026-05-18 19:58:57.511082-03:00,0811518-61.2026.8.14.0006,ALIMENTOS - LEI ESPECIAL Nº 5.478/68 (69),WALTER AUGUSTO BARRETO TEIXEIRA
CÍVEL,ANANINDEUA,6ª DEFENSORIA PUBLICA CIVEL DE ANANINDEUA,2026-05-19 10:04:56.501389-03:00,0811707-39.2026.8.14.0006,PROCEDIMENTO COMUM CÍVEL (7),WALTER AUGUSTO BARRETO TEIXEIRA
CÍVEL,ANANINDEUA,6ª DEFENSORIA PUBLICA CIVEL DE ANANINDEUA,2026-05-22 13:18:48.954533-03:00,0812138-73.2026.8.14.0006,CUMPRIMENTO DE SENTENÇA (156),WALTER AUGUSTO BARRETO TEIXEIRA
CÍVEL,ANANINDEUA,6ª DEFENSORIA PUBLICA CIVEL DE ANANINDEUA,2026-05-25 13:47:24.060388-03:00,0812217-52.2026.8.14.0006,ALIMENTOS - LEI ESPECIAL Nº 5.478/68 (69),WALTER AUGUSTO BARRETO TEIXEIRA
CÍVEL,ANANINDEUA,6ª DEFENSORIA PUBLICA CIVEL DE ANANINDEUA,2026-05-29 11:32:53.958098-03:00,0812717-21.2026.8.14.0006,ALIMENTOS - LEI ESPECIAL Nº 5.478/68 (69),WALTER AUGUSTO BARRETO TEIXEIRA
CÍVEL,ANANINDEUA,6ª DEFENSORIA PUBLICA CIVEL DE ANANINDEUA,2026-06-01 12:22:03.624647-03:00,0814309-03.2026.8.14.0006,AUTORIZAÇÃO JUDICIAL (1703),WALTER AUGUSTO BARRETO TEIXEIRA
CÍVEL,ANANINDEUA,6ª DEFENSORIA PUBLICA CIVEL DE ANANINDEUA,2026-06-03 15:34:52.457066-03:00,0814726-53.2026.8.14.0006,ALIMENTOS - LEI ESPECIAL Nº 5.478/68 (69),WALTER AUGUSTO BARRETO TEIXEIRA
CÍVEL,ANANINDEUA,6ª DEFENSORIA PUBLICA CIVEL DE ANANINDEUA,2026-06-08 07:28:39.752595-03:00,0813276-75.2026.8.14.0006,PROCEDIMENTO COMUM CÍVEL (7),WALTER AUGUSTO BARRETO TEIXEIRA
CÍVEL,ANANINDEUA,6ª DEFENSORIA PUBLICA CIVEL DE ANANINDEUA,2026-06-08 11:17:26.466877-03:00,0813225-64.2026.8.14.0006,DIVÓRCIO CONSENSUAL (12372),MARIA DO CARMO SOUZA MAIA
CÍVEL,ANANINDEUA,6ª DEFENSORIA PUBLICA CIVEL DE ANANINDEUA,2026-06-08 11:46:28.260306-03:00,0813331-26.2026.8.14.0006,PROCEDIMENTO COMUM CÍVEL (7),WALTER AUGUSTO BARRETO TEIXEIRA
CÍVEL,ANANINDEUA,6ª DEFENSORIA PUBLICA CIVEL DE ANANINDEUA,2026-06-09 10:26:01.009522-03:00,0813588-51.2026.8.14.0006,DIVÓRCIO LITIGIOSO (12541),WALTER AUGUSTO BARRETO TEIXEIRA
CÍVEL,ANANINDEUA,6ª DEFENSORIA PUBLICA CIVEL DE ANANINDEUA,2026-06-11 10:17:37.512508-03:00,0814749-96.2026.8.14.0006,AVERIGUAÇÃO DE PATERNIDADE (123),WALTER AUGUSTO BARRETO TEIXEIRA
CÍVEL,ANANINDEUA,6ª DEFENSORIA PUBLICA CIVEL DE ANANINDEUA,2026-06-12 10:28:25.299736-03:00,0813700-20.2026.8.14.0006,PROCEDIMENTO COMUM CÍVEL (7),WALTER AUGUSTO BARRETO TEIXEIRA
CÍVEL,ANANINDEUA,6ª DEFENSORIA PUBLICA CIVEL DE ANANINDEUA,2026-06-18 09:17:59.637930-03:00,0814217-25.2026.8.14.0006,REINTEGRAÇÃO / MANUTENÇÃO DE POSSE (1707),WALTER AUGUSTO BARRETO TEIXEIRA
CÍVEL,ANANINDEUA,6ª DEFENSORIA PUBLICA CIVEL DE ANANINDEUA,2026-06-24 08:13:55.240252-03:00,0814756-88.2026.8.14.0006,PROCEDIMENTO COMUM CÍVEL (7),WALTER AUGUSTO BARRETO TEIXEIRA
CÍVEL,ANANINDEUA,6ª DEFENSORIA PUBLICA CIVEL DE ANANINDEUA,2026-06-24 10:30:40.860668-03:00,0814919-68.2026.8.14.0006,INTERDIÇÃO/CURATELA (58),WALTER AUGUSTO BARRETO TEIXEIRA
CÍVEL,ANANINDEUA,6ª DEFENSORIA PUBLICA CIVEL DE ANANINDEUA,2026-06-30 10:57:42.108978-03:00,0816297-59.2026.8.14.0006,INTERDIÇÃO/CURATELA (58),WALTER AUGUSTO BARRETO TEIXEIRA
CÍVEL,ANANINDEUA,6ª DEFENSORIA PUBLICA CIVEL DE ANANINDEUA,2026-06-30 12:12:08.963908-03:00,0815318-97.2026.8.14.0006,PROCEDIMENTO COMUM CÍVEL (7),WALTER AUGUSTO BARRETO TEIXEIRA
CÍVEL,ANANINDEUA,6ª DEFENSORIA PUBLICA CIVEL DE ANANINDEUA,2026-06-30 13:47:29.206837-03:00,0816303-66.2026.8.14.0006,PROCEDIMENTO COMUM CÍVEL (7),WALTER AUGUSTO BARRETO TEIXEIRA
CÍVEL,ANANINDEUA,6ª DEFENSORIA PUBLICA CIVEL DE ANANINDEUA,2026-07-01 08:28:50.819550-03:00,0816397-14.2026.8.14.0006,RETIFICAÇÃO OU SUPRIMENTO OU RESTAURAÇÃO DE REGISTRO CIVIL (1682),WALTER AUGUSTO BARRETO TEIXEIRA
CÍVEL,ANANINDEUA,6ª DEFENSORIA PUBLICA CIVEL DE ANANINDEUA,2026-07-01 13:10:30.811567-03:00,0819278-61.2026.8.14.0006,EXECUÇÃO DE TÍTULO EXTRAJUDICIAL,WALTER AUGUSTO BARRETO TEIXEIRA
CÍVEL,ANANINDEUA,6ª DEFENSORIA PUBLICA CIVEL DE ANANINDEUA,2026-07-05 21:29:07.950943-03:00,0879194-14.2026.8.14.0301,PROCEDIMENTO COMUM CÍVEL (7),WALTER AUGUSTO BARRETO TEIXEIRA
CÍVEL,ANANINDEUA,6ª DEFENSORIA PUBLICA CIVEL DE ANANINDEUA,2026-07-08 09:17:06.202249-03:00,0815915-66.2026.8.14.0006,RETIFICAÇÃO OU SUPRIMENTO OU RESTAURAÇÃO DE REGISTRO CIVIL (1682),WALTER AUGUSTO BARRETO TEIXEIRA
CÍVEL,ANANINDEUA,6ª DEFENSORIA PUBLICA CIVEL DE ANANINDEUA,2026-07-08 20:21:50.440239-03:00,0818588-32.2026.8.14.0006,PROCEDIMENTO COMUM CÍVEL (7),WALTER AUGUSTO BARRETO TEIXEIRA
CÍVEL,ANANINDEUA,6ª DEFENSORIA PUBLICA CIVEL DE ANANINDEUA,2026-07-15 15:09:59.982798-03:00,0816615-42.2026.8.14.0006,CUMPRIMENTO DE SENTENÇA DE OBRIGAÇÃO DE PRESTAR ALIMENTOS,WALTER AUGUSTO BARRETO TEIXEIRA
CÍVEL,ANANINDEUA,6ª DEFENSORIA PUBLICA CIVEL DE ANANINDEUA,2026-07-20 08:14:14.625543-03:00,0816823-26.2026.8.14.0006,RETIFICAÇÃO OU SUPRIMENTO OU RESTAURAÇÃO DE REGISTRO CIVIL (1682),WALTER AUGUSTO BARRETO TEIXEIRA
CÍVEL,ANANINDEUA,6ª DEFENSORIA PUBLICA CIVEL DE ANANINDEUA,2026-08-10 10:50:47.714586-03:00,0818598-76.2026.8.14.0006,PROCEDIMENTO COMUM CÍVEL (7),WALTER AUGUSTO BARRETO TEIXEIRA
CÍVEL,ANANINDEUA,6ª DEFENSORIA PUBLICA CIVEL DE ANANINDEUA,2026-08-11 12:34:09.337174-03:00,0821135-45.2026.8.14.0006,RETIFICAÇÃO OU SUPRIMENTO OU RESTAURAÇÃO DE REGISTRO CIVIL (1682),WALTER AUGUSTO BARRETO TEIXEIRA
CÍVEL,ANANINDEUA,6ª DEFENSORIA PUBLICA CIVEL DE ANANINDEUA,2026-08-18 12:10:59.943001-03:00,0819946-32.2026.8.14.0006,INTERDIÇÃO/CURATELA (58),WALTER AUGUSTO BARRETO TEIXEIRA
CÍVEL,ANANINDEUA,6ª DEFENSORIA PUBLICA CIVEL DE ANANINDEUA,2026-08-19 11:41:27.919066-03:00,0819944-62.2026.8.14.0006,INTERDIÇÃO/CURATELA (58),WALTER AUGUSTO BARRETO TEIXEIRA
CÍVEL,ANANINDEUA,6ª DEFENSORIA PUBLICA CIVEL DE ANANINDEUA,2026-08-28 12:25:32.273314-03:00,0821226-38.2026.8.14.0006,ALIMENTOS - LEI ESPECIAL Nº 5.478/68 (69),WALTER AUGUSTO BARRETO TEIXEIRA
CÍVEL,ANANINDEUA,6ª DEFENSORIA PUBLICA CIVEL DE ANANINDEUA,2026-08-28 13:42:16.540911-03:00,0821227-23.2026.8.14.0006,EXECUÇÃO DE TÍTULO EXTRAJUDICIAL,WALTER AUGUSTO BARRETO TEIXEIRA
CÍVEL,ANANINDEUA,6ª DEFENSORIA PUBLICA CIVEL DE ANANINDEUA,2026-09-02 09:50:53.054182-03:00,0821535-59.2026.8.14.0006,REINTEGRAÇÃO / MANUTENÇÃO DE POSSE (1707),WALTER AUGUSTO BARRETO TEIXEIRA
CÍVEL,ANANINDEUA,6ª DEFENSORIA PUBLICA CIVEL DE ANANINDEUA,2026-09-02 20:34:13.806353-03:00,0821854-27.2026.8.14.0006,PROCEDIMENTO COMUM CÍVEL (7),WALTER AUGUSTO BARRETO TEIXEIRA
CÍVEL,ANANINDEUA,6ª DEFENSORIA PUBLICA CIVEL DE ANANINDEUA,2026-09-04 13:39:47.216545-03:00,0821305-17.2026.8.14.0006,ALIMENTOS - LEI ESPECIAL Nº 5.478/68 (69),WALTER AUGUSTO BARRETO TEIXEIRA
CÍVEL,ANANINDEUA,6ª DEFENSORIA PUBLICA CIVEL DE ANANINDEUA,2026-09-09 10:17:47.391471-03:00,0821868-11.2026.8.14.0006,INVENTÁRIO (39),WALTER AUGUSTO BARRETO TEIXEIRA
CÍVEL,ANANINDEUA,6ª DEFENSORIA PUBLICA CIVEL DE ANANINDEUA,2026-09-11 12:40:50.716394-03:00,0822161-78.2026.8.14.0006,MONITÓRIA (40),WALTER AUGUSTO BARRETO TEIXEIRA
CÍVEL,ANANINDEUA,6ª DEFENSORIA PUBLICA CIVEL DE ANANINDEUA,2026-09-14 13:30:26.317284-03:00,0822165-18.2026.8.14.0006,RETIFICAÇÃO OU SUPRIMENTO OU RESTAURAÇÃO DE REGISTRO CIVIL (1682),WALTER AUGUSTO BARRETO TEIXEIRA
CÍVEL,ANANINDEUA,6ª DEFENSORIA PUBLICA CIVEL DE ANANINDEUA,2026-09-14 13:31:19.991700-03:00,0822250-04.2026.8.14.0006,EMBARGOS À EXECUÇÃO FISCAL (1118),WALTER AUGUSTO BARRETO TEIXEIRA
CÍVEL,ANANINDEUA,6ª DEFENSORIA PUBLICA CIVEL DE ANANINDEUA,2026-09-22 15:18:25.439725-03:00,0822959-39.2026.8.14.0006,REINTEGRAÇÃO / MANUTENÇÃO DE POSSE (1707),WALTER AUGUSTO BARRETO TEIXEIRA
CÍVEL,ANANINDEUA,8ª DEFENSORIA PÚBLICA CÍVEL DE ANANINDEUA,2026-01-08 13:43:24.846161-03:00,0801069-44.2026.8.14.0006,PROCEDIMENTO COMUM CÍVEL (7),JAIRO MAIA JUNIOR
CÍVEL,ANANINDEUA,8ª DEFENSORIA PÚBLICA CÍVEL DE ANANINDEUA,2026-01-13 13:07:41.435097-03:00,0800628-63.2026.8.14.0006,PROCEDIMENTO COMUM CÍVEL (7),JAIRO MAIA JUNIOR
CÍVEL,ANANINDEUA,8ª DEFENSORIA PÚBLICA CÍVEL DE ANANINDEUA,2026-01-15 09:58:27.134231-03:00,0801019-18.2026.8.14.0006,ALVARÁ JUDICIAL - LEI 6858/80 (74),JAIRO MAIA JUNIOR
CÍVEL,ANANINDEUA,8ª DEFENSORIA PÚBLICA CÍVEL DE ANANINDEUA,2026-01-16 09:12:00.360705-03:00,0801057-30.2026.8.14.0006,RETIFICAÇÃO OU SUPRIMENTO OU RESTAURAÇÃO DE REGISTRO CIVIL (1682),JAIRO MAIA JUNIOR
CÍVEL,ANANINDEUA,8ª DEFENSORIA PÚBLICA CÍVEL DE ANANINDEUA,2026-01-16 12:06:53.414072-03:00,0800926-55.2026.8.14.0006,PROCEDIMENTO COMUM CÍVEL (7),JAIRO MAIA JUNIOR
CÍVEL,ANANINDEUA,8ª DEFENSORIA PÚBLICA CÍVEL DE ANANINDEUA,2026-01-20 09:51:32.507294-03:00,0801272-06.2026.8.14.0006,PROCEDIMENTO COMUM CÍVEL (7),JAIRO MAIA JUNIOR
CÍVEL,ANANINDEUA,8ª DEFENSORIA PÚBLICA CÍVEL DE ANANINDEUA,2026-01-21 12:42:28.271668-03:00,0804396-82.2026.8.14.0301,AÇÃO CIVIL COLETIVA (63),JAIRO MAIA JUNIOR
CÍVEL,ANANINDEUA,8ª DEFENSORIA PÚBLICA CÍVEL DE ANANINDEUA,2026-01-23 08:25:16.506881-03:00,0801527-61.2026.8.14.0006,INTERDIÇÃO/CURATELA (58),JAIRO MAIA JUNIOR
CÍVEL,ANANINDEUA,8ª DEFENSORIA PÚBLICA CÍVEL DE ANANINDEUA,2026-01-27 09:55:21.049819-03:00,0801946-81.2026.8.14.0006,PROCEDIMENTO COMUM CÍVEL (7),JAIRO MAIA JUNIOR
CÍVEL,ANANINDEUA,8ª DEFENSORIA PÚBLICA CÍVEL DE ANANINDEUA,2026-01-30 10:19:15.152292-03:00,0802215-23.2026.8.14.0006,RETIFICAÇÃO OU SUPRIMENTO OU RESTAURAÇÃO DE REGISTRO CIVIL (1682),JAIRO MAIA JUNIOR
CÍVEL,ANANINDEUA,8ª DEFENSORIA PÚBLICA CÍVEL DE ANANINDEUA,2026-02-02 10:50:27.196155-03:00,0802466-41.2026.8.14.0006,PROCEDIMENTO COMUM CÍVEL (7),JAIRO MAIA JUNIOR
CÍVEL,ANANINDEUA,8ª DEFENSORIA PÚBLICA CÍVEL DE ANANINDEUA,2026-02-04 11:14:09.743054-03:00,0802640-50.2026.8.14.0006,RETIFICAÇÃO OU SUPRIMENTO OU RESTAURAÇÃO DE REGISTRO CIVIL (1682),JAIRO MAIA JUNIOR
CÍVEL,ANANINDEUA,8ª DEFENSORIA PÚBLICA CÍVEL DE ANANINDEUA,2026-02-10 12:25:26.000881-03:00,0803110-81.2026.8.14.0006,AÇÃO CIVIL PÚBLICA (65),JAIRO MAIA JUNIOR
CÍVEL,ANANINDEUA,8ª DEFENSORIA PÚBLICA CÍVEL DE ANANINDEUA,2026-02-11 13:19:28.307709-03:00,0803227-72.2026.8.14.0006,PROCEDIMENTO COMUM CÍVEL (7),JAIRO MAIA JUNIOR
CÍVEL,ANANINDEUA,8ª DEFENSORIA PÚBLICA CÍVEL DE ANANINDEUA,2026-02-12 09:52:03.869885-03:00,0803314-28.2026.8.14.0006,RETIFICAÇÃO OU SUPRIMENTO OU RESTAURAÇÃO DE REGISTRO CIVIL (1682),JAIRO MAIA JUNIOR
CÍVEL,ANANINDEUA,8ª DEFENSORIA PÚBLICA CÍVEL DE ANANINDEUA,2026-02-13 09:30:35.439863-03:00,0803438-11.2026.8.14.0006,RETIFICAÇÃO OU SUPRIMENTO OU RESTAURAÇÃO DE REGISTRO CIVIL (1682),JAIRO MAIA JUNIOR
CÍVEL,ANANINDEUA,8ª DEFENSORIA PÚBLICA CÍVEL DE ANANINDEUA,2026-02-24 10:57:07.917378-03:00,0804159-60.2026.8.14.0006,RETIFICAÇÃO OU SUPRIMENTO OU RESTAURAÇÃO DE REGISTRO CIVIL (1682),JAIRO MAIA JUNIOR
CÍVEL,ANANINDEUA,8ª DEFENSORIA PÚBLICA CÍVEL DE ANANINDEUA,2026-03-03 13:58:58.783120-03:00,0804816-02.2026.8.14.0006,PROCEDIMENTO COMUM CÍVEL (7),JAIRO MAIA JUNIOR
CÍVEL,ANANINDEUA,8ª DEFENSORIA PÚBLICA CÍVEL DE ANANINDEUA,2026-03-04 11:56:15.946001-03:00,0804919-09.2026.8.14.0006,RETIFICAÇÃO OU SUPRIMENTO OU RESTAURAÇÃO DE REGISTRO CIVIL (1682),JAIRO MAIA JUNIOR
CÍVEL,ANANINDEUA,8ª DEFENSORIA PÚBLICA CÍVEL DE ANANINDEUA,2026-03-04 14:02:45.243738-03:00,0805121-83.2026.8.14.0006,PROCEDIMENTO COMUM CÍVEL (7),JAIRO MAIA JUNIOR
CÍVEL,ANANINDEUA,8ª DEFENSORIA PÚBLICA CÍVEL DE ANANINDEUA,2026-03-10 13:14:34.132614-03:00,0805434-44.2026.8.14.0006,PROCEDIMENTO COMUM CÍVEL (7),JAIRO MAIA JUNIOR
CÍVEL,ANANINDEUA,8ª DEFENSORIA PÚBLICA CÍVEL DE ANANINDEUA,2026-03-11 11:54:38.963687-03:00,0805624-07.2026.8.14.0006,INTERDIÇÃO/CURATELA (58),JAIRO MAIA JUNIOR
CÍVEL,ANANINDEUA,8ª DEFENSORIA PÚBLICA CÍVEL DE ANANINDEUA,2026-03-12 11:35:40.307599-03:00,0805892-61.2026.8.14.0006,PROCEDIMENTO COMUM CÍVEL (7),JAIRO MAIA JUNIOR
CÍVEL,ANANINDEUA,8ª DEFENSORIA PÚBLICA CÍVEL DE ANANINDEUA,2026-03-16 11:03:02.685197-03:00,0806058-93.2026.8.14.0006,INTERDIÇÃO/CURATELA (58),JAIRO MAIA JUNIOR
CÍVEL,ANANINDEUA,8ª DEFENSORIA PÚBLICA CÍVEL DE ANANINDEUA,2026-03-17 08:49:51.402649-03:00,0806179-24.2026.8.14.0006,RETIFICAÇÃO OU SUPRIMENTO OU RESTAURAÇÃO DE REGISTRO CIVIL (1682),JAIRO MAIA JUNIOR
CÍVEL,ANANINDEUA,8ª DEFENSORIA PÚBLICA CÍVEL DE ANANINDEUA,2026-03-17 13:51:34.374949-03:00,0806180-09.2026.8.14.0006,PROCEDIMENTO COMUM CÍVEL (7),JAIRO MAIA JUNIOR
CÍVEL,ANANINDEUA,8ª DEFENSORIA PÚBLICA CÍVEL DE ANANINDEUA,2026-03-17 14:06:08.380878-03:00,0806181-91.2026.8.14.0006,PROCEDIMENTO COMUM CÍVEL (7),JAIRO MAIA JUNIOR
CÍVEL,ANANINDEUA,8ª DEFENSORIA PÚBLICA CÍVEL DE ANANINDEUA,2026-03-18 12:01:22.305100-03:00,0806298-82.2026.8.14.0006,PROCEDIMENTO COMUM CÍVEL (7),JAIRO MAIA JUNIOR
CÍVEL,ANANINDEUA,8ª DEFENSORIA PÚBLICA CÍVEL DE ANANINDEUA,2026-03-23 10:53:34.473132-03:00,0806646-03.2026.8.14.0006,PROCEDIMENTO COMUM CÍVEL (7),JAIRO MAIA JUNIOR
CÍVEL,ANANINDEUA,8ª DEFENSORIA PÚBLICA CÍVEL DE ANANINDEUA,2026-03-23 14:13:09.509058-03:00,0806672-98.2026.8.14.0006,PROCEDIMENTO COMUM CÍVEL (7),JAIRO MAIA JUNIOR
CÍVEL,ANANINDEUA,8ª DEFENSORIA PÚBLICA CÍVEL DE ANANINDEUA,2026-03-25 11:46:32.450705-03:00,0806887-74.2026.8.14.0006,INTERDIÇÃO/CURATELA (58),JAIRO MAIA JUNIOR
CÍVEL,ANANINDEUA,8ª DEFENSORIA PÚBLICA CÍVEL DE ANANINDEUA,2026-03-25 13:02:47.436036-03:00,0806889-44.2026.8.14.0006,PROCEDIMENTO COMUM CÍVEL (7),JAIRO MAIA JUNIOR
CÍVEL,ANANINDEUA,8ª DEFENSORIA PÚBLICA CÍVEL DE ANANINDEUA,2026-03-26 12:14:29.784859-03:00,0807068-75.2026.8.14.0006,PROCEDIMENTO COMUM CÍVEL (7),JAIRO MAIA JUNIOR
CÍVEL,ANANINDEUA,8ª DEFENSORIA PÚBLICA CÍVEL DE ANANINDEUA,2026-03-26 13:20:27.575673-03:00,0807074-82.2026.8.14.0006,PROCEDIMENTO COMUM CÍVEL (7),JAIRO MAIA JUNIOR
CÍVEL,ANANINDEUA,8ª DEFENSORIA PÚBLICA CÍVEL DE ANANINDEUA,2026-03-26 13:49:06.006458-03:00,0807140-62.2026.8.14.0006,PROCEDIMENTO COMUM CÍVEL (7),JAIRO MAIA JUNIOR
CÍVEL,ANANINDEUA,8ª DEFENSORIA PÚBLICA CÍVEL DE ANANINDEUA,2026-03-26 14:14:55.545607-03:00,0807078-22.2026.8.14.0006,PROCEDIMENTO COMUM CÍVEL (7),JAIRO MAIA JUNIOR
CÍVEL,ANANINDEUA,8ª DEFENSORIA PÚBLICA CÍVEL DE ANANINDEUA,2026-03-27 10:15:15.945947-03:00,0807242-84.2026.8.14.0006,RETIFICAÇÃO OU SUPRIMENTO OU RESTAURAÇÃO DE REGISTRO CIVIL (1682),JAIRO MAIA JUNIOR
CÍVEL,ANANINDEUA,8ª DEFENSORIA PÚBLICA CÍVEL DE ANANINDEUA,2026-03-27 12:57:30.210643-03:00,0807269-67.2026.8.14.0006,PROCEDIMENTO COMUM CÍVEL (7),JAIRO MAIA JUNIOR
CÍVEL,ANANINDEUA,8ª DEFENSORIA PÚBLICA CÍVEL DE ANANINDEUA,2026-03-30 08:32:39.461338-03:00,0807366-67.2026.8.14.0006,INTERDIÇÃO/CURATELA (58),JAIRO MAIA JUNIOR
CÍVEL,ANANINDEUA,8ª DEFENSORIA PÚBLICA CÍVEL DE ANANINDEUA,2026-03-30 11:47:37.946645-03:00,0807365-82.2026.8.14.0006,INTERDIÇÃO/CURATELA (58),JAIRO MAIA JUNIOR
CÍVEL,ANANINDEUA,8ª DEFENSORIA PÚBLICA CÍVEL DE ANANINDEUA,2026-03-31 11:34:42.891119-03:00,0807363-15.2026.8.14.0006,RETIFICAÇÃO OU SUPRIMENTO OU RESTAURAÇÃO DE REGISTRO CIVIL (1682),JAIRO MAIA JUNIOR
CÍVEL,ANANINDEUA,8ª DEFENSORIA PÚBLICA CÍVEL DE ANANINDEUA,2026-03-31 13:30:16.086150-03:00,0807494-87.2026.8.14.0006,AÇÃO CIVIL PÚBLICA (65),JAIRO MAIA JUNIOR
CÍVEL,ANANINDEUA,8ª DEFENSORIA PÚBLICA CÍVEL DE ANANINDEUA,2026-04-01 12:20:45.517430-03:00,0807718-25.2026.8.14.0006,INTERDIÇÃO/CURATELA (58),JAIRO MAIA JUNIOR
CÍVEL,ANANINDEUA,8ª DEFENSORIA PÚBLICA CÍVEL DE ANANINDEUA,2026-04-01 13:29:37.018759-03:00,0807756-37.2026.8.14.0006,INTERDIÇÃO/CURATELA (58),JAIRO MAIA JUNIOR
CÍVEL,ANANINDEUA,8ª DEFENSORIA PÚBLICA CÍVEL DE ANANINDEUA,2026-04-06 10:12:53.076188-03:00,0807754-67.2026.8.14.0006,INTERDIÇÃO/CURATELA (58),JAIRO MAIA JUNIOR
CÍVEL,ANANINDEUA,8ª DEFENSORIA PÚBLICA CÍVEL DE ANANINDEUA,2026-04-07 11:17:18.981779-03:00,0807839-53.2026.8.14.0006,REINTEGRAÇÃO / MANUTENÇÃO DE POSSE (1707),JAIRO MAIA JUNIOR
CÍVEL,ANANINDEUA,8ª DEFENSORIA PÚBLICA CÍVEL DE ANANINDEUA,2026-04-07 14:19:36.418724-03:00,0807867-21.2026.8.14.0006,PROCEDIMENTO COMUM CÍVEL (7),JAIRO MAIA JUNIOR
CÍVEL,ANANINDEUA,8ª DEFENSORIA PÚBLICA CÍVEL DE ANANINDEUA,2026-04-10 08:43:09.296770-03:00,0808473-49.2026.8.14.0006,INTERDIÇÃO/CURATELA (58),JAIRO MAIA JUNIOR
CÍVEL,ANANINDEUA,8ª DEFENSORIA PÚBLICA CÍVEL DE ANANINDEUA,2026-04-10 12:10:51.322370-03:00,0808475-19.2026.8.14.0006,PROCEDIMENTO COMUM CÍVEL (7),JAIRO MAIA JUNIOR
CÍVEL,ANANINDEUA,8ª DEFENSORIA PÚBLICA CÍVEL DE ANANINDEUA,2026-04-16 10:18:34.576800-03:00,0809104-90.2026.8.14.0006,PROCEDIMENTO COMUM CÍVEL (7),JAIRO MAIA JUNIOR
CÍVEL,ANANINDEUA,8ª DEFENSORIA PÚBLICA CÍVEL DE ANANINDEUA,2026-04-17 10:40:26.748388-03:00,0809092-76.2026.8.14.0006,RETIFICAÇÃO OU SUPRIMENTO OU RESTAURAÇÃO DE REGISTRO CIVIL (1682),JAIRO MAIA JUNIOR
CÍVEL,ANANINDEUA,8ª DEFENSORIA PÚBLICA CÍVEL DE ANANINDEUA,2026-04-28 13:18:33.794546-03:00,0809723-20.2026.8.14.0006,PROCEDIMENTO COMUM CÍVEL (7),JAIRO MAIA JUNIOR
CÍVEL,ANANINDEUA,8ª DEFENSORIA PÚBLICA CÍVEL DE ANANINDEUA,2026-04-29 09:32:29.733066-03:00,0809801-14.2026.8.14.0006,AÇÃO CIVIL PÚBLICA (65),JAIRO MAIA JUNIOR
CÍVEL,ANANINDEUA,8ª DEFENSORIA PÚBLICA CÍVEL DE ANANINDEUA,2026-05-06 12:27:32.350823-03:00,0810431-70.2026.8.14.0006,INTERDIÇÃO/CURATELA (58),JAIRO MAIA JUNIOR
CÍVEL,ANANINDEUA,8ª DEFENSORIA PÚBLICA CÍVEL DE ANANINDEUA,2026-05-07 09:14:42.180074-03:00,0810616-11.2026.8.14.0006,INTERDIÇÃO/CURATELA (58),JAIRO MAIA JUNIOR
CÍVEL,ANANINDEUA,8ª DEFENSORIA PÚBLICA CÍVEL DE ANANINDEUA,2026-05-07 10:48:36.337194-03:00,0810832-69.2026.8.14.0006,AÇÃO CIVIL PÚBLICA (65),JAIRO MAIA JUNIOR
CÍVEL,ANANINDEUA,8ª DEFENSORIA PÚBLICA CÍVEL DE ANANINDEUA,2026-05-15 13:56:41.724631-03:00,0811659-80.2026.8.14.0006,PROCEDIMENTO COMUM CÍVEL (7),JAIRO MAIA JUNIOR
CÍVEL,ANANINDEUA,8ª DEFENSORIA PÚBLICA CÍVEL DE ANANINDEUA,2026-05-16 15:31:52.457944-03:00,0811442-37.2026.8.14.0006,PROCEDIMENTO COMUM CÍVEL (7),JAIRO MAIA JUNIOR
CÍVEL,ANANINDEUA,8ª DEFENSORIA PÚBLICA CÍVEL DE ANANINDEUA,2026-06-19 10:17:34.475976-03:00,0814511-77.2026.8.14.0006,RETIFICAÇÃO OU SUPRIMENTO OU RESTAURAÇÃO DE REGISTRO CIVIL (1682),BRENDA DA COSTA SANTOS MONTEIRO
CÍVEL,ANANINDEUA,8ª DEFENSORIA PÚBLICA CÍVEL DE ANANINDEUA,2026-06-23 10:29:11.509311-03:00,0814593-11.2026.8.14.0006,RETIFICAÇÃO OU SUPRIMENTO OU RESTAURAÇÃO DE REGISTRO CIVIL (1682),BRENDA DA COSTA SANTOS MONTEIRO
CÍVEL,ANANINDEUA,8ª DEFENSORIA PÚBLICA CÍVEL DE ANANINDEUA,2026-06-23 10:49:22.134211-03:00,0814597-48.2026.8.14.0006,RETIFICAÇÃO OU SUPRIMENTO OU RESTAURAÇÃO DE REGISTRO CIVIL (1682),BRENDA DA COSTA SANTOS MONTEIRO
CÍVEL,ANANINDEUA,8ª DEFENSORIA PÚBLICA CÍVEL DE ANANINDEUA,2026-06-24 17:13:06.593239-03:00,0814828-75.2026.8.14.0006,AÇÃO CIVIL PÚBLICA (65),BRENDA DA COSTA SANTOS MONTEIRO
CÍVEL,ANANINDEUA,8ª DEFENSORIA PÚBLICA CÍVEL DE ANANINDEUA,2026-06-29 11:32:39.102390-03:00,0815154-35.2026.8.14.0006,RETIFICAÇÃO OU SUPRIMENTO OU RESTAURAÇÃO DE REGISTRO CIVIL (1682),BRENDA DA COSTA SANTOS MONTEIRO
CÍVEL,ANANINDEUA,8ª DEFENSORIA PÚBLICA CÍVEL DE ANANINDEUA,2026-06-30 13:34:02.284826-03:00,0815240-06.2026.8.14.0006,PROCEDIMENTO COMUM CÍVEL (7),BRENDA DA COSTA SANTOS MONTEIRO
CÍVEL,ANANINDEUA,8ª DEFENSORIA PÚBLICA CÍVEL DE ANANINDEUA,2026-07-01 10:11:34.244685-03:00,0816043-86.2026.8.14.0006,ALVARÁ JUDICIAL - LEI 6858/80 (74),MAYANA BARROS JORGE JOAO
CÍVEL,ANANINDEUA,8ª DEFENSORIA PÚBLICA CÍVEL DE ANANINDEUA,2026-07-02 15:37:52.249874-03:00,0815514-67.2026.8.14.0006,EMBARGOS À EXECUÇÃO FISCAL (1118),BRENDA DA COSTA SANTOS MONTEIRO
CÍVEL,ANANINDEUA,8ª DEFENSORIA PÚBLICA CÍVEL DE ANANINDEUA,2026-07-06 13:05:44.233901-03:00,0815727-73.2026.8.14.0006,RETIFICAÇÃO OU SUPRIMENTO OU RESTAURAÇÃO DE REGISTRO CIVIL (1682),BRENDA DA COSTA SANTOS MONTEIRO
CÍVEL,ANANINDEUA,8ª DEFENSORIA PÚBLICA CÍVEL DE ANANINDEUA,2026-07-06 13:31:52.209687-03:00,0815733-80.2026.8.14.0006,INTERDIÇÃO/CURATELA (58),BRENDA DA COSTA SANTOS MONTEIRO
CÍVEL,ANANINDEUA,8ª DEFENSORIA PÚBLICA CÍVEL DE ANANINDEUA,2026-07-16 11:03:48.063380-03:00,0816997-35.2026.8.14.0006,EXECUÇÃO DE TÍTULO EXTRAJUDICIAL,ARNOLDO PERES JUNIOR
CÍVEL,ANANINDEUA,8ª DEFENSORIA PÚBLICA CÍVEL DE ANANINDEUA,2026-07-23 10:58:51.141820-03:00,0817144-61.2026.8.14.0006,PROCEDIMENTO COMUM CÍVEL (7),BRENDA DA COSTA SANTOS MONTEIRO
CÍVEL,ANANINDEUA,8ª DEFENSORIA PÚBLICA CÍVEL DE ANANINDEUA,2026-07-28 12:04:35.373689-03:00,0817442-53.2026.8.14.0006,PROCEDIMENTO COMUM CÍVEL (7),BRENDA DA COSTA SANTOS MONTEIRO
CÍVEL,ANANINDEUA,8ª DEFENSORIA PÚBLICA CÍVEL DE ANANINDEUA,2026-07-31 11:50:07.592577-03:00,0817789-86.2026.8.14.0006,CUMPRIMENTO PROVISÓRIO DE SENTENÇA (157),BRENDA DA COSTA SANTOS MONTEIRO
CÍVEL,ANANINDEUA,8ª DEFENSORIA PÚBLICA CÍVEL DE ANANINDEUA,2026-07-31 12:29:37.240804-03:00,0817796-78.2026.8.14.0006,CUMPRIMENTO PROVISÓRIO DE SENTENÇA (157),BRENDA DA COSTA SANTOS MONTEIRO
CÍVEL,ANANINDEUA,8ª DEFENSORIA PÚBLICA CÍVEL DE ANANINDEUA,2026-07-31 12:42:10.227380-03:00,0817799-33.2026.8.14.0006,PROCEDIMENTO COMUM CÍVEL (7),BRENDA DA COSTA SANTOS MONTEIRO
CÍVEL,ANANINDEUA,8ª DEFENSORIA PÚBLICA CÍVEL DE ANANINDEUA,2026-08-03 09:41:00.223276-03:00,0817918-91.2026.8.14.0006,PROCEDIMENTO COMUM CÍVEL (7),BRENDA DA COSTA SANTOS MONTEIRO
CÍVEL,ANANINDEUA,8ª DEFENSORIA PÚBLICA CÍVEL DE ANANINDEUA,2026-08-03 12:29:14.391832-03:00,0817978-64.2026.8.14.0006,PROCEDIMENTO COMUM CÍVEL (7),BRENDA DA COSTA SANTOS MONTEIRO
CÍVEL,ANANINDEUA,8ª DEFENSORIA PÚBLICA CÍVEL DE ANANINDEUA,2026-08-08 10:04:51.453089-03:00,0818483-55.2026.8.14.0006,PROCEDIMENTO COMUM CÍVEL (7),BRENDA DA COSTA SANTOS MONTEIRO
CÍVEL,ANANINDEUA,8ª DEFENSORIA PÚBLICA CÍVEL DE ANANINDEUA,2026-08-17 09:03:07.929810-03:00,0819246-56.2026.8.14.0006,PROCEDIMENTO COMUM CÍVEL (7),BRENDA DA COSTA SANTOS MONTEIRO
CÍVEL,ANANINDEUA,8ª DEFENSORIA PÚBLICA CÍVEL DE ANANINDEUA,2026-08-19 16:23:29.842388-03:00,0819571-31.2026.8.14.0006,EMBARGOS À EXECUÇÃO (172),BRENDA DA COSTA SANTOS MONTEIRO
CÍVEL,ANANINDEUA,8ª DEFENSORIA PÚBLICA CÍVEL DE ANANINDEUA,2026-08-21 11:07:59.028381-03:00,0819803-43.2026.8.14.0006,HABILITAÇÃO (38),BRENDA DA COSTA SANTOS MONTEIRO
CÍVEL,ANANINDEUA,8ª DEFENSORIA PÚBLICA CÍVEL DE ANANINDEUA,2026-08-24 09:18:48.251551-03:00,0819949-84.2026.8.14.0006,PROCEDIMENTO COMUM CÍVEL (7),BRENDA DA COSTA SANTOS MONTEIRO
CÍVEL,ANANINDEUA,8ª DEFENSORIA PÚBLICA CÍVEL DE ANANINDEUA,2026-08-25 15:45:31.144294-03:00,0820137-77.2026.8.14.0006,PROCEDIMENTO COMUM CÍVEL (7),BRENDA DA COSTA SANTOS MONTEIRO
CÍVEL,ANANINDEUA,8ª DEFENSORIA PÚBLICA CÍVEL DE ANANINDEUA,2026-09-10 10:26:38.616907-03:00,0821720-97.2026.8.14.0006,PROCEDIMENTO COMUM CÍVEL (7),BRENDA DA COSTA SANTOS MONTEIRO
CÍVEL,ANANINDEUA,8ª DEFENSORIA PÚBLICA CÍVEL DE ANANINDEUA,2026-09-10 10:45:37.595667-03:00,0821728-74.2026.8.14.0006,INTERDIÇÃO/CURATELA (58),BRENDA DA COSTA SANTOS MONTEIRO
CÍVEL,ANANINDEUA,8ª DEFENSORIA PÚBLICA CÍVEL DE ANANINDEUA,2026-09-10 15:12:01.734565-03:00,0821766-86.2026.8.14.0006,ALVARÁ JUDICIAL - LEI 6858/80 (74),BRENDA DA COSTA SANTOS MONTEIRO
CÍVEL,ANANINDEUA,8ª DEFENSORIA PÚBLICA CÍVEL DE ANANINDEUA,2026-09-14 14:50:24.433046-03:00,0822084-69.2026.8.14.0006,RETIFICAÇÃO OU SUPRIMENTO OU RESTAURAÇÃO DE REGISTRO CIVIL (1682),BRENDA DA COSTA SANTOS MONTEIRO
CÍVEL,ANANINDEUA,8ª DEFENSORIA PÚBLICA CÍVEL DE ANANINDEUA,2026-09-14 14:58:00.279246-03:00,0822087-24.2026.8.14.0006,PROCEDIMENTO COMUM CÍVEL (7),BRENDA DA COSTA SANTOS MONTEIRO
CÍVEL,ANANINDEUA,8ª DEFENSORIA PÚBLICA CÍVEL DE ANANINDEUA,2026-09-14 15:10:59.047566-03:00,0822092-46.2026.8.14.0006,PROCEDIMENTO COMUM CÍVEL (7),BRENDA DA COSTA SANTOS MONTEIRO
CÍVEL,ANANINDEUA,8ª DEFENSORIA PÚBLICA CÍVEL DE ANANINDEUA,2026-09-15 18:18:46.161809-03:00,0822237-05.2026.8.14.0006,PROCEDIMENTO COMUM CÍVEL (7),BRENDA DA COSTA SANTOS MONTEIRO
CÍVEL,ANANINDEUA,ATENDIMENTO MULTIDISCIPLINAR DE ANANINDEUA,2026-05-27 10:33:32.124243-03:00,0812603-82.2026.8.14.0006,DIVÓRCIO LITIGIOSO (12541),LISIANNE DE SA ROCHA
CÍVEL,ANANINDEUA,COORDENAÇÃO ANANINDEUA CIVEL,2026-01-31 09:24:43.494390-03:00,0802260-27.2026.8.14.0006,ALIMENTOS - LEI ESPECIAL Nº 5.478/68 (69),ANA CRISTINA OLIVEIRA DE MELLO
CÍVEL,ANANINDEUA,COORDENAÇÃO ANANINDEUA CIVEL,2026-01-31 09:26:11.246856-03:00,0802258-57.2026.8.14.0006,ALIMENTOS - LEI ESPECIAL Nº 5.478/68 (69),PAULA ROBERTA LOPES NOGUEIRA
CÍVEL,ANANINDEUA,COORDENAÇÃO ANANINDEUA CIVEL,2026-01-31 09:29:07.943095-03:00,0802259-42.2026.8.14.0006,DIVÓRCIO LITIGIOSO (12541),NATHALIA CAROLINA PELOSI CAMARA JAIMOVICH
CÍVEL,ANANINDEUA,COORDENAÇÃO ANANINDEUA CIVEL,2026-01-31 09:33:59.197219-03:00,0802261-12.2026.8.14.0006,DIVÓRCIO LITIGIOSO (12541),RAMON LISBOA MESQUITA
CÍVEL,ANANINDEUA,COORDENAÇÃO ANANINDEUA CIVEL,2026-01-31 09:46:05.767727-03:00,0802263-79.2026.8.14.0006,DIVÓRCIO CONSENSUAL (12372),MARIÁ MAYNART SIQUEIRA SOBRAL DE CARVALHO
CÍVEL,ANANINDEUA,COORDENAÇÃO ANANINDEUA CIVEL,2026-01-31 09:58:40.899128-03:00,0802265-49.2026.8.14.0006,ALIMENTOS - LEI ESPECIAL Nº 5.478/68 (69),JAIL JOSE ALVES SILVA JUNIOR
CÍVEL,ANANINDEUA,COORDENAÇÃO ANANINDEUA CIVEL,2026-01-31 10:11:31.613979-03:00,0802268-04.2026.8.14.0006,ALIMENTOS - LEI ESPECIAL Nº 5.478/68 (69),ANA CRISTINA OLIVEIRA DE MELLO
CÍVEL,ANANINDEUA,COORDENAÇÃO ANANINDEUA CIVEL,2026-01-31 10:12:17.286653-03:00,0802267-19.2026.8.14.0006,DIVÓRCIO LITIGIOSO (12541),DEMITRIUS BRUNO FARIAS VALENTE
CÍVEL,ANANINDEUA,COORDENAÇÃO ANANINDEUA CIVEL,2026-01-31 10:21:37.340601-03:00,0802271-56.2026.8.14.0006,DIVÓRCIO LITIGIOSO (12541),CAMILLA CHRISTINA DE OLIVEIRA
CÍVEL,ANANINDEUA,COORDENAÇÃO ANANINDEUA CIVEL,2026-01-31 10:35:35.475462-03:00,0802276-78.2026.8.14.0006,ALIMENTOS - LEI ESPECIAL Nº 5.478/68 (69),ANA CRISTINA OLIVEIRA DE MELLO
CÍVEL,ANANINDEUA,COORDENAÇÃO ANANINDEUA CIVEL,2026-01-31 10:49:33.283610-03:00,0802408-38.2026.8.14.0006,ALIMENTOS - LEI ESPECIAL Nº 5.478/68 (69),MAYANA BARROS JORGE JOAO
CÍVEL,ANANINDEUA,COORDENAÇÃO ANANINDEUA CIVEL,2026-01-31 10:53:40.779337-03:00,0802278-48.2026.8.14.0006,ALIMENTOS - LEI ESPECIAL Nº 5.478/68 (69),CAMILLA CHRISTINA DE OLIVEIRA
CÍVEL,ANANINDEUA,COORDENAÇÃO ANANINDEUA CIVEL,2026-01-31 10:55:41.807985-03:00,0802279-33.2026.8.14.0006,DIVÓRCIO LITIGIOSO (12541),ANA CRISTINA OLIVEIRA DE MELLO
CÍVEL,ANANINDEUA,COORDENAÇÃO ANANINDEUA CIVEL,2026-01-31 10:58:59.791031-03:00,0802280-18.2026.8.14.0006,ALIMENTOS - LEI ESPECIAL Nº 5.478/68 (69),JAIL JOSE ALVES SILVA JUNIOR
CÍVEL,ANANINDEUA,COORDENAÇÃO ANANINDEUA CIVEL,2026-01-31 10:59:57.881505-03:00,0802282-85.2026.8.14.0006,DIVÓRCIO LITIGIOSO (12541),NATHALIA CAROLINA PELOSI CAMARA JAIMOVICH
CÍVEL,ANANINDEUA,COORDENAÇÃO ANANINDEUA CIVEL,2026-01-31 11:10:01.605089-03:00,0802286-25.2026.8.14.0006,DIVÓRCIO LITIGIOSO (12541),NATHALIA CAROLINA PELOSI CAMARA JAIMOVICH
CÍVEL,ANANINDEUA,COORDENAÇÃO ANANINDEUA CIVEL,2026-01-31 11:11:36.439996-03:00,0802285-40.2026.8.14.0006,ALIMENTOS - LEI ESPECIAL Nº 5.478/68 (69),CAMILLA CHRISTINA DE OLIVEIRA
CÍVEL,ANANINDEUA,COORDENAÇÃO ANANINDEUA CIVEL,2026-01-31 11:12:32.982939-03:00,0802284-55.2026.8.14.0006,PROCEDIMENTO COMUM CÍVEL (7),PAULA ROBERTA LOPES NOGUEIRA
CÍVEL,ANANINDEUA,COORDENAÇÃO ANANINDEUA CIVEL,2026-01-31 11:12:50.780544-03:00,0802283-70.2026.8.14.0006,AÇÃO DE ALIMENTOS DE INFÂNCIA E JUVENTUDE (1389),MARIÁ MAYNART SIQUEIRA SOBRAL DE CARVALHO
CÍVEL,ANANINDEUA,COORDENAÇÃO ANANINDEUA CIVEL,2026-01-31 11:16:45.992303-03:00,0802287-10.2026.8.14.0006,DIVÓRCIO LITIGIOSO (12541),RAMON LISBOA MESQUITA
CÍVEL,ANANINDEUA,COORDENAÇÃO ANANINDEUA CIVEL,2026-01-31 11:18:40.652343-03:00,0802288-92.2026.8.14.0006,DIVÓRCIO LITIGIOSO (12541),DEMITRIUS BRUNO FARIAS VALENTE
CÍVEL,ANANINDEUA,COORDENAÇÃO ANANINDEUA CIVEL,2026-01-31 11:25:24.162077-03:00,0802290-62.2026.8.14.0006,DIVÓRCIO LITIGIOSO (12541),JAIL JOSE ALVES SILVA JUNIOR
CÍVEL,ANANINDEUA,COORDENAÇÃO ANANINDEUA CIVEL,2026-01-31 11:45:05.087071-03:00,0802293-17.2026.8.14.0006,DIVÓRCIO LITIGIOSO (12541),PAULA ROBERTA LOPES NOGUEIRA
CÍVEL,ANANINDEUA,COORDENAÇÃO ANANINDEUA CIVEL,2026-01-31 11:58:54.901030-03:00,0802296-69.2026.8.14.0006,ALIMENTOS - LEI ESPECIAL Nº 5.478/68 (69),CAMILLA CHRISTINA DE OLIVEIRA
CÍVEL,ANANINDEUA,COORDENAÇÃO ANANINDEUA CIVEL,2026-01-31 12:06:20.208163-03:00,0802298-39.2026.8.14.0006,DIVÓRCIO LITIGIOSO (12541),CAMILLA CHRISTINA DE OLIVEIRA
CÍVEL,ANANINDEUA,COORDENAÇÃO ANANINDEUA CIVEL,2026-01-31 12:22:10.246578-03:00,0802301-91.2026.8.14.0006,DIVÓRCIO LITIGIOSO (12541),PAULA ROBERTA LOPES NOGUEIRA
CÍVEL,ANANINDEUA,COORDENAÇÃO ANANINDEUA CIVEL,2026-01-31 12:26:03.066577-03:00,0802302-76.2026.8.14.0006,DIVÓRCIO LITIGIOSO (12541),ANA CRISTINA OLIVEIRA DE MELLO
CÍVEL,ANANINDEUA,COORDENAÇÃO ANANINDEUA CIVEL,2026-01-31 12:26:34.547132-03:00,0802303-61.2026.8.14.0006,DIVÓRCIO LITIGIOSO (12541),RAMON LISBOA MESQUITA
CÍVEL,ANANINDEUA,COORDENAÇÃO ANANINDEUA CIVEL,2026-01-31 12:27:01.431774-03:00,0802305-31.2026.8.14.0006,ALIMENTOS - LEI ESPECIAL Nº 5.478/68 (69),ANA CRISTINA OLIVEIRA DE MELLO
CÍVEL,ANANINDEUA,COORDENAÇÃO ANANINDEUA CIVEL,2026-01-31 12:34:52.803149-03:00,0802307-98.2026.8.14.0006,DIVÓRCIO LITIGIOSO (12541),DEMITRIUS BRUNO FARIAS VALENTE
CÍVEL,ANANINDEUA,COORDENAÇÃO ANANINDEUA CIVEL,2026-01-31 12:36:22.954011-03:00,0802306-16.2026.8.14.0006,DIVÓRCIO LITIGIOSO (12541),MARIÁ MAYNART SIQUEIRA SOBRAL DE CARVALHO
CÍVEL,ANANINDEUA,COORDENAÇÃO ANANINDEUA CIVEL,2026-01-31 12:47:15.148408-03:00,0802332-14.2026.8.14.0006,ALIMENTOS - LEI ESPECIAL Nº 5.478/68 (69),NATHALIA CAROLINA PELOSI CAMARA JAIMOVICH
CÍVEL,ANANINDEUA,COORDENAÇÃO ANANINDEUA CIVEL,2026-01-31 12:56:43.367452-03:00,0802312-23.2026.8.14.0006,DIVÓRCIO LITIGIOSO (12541),CAMILLA CHRISTINA DE OLIVEIRA
CÍVEL,ANANINDEUA,COORDENAÇÃO ANANINDEUA CIVEL,2026-01-31 12:57:01.103522-03:00,0802314-90.2026.8.14.0006,ALIMENTOS - LEI ESPECIAL Nº 5.478/68 (69),ANA CRISTINA OLIVEIRA DE MELLO
CÍVEL,ANANINDEUA,COORDENAÇÃO ANANINDEUA CIVEL,2026-01-31 12:58:55.502027-03:00,0802313-08.2026.8.14.0006,DIVÓRCIO LITIGIOSO (12541),ANA PAULA ALVES ALCURE
CÍVEL,ANANINDEUA,COORDENAÇÃO ANANINDEUA CIVEL,2026-01-31 13:00:20.850121-03:00,0805120-98.2026.8.14.0006,ALIMENTOS - LEI ESPECIAL Nº 5.478/68 (69),MAYANA BARROS JORGE JOAO
CÍVEL,ANANINDEUA,COORDENAÇÃO ANANINDEUA CIVEL,2026-01-31 13:05:11.362472-03:00,0802315-75.2026.8.14.0006,ALIMENTOS - LEI ESPECIAL Nº 5.478/68 (69),RAMON LISBOA MESQUITA
CÍVEL,ANANINDEUA,COORDENAÇÃO ANANINDEUA CIVEL,2026-01-31 13:07:09.252113-03:00,0802316-60.2026.8.14.0006,ALIMENTOS - LEI ESPECIAL Nº 5.478/68 (69),NATHALIA CAROLINA PELOSI CAMARA JAIMOVICH
CÍVEL,ANANINDEUA,COORDENAÇÃO ANANINDEUA CIVEL,2026-01-31 13:16:01.829654-03:00,0802317-45.2026.8.14.0006,ALIMENTOS - LEI ESPECIAL Nº 5.478/68 (69),JAIL JOSE ALVES SILVA JUNIOR
CÍVEL,ANANINDEUA,COORDENAÇÃO ANANINDEUA CIVEL,2026-01-31 13:19:32.556921-03:00,0802318-30.2026.8.14.0006,DIVÓRCIO LITIGIOSO (12541),RAMON LISBOA MESQUITA
CÍVEL,ANANINDEUA,COORDENAÇÃO ANANINDEUA CIVEL,2026-01-31 13:22:52.144152-03:00,0802321-82.2026.8.14.0006,ALIMENTOS - LEI ESPECIAL Nº 5.478/68 (69),MAYANA BARROS JORGE JOAO
CÍVEL,ANANINDEUA,COORDENAÇÃO ANANINDEUA CIVEL,2026-01-31 13:29:34.802999-03:00,0802323-52.2026.8.14.0006,ALIMENTOS - LEI ESPECIAL Nº 5.478/68 (69),PAULA ROBERTA LOPES NOGUEIRA
CÍVEL,ANANINDEUA,COORDENAÇÃO ANANINDEUA CIVEL,2026-01-31 13:31:21.258744-03:00,0802324-37.2026.8.14.0006,AÇÃO DE ALIMENTOS DE INFÂNCIA E JUVENTUDE (1389),RAQUEL MELINA RÊGO SOUSA
CÍVEL,ANANINDEUA,COORDENAÇÃO ANANINDEUA CIVEL,2026-01-31 13:35:15.661780-03:00,0802331-29.2026.8.14.0006,ALIMENTOS - LEI ESPECIAL Nº 5.478/68 (69),NATHALIA CAROLINA PELOSI CAMARA JAIMOVICH
CÍVEL,ANANINDEUA,COORDENAÇÃO ANANINDEUA CIVEL,2026-01-31 13:35:24.916511-03:00,0802326-07.2026.8.14.0006,ALIMENTOS - LEI ESPECIAL Nº 5.478/68 (69),RAMON LISBOA MESQUITA
CÍVEL,ANANINDEUA,COORDENAÇÃO ANANINDEUA CIVEL,2026-01-31 13:35:43.097190-03:00,0802329-59.2026.8.14.0006,ALIMENTOS - LEI ESPECIAL Nº 5.478/68 (69),DEMITRIUS BRUNO FARIAS VALENTE
CÍVEL,ANANINDEUA,COORDENAÇÃO ANANINDEUA CIVEL,2026-01-31 13:38:17.304628-03:00,0802328-74.2026.8.14.0006,DIVÓRCIO LITIGIOSO (12541),DEMITRIUS BRUNO FARIAS VALENTE
CÍVEL,ANANINDEUA,COORDENAÇÃO ANANINDEUA CIVEL,2026-01-31 13:42:12.130498-03:00,0802330-44.2026.8.14.0006,ALIMENTOS - LEI ESPECIAL Nº 5.478/68 (69),ANA PAULA ALVES ALCURE
CÍVEL,ANANINDEUA,COORDENAÇÃO ANANINDEUA CIVEL,2026-01-31 13:47:32.527782-03:00,0802335-66.2026.8.14.0006,ALIMENTOS - LEI ESPECIAL Nº 5.478/68 (69),ANA CRISTINA OLIVEIRA DE MELLO
CÍVEL,ANANINDEUA,COORDENAÇÃO ANANINDEUA CIVEL,2026-01-31 13:57:48.503631-03:00,0802336-51.2026.8.14.0006,ALIMENTOS - LEI ESPECIAL Nº 5.478/68 (69),MAYANA BARROS JORGE JOAO
CÍVEL,ANANINDEUA,COORDENAÇÃO ANANINDEUA CIVEL,2026-01-31 13:58:12.540000-03:00,0802337-36.2026.8.14.0006,ALIMENTOS - LEI ESPECIAL Nº 5.478/68 (69),CAMILLA CHRISTINA DE OLIVEIRA
CÍVEL,ANANINDEUA,COORDENAÇÃO ANANINDEUA CIVEL,2026-01-31 14:05:54.585881-03:00,0802338-21.2026.8.14.0006,AÇÃO DE ALIMENTOS DE INFÂNCIA E JUVENTUDE (1389),ANA PAULA ALVES ALCURE
CÍVEL,ANANINDEUA,COORDENAÇÃO ANANINDEUA CIVEL,2026-01-31 14:26:12.260016-03:00,0805432-74.2026.8.14.0006,ALIMENTOS - LEI ESPECIAL Nº 5.478/68 (69),MAYANA BARROS JORGE JOAO
CÍVEL,ANANINDEUA,COORDENAÇÃO ANANINDEUA CIVEL,2026-01-31 14:35:36.917098-03:00,0802345-13.2026.8.14.0006,ALIMENTOS - LEI ESPECIAL Nº 5.478/68 (69),ANA PAULA ALVES ALCURE
CÍVEL,ANANINDEUA,COORDENAÇÃO ANANINDEUA CIVEL,2026-01-31 14:36:35.690797-03:00,0802342-58.2026.8.14.0006,AÇÃO DE ALIMENTOS DE INFÂNCIA E JUVENTUDE (1389),MARIÁ MAYNART SIQUEIRA SOBRAL DE CARVALHO
CÍVEL,ANANINDEUA,COORDENAÇÃO ANANINDEUA CIVEL,2026-01-31 14:37:10.646826-03:00,0802343-43.2026.8.14.0006,DIVÓRCIO LITIGIOSO (12541),RAQUEL MELINA RÊGO SOUSA
CÍVEL,ANANINDEUA,COORDENAÇÃO ANANINDEUA CIVEL,2026-01-31 14:42:34.369729-03:00,0802351-20.2026.8.14.0006,DIVÓRCIO LITIGIOSO (12541),RAQUEL MELINA RÊGO SOUSA
CÍVEL,ANANINDEUA,COORDENAÇÃO ANANINDEUA CIVEL,2026-01-31 14:51:42.652279-03:00,0802347-80.2026.8.14.0006,AÇÃO DE ALIMENTOS DE INFÂNCIA E JUVENTUDE (1389),MARIÁ MAYNART SIQUEIRA SOBRAL DE CARVALHO
CÍVEL,ANANINDEUA,COORDENAÇÃO ANANINDEUA CIVEL,2026-01-31 14:51:49.338531-03:00,0802346-95.2026.8.14.0006,DIVÓRCIO LITIGIOSO (12541),RAQUEL MELINA RÊGO SOUSA
CÍVEL,ANANINDEUA,COORDENAÇÃO ANANINDEUA CIVEL,2026-01-31 15:01:49.742722-03:00,0802348-65.2026.8.14.0006,AÇÃO DE ALIMENTOS DE INFÂNCIA E JUVENTUDE (1389),RAQUEL MELINA RÊGO SOUSA
CÍVEL,ANANINDEUA,COORDENAÇÃO ANANINDEUA CIVEL,2026-01-31 15:03:17.074222-03:00,0802349-50.2026.8.14.0006,AÇÃO DE ALIMENTOS DE INFÂNCIA E JUVENTUDE (1389),MARIÁ MAYNART SIQUEIRA SOBRAL DE CARVALHO
CÍVEL,ANANINDEUA,COORDENAÇÃO ANANINDEUA CIVEL,2026-01-31 15:19:25.996437-03:00,0802350-35.2026.8.14.0006,DIVÓRCIO LITIGIOSO (12541),NATHALIA CAROLINA PELOSI CAMARA JAIMOVICH
CÍVEL,ANANINDEUA,COORDENAÇÃO ANANINDEUA CIVEL,2026-01-31 19:23:36.636772-03:00,0802365-04.2026.8.14.0006,ALIMENTOS - LEI ESPECIAL Nº 5.478/68 (69),RAQUEL MELINA RÊGO SOUSA
CÍVEL,ANANINDEUA,COORDENAÇÃO ANANINDEUA CIVEL,2026-01-31 21:10:24.966524-03:00,0802412-75.2026.8.14.0006,DIVÓRCIO LITIGIOSO (12541),MAYANA BARROS JORGE JOAO
CÍVEL,ANANINDEUA,COORDENAÇÃO ANANINDEUA CIVEL,2026-02-01 11:54:36.517279-03:00,0802689-91.2026.8.14.0006,ALIMENTOS - LEI ESPECIAL Nº 5.478/68 (69),MAYANA BARROS JORGE JOAO
CÍVEL,ANANINDEUA,COORDENAÇÃO ANANINDEUA CIVEL,2026-02-01 12:38:45.006637-03:00,0802370-26.2026.8.14.0006,ALIMENTOS - LEI ESPECIAL Nº 5.478/68 (69),RAQUEL MELINA RÊGO SOUSA
CÍVEL,ANANINDEUA,COORDENAÇÃO ANANINDEUA CIVEL,2026-02-01 13:26:14.662909-03:00,0802371-11.2026.8.14.0006,DIVÓRCIO LITIGIOSO (12541),RAQUEL MELINA RÊGO SOUSA
CÍVEL,ANANINDEUA,COORDENAÇÃO ANANINDEUA CIVEL,2026-02-02 09:24:21.739631-03:00,0802517-52.2026.8.14.0006,ALIMENTOS - LEI ESPECIAL Nº 5.478/68 (69),CAMILLA CHRISTINA DE OLIVEIRA
CÍVEL,ANANINDEUA,COORDENAÇÃO ANANINDEUA CIVEL,2026-02-04 13:42:45.437643-03:00,0802652-64.2026.8.14.0006,AÇÃO DE ALIMENTOS DE INFÂNCIA E JUVENTUDE (1389),MARIÁ MAYNART SIQUEIRA SOBRAL DE CARVALHO
CÍVEL,ANANINDEUA,COORDENAÇÃO ANANINDEUA CIVEL,2026-02-06 11:49:27.363748-03:00,0803222-50.2026.8.14.0006,CUMPRIMENTO DE SENTENÇA (156),MAYANA BARROS JORGE JOAO
CÍVEL,ANANINDEUA,COORDENAÇÃO ANANINDEUA CIVEL,2026-02-27 09:04:37.513922-03:00,0805544-43.2026.8.14.0006,DIVÓRCIO LITIGIOSO (12541),MAYANA BARROS JORGE JOAO
CÍVEL,ANANINDEUA,COORDENAÇÃO ANANINDEUA CIVEL,2026-02-28 09:16:16.287907-03:00,0804750-22.2026.8.14.0006,DIVÓRCIO LITIGIOSO (12541),WALTER AUGUSTO BARRETO TEIXEIRA
CÍVEL,ANANINDEUA,COORDENAÇÃO ANANINDEUA CIVEL,2026-02-28 09:30:10.913055-03:00,0804607-33.2026.8.14.0006,ALIMENTOS - LEI ESPECIAL Nº 5.478/68 (69),ANAMELIA SILVA FERREIRA
CÍVEL,ANANINDEUA,COORDENAÇÃO ANANINDEUA CIVEL,2026-02-28 09:38:23.396789-03:00,0804673-13.2026.8.14.0006,DIVÓRCIO LITIGIOSO (12541),ISABELE CASTRO DA SILVA LIMA
CÍVEL,ANANINDEUA,COORDENAÇÃO ANANINDEUA CIVEL,2026-02-28 09:38:28.521064-03:00,0804899-18.2026.8.14.0006,ALIMENTOS - LEI ESPECIAL Nº 5.478/68 (69),MAYANA BARROS JORGE JOAO
CÍVEL,ANANINDEUA,COORDENAÇÃO ANANINDEUA CIVEL,2026-02-28 09:48:07.552863-03:00,0804609-03.2026.8.14.0006,ALIMENTOS - LEI ESPECIAL Nº 5.478/68 (69),ANAMELIA SILVA FERREIRA
CÍVEL,ANANINDEUA,COORDENAÇÃO ANANINDEUA CIVEL,2026-02-28 09:57:55.133026-03:00,0805551-35.2026.8.14.0006,ALIMENTOS - LEI ESPECIAL Nº 5.478/68 (69),MAYANA BARROS JORGE JOAO
CÍVEL,ANANINDEUA,COORDENAÇÃO ANANINDEUA CIVEL,2026-02-28 09:58:04.749337-03:00,0804794-41.2026.8.14.0006,ALIMENTOS - LEI ESPECIAL Nº 5.478/68 (69),MAYANA BARROS JORGE JOAO
CÍVEL,ANANINDEUA,COORDENAÇÃO ANANINDEUA CIVEL,2026-02-28 10:15:38.359958-03:00,0805550-50.2026.8.14.0006,DIVÓRCIO LITIGIOSO (12541),MAYANA BARROS JORGE JOAO
CÍVEL,ANANINDEUA,COORDENAÇÃO ANANINDEUA CIVEL,2026-02-28 10:15:48.156369-03:00,0804621-17.2026.8.14.0006,DIVÓRCIO LITIGIOSO (12541),BIANCA DUARTE BRANCO CARIBE
CÍVEL,ANANINDEUA,COORDENAÇÃO ANANINDEUA CIVEL,2026-02-28 10:37:09.121338-03:00,0804614-25.2026.8.14.0006,ALIMENTOS - LEI ESPECIAL Nº 5.478/68 (69),ANAMELIA SILVA FERREIRA
CÍVEL,ANANINDEUA,COORDENAÇÃO ANANINDEUA CIVEL,2026-02-28 10:53:48.706030-03:00,0804646-30.2026.8.14.0006,ALIMENTOS - LEI ESPECIAL Nº 5.478/68 (69),ISABELE CASTRO DA SILVA LIMA
CÍVEL,ANANINDEUA,COORDENAÇÃO ANANINDEUA CIVEL,2026-02-28 10:55:23.331190-03:00,0804708-70.2026.8.14.0006,ALIMENTOS - LEI ESPECIAL Nº 5.478/68 (69),CAMILLA FACIOLA PESSOA LOBO LOPES
CÍVEL,ANANINDEUA,COORDENAÇÃO ANANINDEUA CIVEL,2026-02-28 11:01:47.798564-03:00,0804640-23.2026.8.14.0006,ALIMENTOS - LEI ESPECIAL Nº 5.478/68 (69),BIANCA DUARTE BRANCO CARIBE
CÍVEL,ANANINDEUA,COORDENAÇÃO ANANINDEUA CIVEL,2026-02-28 11:08:24.631296-03:00,0804665-36.2026.8.14.0006,ALIMENTOS - LEI ESPECIAL Nº 5.478/68 (69),ISABELE CASTRO DA SILVA LIMA
CÍVEL,ANANINDEUA,COORDENAÇÃO ANANINDEUA CIVEL,2026-02-28 11:10:45.233265-03:00,0800926-49.2026.8.14.0008,DIVÓRCIO LITIGIOSO (12541),MAYANA BARROS JORGE JOAO
CÍVEL,ANANINDEUA,COORDENAÇÃO ANANINDEUA CIVEL,2026-02-28 11:17:00.639068-03:00,0804606-48.2026.8.14.0006,ALIMENTOS - LEI ESPECIAL Nº 5.478/68 (69),ANAMELIA SILVA FERREIRA
CÍVEL,ANANINDEUA,COORDENAÇÃO ANANINDEUA CIVEL,2026-02-28 11:20:10.468922-03:00,0804711-25.2026.8.14.0006,ALIMENTOS - LEI ESPECIAL Nº 5.478/68 (69),CAMILLA FACIOLA PESSOA LOBO LOPES
CÍVEL,ANANINDEUA,COORDENAÇÃO ANANINDEUA CIVEL,2026-02-28 11:26:30.823382-03:00,0804671-43.2026.8.14.0006,ALIMENTOS - LEI ESPECIAL Nº 5.478/68 (69),ISABELE CASTRO DA SILVA LIMA
CÍVEL,ANANINDEUA,COORDENAÇÃO ANANINDEUA CIVEL,2026-02-28 11:27:02.835395-03:00,0805552-20.2026.8.14.0006,ALIMENTOS - LEI ESPECIAL Nº 5.478/68 (69),MAYANA BARROS JORGE JOAO
CÍVEL,ANANINDEUA,COORDENAÇÃO ANANINDEUA CIVEL,2026-02-28 11:32:37.612746-03:00,0805570-41.2026.8.14.0006,ALIMENTOS - LEI ESPECIAL Nº 5.478/68 (69),MAYANA BARROS JORGE JOAO
CÍVEL,ANANINDEUA,COORDENAÇÃO ANANINDEUA CIVEL,2026-02-28 11:36:32.085203-03:00,0804615-10.2026.8.14.0006,ALIMENTOS - LEI ESPECIAL Nº 5.478/68 (69),ANAMELIA SILVA FERREIRA
CÍVEL,ANANINDEUA,COORDENAÇÃO ANANINDEUA CIVEL,2026-02-28 11:48:44.446184-03:00,0804712-10.2026.8.14.0006,ALIMENTOS - LEI ESPECIAL Nº 5.478/68 (69),CAMILLA FACIOLA PESSOA LOBO LOPES
CÍVEL,ANANINDEUA,COORDENAÇÃO ANANINDEUA CIVEL,2026-02-28 11:56:24.096559-03:00,0804645-45.2026.8.14.0006,ALIMENTOS - LEI ESPECIAL Nº 5.478/68 (69),ISABELE CASTRO DA SILVA LIMA
CÍVEL,ANANINDEUA,COORDENAÇÃO ANANINDEUA CIVEL,2026-02-28 12:03:44.434667-03:00,0804713-92.2026.8.14.0006,ALIMENTOS - LEI ESPECIAL Nº 5.478/68 (69),CAMILLA FACIOLA PESSOA LOBO LOPES
CÍVEL,ANANINDEUA,COORDENAÇÃO ANANINDEUA CIVEL,2026-02-28 12:20:37.986864-03:00,0804709-55.2026.8.14.0006,ALIMENTOS - LEI ESPECIAL Nº 5.478/68 (69),CAMILLA FACIOLA PESSOA LOBO LOPES
CÍVEL,ANANINDEUA,COORDENAÇÃO ANANINDEUA CIVEL,2026-02-28 12:21:58.306509-03:00,0804618-62.2026.8.14.0006,ALIMENTOS - LEI ESPECIAL Nº 5.478/68 (69),ANAMELIA SILVA FERREIRA
CÍVEL,ANANINDEUA,COORDENAÇÃO ANANINDEUA CIVEL,2026-02-28 12:26:50.949728-03:00,0804894-93.2026.8.14.0006,ALIMENTOS - LEI ESPECIAL Nº 5.478/68 (69),MAYANA BARROS JORGE JOAO
CÍVEL,ANANINDEUA,COORDENAÇÃO ANANINDEUA CIVEL,2026-02-28 12:28:12.966491-03:00,0805564-34.2026.8.14.0006,PROCEDIMENTO COMUM CÍVEL (7),MAYANA BARROS JORGE JOAO
CÍVEL,ANANINDEUA,COORDENAÇÃO ANANINDEUA CIVEL,2026-02-28 12:29:24.524680-03:00,0804649-82.2026.8.14.0006,ALIMENTOS - LEI ESPECIAL Nº 5.478/68 (69),CAMILLA FACIOLA PESSOA LOBO LOPES
CÍVEL,ANANINDEUA,COORDENAÇÃO ANANINDEUA CIVEL,2026-02-28 12:30:33.545760-03:00,0804644-60.2026.8.14.0006,DIVÓRCIO LITIGIOSO (12541),ISABELE CASTRO DA SILVA LIMA
CÍVEL,ANANINDEUA,COORDENAÇÃO ANANINDEUA CIVEL,2026-02-28 12:39:37.253277-03:00,0804555-37.2026.8.14.0006,DIVÓRCIO CONSENSUAL (12372),ISABELE CASTRO DA SILVA LIMA
CÍVEL,ANANINDEUA,COORDENAÇÃO ANANINDEUA CIVEL,2026-02-28 12:44:46.354660-03:00,0804634-16.2026.8.14.0006,ALIMENTOS - LEI ESPECIAL Nº 5.478/68 (69),CAMILLA FACIOLA PESSOA LOBO LOPES
CÍVEL,ANANINDEUA,COORDENAÇÃO ANANINDEUA CIVEL,2026-02-28 12:55:13.361845-03:00,0804624-69.2026.8.14.0006,ALIMENTOS - LEI ESPECIAL Nº 5.478/68 (69),CAMILLA FACIOLA PESSOA LOBO LOPES
CÍVEL,ANANINDEUA,COORDENAÇÃO ANANINDEUA CIVEL,2026-03-02 08:12:10.469733-03:00,0804639-38.2026.8.14.0006,ALIMENTOS - LEI ESPECIAL Nº 5.478/68 (69),JULIANA ANDREA OLIVEIRA
CÍVEL,ANANINDEUA,COORDENAÇÃO ANANINDEUA CIVEL,2026-03-02 08:23:10.337754-03:00,0804641-08.2026.8.14.0006,ALIMENTOS - LEI ESPECIAL Nº 5.478/68 (69),JULIANA ANDREA OLIVEIRA
CÍVEL,ANANINDEUA,COORDENAÇÃO ANANINDEUA CIVEL,2026-03-02 08:28:38.289336-03:00,0804602-11.2026.8.14.0006,PROCEDIMENTO COMUM CÍVEL (7),JULIANA ANDREA OLIVEIRA
CÍVEL,ANANINDEUA,COORDENAÇÃO ANANINDEUA CIVEL,2026-03-02 08:41:02.836152-03:00,0804605-63.2026.8.14.0006,ALIMENTOS - LEI ESPECIAL Nº 5.478/68 (69),JULIANA ANDREA OLIVEIRA
CÍVEL,ANANINDEUA,COORDENAÇÃO ANANINDEUA CIVEL,2026-03-02 08:54:21.496478-03:00,0804610-85.2026.8.14.0006,ALIMENTOS - LEI ESPECIAL Nº 5.478/68 (69),JULIANA ANDREA OLIVEIRA
CÍVEL,ANANINDEUA,COORDENAÇÃO ANANINDEUA CIVEL,2026-03-02 09:01:57.690347-03:00,0804613-40.2026.8.14.0006,ALIMENTOS - LEI ESPECIAL Nº 5.478/68 (69),ANAMELIA SILVA FERREIRA
CÍVEL,ANANINDEUA,COORDENAÇÃO ANANINDEUA CIVEL,2026-03-02 09:14:33.346821-03:00,0804619-47.2026.8.14.0006,ALIMENTOS - LEI ESPECIAL Nº 5.478/68 (69),JULIANA ANDREA OLIVEIRA
CÍVEL,ANANINDEUA,COORDENAÇÃO ANANINDEUA CIVEL,2026-03-02 09:23:45.980261-03:00,0804625-54.2026.8.14.0006,ALIMENTOS - LEI ESPECIAL Nº 5.478/68 (69),JOSÉ ANIJAR FRAGOSO REI
CÍVEL,ANANINDEUA,COORDENAÇÃO ANANINDEUA CIVEL,2026-03-02 09:40:04.047533-03:00,0804635-98.2026.8.14.0006,DIVÓRCIO LITIGIOSO (12541),JOSÉ ANIJAR FRAGOSO REI
CÍVEL,ANANINDEUA,COORDENAÇÃO ANANINDEUA CIVEL,2026-03-02 09:50:20.654413-03:00,0804636-83.2026.8.14.0006,ALIMENTOS - LEI ESPECIAL Nº 5.478/68 (69),JULIANA ANDREA OLIVEIRA
CÍVEL,ANANINDEUA,COORDENAÇÃO ANANINDEUA CIVEL,2026-03-02 09:51:14.007710-03:00,0804637-68.2026.8.14.0006,DIVÓRCIO LITIGIOSO (12541),JOSÉ ANIJAR FRAGOSO REI
CÍVEL,ANANINDEUA,COORDENAÇÃO ANANINDEUA CIVEL,2026-03-02 10:19:16.859430-03:00,0804653-22.2026.8.14.0006,ALIMENTOS - LEI ESPECIAL Nº 5.478/68 (69),JOSÉ ANIJAR FRAGOSO REI
CÍVEL,ANANINDEUA,COORDENAÇÃO ANANINDEUA CIVEL,2026-03-02 10:23:34.264028-03:00,0804655-89.2026.8.14.0006,ALIMENTOS - LEI ESPECIAL Nº 5.478/68 (69),JOSÉ ANIJAR FRAGOSO REI
CÍVEL,ANANINDEUA,COORDENAÇÃO ANANINDEUA CIVEL,2026-03-02 10:27:56.387740-03:00,0804656-74.2026.8.14.0006,ALIMENTOS - LEI ESPECIAL Nº 5.478/68 (69),JOSÉ ANIJAR FRAGOSO REI
CÍVEL,ANANINDEUA,COORDENAÇÃO ANANINDEUA CIVEL,2026-03-02 10:58:12.462249-03:00,0804658-44.2026.8.14.0006,ALIMENTOS - LEI ESPECIAL Nº 5.478/68 (69),BIANCA DUARTE BRANCO CARIBE
CÍVEL,ANANINDEUA,COORDENAÇÃO ANANINDEUA CIVEL,2026-03-02 11:08:53.449549-03:00,0804662-81.2026.8.14.0006,DIVÓRCIO LITIGIOSO (12541),BIANCA DUARTE BRANCO CARIBE
CÍVEL,ANANINDEUA,COORDENAÇÃO ANANINDEUA CIVEL,2026-03-02 11:15:21.464524-03:00,0805130-45.2026.8.14.0006,ALIMENTOS - LEI ESPECIAL Nº 5.478/68 (69),MAYANA BARROS JORGE JOAO
CÍVEL,ANANINDEUA,COORDENAÇÃO ANANINDEUA CIVEL,2026-03-03 11:40:37.155575-03:00,0805315-83.2026.8.14.0006,ALIMENTOS - LEI ESPECIAL Nº 5.478/68 (69),LARISSE CAMPELO MESSIAS
CÍVEL,ANANINDEUA,COORDENAÇÃO ANANINDEUA CIVEL,2026-03-03 11:43:39.011130-03:00,0804931-23.2026.8.14.0006,ALIMENTOS - LEI ESPECIAL Nº 5.478/68 (69),LARISSE CAMPELO MESSIAS
CÍVEL,ANANINDEUA,COORDENAÇÃO ANANINDEUA CIVEL,2026-03-05 10:18:20.260427-03:00,0805119-16.2026.8.14.0006,ALIMENTOS - LEI ESPECIAL Nº 5.478/68 (69),LARISSE CAMPELO MESSIAS
CÍVEL,ANANINDEUA,COORDENAÇÃO ANANINDEUA CIVEL,2026-03-05 18:25:06.246259-03:00,0805314-98.2026.8.14.0006,ALIMENTOS - LEI ESPECIAL Nº 5.478/68 (69),LARISSE CAMPELO MESSIAS
CÍVEL,ANANINDEUA,COORDENAÇÃO ANANINDEUA CIVEL,2026-03-05 18:59:21.534511-03:00,0805124-38.2026.8.14.0006,ALIMENTOS - LEI ESPECIAL Nº 5.478/68 (69),LARISSE CAMPELO MESSIAS
CÍVEL,ANANINDEUA,COORDENAÇÃO ANANINDEUA CIVEL,2026-03-06 11:35:52.447435-03:00,0805316-68.2026.8.14.0006,ALIMENTOS - LEI ESPECIAL Nº 5.478/68 (69),LARISSE CAMPELO MESSIAS
CÍVEL,ANANINDEUA,COORDENAÇÃO ANANINDEUA CIVEL,2026-03-26 11:33:42.534410-03:00,0808519-38.2026.8.14.0006,DIVÓRCIO CONSENSUAL (12372),MAYANA BARROS JORGE JOAO
CÍVEL,ANANINDEUA,COORDENAÇÃO ANANINDEUA CIVEL,2026-03-31 10:09:31.152602-03:00,0807460-15.2026.8.14.0006,DIVÓRCIO CONSENSUAL (12372),MAYANA BARROS JORGE JOAO
CÍVEL,ANANINDEUA,COORDENAÇÃO ANANINDEUA CIVEL,2026-04-15 13:17:14.806492-03:00,0808666-64.2026.8.14.0006,PROCEDIMENTO COMUM CÍVEL (7),MAYANA BARROS JORGE JOAO
CÍVEL,ANANINDEUA,COORDENAÇÃO ANANINDEUA CIVEL,2026-04-16 13:02:52.579818-03:00,0808701-24.2026.8.14.0006,INTERDIÇÃO/CURATELA (58),ISABELE CASTRO DA SILVA LIMA
CÍVEL,ANANINDEUA,COORDENAÇÃO ANANINDEUA CIVEL,2026-04-17 08:36:42.430424-03:00,0809428-80.2026.8.14.0006,INTERDIÇÃO/CURATELA (58),JAIRO MAIA JUNIOR
CÍVEL,ANANINDEUA,COORDENAÇÃO ANANINDEUA CIVEL,2026-04-25 09:19:20.952729-03:00,0809427-95.2026.8.14.0006,CUMPRIMENTO DE SENTENÇA (156),JULIANA ANDREA OLIVEIRA
CÍVEL,ANANINDEUA,COORDENAÇÃO ANANINDEUA CIVEL,2026-04-25 09:19:25.721762-03:00,0809808-06.2026.8.14.0006,CUMPRIMENTO DE SENTENÇA (156),LIANE BENCHIMOL DE MATOS ALBANO
CÍVEL,ANANINDEUA,COORDENAÇÃO ANANINDEUA CIVEL,2026-04-25 09:47:52.317961-03:00,0809431-35.2026.8.14.0006,CUMPRIMENTO DE SENTENÇA (156),URSULA DINI MASCARENHAS
CÍVEL,ANANINDEUA,COORDENAÇÃO ANANINDEUA CIVEL,2026-04-25 09:51:47.115879-03:00,0809436-57.2026.8.14.0006,CUMPRIMENTO DE SENTENÇA (156),JULIANA ANDREA OLIVEIRA
CÍVEL,ANANINDEUA,COORDENAÇÃO ANANINDEUA CIVEL,2026-04-25 09:56:13.641695-03:00,0809464-25.2026.8.14.0006,CUMPRIMENTO DE SENTENÇA (156),ISABELE CASTRO DA SILVA LIMA
CÍVEL,ANANINDEUA,COORDENAÇÃO ANANINDEUA CIVEL,2026-04-25 10:12:36.718782-03:00,0809434-87.2026.8.14.0006,CUMPRIMENTO DE SENTENÇA (156),URSULA DINI MASCARENHAS
CÍVEL,ANANINDEUA,COORDENAÇÃO ANANINDEUA CIVEL,2026-04-25 10:14:25.119764-03:00,0809435-72.2026.8.14.0006,CUMPRIMENTO DE SENTENÇA (156),JULIANA ANDREA OLIVEIRA
CÍVEL,ANANINDEUA,COORDENAÇÃO ANANINDEUA CIVEL,2026-04-25 10:29:15.227357-03:00,0809812-43.2026.8.14.0006,CUMPRIMENTO PROVISÓRIO DE DECISÃO (10980),WALTER AUGUSTO BARRETO TEIXEIRA
CÍVEL,ANANINDEUA,COORDENAÇÃO ANANINDEUA CIVEL,2026-04-25 10:40:06.331352-03:00,0809445-19.2026.8.14.0006,CUMPRIMENTO DE SENTENÇA (156),CLIVIA RENATA LOUREIRO CROELHAS
CÍVEL,ANANINDEUA,COORDENAÇÃO ANANINDEUA CIVEL,2026-04-25 10:40:06.899913-03:00,0809440-94.2026.8.14.0006,CUMPRIMENTO DE SENTENÇA (156),URSULA DINI MASCARENHAS
CÍVEL,ANANINDEUA,COORDENAÇÃO ANANINDEUA CIVEL,2026-04-25 10:44:13.298812-03:00,0809441-79.2026.8.14.0006,CUMPRIMENTO DE SENTENÇA (156),CLIVIA RENATA LOUREIRO CROELHAS
CÍVEL,ANANINDEUA,COORDENAÇÃO ANANINDEUA CIVEL,2026-04-25 10:52:39.588031-03:00,0809443-49.2026.8.14.0006,CUMPRIMENTO DE SENTENÇA (156),CLIVIA RENATA LOUREIRO CROELHAS
CÍVEL,ANANINDEUA,COORDENAÇÃO ANANINDEUA CIVEL,2026-04-25 10:56:05.352699-03:00,0809442-64.2026.8.14.0006,CUMPRIMENTO DE SENTENÇA (156),JULIANA ANDREA OLIVEIRA
CÍVEL,ANANINDEUA,COORDENAÇÃO ANANINDEUA CIVEL,2026-04-25 11:03:08.445332-03:00,0809444-34.2026.8.14.0006,CUMPRIMENTO DE SENTENÇA (156),URSULA DINI MASCARENHAS
CÍVEL,ANANINDEUA,COORDENAÇÃO ANANINDEUA CIVEL,2026-04-25 11:11:35.008980-03:00,0809449-56.2026.8.14.0006,CUMPRIMENTO DE SENTENÇA (156),CLIVIA RENATA LOUREIRO CROELHAS
CÍVEL,ANANINDEUA,COORDENAÇÃO ANANINDEUA CIVEL,2026-04-25 11:11:35.883903-03:00,0809447-86.2026.8.14.0006,ALIMENTOS - LEI ESPECIAL Nº 5.478/68 (69),CAMILLA FACIOLA PESSOA LOBO LOPES
CÍVEL,ANANINDEUA,COORDENAÇÃO ANANINDEUA CIVEL,2026-04-25 11:14:18.218188-03:00,0809446-04.2026.8.14.0006,CUMPRIMENTO DE SENTENÇA (156),ISABELE CASTRO DA SILVA LIMA
CÍVEL,ANANINDEUA,COORDENAÇÃO ANANINDEUA CIVEL,2026-04-25 11:19:01.395244-03:00,0809448-71.2026.8.14.0006,ALIMENTOS - LEI ESPECIAL Nº 5.478/68 (69),JULIANA ANDREA OLIVEIRA
CÍVEL,ANANINDEUA,COORDENAÇÃO ANANINDEUA CIVEL,2026-04-25 11:19:45.310974-03:00,0809450-41.2026.8.14.0006,CUMPRIMENTO DE SENTENÇA (156),MAYANA BARROS JORGE JOAO
CÍVEL,ANANINDEUA,COORDENAÇÃO ANANINDEUA CIVEL,2026-04-25 11:29:41.885935-03:00,0809452-11.2026.8.14.0006,CUMPRIMENTO DE SENTENÇA (156),URSULA DINI MASCARENHAS
CÍVEL,ANANINDEUA,COORDENAÇÃO ANANINDEUA CIVEL,2026-04-25 11:30:20.263104-03:00,0809453-93.2026.8.14.0006,CUMPRIMENTO DE SENTENÇA (156),CLIVIA RENATA LOUREIRO CROELHAS
CÍVEL,ANANINDEUA,COORDENAÇÃO ANANINDEUA CIVEL,2026-04-25 11:50:27.290793-03:00,0809455-63.2026.8.14.0006,CUMPRIMENTO DE SENTENÇA (156),URSULA DINI MASCARENHAS
CÍVEL,ANANINDEUA,COORDENAÇÃO ANANINDEUA CIVEL,2026-04-25 12:01:14.282135-03:00,0809456-48.2026.8.14.0006,CUMPRIMENTO DE SENTENÇA (156),CAMILLA FACIOLA PESSOA LOBO LOPES
CÍVEL,ANANINDEUA,COORDENAÇÃO ANANINDEUA CIVEL,2026-04-25 12:11:51.846252-03:00,0809457-33.2026.8.14.0006,CUMPRIMENTO DE SENTENÇA (156),CLIVIA RENATA LOUREIRO CROELHAS
CÍVEL,ANANINDEUA,COORDENAÇÃO ANANINDEUA CIVEL,2026-04-25 12:12:55.629767-03:00,0809467-77.2026.8.14.0006,ALIMENTOS - LEI ESPECIAL Nº 5.478/68 (69),WALTER AUGUSTO BARRETO TEIXEIRA
CÍVEL,ANANINDEUA,COORDENAÇÃO ANANINDEUA CIVEL,2026-04-25 12:17:16.776583-03:00,0809458-18.2026.8.14.0006,CUMPRIMENTO DE SENTENÇA (156),CAMILLA FACIOLA PESSOA LOBO LOPES
CÍVEL,ANANINDEUA,COORDENAÇÃO ANANINDEUA CIVEL,2026-04-25 12:18:13.129233-03:00,0809591-60.2026.8.14.0006,CUMPRIMENTO DE SENTENÇA (156),MAYANA BARROS JORGE JOAO
CÍVEL,ANANINDEUA,COORDENAÇÃO ANANINDEUA CIVEL,2026-04-25 12:23:19.254745-03:00,0809459-03.2026.8.14.0006,CUMPRIMENTO DE SENTENÇA (156),URSULA DINI MASCARENHAS
CÍVEL,ANANINDEUA,COORDENAÇÃO ANANINDEUA CIVEL,2026-04-25 12:24:27.634361-03:00,0809460-85.2026.8.14.0006,CUMPRIMENTO DE SENTENÇA (156),MAYANA BARROS JORGE JOAO
CÍVEL,ANANINDEUA,COORDENAÇÃO ANANINDEUA CIVEL,2026-04-25 12:35:34.292906-03:00,0809462-55.2026.8.14.0006,CUMPRIMENTO DE SENTENÇA (156),CAMILLA FACIOLA PESSOA LOBO LOPES
CÍVEL,ANANINDEUA,COORDENAÇÃO ANANINDEUA CIVEL,2026-04-25 12:40:48.545519-03:00,0809463-40.2026.8.14.0006,CUMPRIMENTO DE SENTENÇA (156),URSULA DINI MASCARENHAS
CÍVEL,ANANINDEUA,COORDENAÇÃO ANANINDEUA CIVEL,2026-04-25 12:54:34.402866-03:00,0809465-10.2026.8.14.0006,CUMPRIMENTO DE SENTENÇA (156),JULIANA ANDREA OLIVEIRA
CÍVEL,ANANINDEUA,COORDENAÇÃO ANANINDEUA CIVEL,2026-04-25 13:25:51.329504-03:00,0809466-92.2026.8.14.0006,CUMPRIMENTO DE SENTENÇA (156),CAMILLA FACIOLA PESSOA LOBO LOPES
CÍVEL,ANANINDEUA,COORDENAÇÃO ANANINDEUA CIVEL,2026-04-25 13:46:18.552350-03:00,0809468-62.2026.8.14.0006,CUMPRIMENTO DE SENTENÇA (156),CAMILLA FACIOLA PESSOA LOBO LOPES
CÍVEL,ANANINDEUA,COORDENAÇÃO ANANINDEUA CIVEL,2026-04-25 14:17:45.990574-03:00,0809469-47.2026.8.14.0006,CUMPRIMENTO DE SENTENÇA (156),CAMILLA FACIOLA PESSOA LOBO LOPES
CÍVEL,ANANINDEUA,COORDENAÇÃO ANANINDEUA CIVEL,2026-04-25 14:30:12.518366-03:00,0809470-32.2026.8.14.0006,CUMPRIMENTO DE SENTENÇA (156),CAMILLA FACIOLA PESSOA LOBO LOPES
CÍVEL,ANANINDEUA,COORDENAÇÃO ANANINDEUA CIVEL,2026-04-27 10:31:23.178998-03:00,0809860-02.2026.8.14.0006,CUMPRIMENTO DE SENTENÇA (156),LIANE BENCHIMOL DE MATOS ALBANO
CÍVEL,ANANINDEUA,COORDENAÇÃO ANANINDEUA CIVEL,2026-04-27 11:27:27.701793-03:00,0809592-45.2026.8.14.0006,CUMPRIMENTO DE SENTENÇA (156),MAYANA BARROS JORGE JOAO
CÍVEL,ANANINDEUA,COORDENAÇÃO ANANINDEUA CIVEL,2026-04-27 12:05:45.294765-03:00,0810297-43.2026.8.14.0006,CUMPRIMENTO DE SENTENÇA (156),LIANE BENCHIMOL DE MATOS ALBANO
CÍVEL,ANANINDEUA,COORDENAÇÃO ANANINDEUA CIVEL,2026-04-27 12:36:22.069563-03:00,0809858-32.2026.8.14.0006,CUMPRIMENTO DE SENTENÇA (156),LIANE BENCHIMOL DE MATOS ALBANO
CÍVEL,ANANINDEUA,COORDENAÇÃO ANANINDEUA CIVEL,2026-04-27 12:56:22.753948-03:00,0809859-17.2026.8.14.0006,CUMPRIMENTO DE SENTENÇA (156),LIANE BENCHIMOL DE MATOS ALBANO
CÍVEL,ANANINDEUA,COORDENAÇÃO ANANINDEUA CIVEL,2026-04-27 13:06:25.950019-03:00,0809857-47.2026.8.14.0006,CUMPRIMENTO DE SENTENÇA (156),LIANE BENCHIMOL DE MATOS ALBANO
CÍVEL,ANANINDEUA,COORDENAÇÃO ANANINDEUA CIVEL,2026-04-27 13:14:03.411469-03:00,0809855-77.2026.8.14.0006,CUMPRIMENTO DE SENTENÇA (156),LIANE BENCHIMOL DE MATOS ALBANO
CÍVEL,ANANINDEUA,COORDENAÇÃO ANANINDEUA CIVEL,2026-04-27 13:27:30.091906-03:00,0809636-64.2026.8.14.0006,CUMPRIMENTO DE SENTENÇA (156),MAYANA BARROS JORGE JOAO
CÍVEL,ANANINDEUA,COORDENAÇÃO ANANINDEUA CIVEL,2026-04-27 13:36:38.254418-03:00,0809635-79.2026.8.14.0006,CUMPRIMENTO DE SENTENÇA (156),MAYANA BARROS JORGE JOAO
CÍVEL,ANANINDEUA,COORDENAÇÃO ANANINDEUA CIVEL,2026-04-28 09:55:51.800215-03:00,0809852-25.2026.8.14.0006,CUMPRIMENTO DE SENTENÇA (156),LIANE BENCHIMOL DE MATOS ALBANO
CÍVEL,ANANINDEUA,COORDENAÇÃO ANANINDEUA CIVEL,2026-04-28 13:19:54.018147-03:00,0809851-40.2026.8.14.0006,CUMPRIMENTO DE SENTENÇA (156),LIANE BENCHIMOL DE MATOS ALBANO
CÍVEL,ANANINDEUA,COORDENAÇÃO ANANINDEUA CIVEL,2026-05-21 14:02:01.343395-03:00,0811864-12.2026.8.14.0006,PROCEDIMENTO COMUM CÍVEL (7),ISABELE CASTRO DA SILVA LIMA
CÍVEL,ANANINDEUA,COORDENAÇÃO ANANINDEUA CIVEL,2026-05-25 09:34:48.437325-03:00,0812253-94.2026.8.14.0006,CUMPRIMENTO DE SENTENÇA (156),CLIVIA RENATA LOUREIRO CROELHAS
CÍVEL,ANANINDEUA,COORDENAÇÃO ANANINDEUA CIVEL,2026-05-26 13:28:29.921524-03:00,0816381-60.2026.8.14.0006,RETIFICAÇÃO OU SUPRIMENTO OU RESTAURAÇÃO DE REGISTRO CIVIL (1682),MAYANA BARROS JORGE JOAO
CÍVEL,ANANINDEUA,COORDENAÇÃO ANANINDEUA CIVEL,2026-05-27 10:48:43.329438-03:00,0812495-53.2026.8.14.0006,AÇÃO CIVIL PÚBLICA (65),ISABELE CASTRO DA SILVA LIMA
CÍVEL,ANANINDEUA,COORDENAÇÃO ANANINDEUA CIVEL,2026-06-02 09:28:52.414950-03:00,0812845-41.2026.8.14.0006,CUMPRIMENTO DE SENTENÇA (156),ISABELE CASTRO DA SILVA LIMA
CÍVEL,ANANINDEUA,COORDENAÇÃO ANANINDEUA CIVEL,2026-06-02 09:57:34.576541-03:00,0812844-56.2026.8.14.0006,PROCEDIMENTO COMUM CÍVEL (7),ISABELE CASTRO DA SILVA LIMA
CÍVEL,ANANINDEUA,COORDENAÇÃO ANANINDEUA CIVEL,2026-06-02 12:12:13.104418-03:00,0813335-63.2026.8.14.0006,PROCEDIMENTO COMUM CÍVEL (7),ISABELE CASTRO DA SILVA LIMA
CÍVEL,ANANINDEUA,COORDENAÇÃO ANANINDEUA CIVEL,2026-06-03 13:24:04.557321-03:00,0813009-06.2026.8.14.0006,PROCEDIMENTO COMUM CÍVEL (7),ISABELE CASTRO DA SILVA LIMA
CÍVEL,ANANINDEUA,COORDENAÇÃO ANANINDEUA CIVEL,2026-06-10 10:17:49.446498-03:00,0813479-37.2026.8.14.0006,CUMPRIMENTO DE SENTENÇA (156),ISABELE CASTRO DA SILVA LIMA
CÍVEL,ANANINDEUA,COORDENAÇÃO ANANINDEUA CIVEL,2026-06-10 10:36:21.789132-03:00,0813477-67.2026.8.14.0006,CUMPRIMENTO DE SENTENÇA (156),ISABELE CASTRO DA SILVA LIMA
CÍVEL,ANANINDEUA,COORDENAÇÃO ANANINDEUA CIVEL,2026-06-10 11:02:52.725573-03:00,0813478-52.2026.8.14.0006,CUMPRIMENTO DE SENTENÇA (156),ISABELE CASTRO DA SILVA LIMA
CÍVEL,ANANINDEUA,COORDENAÇÃO ANANINDEUA CIVEL,2026-06-11 09:38:18.366665-03:00,0813834-47.2026.8.14.0006,CUMPRIMENTO DE SENTENÇA (156),MAYANA BARROS JORGE JOAO
CÍVEL,ANANINDEUA,COORDENAÇÃO ANANINDEUA CIVEL,2026-06-11 10:30:09.713891-03:00,0814034-54.2026.8.14.0006,RETIFICAÇÃO OU SUPRIMENTO OU RESTAURAÇÃO DE REGISTRO CIVIL (1682),MAYANA BARROS JORGE JOAO
CÍVEL,ANANINDEUA,COORDENAÇÃO ANANINDEUA CIVEL,2026-06-11 11:05:49.158091-03:00,0814143-68.2026.8.14.0006,CUMPRIMENTO DE SENTENÇA (156),MAYANA BARROS JORGE JOAO
CÍVEL,ANANINDEUA,COORDENAÇÃO ANANINDEUA CIVEL,2026-07-14 14:01:27.903916-03:00,0816932-40.2026.8.14.0006,INTERDIÇÃO/CURATELA (58),MAYANA BARROS JORGE JOAO
CÍVEL,ANANINDEUA,COORDENAÇÃO ANANINDEUA CIVEL,2026-07-16 13:36:09.025768-03:00,0816624-04.2026.8.14.0006,PROCEDIMENTO COMUM CÍVEL (7),MAYANA BARROS JORGE JOAO
CÍVEL,ANANINDEUA,COORDENAÇÃO ANANINDEUA CIVEL,2026-07-24 12:22:06.144558-03:00,0802010-12.2026.8.14.0097,PROCEDIMENTO COMUM CÍVEL (7),MAYANA BARROS JORGE JOAO
CÍVEL,ANANINDEUA,COORDENAÇÃO ANANINDEUA CIVEL,2026-08-03 12:12:27.598608-03:00,0818716-52.2026.8.14.0006,GUARDA DE FAMÍLIA,MAYANA BARROS JORGE JOAO
CÍVEL,ANANINDEUA,COORDENAÇÃO ANANINDEUA CIVEL,2026-08-04 09:24:33.291215-03:00,0818207-24.2026.8.14.0006,CUMPRIMENTO DE SENTENÇA (156),MAYANA BARROS JORGE JOAO
CÍVEL,ANANINDEUA,COORDENAÇÃO ANANINDEUA CIVEL,2026-08-08 09:15:23.452647-03:00,0818481-85.2026.8.14.0006,PROCEDIMENTO COMUM CÍVEL (7),ROBERTA OLIVEIRA MOREIRA
CÍVEL,ANANINDEUA,COORDENAÇÃO ANANINDEUA CIVEL,2026-08-08 09:56:09.708836-03:00,0818484-40.2026.8.14.0006,ALIMENTOS - LEI ESPECIAL Nº 5.478/68 (69),MARIA DO CARMO SOUZA MAIA
CÍVEL,ANANINDEUA,COORDENAÇÃO ANANINDEUA CIVEL,2026-08-08 09:57:55.414798-03:00,0818482-70.2026.8.14.0006,PROCEDIMENTO COMUM CÍVEL (7),CAMILLA FACIOLA PESSOA LOBO LOPES
CÍVEL,ANANINDEUA,COORDENAÇÃO ANANINDEUA CIVEL,2026-08-08 09:59:32.227148-03:00,0818508-68.2026.8.14.0006,ALIMENTOS - LEI ESPECIAL Nº 5.478/68 (69),MARIA DO CARMO SOUZA MAIA
CÍVEL,ANANINDEUA,COORDENAÇÃO ANANINDEUA CIVEL,2026-08-08 10:19:49.224823-03:00,0818485-25.2026.8.14.0006,PROCEDIMENTO COMUM CÍVEL (7),MAYANA BARROS JORGE JOAO
CÍVEL,ANANINDEUA,COORDENAÇÃO ANANINDEUA CIVEL,2026-08-08 10:23:20.625051-03:00,0818487-92.2026.8.14.0006,PROCEDIMENTO COMUM CÍVEL (7),ANA ALICE NEVES CALDAS FIGUEIREDO
CÍVEL,ANANINDEUA,COORDENAÇÃO ANANINDEUA CIVEL,2026-08-08 10:47:22.546483-03:00,0818490-47.2026.8.14.0006,PROCEDIMENTO COMUM CÍVEL (7),ROBERTA OLIVEIRA MOREIRA
CÍVEL,ANANINDEUA,COORDENAÇÃO ANANINDEUA CIVEL,2026-08-08 10:48:50.014292-03:00,0818499-09.2026.8.14.0006,ALIMENTOS - LEI ESPECIAL Nº 5.478/68 (69),MARIA DO CARMO SOUZA MAIA
CÍVEL,ANANINDEUA,COORDENAÇÃO ANANINDEUA CIVEL,2026-08-08 10:55:05.345626-03:00,0818504-31.2026.8.14.0006,ALIMENTOS - LEI ESPECIAL Nº 5.478/68 (69),ISABELE CASTRO DA SILVA LIMA
CÍVEL,ANANINDEUA,COORDENAÇÃO ANANINDEUA CIVEL,2026-08-08 11:02:53.833520-03:00,0818706-08.2026.8.14.0006,ALIMENTOS - LEI ESPECIAL Nº 5.478/68 (69),MAYANA BARROS JORGE JOAO
CÍVEL,ANANINDEUA,COORDENAÇÃO ANANINDEUA CIVEL,2026-08-08 11:03:31.025395-03:00,0818491-32.2026.8.14.0006,PROCEDIMENTO COMUM CÍVEL (7),PAULA MICHELLY MELO DE BRITO
CÍVEL,ANANINDEUA,COORDENAÇÃO ANANINDEUA CIVEL,2026-08-08 11:03:41.169780-03:00,0818492-17.2026.8.14.0006,PROCEDIMENTO COMUM CÍVEL (7),CAMILLA FACIOLA PESSOA LOBO LOPES
CÍVEL,ANANINDEUA,COORDENAÇÃO ANANINDEUA CIVEL,2026-08-08 11:07:11.746930-03:00,0818736-43.2026.8.14.0006,ALIMENTOS - LEI ESPECIAL Nº 5.478/68 (69),LARISSE CAMPELO MESSIAS
CÍVEL,ANANINDEUA,COORDENAÇÃO ANANINDEUA CIVEL,2026-08-08 11:20:12.850510-03:00,0818494-84.2026.8.14.0006,ALIMENTOS - LEI ESPECIAL Nº 5.478/68 (69),CAMILLA FACIOLA PESSOA LOBO LOPES
CÍVEL,ANANINDEUA,COORDENAÇÃO ANANINDEUA CIVEL,2026-08-08 11:24:51.975252-03:00,0818737-28.2026.8.14.0006,ALIMENTOS - LEI ESPECIAL Nº 5.478/68 (69),LARISSE CAMPELO MESSIAS
CÍVEL,ANANINDEUA,COORDENAÇÃO ANANINDEUA CIVEL,2026-08-08 11:27:38.891987-03:00,0818506-98.2026.8.14.0006,AVERIGUAÇÃO DE PATERNIDADE (123),ISABELE CASTRO DA SILVA LIMA
CÍVEL,ANANINDEUA,COORDENAÇÃO ANANINDEUA CIVEL,2026-08-08 11:34:40.114302-03:00,0818497-39.2026.8.14.0006,ALIMENTOS - LEI ESPECIAL Nº 5.478/68 (69),MARIA DO CARMO SOUZA MAIA
CÍVEL,ANANINDEUA,COORDENAÇÃO ANANINDEUA CIVEL,2026-08-08 11:38:58.544065-03:00,0818495-69.2026.8.14.0006,PROCEDIMENTO COMUM CÍVEL (7),ANA ALICE NEVES CALDAS FIGUEIREDO
CÍVEL,ANANINDEUA,COORDENAÇÃO ANANINDEUA CIVEL,2026-08-08 11:48:35.917265-03:00,0818753-79.2026.8.14.0006,ALIMENTOS - LEI ESPECIAL Nº 5.478/68 (69),LARISSE CAMPELO MESSIAS
CÍVEL,ANANINDEUA,COORDENAÇÃO ANANINDEUA CIVEL,2026-08-08 11:52:43.512317-03:00,0818498-24.2026.8.14.0006,ALIMENTOS - LEI ESPECIAL Nº 5.478/68 (69),ANA ALICE NEVES CALDAS FIGUEIREDO
CÍVEL,ANANINDEUA,COORDENAÇÃO ANANINDEUA CIVEL,2026-08-08 11:59:16.545609-03:00,0818754-64.2026.8.14.0006,ALIMENTOS - LEI ESPECIAL Nº 5.478/68 (69),LARISSE CAMPELO MESSIAS
CÍVEL,ANANINDEUA,COORDENAÇÃO ANANINDEUA CIVEL,2026-08-08 11:59:51.920794-03:00,0818500-91.2026.8.14.0006,PROCEDIMENTO COMUM CÍVEL (7),ISABELE CASTRO DA SILVA LIMA
CÍVEL,ANANINDEUA,COORDENAÇÃO ANANINDEUA CIVEL,2026-08-08 12:02:44.208893-03:00,0818501-76.2026.8.14.0006,PROCEDIMENTO COMUM CÍVEL (7),CAMILLA FACIOLA PESSOA LOBO LOPES
CÍVEL,ANANINDEUA,COORDENAÇÃO ANANINDEUA CIVEL,2026-08-08 12:11:24.024999-03:00,0818505-16.2026.8.14.0006,PROCEDIMENTO COMUM CÍVEL (7),CAMILLA FACIOLA PESSOA LOBO LOPES
CÍVEL,ANANINDEUA,COORDENAÇÃO ANANINDEUA CIVEL,2026-08-08 12:24:47.416751-03:00,0818523-37.2026.8.14.0006,ALIMENTOS - LEI ESPECIAL Nº 5.478/68 (69),MARIA DO CARMO SOUZA MAIA
CÍVEL,ANANINDEUA,COORDENAÇÃO ANANINDEUA CIVEL,2026-08-08 12:25:21.993281-03:00,0818729-51.2026.8.14.0006,ALIMENTOS - LEI ESPECIAL Nº 5.478/68 (69),MAYANA BARROS JORGE JOAO
CÍVEL,ANANINDEUA,COORDENAÇÃO ANANINDEUA CIVEL,2026-08-08 12:35:07.110401-03:00,0818509-53.2026.8.14.0006,ALIMENTOS - LEI ESPECIAL Nº 5.478/68 (69),ANA ALICE NEVES CALDAS FIGUEIREDO
CÍVEL,ANANINDEUA,COORDENAÇÃO ANANINDEUA CIVEL,2026-08-08 12:38:52.417855-03:00,0818510-38.2026.8.14.0006,ALIMENTOS - LEI ESPECIAL Nº 5.478/68 (69),ANA ALICE NEVES CALDAS FIGUEIREDO
CÍVEL,ANANINDEUA,COORDENAÇÃO ANANINDEUA CIVEL,2026-08-08 12:51:23.560477-03:00,0818534-66.2026.8.14.0006,ALIMENTOS - LEI ESPECIAL Nº 5.478/68 (69),PAULA MICHELLY MELO DE BRITO
CÍVEL,ANANINDEUA,COORDENAÇÃO ANANINDEUA CIVEL,2026-08-08 13:04:41.541968-03:00,0818516-45.2026.8.14.0006,AVERIGUAÇÃO DE PATERNIDADE (123),MARIA DO CARMO SOUZA MAIA
CÍVEL,ANANINDEUA,COORDENAÇÃO ANANINDEUA CIVEL,2026-08-08 13:06:35.935212-03:00,0818517-30.2026.8.14.0006,PROCEDIMENTO COMUM CÍVEL (7),PAULA MICHELLY MELO DE BRITO
CÍVEL,ANANINDEUA,COORDENAÇÃO ANANINDEUA CIVEL,2026-08-08 13:12:22.267429-03:00,0818518-15.2026.8.14.0006,PROCEDIMENTO COMUM CÍVEL (7),ANA ALICE NEVES CALDAS FIGUEIREDO
CÍVEL,ANANINDEUA,COORDENAÇÃO ANANINDEUA CIVEL,2026-08-08 13:17:42.569002-03:00,0818521-67.2026.8.14.0006,PROCEDIMENTO COMUM CÍVEL (7),CAMILLA FACIOLA PESSOA LOBO LOPES
CÍVEL,ANANINDEUA,COORDENAÇÃO ANANINDEUA CIVEL,2026-08-08 13:22:19.833203-03:00,0818524-22.2026.8.14.0006,PROCEDIMENTO COMUM CÍVEL (7),MARIA DO CARMO SOUZA MAIA
CÍVEL,ANANINDEUA,COORDENAÇÃO ANANINDEUA CIVEL,2026-08-08 13:38:52.503784-03:00,0818748-57.2026.8.14.0006,ALIMENTOS - LEI ESPECIAL Nº 5.478/68 (69),LARISSE CAMPELO MESSIAS
CÍVEL,ANANINDEUA,COORDENAÇÃO ANANINDEUA CIVEL,2026-08-08 14:07:25.655324-03:00,0818528-59.2026.8.14.0006,ALIMENTOS - LEI ESPECIAL Nº 5.478/68 (69),MARIA DO CARMO SOUZA MAIA
CÍVEL,ANANINDEUA,COORDENAÇÃO ANANINDEUA CIVEL,2026-08-08 14:14:34.686504-03:00,0818530-29.2026.8.14.0006,PROCEDIMENTO COMUM CÍVEL (7),ANA ALICE NEVES CALDAS FIGUEIREDO
CÍVEL,ANANINDEUA,COORDENAÇÃO ANANINDEUA CIVEL,2026-08-08 14:19:04.357607-03:00,0818561-49.2026.8.14.0006,PROCEDIMENTO COMUM CÍVEL (7),PAULA MICHELLY MELO DE BRITO
CÍVEL,ANANINDEUA,COORDENAÇÃO ANANINDEUA CIVEL,2026-08-08 14:27:18.476254-03:00,0818532-96.2026.8.14.0006,PROCEDIMENTO COMUM CÍVEL (7),PAULA MICHELLY MELO DE BRITO
CÍVEL,ANANINDEUA,COORDENAÇÃO ANANINDEUA CIVEL,2026-08-08 14:29:05.099826-03:00,0818533-81.2026.8.14.0006,PROCEDIMENTO COMUM CÍVEL (7),ANA ALICE NEVES CALDAS FIGUEIREDO
CÍVEL,ANANINDEUA,COORDENAÇÃO ANANINDEUA CIVEL,2026-08-08 14:59:31.942162-03:00,0818559-79.2026.8.14.0006,ALIMENTOS - LEI ESPECIAL Nº 5.478/68 (69),PAULA MICHELLY MELO DE BRITO
CÍVEL,ANANINDEUA,COORDENAÇÃO ANANINDEUA CIVEL,2026-08-09 18:49:16.276938-03:00,0818562-34.2026.8.14.0006,PROCEDIMENTO COMUM CÍVEL (7),PAULA MICHELLY MELO DE BRITO
CÍVEL,ANANINDEUA,COORDENAÇÃO ANANINDEUA CIVEL,2026-08-09 19:21:24.403526-03:00,0818564-04.2026.8.14.0006,ALIMENTOS - LEI ESPECIAL Nº 5.478/68 (69),PAULA MICHELLY MELO DE BRITO
CÍVEL,ANANINDEUA,COORDENAÇÃO ANANINDEUA CIVEL,2026-08-10 11:51:25.835742-03:00,0818610-90.2026.8.14.0006,PROCEDIMENTO COMUM CÍVEL (7),ISABELE CASTRO DA SILVA LIMA
CÍVEL,ANANINDEUA,COORDENAÇÃO ANANINDEUA CIVEL,2026-08-11 08:32:19.552673-03:00,0818746-87.2026.8.14.0006,ALIMENTOS - LEI ESPECIAL Nº 5.478/68 (69),LARISSE CAMPELO MESSIAS
CÍVEL,ANANINDEUA,COORDENAÇÃO ANANINDEUA CIVEL,2026-08-11 09:18:35.126376-03:00,0818731-21.2026.8.14.0006,PROCEDIMENTO COMUM CÍVEL (7),MAYANA BARROS JORGE JOAO
CÍVEL,ANANINDEUA,COORDENAÇÃO ANANINDEUA CIVEL,2026-08-11 10:00:40.403471-03:00,0818722-59.2026.8.14.0006,ALIMENTOS - LEI ESPECIAL Nº 5.478/68 (69),MAYANA BARROS JORGE JOAO
CÍVEL,ANANINDEUA,COORDENAÇÃO ANANINDEUA CIVEL,2026-08-11 10:15:39.657965-03:00,0818724-29.2026.8.14.0006,ALIMENTOS - LEI ESPECIAL Nº 5.478/68 (69),MAYANA BARROS JORGE JOAO
CÍVEL,ANANINDEUA,COORDENAÇÃO ANANINDEUA CIVEL,2026-08-11 11:07:17.278382-03:00,0818750-27.2026.8.14.0006,PROCEDIMENTO COMUM CÍVEL (7),MAYANA BARROS JORGE JOAO
CÍVEL,ANANINDEUA,COORDENAÇÃO ANANINDEUA CIVEL,2026-08-11 11:57:59.741971-03:00,0818733-88.2026.8.14.0006,ALIMENTOS - LEI ESPECIAL Nº 5.478/68 (69),MAYANA BARROS JORGE JOAO
CÍVEL,ANANINDEUA,COORDENAÇÃO ANANINDEUA CIVEL,2026-08-11 12:21:16.858899-03:00,0818749-42.2026.8.14.0006,ALIMENTOS - LEI ESPECIAL Nº 5.478/68 (69),LARISSE CAMPELO MESSIAS
CÍVEL,ANANINDEUA,COORDENAÇÃO ANANINDEUA CIVEL,2026-09-04 12:27:42.042594-03:00,0821619-60.2026.8.14.0006,INTERDIÇÃO/CURATELA (58),MAYANA BARROS JORGE JOAO
CÍVEL,ANANINDEUA,COORDENAÇÃO ANANINDEUA CIVEL,2026-09-09 11:13:02.392924-03:00,0802225-78.2026.8.14.0067,PROCEDIMENTO COMUM CÍVEL (7),MAYANA BARROS JORGE JOAO
CÍVEL,ANANINDEUA,COORDENAÇÃO ANANINDEUA CIVEL,2026-09-11 09:09:19.376189-03:00,0822754-10.2026.8.14.0006,PROCEDIMENTO COMUM CÍVEL (7),MAYANA BARROS JORGE JOAO
CÍVEL,ANANINDEUA,DEFENSORIA DA VIOLÊNCIA DOMÉSTICA E FAMILIAR CONTRA A MULHER,2026-07-04 14:23:34.424716-03:00,0815654-04.2026.8.14.0006,PROCEDIMENTO COMUM CÍVEL (7),ROMINA ARIANE RODRIGUES AZEVEDO
CÍVEL,ANANINDEUA,DEFENSORIA DE ATENDIMENTO MASSIFICADO CIVEL DE ANANINDEUA,2026-02-13 11:43:05.147666-03:00,0805535-81.2026.8.14.0006,PROCEDIMENTO COMUM CÍVEL (7),MAYANA BARROS JORGE JOAO
CÍVEL,ANANINDEUA,DEFENSORIA DE ATENDIMENTO MASSIFICADO DA INFANCIA DE ANANINDEUA,2026-03-09 11:00:23.172458-03:00,0805275-04.2026.8.14.0006,ALIMENTOS - LEI ESPECIAL Nº 5.478/68 (69),BIANCA DUARTE BRANCO CARIBE
CÍVEL,ANANINDEUA,DEFENSORIA DO TRIBUNAL DO JÚRI DE ANANINDEUA,2026-05-08 08:51:02.909248-03:00,0810697-57.2026.8.14.0006,ALIMENTOS - LEI ESPECIAL Nº 5.478/68 (69),LARISSE CAMPELO MESSIAS
CÍVEL,ANANINDEUA,NUCLEO DE ATENDIMENTO ESPECIALIZADO A CRIANÇA E ADOLESCENTE - ANANINDEUA,2026-03-03 12:17:48.646363-03:00,0805256-95.2026.8.14.0006,ADOÇÃO FORA DO CADASTRO C/C DESTITUIÇÃO DO PODER FAMILIAR,BIANCA DUARTE BRANCO CARIBE
CÍVEL,ANANINDEUA,NUCLEO DE ATENDIMENTO ESPECIALIZADO A CRIANÇA E ADOLESCENTE - ANANINDEUA,2026-04-08 08:19:58.957671-03:00,0807937-38.2026.8.14.0006,ADOÇÃO FORA DO CADASTRO,BIANCA DUARTE BRANCO CARIBE
CÍVEL,ANANINDEUA,NUCLEO DE ATENDIMENTO ESPECIALIZADO A CRIANÇA E ADOLESCENTE - ANANINDEUA,2026-04-10 10:47:42.770707-03:00,0808528-97.2026.8.14.0006,GUARDA DE INFÂNCIA E JUVENTUDE (1420),BIANCA DUARTE BRANCO CARIBE
CÍVEL,ANANINDEUA,NUCLEO DE ATENDIMENTO ESPECIALIZADO A CRIANÇA E ADOLESCENTE - ANANINDEUA,2026-04-23 14:53:38.016535-03:00,0809534-42.2026.8.14.0006,GUARDA DE INFÂNCIA E JUVENTUDE (1420),BIANCA DUARTE BRANCO CARIBE
CÍVEL,ANANINDEUA,NUCLEO DE ATENDIMENTO ESPECIALIZADO A CRIANÇA E ADOLESCENTE - ANANINDEUA,2026-04-28 13:49:12.439846-03:00,0809849-70.2026.8.14.0006,ADOÇÃO FORA DO CADASTRO C/C DESTITUIÇÃO DO PODER FAMILIAR,BIANCA DUARTE BRANCO CARIBE
CÍVEL,ANANINDEUA,NUCLEO DE ATENDIMENTO ESPECIALIZADO A CRIANÇA E ADOLESCENTE - ANANINDEUA,2026-04-28 14:42:59.297366-03:00,0809731-94.2026.8.14.0006,EXECUÇÃO DE ALIMENTOS INFÂNCIA E JUVENTUDE (1432),BIANCA DUARTE BRANCO CARIBE
CÍVEL,ANANINDEUA,NUCLEO DE ATENDIMENTO ESPECIALIZADO A CRIANÇA E ADOLESCENTE - ANANINDEUA,2026-04-29 12:20:06.250887-03:00,0810005-58.2026.8.14.0006,GUARDA DE INFÂNCIA E JUVENTUDE (1420),BIANCA DUARTE BRANCO CARIBE
CÍVEL,ANANINDEUA,NUCLEO DE ATENDIMENTO ESPECIALIZADO A CRIANÇA E ADOLESCENTE - ANANINDEUA,2026-04-30 11:11:56.360732-03:00,0810298-28.2026.8.14.0006,GUARDA DE INFÂNCIA E JUVENTUDE (1420),BIANCA DUARTE BRANCO CARIBE
CÍVEL,ANANINDEUA,NUCLEO DE ATENDIMENTO ESPECIALIZADO A CRIANÇA E ADOLESCENTE - ANANINDEUA,2026-05-11 12:33:26.356623-03:00,0811203-33.2026.8.14.0006,ADOÇÃO FORA DO CADASTRO C/C DESTITUIÇÃO DO PODER FAMILIAR,BIANCA DUARTE BRANCO CARIBE
CÍVEL,ANANINDEUA,NUCLEO DE ATENDIMENTO ESPECIALIZADO A CRIANÇA E ADOLESCENTE - ANANINDEUA,2026-05-15 10:04:54.229566-03:00,0812790-90.2026.8.14.0006,ADOÇÃO PELO CADASTRO,BIANCA DUARTE BRANCO CARIBE
CÍVEL,ANANINDEUA,NUCLEO DE ATENDIMENTO ESPECIALIZADO A CRIANÇA E ADOLESCENTE - ANANINDEUA,2026-05-20 11:59:05.542023-03:00,0814222-47.2026.8.14.0006,PROCEDIMENTO COMUM INFÂNCIA E JUVENTUDE (1706),BIANCA DUARTE BRANCO CARIBE
CÍVEL,ANANINDEUA,NUCLEO DE ATENDIMENTO ESPECIALIZADO A CRIANÇA E ADOLESCENTE - ANANINDEUA,2026-05-21 13:04:08.908116-03:00,0812854-03.2026.8.14.0006,ADOÇÃO PELO CADASTRO,BIANCA DUARTE BRANCO CARIBE
CÍVEL,ANANINDEUA,NUCLEO DE ATENDIMENTO ESPECIALIZADO A CRIANÇA E ADOLESCENTE - ANANINDEUA,2026-05-27 14:10:28.527030-03:00,0812796-97.2026.8.14.0006,ADOÇÃO FORA DO CADASTRO,BIANCA DUARTE BRANCO CARIBE
CÍVEL,ANANINDEUA,NUCLEO DE ATENDIMENTO ESPECIALIZADO A CRIANÇA E ADOLESCENTE - ANANINDEUA,2026-06-03 13:24:41.954732-03:00,0814146-23.2026.8.14.0006,PROCEDIMENTO COMUM INFÂNCIA E JUVENTUDE (1706),BIANCA DUARTE BRANCO CARIBE
CÍVEL,ANANINDEUA,NUCLEO DE ATENDIMENTO ESPECIALIZADO A CRIANÇA E ADOLESCENTE - ANANINDEUA,2026-06-18 14:36:44.086546-03:00,0814576-72.2026.8.14.0006,ADOÇÃO FORA DO CADASTRO C/C DESTITUIÇÃO DO PODER FAMILIAR,BIANCA DUARTE BRANCO CARIBE
CÍVEL,ANANINDEUA,NUCLEO DE ATENDIMENTO ESPECIALIZADO A CRIANÇA E ADOLESCENTE - ANANINDEUA,2026-06-22 13:09:16.950125-03:00,0814598-33.2026.8.14.0006,GUARDA DE INFÂNCIA E JUVENTUDE (1420),BIANCA DUARTE BRANCO CARIBE
CÍVEL,ANANINDEUA,NUCLEO DE ATENDIMENTO ESPECIALIZADO A CRIANÇA E ADOLESCENTE - ANANINDEUA,2026-07-07 09:59:07.807158-03:00,0816049-93.2026.8.14.0006,GUARDA DE INFÂNCIA E JUVENTUDE (1420),MAYANA BARROS JORGE JOAO
CÍVEL,ANANINDEUA,NUCLEO DE ATENDIMENTO ESPECIALIZADO A CRIANÇA E ADOLESCENTE - ANANINDEUA,2026-07-09 12:15:58.194857-03:00,0816415-35.2026.8.14.0006,GUARDA DE INFÂNCIA E JUVENTUDE (1420),MAYANA BARROS JORGE JOAO
CÍVEL,ANANINDEUA,NUCLEO DE ATENDIMENTO ESPECIALIZADO A CRIANÇA E ADOLESCENTE - ANANINDEUA,2026-07-21 12:31:03.416764-03:00,0816961-90.2026.8.14.0006,TUTELA INFÂNCIA E JUVENTUDE (1396),BIANCA DUARTE BRANCO CARIBE
CÍVEL,ANANINDEUA,NUCLEO DE ATENDIMENTO ESPECIALIZADO A CRIANÇA E ADOLESCENTE - ANANINDEUA,2026-07-21 13:21:45.285169-03:00,0816972-22.2026.8.14.0006,GUARDA DE INFÂNCIA E JUVENTUDE (1420),BIANCA DUARTE BRANCO CARIBE
CÍVEL,ANANINDEUA,NUCLEO DE ATENDIMENTO ESPECIALIZADO A CRIANÇA E ADOLESCENTE - ANANINDEUA,2026-07-22 10:09:17.069546-03:00,0818063-50.2026.8.14.0006,GUARDA DE INFÂNCIA E JUVENTUDE (1420),BIANCA DUARTE BRANCO CARIBE
CÍVEL,ANANINDEUA,NUCLEO DE ATENDIMENTO ESPECIALIZADO A CRIANÇA E ADOLESCENTE - ANANINDEUA,2026-07-22 12:51:32.467336-03:00,0817055-38.2026.8.14.0006,PROCEDIMENTO COMUM INFÂNCIA E JUVENTUDE (1706),BIANCA DUARTE BRANCO CARIBE
CÍVEL,ANANINDEUA,NUCLEO DE ATENDIMENTO ESPECIALIZADO A CRIANÇA E ADOLESCENTE - ANANINDEUA,2026-07-23 11:02:17.570756-03:00,0817157-60.2026.8.14.0006,GUARDA DE INFÂNCIA E JUVENTUDE (1420),BIANCA DUARTE BRANCO CARIBE
CÍVEL,ANANINDEUA,NUCLEO DE ATENDIMENTO ESPECIALIZADO A CRIANÇA E ADOLESCENTE - ANANINDEUA,2026-07-23 12:25:45.931542-03:00,0817155-90.2026.8.14.0006,PROCEDIMENTO COMUM INFÂNCIA E JUVENTUDE (1706),BIANCA DUARTE BRANCO CARIBE
CÍVEL,ANANINDEUA,NUCLEO DE ATENDIMENTO ESPECIALIZADO A CRIANÇA E ADOLESCENTE - ANANINDEUA,2026-07-28 11:10:31.686932-03:00,0818594-39.2026.8.14.0006,PROCEDIMENTO COMUM INFÂNCIA E JUVENTUDE (1706),BIANCA DUARTE BRANCO CARIBE
CÍVEL,ANANINDEUA,NUCLEO DE ATENDIMENTO ESPECIALIZADO A CRIANÇA E ADOLESCENTE - ANANINDEUA,2026-07-29 10:44:01.897884-03:00,0818111-09.2026.8.14.0006,ADOÇÃO FORA DO CADASTRO C/C DESTITUIÇÃO DO PODER FAMILIAR,BIANCA DUARTE BRANCO CARIBE
CÍVEL,ANANINDEUA,NUCLEO DE ATENDIMENTO ESPECIALIZADO A CRIANÇA E ADOLESCENTE - ANANINDEUA,2026-07-30 14:09:01.544966-03:00,0818060-95.2026.8.14.0006,GUARDA DE INFÂNCIA E JUVENTUDE (1420),BIANCA DUARTE BRANCO CARIBE
CÍVEL,ANANINDEUA,NUCLEO DE ATENDIMENTO ESPECIALIZADO A CRIANÇA E ADOLESCENTE - ANANINDEUA,2026-08-07 11:11:14.878728-03:00,0818597-91.2026.8.14.0006,GUARDA DE INFÂNCIA E JUVENTUDE (1420),BIANCA DUARTE BRANCO CARIBE
CÍVEL,ANANINDEUA,NUCLEO DE ATENDIMENTO ESPECIALIZADO A CRIANÇA E ADOLESCENTE - ANANINDEUA,2026-09-03 11:40:18.136549-03:00,0821251-51.2026.8.14.0006,GUARDA DE INFÂNCIA E JUVENTUDE (1420),BIANCA DUARTE BRANCO CARIBE
CÍVEL,ANANINDEUA,NUCLEO DE ATENDIMENTO ESPECIALIZADO A CRIANÇA E ADOLESCENTE - ANANINDEUA,2026-09-04 11:19:54.378635-03:00,0821267-05.2026.8.14.0006,GUARDA DE INFÂNCIA E JUVENTUDE (1420),BIANCA DUARTE BRANCO CARIBE
CÍVEL,ANANINDEUA,NUCLEO DE ATENDIMENTO ESPECIALIZADO A CRIANÇA E ADOLESCENTE - ANANINDEUA,2026-09-08 13:27:55.915390-03:00,0821567-64.2026.8.14.0006,GUARDA DE INFÂNCIA E JUVENTUDE (1420),BIANCA DUARTE BRANCO CARIBE
CÍVEL,ANANINDEUA,NUCLEO DE ATENDIMENTO ESPECIALIZADO A CRIANÇA E ADOLESCENTE - ANANINDEUA,2026-09-09 09:36:30.489116-03:00,0821591-92.2026.8.14.0006,GUARDA DE INFÂNCIA E JUVENTUDE (1420),BIANCA DUARTE BRANCO CARIBE
CÍVEL,ANANINDEUA,NUCLEO DE ATENDIMENTO ESPECIALIZADO A CRIANÇA E ADOLESCENTE - ANANINDEUA,2026-09-16 12:55:33.009457-03:00,0822941-18.2026.8.14.0006,TUTELA INFÂNCIA E JUVENTUDE (1396),BIANCA DUARTE BRANCO CARIBE
CÍVEL,ANANINDEUA,NUCLEO DE ATENDIMENTO ESPECIALIZADO A CRIANÇA E ADOLESCENTE - ANANINDEUA,2026-09-17 14:12:10.225431-03:00,0822468-32.2026.8.14.0006,PROCEDIMENTO COMUM INFÂNCIA E JUVENTUDE (1706),BIANCA DUARTE BRANCO CARIBE
CÍVEL,ANANINDEUA,NUCLEO DE ATENDIMENTO ESPECIALIZADO A CRIANÇA E ADOLESCENTE - ANANINDEUA,2026-09-22 11:55:03.122196-03:00,0822925-64.2026.8.14.0006,PROCEDIMENTO COMUM INFÂNCIA E JUVENTUDE (1706),BIANCA DUARTE BRANCO CARIBE
CÍVEL,ANANINDEUA,NÚCLEO DE PREVENÇÃO E ENFRENTAMENTO À VIOLÊNCIA DE GÊNERO - ANANINDEUA,2026-01-05 10:27:41.423354-03:00,0800072-61.2026.8.14.0006,SOBREPARTILHA (48),MAYANA BARROS JORGE JOAO
CÍVEL,ANANINDEUA,NÚCLEO DE PREVENÇÃO E ENFRENTAMENTO À VIOLÊNCIA DE GÊNERO - ANANINDEUA,2026-01-05 10:59:14.065143-03:00,0800082-08.2026.8.14.0006,PROCEDIMENTO COMUM CÍVEL (7),MAYANA BARROS JORGE JOAO
CÍVEL,ANANINDEUA,NÚCLEO DE PREVENÇÃO E ENFRENTAMENTO À VIOLÊNCIA DE GÊNERO - ANANINDEUA,2026-01-05 14:20:01.611071-03:00,0800126-27.2026.8.14.0006,DIVÓRCIO LITIGIOSO (12541),MAYANA BARROS JORGE JOAO
CÍVEL,ANANINDEUA,NÚCLEO DE PREVENÇÃO E ENFRENTAMENTO À VIOLÊNCIA DE GÊNERO - ANANINDEUA,2026-01-05 14:27:15.857899-03:00,0800093-37.2026.8.14.0006,GUARDA DE INFÂNCIA E JUVENTUDE (1420),MAYANA BARROS JORGE JOAO
CÍVEL,ANANINDEUA,NÚCLEO DE PREVENÇÃO E ENFRENTAMENTO À VIOLÊNCIA DE GÊNERO - ANANINDEUA,2026-01-05 14:37:19.626151-03:00,0800096-89.2026.8.14.0006,GUARDA DE INFÂNCIA E JUVENTUDE (1420),MAYANA BARROS JORGE JOAO
CÍVEL,ANANINDEUA,NÚCLEO DE PREVENÇÃO E ENFRENTAMENTO À VIOLÊNCIA DE GÊNERO - ANANINDEUA,2026-01-07 12:40:31.440293-03:00,0800244-03.2026.8.14.0006,PROCEDIMENTO COMUM CÍVEL (7),ISABELE CASTRO DA SILVA LIMA
CÍVEL,ANANINDEUA,NÚCLEO DE PREVENÇÃO E ENFRENTAMENTO À VIOLÊNCIA DE GÊNERO - ANANINDEUA,2026-01-08 10:51:30.676941-03:00,0801633-23.2026.8.14.0006,GUARDA DE INFÂNCIA E JUVENTUDE (1420),ISABELE CASTRO DA SILVA LIMA
CÍVEL,ANANINDEUA,NÚCLEO DE PREVENÇÃO E ENFRENTAMENTO À VIOLÊNCIA DE GÊNERO - ANANINDEUA,2026-01-08 11:50:51.460872-03:00,0801919-98.2026.8.14.0006,CUMPRIMENTO DE SENTENÇA (156),MAYANA BARROS JORGE JOAO
CÍVEL,ANANINDEUA,NÚCLEO DE PREVENÇÃO E ENFRENTAMENTO À VIOLÊNCIA DE GÊNERO - ANANINDEUA,2026-01-08 12:51:27.853308-03:00,0800636-40.2026.8.14.0006,GUARDA DE INFÂNCIA E JUVENTUDE (1420),ISABELE CASTRO DA SILVA LIMA
CÍVEL,ANANINDEUA,NÚCLEO DE PREVENÇÃO E ENFRENTAMENTO À VIOLÊNCIA DE GÊNERO - ANANINDEUA,2026-01-12 11:28:20.164993-03:00,0801037-39.2026.8.14.0006,DIVÓRCIO LITIGIOSO (12541),ISABELE CASTRO DA SILVA LIMA
CÍVEL,ANANINDEUA,NÚCLEO DE PREVENÇÃO E ENFRENTAMENTO À VIOLÊNCIA DE GÊNERO - ANANINDEUA,2026-01-12 12:49:58.957630-03:00,0800626-93.2026.8.14.0006,DIVÓRCIO CONSENSUAL (12372),MAYANA BARROS JORGE JOAO
CÍVEL,ANANINDEUA,NÚCLEO DE PREVENÇÃO E ENFRENTAMENTO À VIOLÊNCIA DE GÊNERO - ANANINDEUA,2026-01-13 09:12:45.969606-03:00,0801920-83.2026.8.14.0006,DIVÓRCIO LITIGIOSO (12541),MAYANA BARROS JORGE JOAO
CÍVEL,ANANINDEUA,NÚCLEO DE PREVENÇÃO E ENFRENTAMENTO À VIOLÊNCIA DE GÊNERO - ANANINDEUA,2026-01-13 11:20:59.039171-03:00,0800618-19.2026.8.14.0006,DIVÓRCIO CONSENSUAL (12372),ISABELE CASTRO DA SILVA LIMA
CÍVEL,ANANINDEUA,NÚCLEO DE PREVENÇÃO E ENFRENTAMENTO À VIOLÊNCIA DE GÊNERO - ANANINDEUA,2026-01-13 12:44:30.650061-03:00,0800637-25.2026.8.14.0006,GUARDA DE INFÂNCIA E JUVENTUDE (1420),ISABELE CASTRO DA SILVA LIMA
CÍVEL,ANANINDEUA,NÚCLEO DE PREVENÇÃO E ENFRENTAMENTO À VIOLÊNCIA DE GÊNERO - ANANINDEUA,2026-01-13 12:55:48.998791-03:00,0800635-55.2026.8.14.0006,DIVÓRCIO LITIGIOSO (12541),ISABELE CASTRO DA SILVA LIMA
CÍVEL,ANANINDEUA,NÚCLEO DE PREVENÇÃO E ENFRENTAMENTO À VIOLÊNCIA DE GÊNERO - ANANINDEUA,2026-01-13 16:26:16.850534-03:00,0800042-93.2026.8.14.0501,GUARDA DE INFÂNCIA E JUVENTUDE (1420),MAYANA BARROS JORGE JOAO
CÍVEL,ANANINDEUA,NÚCLEO DE PREVENÇÃO E ENFRENTAMENTO À VIOLÊNCIA DE GÊNERO - ANANINDEUA,2026-01-14 09:45:20.716677-03:00,0801046-98.2026.8.14.0006,PROCEDIMENTO COMUM CÍVEL (7),ISABELE CASTRO DA SILVA LIMA
CÍVEL,ANANINDEUA,NÚCLEO DE PREVENÇÃO E ENFRENTAMENTO À VIOLÊNCIA DE GÊNERO - ANANINDEUA,2026-01-14 09:49:47.800390-03:00,0801395-04.2026.8.14.0006,DIVÓRCIO LITIGIOSO (12541),ISABELE CASTRO DA SILVA LIMA
CÍVEL,ANANINDEUA,NÚCLEO DE PREVENÇÃO E ENFRENTAMENTO À VIOLÊNCIA DE GÊNERO - ANANINDEUA,2026-01-14 10:37:56.647139-03:00,0800834-77.2026.8.14.0006,PROCEDIMENTO COMUM CÍVEL (7),ISABELE CASTRO DA SILVA LIMA
CÍVEL,ANANINDEUA,NÚCLEO DE PREVENÇÃO E ENFRENTAMENTO À VIOLÊNCIA DE GÊNERO - ANANINDEUA,2026-01-14 12:54:46.372673-03:00,0800829-55.2026.8.14.0006,DIVÓRCIO LITIGIOSO (12541),ISABELE CASTRO DA SILVA LIMA
CÍVEL,ANANINDEUA,NÚCLEO DE PREVENÇÃO E ENFRENTAMENTO À VIOLÊNCIA DE GÊNERO - ANANINDEUA,2026-01-15 11:39:09.522091-03:00,0801390-79.2026.8.14.0006,GUARDA DE INFÂNCIA E JUVENTUDE (1420),ISABELE CASTRO DA SILVA LIMA
CÍVEL,ANANINDEUA,NÚCLEO DE PREVENÇÃO E ENFRENTAMENTO À VIOLÊNCIA DE GÊNERO - ANANINDEUA,2026-01-15 11:55:33.583052-03:00,0801392-49.2026.8.14.0006,GUARDA DE INFÂNCIA E JUVENTUDE (1420),ISABELE CASTRO DA SILVA LIMA
CÍVEL,ANANINDEUA,NÚCLEO DE PREVENÇÃO E ENFRENTAMENTO À VIOLÊNCIA DE GÊNERO - ANANINDEUA,2026-01-15 11:59:10.574217-03:00,0801026-10.2026.8.14.0006,GUARDA DE INFÂNCIA E JUVENTUDE (1420),ISABELE CASTRO DA SILVA LIMA
CÍVEL,ANANINDEUA,NÚCLEO DE PREVENÇÃO E ENFRENTAMENTO À VIOLÊNCIA DE GÊNERO - ANANINDEUA,2026-01-19 09:11:00.918849-03:00,0801047-83.2026.8.14.0006,GUARDA DE INFÂNCIA E JUVENTUDE (1420),ISABELE CASTRO DA SILVA LIMA
CÍVEL,ANANINDEUA,NÚCLEO DE PREVENÇÃO E ENFRENTAMENTO À VIOLÊNCIA DE GÊNERO - ANANINDEUA,2026-01-19 12:54:02.574291-03:00,0801070-29.2026.8.14.0006,GUARDA DE INFÂNCIA E JUVENTUDE (1420),ISABELE CASTRO DA SILVA LIMA
CÍVEL,ANANINDEUA,NÚCLEO DE PREVENÇÃO E ENFRENTAMENTO À VIOLÊNCIA DE GÊNERO - ANANINDEUA,2026-01-20 12:33:38.853428-03:00,0801271-21.2026.8.14.0006,PROCEDIMENTO COMUM CÍVEL (7),ISABELE CASTRO DA SILVA LIMA
CÍVEL,ANANINDEUA,NÚCLEO DE PREVENÇÃO E ENFRENTAMENTO À VIOLÊNCIA DE GÊNERO - ANANINDEUA,2026-01-20 13:22:49.137453-03:00,0801921-68.2026.8.14.0006,DIVÓRCIO LITIGIOSO (12541),MAYANA BARROS JORGE JOAO
CÍVEL,ANANINDEUA,NÚCLEO DE PREVENÇÃO E ENFRENTAMENTO À VIOLÊNCIA DE GÊNERO - ANANINDEUA,2026-01-20 13:29:23.152980-03:00,0801261-74.2026.8.14.0006,DIVÓRCIO CONSENSUAL (12372),ISABELE CASTRO DA SILVA LIMA
CÍVEL,ANANINDEUA,NÚCLEO DE PREVENÇÃO E ENFRENTAMENTO À VIOLÊNCIA DE GÊNERO - ANANINDEUA,2026-01-21 11:55:11.150413-03:00,0801635-90.2026.8.14.0006,GUARDA DE INFÂNCIA E JUVENTUDE (1420),ISABELE CASTRO DA SILVA LIMA
CÍVEL,ANANINDEUA,NÚCLEO DE PREVENÇÃO E ENFRENTAMENTO À VIOLÊNCIA DE GÊNERO - ANANINDEUA,2026-01-21 13:01:27.321582-03:00,0801639-30.2026.8.14.0006,DIVÓRCIO LITIGIOSO (12541),ISABELE CASTRO DA SILVA LIMA
CÍVEL,ANANINDEUA,NÚCLEO DE PREVENÇÃO E ENFRENTAMENTO À VIOLÊNCIA DE GÊNERO - ANANINDEUA,2026-01-21 13:54:43.501241-03:00,0801644-52.2026.8.14.0006,GUARDA DE INFÂNCIA E JUVENTUDE (1420),ISABELE CASTRO DA SILVA LIMA
CÍVEL,ANANINDEUA,NÚCLEO DE PREVENÇÃO E ENFRENTAMENTO À VIOLÊNCIA DE GÊNERO - ANANINDEUA,2026-01-22 13:05:05.967717-03:00,0801636-75.2026.8.14.0006,GUARDA DE INFÂNCIA E JUVENTUDE (1420),ISABELE CASTRO DA SILVA LIMA
CÍVEL,ANANINDEUA,NÚCLEO DE PREVENÇÃO E ENFRENTAMENTO À VIOLÊNCIA DE GÊNERO - ANANINDEUA,2026-01-23 10:22:03.874725-03:00,0801634-08.2026.8.14.0006,GUARDA DE INFÂNCIA E JUVENTUDE (1420),ISABELE CASTRO DA SILVA LIMA
CÍVEL,ANANINDEUA,NÚCLEO DE PREVENÇÃO E ENFRENTAMENTO À VIOLÊNCIA DE GÊNERO - ANANINDEUA,2026-01-23 11:13:40.457175-03:00,0801645-37.2026.8.14.0006,GUARDA DE INFÂNCIA E JUVENTUDE (1420),ISABELE CASTRO DA SILVA LIMA
CÍVEL,ANANINDEUA,NÚCLEO DE PREVENÇÃO E ENFRENTAMENTO À VIOLÊNCIA DE GÊNERO - ANANINDEUA,2026-01-23 12:20:37.918256-03:00,0801654-96.2026.8.14.0006,GUARDA DE INFÂNCIA E JUVENTUDE (1420),ISABELE CASTRO DA SILVA LIMA
CÍVEL,ANANINDEUA,NÚCLEO DE PREVENÇÃO E ENFRENTAMENTO À VIOLÊNCIA DE GÊNERO - ANANINDEUA,2026-01-23 12:27:48.715674-03:00,0801650-59.2026.8.14.0006,GUARDA DE INFÂNCIA E JUVENTUDE (1420),ISABELE CASTRO DA SILVA LIMA
CÍVEL,ANANINDEUA,NÚCLEO DE PREVENÇÃO E ENFRENTAMENTO À VIOLÊNCIA DE GÊNERO - ANANINDEUA,2026-01-26 10:29:12.892380-03:00,0801938-07.2026.8.14.0006,DIVÓRCIO LITIGIOSO (12541),MAYANA BARROS JORGE JOAO
CÍVEL,ANANINDEUA,NÚCLEO DE PREVENÇÃO E ENFRENTAMENTO À VIOLÊNCIA DE GÊNERO - ANANINDEUA,2026-01-26 10:54:43.200792-03:00,0801641-97.2026.8.14.0006,PROCEDIMENTO COMUM CÍVEL (7),MAYANA BARROS JORGE JOAO
CÍVEL,ANANINDEUA,NÚCLEO DE PREVENÇÃO E ENFRENTAMENTO À VIOLÊNCIA DE GÊNERO - ANANINDEUA,2026-01-27 11:32:59.079012-03:00,0802965-25.2026.8.14.0006,PROCEDIMENTO COMUM CÍVEL (7),MAYANA BARROS JORGE JOAO
CÍVEL,ANANINDEUA,NÚCLEO DE PREVENÇÃO E ENFRENTAMENTO À VIOLÊNCIA DE GÊNERO - ANANINDEUA,2026-01-28 11:40:41.604301-03:00,0803193-97.2026.8.14.0006,DIVÓRCIO LITIGIOSO (12541),MAYANA BARROS JORGE JOAO
CÍVEL,ANANINDEUA,NÚCLEO DE PREVENÇÃO E ENFRENTAMENTO À VIOLÊNCIA DE GÊNERO - ANANINDEUA,2026-01-28 12:11:24.389563-03:00,0803205-14.2026.8.14.0006,GUARDA DE INFÂNCIA E JUVENTUDE (1420),MAYANA BARROS JORGE JOAO
CÍVEL,ANANINDEUA,NÚCLEO DE PREVENÇÃO E ENFRENTAMENTO À VIOLÊNCIA DE GÊNERO - ANANINDEUA,2026-01-30 11:29:07.776629-03:00,0803220-80.2026.8.14.0006,PROCEDIMENTO COMUM CÍVEL (7),MAYANA BARROS JORGE JOAO
CÍVEL,ANANINDEUA,NÚCLEO DE PREVENÇÃO E ENFRENTAMENTO À VIOLÊNCIA DE GÊNERO - ANANINDEUA,2026-01-30 13:05:16.345627-03:00,0803433-86.2026.8.14.0006,ALIMENTOS - LEI ESPECIAL Nº 5.478/68 (69),MAYANA BARROS JORGE JOAO
CÍVEL,ANANINDEUA,NÚCLEO DE PREVENÇÃO E ENFRENTAMENTO À VIOLÊNCIA DE GÊNERO - ANANINDEUA,2026-02-03 09:54:58.524102-03:00,0803731-78.2026.8.14.0006,GUARDA DE INFÂNCIA E JUVENTUDE (1420),MAYANA BARROS JORGE JOAO
CÍVEL,ANANINDEUA,NÚCLEO DE PREVENÇÃO E ENFRENTAMENTO À VIOLÊNCIA DE GÊNERO - ANANINDEUA,2026-02-03 13:41:12.941378-03:00,0803437-26.2026.8.14.0006,GUARDA DE INFÂNCIA E JUVENTUDE (1420),MAYANA BARROS JORGE JOAO
CÍVEL,ANANINDEUA,NÚCLEO DE PREVENÇÃO E ENFRENTAMENTO À VIOLÊNCIA DE GÊNERO - ANANINDEUA,2026-02-04 13:53:41.263275-03:00,0805435-29.2026.8.14.0006,ALIMENTOS - LEI ESPECIAL Nº 5.478/68 (69),MAYANA BARROS JORGE JOAO
CÍVEL,ANANINDEUA,NÚCLEO DE PREVENÇÃO E ENFRENTAMENTO À VIOLÊNCIA DE GÊNERO - ANANINDEUA,2026-02-06 12:13:58.527692-03:00,0802970-47.2026.8.14.0006,DIVÓRCIO LITIGIOSO (12541),MAYANA BARROS JORGE JOAO
CÍVEL,ANANINDEUA,NÚCLEO DE PREVENÇÃO E ENFRENTAMENTO À VIOLÊNCIA DE GÊNERO - ANANINDEUA,2026-02-06 12:17:34.814173-03:00,0803447-70.2026.8.14.0006,GUARDA DE INFÂNCIA E JUVENTUDE (1420),MAYANA BARROS JORGE JOAO
CÍVEL,ANANINDEUA,NÚCLEO DE PREVENÇÃO E ENFRENTAMENTO À VIOLÊNCIA DE GÊNERO - ANANINDEUA,2026-02-06 13:00:47.855097-03:00,0803436-41.2026.8.14.0006,PROCEDIMENTO COMUM CÍVEL (7),MAYANA BARROS JORGE JOAO
CÍVEL,ANANINDEUA,NÚCLEO DE PREVENÇÃO E ENFRENTAMENTO À VIOLÊNCIA DE GÊNERO - ANANINDEUA,2026-02-09 11:23:44.380945-03:00,0802984-31.2026.8.14.0006,ALIMENTOS - LEI ESPECIAL Nº 5.478/68 (69),MAYANA BARROS JORGE JOAO
CÍVEL,ANANINDEUA,NÚCLEO DE PREVENÇÃO E ENFRENTAMENTO À VIOLÊNCIA DE GÊNERO - ANANINDEUA,2026-02-13 11:29:35.861287-03:00,0800718-62.2026.8.14.0009,INTERDIÇÃO/CURATELA (58),MAYANA BARROS JORGE JOAO
CÍVEL,ANANINDEUA,NÚCLEO DE PREVENÇÃO E ENFRENTAMENTO À VIOLÊNCIA DE GÊNERO - ANANINDEUA,2026-02-13 13:22:50.928119-03:00,0805006-62.2026.8.14.0006,DIVÓRCIO CONSENSUAL (12372),MAYANA BARROS JORGE JOAO
CÍVEL,ANANINDEUA,NÚCLEO DE PREVENÇÃO E ENFRENTAMENTO À VIOLÊNCIA DE GÊNERO - ANANINDEUA,2026-02-24 12:04:36.423239-03:00,0805539-21.2026.8.14.0006,ALIMENTOS - LEI ESPECIAL Nº 5.478/68 (69),MAYANA BARROS JORGE JOAO
CÍVEL,ANANINDEUA,NÚCLEO DE PREVENÇÃO E ENFRENTAMENTO À VIOLÊNCIA DE GÊNERO - ANANINDEUA,2026-02-25 08:58:58.180272-03:00,0804999-70.2026.8.14.0006,PROCEDIMENTO COMUM CÍVEL (7),MAYANA BARROS JORGE JOAO
CÍVEL,ANANINDEUA,NÚCLEO DE PREVENÇÃO E ENFRENTAMENTO À VIOLÊNCIA DE GÊNERO - ANANINDEUA,2026-02-25 09:00:24.234556-03:00,0805543-58.2026.8.14.0006,PROCEDIMENTO COMUM CÍVEL (7),MAYANA BARROS JORGE JOAO
CÍVEL,ANANINDEUA,NÚCLEO DE PREVENÇÃO E ENFRENTAMENTO À VIOLÊNCIA DE GÊNERO - ANANINDEUA,2026-02-25 10:18:55.462775-03:00,0804912-17.2026.8.14.0006,PROCEDIMENTO COMUM CÍVEL (7),MAYANA BARROS JORGE JOAO
CÍVEL,ANANINDEUA,NÚCLEO DE PREVENÇÃO E ENFRENTAMENTO À VIOLÊNCIA DE GÊNERO - ANANINDEUA,2026-02-25 11:56:48.069897-03:00,0804915-69.2026.8.14.0006,PROCEDIMENTO COMUM CÍVEL (7),MAYANA BARROS JORGE JOAO
CÍVEL,ANANINDEUA,NÚCLEO DE PREVENÇÃO E ENFRENTAMENTO À VIOLÊNCIA DE GÊNERO - ANANINDEUA,2026-02-27 14:04:05.926525-03:00,0804913-02.2026.8.14.0006,PROCEDIMENTO COMUM CÍVEL (7),MAYANA BARROS JORGE JOAO
CÍVEL,ANANINDEUA,NÚCLEO DE PREVENÇÃO E ENFRENTAMENTO À VIOLÊNCIA DE GÊNERO - ANANINDEUA,2026-02-28 11:11:57.401828-03:00,0804790-04.2026.8.14.0006,ALIMENTOS - LEI ESPECIAL Nº 5.478/68 (69),MAYANA BARROS JORGE JOAO
CÍVEL,ANANINDEUA,NÚCLEO DE PREVENÇÃO E ENFRENTAMENTO À VIOLÊNCIA DE GÊNERO - ANANINDEUA,2026-02-28 11:43:28.373012-03:00,0804791-86.2026.8.14.0006,ALIMENTOS - LEI ESPECIAL Nº 5.478/68 (69),MAYANA BARROS JORGE JOAO
CÍVEL,ANANINDEUA,NÚCLEO DE PREVENÇÃO E ENFRENTAMENTO À VIOLÊNCIA DE GÊNERO - ANANINDEUA,2026-02-28 12:31:43.549453-03:00,0804815-17.2026.8.14.0006,PROCEDIMENTO COMUM CÍVEL (7),MAYANA BARROS JORGE JOAO
CÍVEL,ANANINDEUA,NÚCLEO DE PREVENÇÃO E ENFRENTAMENTO À VIOLÊNCIA DE GÊNERO - ANANINDEUA,2026-03-05 10:03:11.606438-03:00,0806073-62.2026.8.14.0006,DIVÓRCIO LITIGIOSO (12541),MAYANA BARROS JORGE JOAO
CÍVEL,ANANINDEUA,NÚCLEO DE PREVENÇÃO E ENFRENTAMENTO À VIOLÊNCIA DE GÊNERO - ANANINDEUA,2026-03-05 11:11:38.366899-03:00,0805586-92.2026.8.14.0006,ALIMENTOS - LEI ESPECIAL Nº 5.478/68 (69),MAYANA BARROS JORGE JOAO
CÍVEL,ANANINDEUA,NÚCLEO DE PREVENÇÃO E ENFRENTAMENTO À VIOLÊNCIA DE GÊNERO - ANANINDEUA,2026-03-05 11:38:27.345380-03:00,0805916-89.2026.8.14.0006,PROCEDIMENTO COMUM CÍVEL (7),MAYANA BARROS JORGE JOAO
CÍVEL,ANANINDEUA,NÚCLEO DE PREVENÇÃO E ENFRENTAMENTO À VIOLÊNCIA DE GÊNERO - ANANINDEUA,2026-03-05 12:19:37.568893-03:00,0805619-82.2026.8.14.0006,DIVÓRCIO LITIGIOSO (12541),MAYANA BARROS JORGE JOAO
CÍVEL,ANANINDEUA,NÚCLEO DE PREVENÇÃO E ENFRENTAMENTO À VIOLÊNCIA DE GÊNERO - ANANINDEUA,2026-03-06 09:43:15.236714-03:00,0805588-62.2026.8.14.0006,RETIFICAÇÃO OU SUPRIMENTO OU RESTAURAÇÃO DE REGISTRO CIVIL (1682),MAYANA BARROS JORGE JOAO
CÍVEL,ANANINDEUA,NÚCLEO DE PREVENÇÃO E ENFRENTAMENTO À VIOLÊNCIA DE GÊNERO - ANANINDEUA,2026-03-06 10:26:28.812223-03:00,0807453-23.2026.8.14.0006,PROCEDIMENTO COMUM CÍVEL (7),MAYANA BARROS JORGE JOAO
CÍVEL,ANANINDEUA,NÚCLEO DE PREVENÇÃO E ENFRENTAMENTO À VIOLÊNCIA DE GÊNERO - ANANINDEUA,2026-03-06 10:41:20.850487-03:00,0806994-21.2026.8.14.0006,PROCEDIMENTO COMUM CÍVEL (7),MAYANA BARROS JORGE JOAO
CÍVEL,ANANINDEUA,NÚCLEO DE PREVENÇÃO E ENFRENTAMENTO À VIOLÊNCIA DE GÊNERO - ANANINDEUA,2026-03-06 13:54:51.869431-03:00,0806995-06.2026.8.14.0006,PROCEDIMENTO COMUM CÍVEL (7),MAYANA BARROS JORGE JOAO
CÍVEL,ANANINDEUA,NÚCLEO DE PREVENÇÃO E ENFRENTAMENTO À VIOLÊNCIA DE GÊNERO - ANANINDEUA,2026-03-09 09:10:06.585198-03:00,0805549-65.2026.8.14.0006,DIVÓRCIO LITIGIOSO (12541),MAYANA BARROS JORGE JOAO
CÍVEL,ANANINDEUA,NÚCLEO DE PREVENÇÃO E ENFRENTAMENTO À VIOLÊNCIA DE GÊNERO - ANANINDEUA,2026-03-10 10:21:31.449348-03:00,0809527-50.2026.8.14.0006,PROCEDIMENTO COMUM CÍVEL (7),MAYANA BARROS JORGE JOAO
CÍVEL,ANANINDEUA,NÚCLEO DE PREVENÇÃO E ENFRENTAMENTO À VIOLÊNCIA DE GÊNERO - ANANINDEUA,2026-03-10 11:47:58.071043-03:00,0807004-65.2026.8.14.0006,SOBREPARTILHA (48),MAYANA BARROS JORGE JOAO
CÍVEL,ANANINDEUA,NÚCLEO DE PREVENÇÃO E ENFRENTAMENTO À VIOLÊNCIA DE GÊNERO - ANANINDEUA,2026-03-10 12:55:05.259922-03:00,0806141-12.2026.8.14.0006,DIVÓRCIO LITIGIOSO (12541),MAYANA BARROS JORGE JOAO
CÍVEL,ANANINDEUA,NÚCLEO DE PREVENÇÃO E ENFRENTAMENTO À VIOLÊNCIA DE GÊNERO - ANANINDEUA,2026-03-10 13:09:14.672393-03:00,0807066-08.2026.8.14.0006,DIVÓRCIO LITIGIOSO (12541),MAYANA BARROS JORGE JOAO
CÍVEL,ANANINDEUA,NÚCLEO DE PREVENÇÃO E ENFRENTAMENTO À VIOLÊNCIA DE GÊNERO - ANANINDEUA,2026-03-10 13:48:13.555039-03:00,0807002-95.2026.8.14.0006,DIVÓRCIO LITIGIOSO (12541),MAYANA BARROS JORGE JOAO
CÍVEL,ANANINDEUA,NÚCLEO DE PREVENÇÃO E ENFRENTAMENTO À VIOLÊNCIA DE GÊNERO - ANANINDEUA,2026-03-11 09:52:33.163380-03:00,0807455-90.2026.8.14.0006,PROCEDIMENTO COMUM CÍVEL (7),MAYANA BARROS JORGE JOAO
CÍVEL,ANANINDEUA,NÚCLEO DE PREVENÇÃO E ENFRENTAMENTO À VIOLÊNCIA DE GÊNERO - ANANINDEUA,2026-03-12 11:25:14.254127-03:00,0805755-79.2026.8.14.0006,ALIMENTOS - LEI ESPECIAL Nº 5.478/68 (69),MAYANA BARROS JORGE JOAO
CÍVEL,ANANINDEUA,NÚCLEO DE PREVENÇÃO E ENFRENTAMENTO À VIOLÊNCIA DE GÊNERO - ANANINDEUA,2026-03-17 12:31:18.423398-03:00,0807081-74.2026.8.14.0006,PROCEDIMENTO COMUM CÍVEL (7),MAYANA BARROS JORGE JOAO
CÍVEL,ANANINDEUA,NÚCLEO DE PREVENÇÃO E ENFRENTAMENTO À VIOLÊNCIA DE GÊNERO - ANANINDEUA,2026-03-18 12:44:16.530288-03:00,0807086-96.2026.8.14.0006,PROCEDIMENTO COMUM CÍVEL (7),MAYANA BARROS JORGE JOAO
CÍVEL,ANANINDEUA,NÚCLEO DE PREVENÇÃO E ENFRENTAMENTO À VIOLÊNCIA DE GÊNERO - ANANINDEUA,2026-03-18 13:30:58.947254-03:00,0806306-59.2026.8.14.0006,ALIMENTOS - LEI ESPECIAL Nº 5.478/68 (69),MAYANA BARROS JORGE JOAO
CÍVEL,ANANINDEUA,NÚCLEO DE PREVENÇÃO E ENFRENTAMENTO À VIOLÊNCIA DE GÊNERO - ANANINDEUA,2026-03-19 11:52:32.731409-03:00,0807458-45.2026.8.14.0006,PROCEDIMENTO COMUM CÍVEL (7),MAYANA BARROS JORGE JOAO
CÍVEL,ANANINDEUA,NÚCLEO DE PREVENÇÃO E ENFRENTAMENTO À VIOLÊNCIA DE GÊNERO - ANANINDEUA,2026-03-20 09:34:22.357331-03:00,0807596-12.2026.8.14.0006,PROCEDIMENTO COMUM CÍVEL (7),MAYANA BARROS JORGE JOAO
CÍVEL,ANANINDEUA,NÚCLEO DE PREVENÇÃO E ENFRENTAMENTO À VIOLÊNCIA DE GÊNERO - ANANINDEUA,2026-03-24 08:54:25.577778-03:00,0807598-79.2026.8.14.0006,CUMPRIMENTO DE SENTENÇA (156),MAYANA BARROS JORGE JOAO
CÍVEL,ANANINDEUA,NÚCLEO DE PREVENÇÃO E ENFRENTAMENTO À VIOLÊNCIA DE GÊNERO - ANANINDEUA,2026-03-24 09:00:41.193407-03:00,0807601-34.2026.8.14.0006,CUMPRIMENTO DE SENTENÇA (156),MAYANA BARROS JORGE JOAO
CÍVEL,ANANINDEUA,NÚCLEO DE PREVENÇÃO E ENFRENTAMENTO À VIOLÊNCIA DE GÊNERO - ANANINDEUA,2026-03-25 12:03:19.905447-03:00,0807824-84.2026.8.14.0006,PROCEDIMENTO COMUM CÍVEL (7),MAYANA BARROS JORGE JOAO
CÍVEL,ANANINDEUA,NÚCLEO DE PREVENÇÃO E ENFRENTAMENTO À VIOLÊNCIA DE GÊNERO - ANANINDEUA,2026-03-25 12:45:25.801210-03:00,0807003-80.2026.8.14.0006,DIVÓRCIO LITIGIOSO (12541),MAYANA BARROS JORGE JOAO
CÍVEL,ANANINDEUA,NÚCLEO DE PREVENÇÃO E ENFRENTAMENTO À VIOLÊNCIA DE GÊNERO - ANANINDEUA,2026-03-25 12:54:12.671705-03:00,0807605-71.2026.8.14.0006,DIVÓRCIO LITIGIOSO (12541),MAYANA BARROS JORGE JOAO
CÍVEL,ANANINDEUA,NÚCLEO DE PREVENÇÃO E ENFRENTAMENTO À VIOLÊNCIA DE GÊNERO - ANANINDEUA,2026-03-25 13:29:12.953241-03:00,0809530-05.2026.8.14.0006,ALIMENTOS - LEI ESPECIAL Nº 5.478/68 (69),MAYANA BARROS JORGE JOAO
CÍVEL,ANANINDEUA,NÚCLEO DE PREVENÇÃO E ENFRENTAMENTO À VIOLÊNCIA DE GÊNERO - ANANINDEUA,2026-03-26 11:54:11.859053-03:00,0807767-66.2026.8.14.0006,PROCEDIMENTO COMUM CÍVEL (7),MAYANA BARROS JORGE JOAO
CÍVEL,ANANINDEUA,NÚCLEO DE PREVENÇÃO E ENFRENTAMENTO À VIOLÊNCIA DE GÊNERO - ANANINDEUA,2026-03-30 09:02:08.324694-03:00,0807821-32.2026.8.14.0006,PROCEDIMENTO COMUM CÍVEL (7),MAYANA BARROS JORGE JOAO
CÍVEL,ANANINDEUA,NÚCLEO DE PREVENÇÃO E ENFRENTAMENTO À VIOLÊNCIA DE GÊNERO - ANANINDEUA,2026-03-30 11:44:17.714395-03:00,0807842-08.2026.8.14.0006,PROCEDIMENTO COMUM CÍVEL (7),MAYANA BARROS JORGE JOAO
CÍVEL,ANANINDEUA,NÚCLEO DE PREVENÇÃO E ENFRENTAMENTO À VIOLÊNCIA DE GÊNERO - ANANINDEUA,2026-03-30 12:28:59.697574-03:00,0807621-25.2026.8.14.0006,DIVÓRCIO LITIGIOSO (12541),MAYANA BARROS JORGE JOAO
CÍVEL,ANANINDEUA,NÚCLEO DE PREVENÇÃO E ENFRENTAMENTO À VIOLÊNCIA DE GÊNERO - ANANINDEUA,2026-03-31 08:57:12.828715-03:00,0807847-30.2026.8.14.0006,PROCEDIMENTO COMUM CÍVEL (7),MAYANA BARROS JORGE JOAO
CÍVEL,ANANINDEUA,NÚCLEO DE PREVENÇÃO E ENFRENTAMENTO À VIOLÊNCIA DE GÊNERO - ANANINDEUA,2026-03-31 12:27:15.841927-03:00,0808516-83.2026.8.14.0006,PROCEDIMENTO COMUM CÍVEL (7),MAYANA BARROS JORGE JOAO
CÍVEL,ANANINDEUA,NÚCLEO DE PREVENÇÃO E ENFRENTAMENTO À VIOLÊNCIA DE GÊNERO - ANANINDEUA,2026-03-31 13:13:36.731520-03:00,0809533-57.2026.8.14.0006,PROCEDIMENTO COMUM CÍVEL (7),MAYANA BARROS JORGE JOAO
CÍVEL,ANANINDEUA,NÚCLEO DE PREVENÇÃO E ENFRENTAMENTO À VIOLÊNCIA DE GÊNERO - ANANINDEUA,2026-03-31 13:20:52.895243-03:00,0808520-23.2026.8.14.0006,PROCEDIMENTO COMUM CÍVEL (7),MAYANA BARROS JORGE JOAO
CÍVEL,ANANINDEUA,NÚCLEO DE PREVENÇÃO E ENFRENTAMENTO À VIOLÊNCIA DE GÊNERO - ANANINDEUA,2026-04-01 08:36:55.695843-03:00,0809589-90.2026.8.14.0006,PROCEDIMENTO COMUM CÍVEL (7),MAYANA BARROS JORGE JOAO
CÍVEL,ANANINDEUA,NÚCLEO DE PREVENÇÃO E ENFRENTAMENTO À VIOLÊNCIA DE GÊNERO - ANANINDEUA,2026-04-01 09:24:27.510420-03:00,0808013-62.2026.8.14.0006,ALIMENTOS - LEI ESPECIAL Nº 5.478/68 (69),MAYANA BARROS JORGE JOAO
CÍVEL,ANANINDEUA,NÚCLEO DE PREVENÇÃO E ENFRENTAMENTO À VIOLÊNCIA DE GÊNERO - ANANINDEUA,2026-04-01 09:31:52.885001-03:00,0809678-16.2026.8.14.0006,PROCEDIMENTO COMUM CÍVEL (7),MAYANA BARROS JORGE JOAO
CÍVEL,ANANINDEUA,NÚCLEO DE PREVENÇÃO E ENFRENTAMENTO À VIOLÊNCIA DE GÊNERO - ANANINDEUA,2026-04-01 10:11:02.858277-03:00,0808002-33.2026.8.14.0006,DIVÓRCIO LITIGIOSO (12541),MAYANA BARROS JORGE JOAO
CÍVEL,ANANINDEUA,NÚCLEO DE PREVENÇÃO E ENFRENTAMENTO À VIOLÊNCIA DE GÊNERO - ANANINDEUA,2026-04-01 10:23:28.251874-03:00,0809536-12.2026.8.14.0006,PROCEDIMENTO COMUM CÍVEL (7),MAYANA BARROS JORGE JOAO
CÍVEL,ANANINDEUA,NÚCLEO DE PREVENÇÃO E ENFRENTAMENTO À VIOLÊNCIA DE GÊNERO - ANANINDEUA,2026-04-01 10:32:57.623649-03:00,0807950-37.2026.8.14.0006,PROCEDIMENTO COMUM CÍVEL (7),MAYANA BARROS JORGE JOAO
CÍVEL,ANANINDEUA,NÚCLEO DE PREVENÇÃO E ENFRENTAMENTO À VIOLÊNCIA DE GÊNERO - ANANINDEUA,2026-04-01 13:37:57.609167-03:00,0807957-29.2026.8.14.0006,DIVÓRCIO LITIGIOSO (12541),MAYANA BARROS JORGE JOAO
CÍVEL,ANANINDEUA,NÚCLEO DE PREVENÇÃO E ENFRENTAMENTO À VIOLÊNCIA DE GÊNERO - ANANINDEUA,2026-04-04 09:03:44.185248-03:00,0807766-81.2026.8.14.0006,ALIMENTOS - LEI ESPECIAL Nº 5.478/68 (69),MAYANA BARROS JORGE JOAO
CÍVEL,ANANINDEUA,NÚCLEO DE PREVENÇÃO E ENFRENTAMENTO À VIOLÊNCIA DE GÊNERO - ANANINDEUA,2026-04-07 12:42:50.260606-03:00,0807985-94.2026.8.14.0006,ALIMENTOS - LEI ESPECIAL Nº 5.478/68 (69),MAYANA BARROS JORGE JOAO
CÍVEL,ANANINDEUA,NÚCLEO DE PREVENÇÃO E ENFRENTAMENTO À VIOLÊNCIA DE GÊNERO - ANANINDEUA,2026-04-08 09:04:47.703333-03:00,0807960-81.2026.8.14.0006,DIVÓRCIO CONSENSUAL (12372),MAYANA BARROS JORGE JOAO
CÍVEL,ANANINDEUA,NÚCLEO DE PREVENÇÃO E ENFRENTAMENTO À VIOLÊNCIA DE GÊNERO - ANANINDEUA,2026-04-08 10:08:38.325088-03:00,0809590-75.2026.8.14.0006,PROCEDIMENTO COMUM CÍVEL (7),MAYANA BARROS JORGE JOAO
CÍVEL,ANANINDEUA,NÚCLEO DE PREVENÇÃO E ENFRENTAMENTO À VIOLÊNCIA DE GÊNERO - ANANINDEUA,2026-04-09 11:05:01.829204-03:00,0809684-23.2026.8.14.0006,PROCEDIMENTO COMUM CÍVEL (7),MAYANA BARROS JORGE JOAO
CÍVEL,ANANINDEUA,NÚCLEO DE PREVENÇÃO E ENFRENTAMENTO À VIOLÊNCIA DE GÊNERO - ANANINDEUA,2026-04-10 11:22:26.501017-03:00,0809694-67.2026.8.14.0006,PROCEDIMENTO COMUM CÍVEL (7),MAYANA BARROS JORGE JOAO
CÍVEL,ANANINDEUA,NÚCLEO DE PREVENÇÃO E ENFRENTAMENTO À VIOLÊNCIA DE GÊNERO - ANANINDEUA,2026-04-10 11:26:13.785128-03:00,0811087-27.2026.8.14.0006,PROCEDIMENTO COMUM CÍVEL (7),MAYANA BARROS JORGE JOAO
CÍVEL,ANANINDEUA,NÚCLEO DE PREVENÇÃO E ENFRENTAMENTO À VIOLÊNCIA DE GÊNERO - ANANINDEUA,2026-04-10 12:12:51.954030-03:00,0809846-18.2026.8.14.0006,DIVÓRCIO LITIGIOSO (12541),MAYANA BARROS JORGE JOAO
CÍVEL,ANANINDEUA,NÚCLEO DE PREVENÇÃO E ENFRENTAMENTO À VIOLÊNCIA DE GÊNERO - ANANINDEUA,2026-04-13 13:33:44.545433-03:00,0810615-26.2026.8.14.0006,DIVÓRCIO LITIGIOSO (12541),MAYANA BARROS JORGE JOAO
CÍVEL,ANANINDEUA,NÚCLEO DE PREVENÇÃO E ENFRENTAMENTO À VIOLÊNCIA DE GÊNERO - ANANINDEUA,2026-04-14 08:46:12.628811-03:00,0808517-68.2026.8.14.0006,PROCEDIMENTO COMUM CÍVEL (7),MAYANA BARROS JORGE JOAO
CÍVEL,ANANINDEUA,NÚCLEO DE PREVENÇÃO E ENFRENTAMENTO À VIOLÊNCIA DE GÊNERO - ANANINDEUA,2026-04-15 10:44:24.664400-03:00,0810395-28.2026.8.14.0006,PROCEDIMENTO COMUM CÍVEL (7),MAYANA BARROS JORGE JOAO
CÍVEL,ANANINDEUA,NÚCLEO DE PREVENÇÃO E ENFRENTAMENTO À VIOLÊNCIA DE GÊNERO - ANANINDEUA,2026-04-16 12:30:06.934255-03:00,0809794-22.2026.8.14.0006,CUMPRIMENTO DE SENTENÇA (156),MAYANA BARROS JORGE JOAO
CÍVEL,ANANINDEUA,NÚCLEO DE PREVENÇÃO E ENFRENTAMENTO À VIOLÊNCIA DE GÊNERO - ANANINDEUA,2026-04-16 12:36:49.662362-03:00,0809796-89.2026.8.14.0006,CUMPRIMENTO DE SENTENÇA (156),MAYANA BARROS JORGE JOAO
CÍVEL,ANANINDEUA,NÚCLEO DE PREVENÇÃO E ENFRENTAMENTO À VIOLÊNCIA DE GÊNERO - ANANINDEUA,2026-04-16 13:01:57.876651-03:00,0810417-86.2026.8.14.0006,PROCEDIMENTO COMUM CÍVEL (7),MAYANA BARROS JORGE JOAO
CÍVEL,ANANINDEUA,NÚCLEO DE PREVENÇÃO E ENFRENTAMENTO À VIOLÊNCIA DE GÊNERO - ANANINDEUA,2026-04-16 13:03:47.498192-03:00,0810419-56.2026.8.14.0006,PROCEDIMENTO COMUM CÍVEL (7),MAYANA BARROS JORGE JOAO
CÍVEL,ANANINDEUA,NÚCLEO DE PREVENÇÃO E ENFRENTAMENTO À VIOLÊNCIA DE GÊNERO - ANANINDEUA,2026-04-17 11:35:57.312479-03:00,0811062-14.2026.8.14.0006,DIVÓRCIO LITIGIOSO (12541),MAYANA BARROS JORGE JOAO
CÍVEL,ANANINDEUA,NÚCLEO DE PREVENÇÃO E ENFRENTAMENTO À VIOLÊNCIA DE GÊNERO - ANANINDEUA,2026-04-17 14:16:56.603990-03:00,0811059-59.2026.8.14.0006,PROCEDIMENTO COMUM CÍVEL (7),MAYANA BARROS JORGE JOAO
CÍVEL,ANANINDEUA,NÚCLEO DE PREVENÇÃO E ENFRENTAMENTO À VIOLÊNCIA DE GÊNERO - ANANINDEUA,2026-04-22 09:13:30.160369-03:00,0809695-52.2026.8.14.0006,PROCEDIMENTO COMUM CÍVEL (7),MAYANA BARROS JORGE JOAO
CÍVEL,ANANINDEUA,NÚCLEO DE PREVENÇÃO E ENFRENTAMENTO À VIOLÊNCIA DE GÊNERO - ANANINDEUA,2026-04-22 14:24:40.464352-03:00,0809720-65.2026.8.14.0006,PROCEDIMENTO COMUM CÍVEL (7),MAYANA BARROS JORGE JOAO
CÍVEL,ANANINDEUA,NÚCLEO DE PREVENÇÃO E ENFRENTAMENTO À VIOLÊNCIA DE GÊNERO - ANANINDEUA,2026-04-23 10:58:54.304354-03:00,0811086-42.2026.8.14.0006,PROCEDIMENTO COMUM CÍVEL (7),MAYANA BARROS JORGE JOAO
CÍVEL,ANANINDEUA,NÚCLEO DE PREVENÇÃO E ENFRENTAMENTO À VIOLÊNCIA DE GÊNERO - ANANINDEUA,2026-04-23 11:43:05.708981-03:00,0810610-04.2026.8.14.0006,DIVÓRCIO LITIGIOSO (12541),MAYANA BARROS JORGE JOAO
CÍVEL,ANANINDEUA,NÚCLEO DE PREVENÇÃO E ENFRENTAMENTO À VIOLÊNCIA DE GÊNERO - ANANINDEUA,2026-04-23 13:57:44.770141-03:00,0809797-74.2026.8.14.0006,DIVÓRCIO LITIGIOSO (12541),MAYANA BARROS JORGE JOAO
CÍVEL,ANANINDEUA,NÚCLEO DE PREVENÇÃO E ENFRENTAMENTO À VIOLÊNCIA DE GÊNERO - ANANINDEUA,2026-04-25 10:19:34.730132-03:00,0809715-43.2026.8.14.0006,CUMPRIMENTO DE SENTENÇA (156),MAYANA BARROS JORGE JOAO
CÍVEL,ANANINDEUA,NÚCLEO DE PREVENÇÃO E ENFRENTAMENTO À VIOLÊNCIA DE GÊNERO - ANANINDEUA,2026-04-25 11:00:56.223713-03:00,0809718-95.2026.8.14.0006,CUMPRIMENTO DE SENTENÇA (156),MAYANA BARROS JORGE JOAO
CÍVEL,ANANINDEUA,NÚCLEO DE PREVENÇÃO E ENFRENTAMENTO À VIOLÊNCIA DE GÊNERO - ANANINDEUA,2026-04-25 14:15:36.997345-03:00,0811057-89.2026.8.14.0006,DIVÓRCIO LITIGIOSO (12541),MAYANA BARROS JORGE JOAO
CÍVEL,ANANINDEUA,NÚCLEO DE PREVENÇÃO E ENFRENTAMENTO À VIOLÊNCIA DE GÊNERO - ANANINDEUA,2026-04-27 09:33:31.076046-03:00,0811053-52.2026.8.14.0006,PROCEDIMENTO COMUM CÍVEL (7),MAYANA BARROS JORGE JOAO
CÍVEL,ANANINDEUA,NÚCLEO DE PREVENÇÃO E ENFRENTAMENTO À VIOLÊNCIA DE GÊNERO - ANANINDEUA,2026-04-27 11:20:51.079743-03:00,0811056-07.2026.8.14.0006,PROCEDIMENTO COMUM CÍVEL (7),MAYANA BARROS JORGE JOAO
CÍVEL,ANANINDEUA,NÚCLEO DE PREVENÇÃO E ENFRENTAMENTO À VIOLÊNCIA DE GÊNERO - ANANINDEUA,2026-04-28 09:10:54.254475-03:00,0811049-15.2026.8.14.0006,PROCEDIMENTO COMUM CÍVEL (7),MAYANA BARROS JORGE JOAO
CÍVEL,ANANINDEUA,NÚCLEO DE PREVENÇÃO E ENFRENTAMENTO À VIOLÊNCIA DE GÊNERO - ANANINDEUA,2026-04-28 10:12:05.150661-03:00,0811055-22.2026.8.14.0006,PROCEDIMENTO COMUM CÍVEL (7),MAYANA BARROS JORGE JOAO
CÍVEL,ANANINDEUA,NÚCLEO DE PREVENÇÃO E ENFRENTAMENTO À VIOLÊNCIA DE GÊNERO - ANANINDEUA,2026-04-28 11:25:42.829348-03:00,0810420-41.2026.8.14.0006,INTERDIÇÃO/CURATELA (58),MAYANA BARROS JORGE JOAO
CÍVEL,ANANINDEUA,NÚCLEO DE PREVENÇÃO E ENFRENTAMENTO À VIOLÊNCIA DE GÊNERO - ANANINDEUA,2026-05-05 11:41:54.034194-03:00,0810377-07.2026.8.14.0006,PROCEDIMENTO COMUM CÍVEL (7),BIANCA DUARTE BRANCO CARIBE
CÍVEL,ANANINDEUA,NÚCLEO DE PREVENÇÃO E ENFRENTAMENTO À VIOLÊNCIA DE GÊNERO - ANANINDEUA,2026-05-06 10:46:40.912458-03:00,0811048-30.2026.8.14.0006,PROCEDIMENTO COMUM CÍVEL (7),MAYANA BARROS JORGE JOAO
CÍVEL,ANANINDEUA,NÚCLEO DE PREVENÇÃO E ENFRENTAMENTO À VIOLÊNCIA DE GÊNERO - ANANINDEUA,2026-05-07 09:22:14.481172-03:00,0810843-98.2026.8.14.0006,PROCEDIMENTO COMUM CÍVEL (7),BIANCA DUARTE BRANCO CARIBE
CÍVEL,ANANINDEUA,NÚCLEO DE PREVENÇÃO E ENFRENTAMENTO À VIOLÊNCIA DE GÊNERO - ANANINDEUA,2026-05-07 12:54:15.105906-03:00,0810850-90.2026.8.14.0006,PROCEDIMENTO COMUM CÍVEL (7),BIANCA DUARTE BRANCO CARIBE
CÍVEL,ANANINDEUA,NÚCLEO DE PREVENÇÃO E ENFRENTAMENTO À VIOLÊNCIA DE GÊNERO - ANANINDEUA,2026-05-12 08:15:00.231533-03:00,0811194-71.2026.8.14.0006,PROCEDIMENTO COMUM CÍVEL (7),BIANCA DUARTE BRANCO CARIBE
CÍVEL,ANANINDEUA,NÚCLEO DE PREVENÇÃO E ENFRENTAMENTO À VIOLÊNCIA DE GÊNERO - ANANINDEUA,2026-05-12 11:48:36.529445-03:00,0811189-49.2026.8.14.0006,PROCEDIMENTO COMUM CÍVEL (7),BIANCA DUARTE BRANCO CARIBE
CÍVEL,ANANINDEUA,NÚCLEO DE PREVENÇÃO E ENFRENTAMENTO À VIOLÊNCIA DE GÊNERO - ANANINDEUA,2026-05-12 11:58:25.247556-03:00,0811081-20.2026.8.14.0006,PROCEDIMENTO COMUM CÍVEL (7),BIANCA DUARTE BRANCO CARIBE
CÍVEL,ANANINDEUA,NÚCLEO DE PREVENÇÃO E ENFRENTAMENTO À VIOLÊNCIA DE GÊNERO - ANANINDEUA,2026-05-12 13:38:20.172204-03:00,0811079-50.2026.8.14.0006,PROCEDIMENTO COMUM CÍVEL (7),BIANCA DUARTE BRANCO CARIBE
CÍVEL,ANANINDEUA,NÚCLEO DE PREVENÇÃO E ENFRENTAMENTO À VIOLÊNCIA DE GÊNERO - ANANINDEUA,2026-05-15 09:47:41.965706-03:00,0811843-36.2026.8.14.0006,DIVÓRCIO LITIGIOSO (12541),BIANCA DUARTE BRANCO CARIBE
CÍVEL,ANANINDEUA,NÚCLEO DE PREVENÇÃO E ENFRENTAMENTO À VIOLÊNCIA DE GÊNERO - ANANINDEUA,2026-05-15 10:48:38.707113-03:00,0811844-21.2026.8.14.0006,PROCEDIMENTO COMUM CÍVEL (7),BIANCA DUARTE BRANCO CARIBE
CÍVEL,ANANINDEUA,NÚCLEO DE PREVENÇÃO E ENFRENTAMENTO À VIOLÊNCIA DE GÊNERO - ANANINDEUA,2026-05-19 17:53:38.350890-03:00,0811854-65.2026.8.14.0006,PROCEDIMENTO COMUM CÍVEL (7),BIANCA DUARTE BRANCO CARIBE
CÍVEL,ANANINDEUA,NÚCLEO DE PREVENÇÃO E ENFRENTAMENTO À VIOLÊNCIA DE GÊNERO - ANANINDEUA,2026-05-19 19:45:51.555095-03:00,0812911-21.2026.8.14.0006,PROCEDIMENTO COMUM CÍVEL (7),LISIANNE DE SA ROCHA
CÍVEL,ANANINDEUA,NÚCLEO DE PREVENÇÃO E ENFRENTAMENTO À VIOLÊNCIA DE GÊNERO - ANANINDEUA,2026-05-20 08:39:08.895781-03:00,0812636-72.2026.8.14.0006,PROCEDIMENTO COMUM CÍVEL (7),LISIANNE DE SA ROCHA
CÍVEL,ANANINDEUA,NÚCLEO DE PREVENÇÃO E ENFRENTAMENTO À VIOLÊNCIA DE GÊNERO - ANANINDEUA,2026-05-22 09:03:09.754145-03:00,0812600-30.2026.8.14.0006,PROCEDIMENTO COMUM CÍVEL (7),LISIANNE DE SA ROCHA
CÍVEL,ANANINDEUA,NÚCLEO DE PREVENÇÃO E ENFRENTAMENTO À VIOLÊNCIA DE GÊNERO - ANANINDEUA,2026-05-25 08:28:46.134557-03:00,0812389-91.2026.8.14.0006,PROCEDIMENTO COMUM CÍVEL (7),LISIANNE DE SA ROCHA
CÍVEL,ANANINDEUA,NÚCLEO DE PREVENÇÃO E ENFRENTAMENTO À VIOLÊNCIA DE GÊNERO - ANANINDEUA,2026-05-25 08:43:56.776514-03:00,0812388-09.2026.8.14.0006,PROCEDIMENTO COMUM CÍVEL (7),LISIANNE DE SA ROCHA
CÍVEL,ANANINDEUA,NÚCLEO DE PREVENÇÃO E ENFRENTAMENTO À VIOLÊNCIA DE GÊNERO - ANANINDEUA,2026-05-25 09:42:06.117854-03:00,0812387-24.2026.8.14.0006,DIVÓRCIO LITIGIOSO (12541),LISIANNE DE SA ROCHA
CÍVEL,ANANINDEUA,NÚCLEO DE PREVENÇÃO E ENFRENTAMENTO À VIOLÊNCIA DE GÊNERO - ANANINDEUA,2026-05-26 14:16:46.456878-03:00,0812385-54.2026.8.14.0006,PROCEDIMENTO COMUM CÍVEL (7),LISIANNE DE SA ROCHA
CÍVEL,ANANINDEUA,NÚCLEO DE PREVENÇÃO E ENFRENTAMENTO À VIOLÊNCIA DE GÊNERO - ANANINDEUA,2026-05-27 08:57:00.743341-03:00,0812602-97.2026.8.14.0006,ALIMENTOS - LEI ESPECIAL Nº 5.478/68 (69),LISIANNE DE SA ROCHA
CÍVEL,ANANINDEUA,NÚCLEO DE PREVENÇÃO E ENFRENTAMENTO À VIOLÊNCIA DE GÊNERO - ANANINDEUA,2026-05-29 09:40:33.412200-03:00,0812909-51.2026.8.14.0006,PROCEDIMENTO COMUM CÍVEL (7),LISIANNE DE SA ROCHA
CÍVEL,ANANINDEUA,NÚCLEO DE PREVENÇÃO E ENFRENTAMENTO À VIOLÊNCIA DE GÊNERO - ANANINDEUA,2026-05-29 12:00:50.246471-03:00,0812809-96.2026.8.14.0006,PROCEDIMENTO COMUM CÍVEL (7),LISIANNE DE SA ROCHA
CÍVEL,ANANINDEUA,NÚCLEO DE PREVENÇÃO E ENFRENTAMENTO À VIOLÊNCIA DE GÊNERO - ANANINDEUA,2026-05-29 12:47:02.050923-03:00,0812808-14.2026.8.14.0006,PROCEDIMENTO COMUM CÍVEL (7),LISIANNE DE SA ROCHA
CÍVEL,ANANINDEUA,NÚCLEO DE PREVENÇÃO E ENFRENTAMENTO À VIOLÊNCIA DE GÊNERO - ANANINDEUA,2026-06-01 09:59:48.695194-03:00,0812806-44.2026.8.14.0006,PROCEDIMENTO COMUM CÍVEL (7),LISIANNE DE SA ROCHA
CÍVEL,ANANINDEUA,NÚCLEO DE PREVENÇÃO E ENFRENTAMENTO À VIOLÊNCIA DE GÊNERO - ANANINDEUA,2026-06-01 13:22:13.212663-03:00,0812804-74.2026.8.14.0006,PROCEDIMENTO COMUM CÍVEL (7),LISIANNE DE SA ROCHA
CÍVEL,ANANINDEUA,NÚCLEO DE PREVENÇÃO E ENFRENTAMENTO À VIOLÊNCIA DE GÊNERO - ANANINDEUA,2026-06-02 12:28:50.216697-03:00,0812907-81.2026.8.14.0006,DIVÓRCIO LITIGIOSO (12541),LISIANNE DE SA ROCHA
CÍVEL,ANANINDEUA,NÚCLEO DE PREVENÇÃO E ENFRENTAMENTO À VIOLÊNCIA DE GÊNERO - ANANINDEUA,2026-06-02 12:30:42.660917-03:00,0812902-59.2026.8.14.0006,DIVÓRCIO LITIGIOSO (12541),LISIANNE DE SA ROCHA
CÍVEL,ANANINDEUA,NÚCLEO DE PREVENÇÃO E ENFRENTAMENTO À VIOLÊNCIA DE GÊNERO - ANANINDEUA,2026-06-08 08:38:02.084254-03:00,0813307-95.2026.8.14.0006,PROCEDIMENTO COMUM CÍVEL (7),LISIANNE DE SA ROCHA
CÍVEL,ANANINDEUA,NÚCLEO DE PREVENÇÃO E ENFRENTAMENTO À VIOLÊNCIA DE GÊNERO - ANANINDEUA,2026-06-08 12:39:12.170170-03:00,0813306-13.2026.8.14.0006,DIVÓRCIO LITIGIOSO (12541),LISIANNE DE SA ROCHA
CÍVEL,ANANINDEUA,NÚCLEO DE PREVENÇÃO E ENFRENTAMENTO À VIOLÊNCIA DE GÊNERO - ANANINDEUA,2026-06-11 11:00:43.166213-03:00,0813805-94.2026.8.14.0006,ALIMENTOS - LEI ESPECIAL Nº 5.478/68 (69),LISIANNE DE SA ROCHA
CÍVEL,ANANINDEUA,NÚCLEO DE PREVENÇÃO E ENFRENTAMENTO À VIOLÊNCIA DE GÊNERO - ANANINDEUA,2026-06-11 11:09:44.804676-03:00,0813804-12.2026.8.14.0006,DIVÓRCIO LITIGIOSO (12541),LISIANNE DE SA ROCHA
CÍVEL,ANANINDEUA,NÚCLEO DE PREVENÇÃO E ENFRENTAMENTO À VIOLÊNCIA DE GÊNERO - ANANINDEUA,2026-06-11 11:38:34.282708-03:00,0813803-27.2026.8.14.0006,PROCEDIMENTO COMUM CÍVEL (7),LISIANNE DE SA ROCHA
CÍVEL,ANANINDEUA,NÚCLEO DE PREVENÇÃO E ENFRENTAMENTO À VIOLÊNCIA DE GÊNERO - ANANINDEUA,2026-06-11 11:50:23.206444-03:00,0813806-79.2026.8.14.0006,PROCEDIMENTO COMUM CÍVEL (7),LISIANNE DE SA ROCHA
CÍVEL,ANANINDEUA,NÚCLEO DE PREVENÇÃO E ENFRENTAMENTO À VIOLÊNCIA DE GÊNERO - ANANINDEUA,2026-06-11 12:12:36.217771-03:00,0814186-05.2026.8.14.0006,AVERIGUAÇÃO DE PATERNIDADE (123),LISIANNE DE SA ROCHA
CÍVEL,ANANINDEUA,NÚCLEO DE PREVENÇÃO E ENFRENTAMENTO À VIOLÊNCIA DE GÊNERO - ANANINDEUA,2026-06-11 13:00:12.909875-03:00,0814185-20.2026.8.14.0006,AVERIGUAÇÃO DE PATERNIDADE (123),LISIANNE DE SA ROCHA
CÍVEL,ANANINDEUA,NÚCLEO DE PREVENÇÃO E ENFRENTAMENTO À VIOLÊNCIA DE GÊNERO - ANANINDEUA,2026-06-12 11:16:11.107792-03:00,0813802-42.2026.8.14.0006,DIVÓRCIO LITIGIOSO (12541),LISIANNE DE SA ROCHA
CÍVEL,ANANINDEUA,NÚCLEO DE PREVENÇÃO E ENFRENTAMENTO À VIOLÊNCIA DE GÊNERO - ANANINDEUA,2026-06-12 11:35:51.568319-03:00,0813783-36.2026.8.14.0006,PROCEDIMENTO COMUM CÍVEL (7),LISIANNE DE SA ROCHA
CÍVEL,ANANINDEUA,NÚCLEO DE PREVENÇÃO E ENFRENTAMENTO À VIOLÊNCIA DE GÊNERO - ANANINDEUA,2026-06-12 11:49:22.567203-03:00,0813782-51.2026.8.14.0006,DIVÓRCIO CONSENSUAL (12372),LISIANNE DE SA ROCHA
CÍVEL,ANANINDEUA,NÚCLEO DE PREVENÇÃO E ENFRENTAMENTO À VIOLÊNCIA DE GÊNERO - ANANINDEUA,2026-06-12 15:02:59.207283-03:00,0814391-34.2026.8.14.0006,PROCEDIMENTO COMUM CÍVEL (7),LISIANNE DE SA ROCHA
CÍVEL,ANANINDEUA,NÚCLEO DE PREVENÇÃO E ENFRENTAMENTO À VIOLÊNCIA DE GÊNERO - ANANINDEUA,2026-06-14 19:36:36.111307-03:00,0813992-05.2026.8.14.0006,DIVÓRCIO LITIGIOSO (12541),LISIANNE DE SA ROCHA
CÍVEL,ANANINDEUA,NÚCLEO DE PREVENÇÃO E ENFRENTAMENTO À VIOLÊNCIA DE GÊNERO - ANANINDEUA,2026-06-29 11:28:09.992243-03:00,0815130-07.2026.8.14.0006,PROCEDIMENTO COMUM CÍVEL (7),LISIANNE DE SA ROCHA
CÍVEL,ANANINDEUA,NÚCLEO DE PREVENÇÃO E ENFRENTAMENTO À VIOLÊNCIA DE GÊNERO - ANANINDEUA,2026-06-30 12:09:41.758941-03:00,0815237-51.2026.8.14.0006,PROCEDIMENTO COMUM CÍVEL (7),LISIANNE DE SA ROCHA
CÍVEL,ANANINDEUA,NÚCLEO DE PREVENÇÃO E ENFRENTAMENTO À VIOLÊNCIA DE GÊNERO - ANANINDEUA,2026-07-01 08:27:43.695400-03:00,0815705-15.2026.8.14.0006,DIVÓRCIO LITIGIOSO (12541),LISIANNE DE SA ROCHA
CÍVEL,ANANINDEUA,NÚCLEO DE PREVENÇÃO E ENFRENTAMENTO À VIOLÊNCIA DE GÊNERO - ANANINDEUA,2026-07-01 10:58:45.916934-03:00,0815519-89.2026.8.14.0006,DIVÓRCIO LITIGIOSO (12541),LISIANNE DE SA ROCHA
CÍVEL,ANANINDEUA,NÚCLEO DE PREVENÇÃO E ENFRENTAMENTO À VIOLÊNCIA DE GÊNERO - ANANINDEUA,2026-07-02 11:19:18.194980-03:00,0815542-35.2026.8.14.0006,CUMPRIMENTO DE SENTENÇA (156),LISIANNE DE SA ROCHA
CÍVEL,ANANINDEUA,NÚCLEO DE PREVENÇÃO E ENFRENTAMENTO À VIOLÊNCIA DE GÊNERO - ANANINDEUA,2026-07-02 14:22:33.403251-03:00,0815501-68.2026.8.14.0006,DIVÓRCIO LITIGIOSO (12541),LISIANNE DE SA ROCHA
CÍVEL,ANANINDEUA,NÚCLEO DE PREVENÇÃO E ENFRENTAMENTO À VIOLÊNCIA DE GÊNERO - ANANINDEUA,2026-07-03 11:16:02.450139-03:00,0815664-48.2026.8.14.0006,DIVÓRCIO LITIGIOSO (12541),LISIANNE DE SA ROCHA
CÍVEL,ANANINDEUA,NÚCLEO DE PREVENÇÃO E ENFRENTAMENTO À VIOLÊNCIA DE GÊNERO - ANANINDEUA,2026-07-06 20:03:43.097409-03:00,0816068-02.2026.8.14.0006,DIVÓRCIO LITIGIOSO (12541),LISIANNE DE SA ROCHA
CÍVEL,ANANINDEUA,NÚCLEO DE PREVENÇÃO E ENFRENTAMENTO À VIOLÊNCIA DE GÊNERO - ANANINDEUA,2026-07-07 12:02:01.093998-03:00,0815864-55.2026.8.14.0006,PROCEDIMENTO COMUM CÍVEL (7),LISIANNE DE SA ROCHA
CÍVEL,ANANINDEUA,NÚCLEO DE PREVENÇÃO E ENFRENTAMENTO À VIOLÊNCIA DE GÊNERO - ANANINDEUA,2026-07-07 12:31:07.893492-03:00,0815838-57.2026.8.14.0006,PROCEDIMENTO COMUM CÍVEL (7),LISIANNE DE SA ROCHA
CÍVEL,ANANINDEUA,NÚCLEO DE PREVENÇÃO E ENFRENTAMENTO À VIOLÊNCIA DE GÊNERO - ANANINDEUA,2026-07-07 15:18:14.350606-03:00,0815865-40.2026.8.14.0006,PROCEDIMENTO COMUM CÍVEL (7),LISIANNE DE SA ROCHA
CÍVEL,ANANINDEUA,NÚCLEO DE PREVENÇÃO E ENFRENTAMENTO À VIOLÊNCIA DE GÊNERO - ANANINDEUA,2026-07-08 13:23:04.438851-03:00,0816083-68.2026.8.14.0006,ALIMENTOS - LEI ESPECIAL Nº 5.478/68 (69),LISIANNE DE SA ROCHA
CÍVEL,ANANINDEUA,NÚCLEO DE PREVENÇÃO E ENFRENTAMENTO À VIOLÊNCIA DE GÊNERO - ANANINDEUA,2026-07-09 10:33:06.463807-03:00,0816088-90.2026.8.14.0006,ALIMENTOS - LEI ESPECIAL Nº 5.478/68 (69),LISIANNE DE SA ROCHA
CÍVEL,ANANINDEUA,NÚCLEO DE PREVENÇÃO E ENFRENTAMENTO À VIOLÊNCIA DE GÊNERO - ANANINDEUA,2026-07-13 09:41:07.859948-03:00,0816405-88.2026.8.14.0006,ALIMENTOS - LEI ESPECIAL Nº 5.478/68 (69),LISIANNE DE SA ROCHA
CÍVEL,ANANINDEUA,NÚCLEO DE PREVENÇÃO E ENFRENTAMENTO À VIOLÊNCIA DE GÊNERO - ANANINDEUA,2026-07-15 11:33:29.144729-03:00,0816587-74.2026.8.14.0006,ALIMENTOS - LEI ESPECIAL Nº 5.478/68 (69),LISIANNE DE SA ROCHA
CÍVEL,ANANINDEUA,NÚCLEO DE PREVENÇÃO E ENFRENTAMENTO À VIOLÊNCIA DE GÊNERO - ANANINDEUA,2026-07-15 11:52:26.425415-03:00,0816540-03.2026.8.14.0006,ALIMENTOS - LEI ESPECIAL Nº 5.478/68 (69),LISIANNE DE SA ROCHA
CÍVEL,ANANINDEUA,NÚCLEO DE PREVENÇÃO E ENFRENTAMENTO À VIOLÊNCIA DE GÊNERO - ANANINDEUA,2026-07-16 09:51:17.522008-03:00,0816629-26.2026.8.14.0006,DIVÓRCIO LITIGIOSO (12541),LISIANNE DE SA ROCHA
CÍVEL,ANANINDEUA,NÚCLEO DE PREVENÇÃO E ENFRENTAMENTO À VIOLÊNCIA DE GÊNERO - ANANINDEUA,2026-07-16 12:13:21.050562-03:00,0816665-68.2026.8.14.0006,ALIMENTOS - LEI ESPECIAL Nº 5.478/68 (69),LISIANNE DE SA ROCHA
CÍVEL,ANANINDEUA,NÚCLEO DE PREVENÇÃO E ENFRENTAMENTO À VIOLÊNCIA DE GÊNERO - ANANINDEUA,2026-07-16 12:25:19.019456-03:00,0816667-38.2026.8.14.0006,DIVÓRCIO LITIGIOSO (12541),LISIANNE DE SA ROCHA
CÍVEL,ANANINDEUA,NÚCLEO DE PREVENÇÃO E ENFRENTAMENTO À VIOLÊNCIA DE GÊNERO - ANANINDEUA,2026-07-20 09:35:25.845021-03:00,0817319-55.2026.8.14.0006,ALIMENTOS - LEI ESPECIAL Nº 5.478/68 (69),LISIANNE DE SA ROCHA
CÍVEL,ANANINDEUA,NÚCLEO DE PREVENÇÃO E ENFRENTAMENTO À VIOLÊNCIA DE GÊNERO - ANANINDEUA,2026-07-20 12:07:37.437884-03:00,0816842-32.2026.8.14.0006,DIVÓRCIO LITIGIOSO (12541),LISIANNE DE SA ROCHA
CÍVEL,ANANINDEUA,NÚCLEO DE PREVENÇÃO E ENFRENTAMENTO À VIOLÊNCIA DE GÊNERO - ANANINDEUA,2026-07-20 12:36:43.623100-03:00,0816860-53.2026.8.14.0006,ALIMENTOS - LEI ESPECIAL Nº 5.478/68 (69),LISIANNE DE SA ROCHA
CÍVEL,ANANINDEUA,NÚCLEO DE PREVENÇÃO E ENFRENTAMENTO À VIOLÊNCIA DE GÊNERO - ANANINDEUA,2026-07-20 12:56:47.432607-03:00,0816851-91.2026.8.14.0006,ALIMENTOS - LEI ESPECIAL Nº 5.478/68 (69),LISIANNE DE SA ROCHA
CÍVEL,ANANINDEUA,NÚCLEO DE PREVENÇÃO E ENFRENTAMENTO À VIOLÊNCIA DE GÊNERO - ANANINDEUA,2026-07-21 09:59:01.893154-03:00,0817087-43.2026.8.14.0006,ALIMENTOS - LEI ESPECIAL Nº 5.478/68 (69),LISIANNE DE SA ROCHA
CÍVEL,ANANINDEUA,NÚCLEO DE PREVENÇÃO E ENFRENTAMENTO À VIOLÊNCIA DE GÊNERO - ANANINDEUA,2026-07-21 10:17:12.458730-03:00,0817086-58.2026.8.14.0006,ALIMENTOS - LEI ESPECIAL Nº 5.478/68 (69),LISIANNE DE SA ROCHA
CÍVEL,ANANINDEUA,NÚCLEO DE PREVENÇÃO E ENFRENTAMENTO À VIOLÊNCIA DE GÊNERO - ANANINDEUA,2026-07-21 10:25:17.980638-03:00,0817083-06.2026.8.14.0006,ALIMENTOS - LEI ESPECIAL Nº 5.478/68 (69),LISIANNE DE SA ROCHA
CÍVEL,ANANINDEUA,NÚCLEO DE PREVENÇÃO E ENFRENTAMENTO À VIOLÊNCIA DE GÊNERO - ANANINDEUA,2026-07-21 11:03:21.804523-03:00,0817081-36.2026.8.14.0006,DIVÓRCIO LITIGIOSO (12541),LISIANNE DE SA ROCHA
CÍVEL,ANANINDEUA,NÚCLEO DE PREVENÇÃO E ENFRENTAMENTO À VIOLÊNCIA DE GÊNERO - ANANINDEUA,2026-07-21 11:58:19.676988-03:00,0817079-66.2026.8.14.0006,ALIMENTOS - LEI ESPECIAL Nº 5.478/68 (69),LISIANNE DE SA ROCHA
CÍVEL,ANANINDEUA,NÚCLEO DE PREVENÇÃO E ENFRENTAMENTO À VIOLÊNCIA DE GÊNERO - ANANINDEUA,2026-07-21 12:24:55.755568-03:00,0817077-96.2026.8.14.0006,ALIMENTOS - LEI ESPECIAL Nº 5.478/68 (69),LISIANNE DE SA ROCHA
CÍVEL,ANANINDEUA,NÚCLEO DE PREVENÇÃO E ENFRENTAMENTO À VIOLÊNCIA DE GÊNERO - ANANINDEUA,2026-07-22 09:40:21.919219-03:00,0817070-07.2026.8.14.0006,DIVÓRCIO LITIGIOSO (12541),LISIANNE DE SA ROCHA
CÍVEL,ANANINDEUA,NÚCLEO DE PREVENÇÃO E ENFRENTAMENTO À VIOLÊNCIA DE GÊNERO - ANANINDEUA,2026-07-22 10:16:44.315851-03:00,0817057-08.2026.8.14.0006,ALIMENTOS - LEI ESPECIAL Nº 5.478/68 (69),LISIANNE DE SA ROCHA
CÍVEL,ANANINDEUA,NÚCLEO DE PREVENÇÃO E ENFRENTAMENTO À VIOLÊNCIA DE GÊNERO - ANANINDEUA,2026-07-22 11:34:22.440160-03:00,0817047-61.2026.8.14.0006,ALIMENTOS - LEI ESPECIAL Nº 5.478/68 (69),LISIANNE DE SA ROCHA
CÍVEL,ANANINDEUA,NÚCLEO DE PREVENÇÃO E ENFRENTAMENTO À VIOLÊNCIA DE GÊNERO - ANANINDEUA,2026-07-22 12:31:40.766731-03:00,0817064-97.2026.8.14.0006,DIVÓRCIO LITIGIOSO (12541),LISIANNE DE SA ROCHA
CÍVEL,ANANINDEUA,NÚCLEO DE PREVENÇÃO E ENFRENTAMENTO À VIOLÊNCIA DE GÊNERO - ANANINDEUA,2026-07-22 20:46:44.420482-03:00,0817243-31.2026.8.14.0006,DIVÓRCIO LITIGIOSO (12541),LISIANNE DE SA ROCHA
CÍVEL,ANANINDEUA,NÚCLEO DE PREVENÇÃO E ENFRENTAMENTO À VIOLÊNCIA DE GÊNERO - ANANINDEUA,2026-07-23 11:22:47.936416-03:00,0817242-46.2026.8.14.0006,PROCEDIMENTO COMUM CÍVEL (7),LISIANNE DE SA ROCHA
CÍVEL,ANANINDEUA,NÚCLEO DE PREVENÇÃO E ENFRENTAMENTO À VIOLÊNCIA DE GÊNERO - ANANINDEUA,2026-07-23 12:05:38.273147-03:00,0817240-76.2026.8.14.0006,PROCEDIMENTO COMUM CÍVEL (7),LISIANNE DE SA ROCHA
CÍVEL,ANANINDEUA,NÚCLEO DE PREVENÇÃO E ENFRENTAMENTO À VIOLÊNCIA DE GÊNERO - ANANINDEUA,2026-07-27 09:20:00.553746-03:00,0817429-54.2026.8.14.0006,PROCEDIMENTO COMUM CÍVEL (7),LISIANNE DE SA ROCHA
CÍVEL,ANANINDEUA,NÚCLEO DE PREVENÇÃO E ENFRENTAMENTO À VIOLÊNCIA DE GÊNERO - ANANINDEUA,2026-07-27 10:53:37.505479-03:00,0818220-23.2026.8.14.0006,PROCEDIMENTO COMUM CÍVEL (7),MAYANA BARROS JORGE JOAO
CÍVEL,ANANINDEUA,NÚCLEO DE PREVENÇÃO E ENFRENTAMENTO À VIOLÊNCIA DE GÊNERO - ANANINDEUA,2026-07-28 11:27:10.211876-03:00,0817456-37.2026.8.14.0006,PROCEDIMENTO COMUM CÍVEL (7),LISIANNE DE SA ROCHA
CÍVEL,ANANINDEUA,NÚCLEO DE PREVENÇÃO E ENFRENTAMENTO À VIOLÊNCIA DE GÊNERO - ANANINDEUA,2026-07-31 11:24:33.267167-03:00,0818715-67.2026.8.14.0006,PROCEDIMENTO COMUM CÍVEL (7),MAYANA BARROS JORGE JOAO
CÍVEL,ANANINDEUA,NÚCLEO DE PREVENÇÃO E ENFRENTAMENTO À VIOLÊNCIA DE GÊNERO - ANANINDEUA,2026-08-04 12:19:37.627624-03:00,0818205-54.2026.8.14.0006,ALIMENTOS - LEI ESPECIAL Nº 5.478/68 (69),MAYANA BARROS JORGE JOAO
CÍVEL,ANANINDEUA,NÚCLEO DE PREVENÇÃO E ENFRENTAMENTO À VIOLÊNCIA DE GÊNERO - ANANINDEUA,2026-08-10 12:25:16.602388-03:00,0818952-04.2026.8.14.0006,PROCEDIMENTO COMUM CÍVEL (7),MAYANA BARROS JORGE JOAO
CÍVEL,ANANINDEUA,NÚCLEO DE PREVENÇÃO E ENFRENTAMENTO À VIOLÊNCIA DE GÊNERO - ANANINDEUA,2026-08-11 12:15:48.210264-03:00,0819792-14.2026.8.14.0006,PROCEDIMENTO COMUM CÍVEL (7),MAYANA BARROS JORGE JOAO
CÍVEL,ANANINDEUA,NÚCLEO DE PREVENÇÃO E ENFRENTAMENTO À VIOLÊNCIA DE GÊNERO - ANANINDEUA,2026-08-11 12:33:00.400707-03:00,0819790-44.2026.8.14.0006,PROCEDIMENTO COMUM CÍVEL (7),MAYANA BARROS JORGE JOAO
CÍVEL,ANANINDEUA,NÚCLEO DE PREVENÇÃO E ENFRENTAMENTO À VIOLÊNCIA DE GÊNERO - ANANINDEUA,2026-08-12 10:29:05.359117-03:00,0820069-30.2026.8.14.0006,PROCEDIMENTO COMUM CÍVEL (7),MAYANA BARROS JORGE JOAO
CÍVEL,ANANINDEUA,NÚCLEO DE PREVENÇÃO E ENFRENTAMENTO À VIOLÊNCIA DE GÊNERO - ANANINDEUA,2026-08-14 09:44:29.095223-03:00,0819805-13.2026.8.14.0006,PROCEDIMENTO COMUM CÍVEL (7),MAYANA BARROS JORGE JOAO
CÍVEL,ANANINDEUA,NÚCLEO DE PREVENÇÃO E ENFRENTAMENTO À VIOLÊNCIA DE GÊNERO - ANANINDEUA,2026-08-18 11:20:14.123933-03:00,0819979-22.2026.8.14.0006,GUARDA DE FAMÍLIA,MAYANA BARROS JORGE JOAO
CÍVEL,ANANINDEUA,NÚCLEO DE PREVENÇÃO E ENFRENTAMENTO À VIOLÊNCIA DE GÊNERO - ANANINDEUA,2026-08-19 08:47:18.570487-03:00,0820059-83.2026.8.14.0006,GUARDA DE FAMÍLIA,LISIANNE DE SA ROCHA
CÍVEL,ANANINDEUA,NÚCLEO DE PREVENÇÃO E ENFRENTAMENTO À VIOLÊNCIA DE GÊNERO - ANANINDEUA,2026-08-19 09:31:54.088759-03:00,0820055-46.2026.8.14.0006,DIVÓRCIO LITIGIOSO (12541),LISIANNE DE SA ROCHA
CÍVEL,ANANINDEUA,NÚCLEO DE PREVENÇÃO E ENFRENTAMENTO À VIOLÊNCIA DE GÊNERO - ANANINDEUA,2026-08-19 10:00:36.111025-03:00,0820347-31.2026.8.14.0006,DIVÓRCIO LITIGIOSO (12541),LISIANNE DE SA ROCHA
CÍVEL,ANANINDEUA,NÚCLEO DE PREVENÇÃO E ENFRENTAMENTO À VIOLÊNCIA DE GÊNERO - ANANINDEUA,2026-08-19 13:05:26.120300-03:00,0820346-46.2026.8.14.0006,DIVÓRCIO LITIGIOSO (12541),LISIANNE DE SA ROCHA
CÍVEL,ANANINDEUA,NÚCLEO DE PREVENÇÃO E ENFRENTAMENTO À VIOLÊNCIA DE GÊNERO - ANANINDEUA,2026-08-20 11:55:39.612136-03:00,0819986-14.2026.8.14.0006,DIVÓRCIO LITIGIOSO (12541),MAYANA BARROS JORGE JOAO
CÍVEL,ANANINDEUA,NÚCLEO DE PREVENÇÃO E ENFRENTAMENTO À VIOLÊNCIA DE GÊNERO - ANANINDEUA,2026-08-20 13:52:48.873015-03:00,0820343-91.2026.8.14.0006,PROCEDIMENTO COMUM CÍVEL (7),LISIANNE DE SA ROCHA
CÍVEL,ANANINDEUA,NÚCLEO DE PREVENÇÃO E ENFRENTAMENTO À VIOLÊNCIA DE GÊNERO - ANANINDEUA,2026-08-25 08:58:00.019867-03:00,0820340-39.2026.8.14.0006,GUARDA DE FAMÍLIA,LISIANNE DE SA ROCHA
CÍVEL,ANANINDEUA,NÚCLEO DE PREVENÇÃO E ENFRENTAMENTO À VIOLÊNCIA DE GÊNERO - ANANINDEUA,2026-08-25 09:05:51.685220-03:00,0820334-32.2026.8.14.0006,DIVÓRCIO LITIGIOSO (12541),LISIANNE DE SA ROCHA
CÍVEL,ANANINDEUA,NÚCLEO DE PREVENÇÃO E ENFRENTAMENTO À VIOLÊNCIA DE GÊNERO - ANANINDEUA,2026-08-25 09:27:19.148943-03:00,0820332-62.2026.8.14.0006,PROCEDIMENTO COMUM CÍVEL (7),LISIANNE DE SA ROCHA
CÍVEL,ANANINDEUA,NÚCLEO DE PREVENÇÃO E ENFRENTAMENTO À VIOLÊNCIA DE GÊNERO - ANANINDEUA,2026-08-25 12:06:50.772067-03:00,0820326-55.2026.8.14.0006,GUARDA DE FAMÍLIA,LISIANNE DE SA ROCHA
CÍVEL,ANANINDEUA,NÚCLEO DE PREVENÇÃO E ENFRENTAMENTO À VIOLÊNCIA DE GÊNERO - ANANINDEUA,2026-08-26 19:16:22.251628-03:00,0820321-33.2026.8.14.0006,REINTEGRAÇÃO / MANUTENÇÃO DE POSSE (1707),LISIANNE DE SA ROCHA
CÍVEL,ANANINDEUA,NÚCLEO DE PREVENÇÃO E ENFRENTAMENTO À VIOLÊNCIA DE GÊNERO - ANANINDEUA,2026-08-27 09:10:35.515784-03:00,0820318-78.2026.8.14.0006,DIVÓRCIO LITIGIOSO (12541),LISIANNE DE SA ROCHA
CÍVEL,ANANINDEUA,NÚCLEO DE PREVENÇÃO E ENFRENTAMENTO À VIOLÊNCIA DE GÊNERO - ANANINDEUA,2026-08-27 11:58:16.425026-03:00,0820701-56.2026.8.14.0006,PROCEDIMENTO COMUM CÍVEL (7),LISIANNE DE SA ROCHA
CÍVEL,ANANINDEUA,NÚCLEO DE PREVENÇÃO E ENFRENTAMENTO À VIOLÊNCIA DE GÊNERO - ANANINDEUA,2026-08-27 23:17:11.732694-03:00,0820699-86.2026.8.14.0006,PROCEDIMENTO COMUM CÍVEL (7),LISIANNE DE SA ROCHA
CÍVEL,ANANINDEUA,NÚCLEO DE PREVENÇÃO E ENFRENTAMENTO À VIOLÊNCIA DE GÊNERO - ANANINDEUA,2026-08-31 09:03:00.192756-03:00,0820697-19.2026.8.14.0006,GUARDA DE FAMÍLIA,LISIANNE DE SA ROCHA
CÍVEL,ANANINDEUA,NÚCLEO DE PREVENÇÃO E ENFRENTAMENTO À VIOLÊNCIA DE GÊNERO - ANANINDEUA,2026-08-31 11:53:56.191252-03:00,0820694-64.2026.8.14.0006,GUARDA DE FAMÍLIA,LISIANNE DE SA ROCHA
CÍVEL,ANANINDEUA,NÚCLEO DE PREVENÇÃO E ENFRENTAMENTO À VIOLÊNCIA DE GÊNERO - ANANINDEUA,2026-08-31 12:18:57.837229-03:00,0820693-79.2026.8.14.0006,PROCEDIMENTO COMUM CÍVEL (7),LISIANNE DE SA ROCHA
CÍVEL,ANANINDEUA,NÚCLEO DE PREVENÇÃO E ENFRENTAMENTO À VIOLÊNCIA DE GÊNERO - ANANINDEUA,2026-08-31 14:01:47.372995-03:00,0820692-94.2026.8.14.0006,GUARDA DE FAMÍLIA,LISIANNE DE SA ROCHA
CÍVEL,ANANINDEUA,NÚCLEO DE PREVENÇÃO E ENFRENTAMENTO À VIOLÊNCIA DE GÊNERO - ANANINDEUA,2026-09-01 12:23:43.527952-03:00,0820980-42.2026.8.14.0006,GUARDA DE FAMÍLIA,LISIANNE DE SA ROCHA
CÍVEL,ANANINDEUA,NÚCLEO DE PREVENÇÃO E ENFRENTAMENTO À VIOLÊNCIA DE GÊNERO - ANANINDEUA,2026-09-01 14:13:41.302918-03:00,0820975-20.2026.8.14.0006,GUARDA DE FAMÍLIA,LISIANNE DE SA ROCHA
CÍVEL,ANANINDEUA,NÚCLEO DE PREVENÇÃO E ENFRENTAMENTO À VIOLÊNCIA DE GÊNERO - ANANINDEUA,2026-09-09 10:45:59.034842-03:00,0821625-67.2026.8.14.0006,DIVÓRCIO LITIGIOSO (12541),BIANCA DUARTE BRANCO CARIBE
CÍVEL,ANANINDEUA,NÚCLEO DE PREVENÇÃO E ENFRENTAMENTO À VIOLÊNCIA DE GÊNERO - ANANINDEUA,2026-09-10 10:12:48.859484-03:00,0821717-45.2026.8.14.0006,GUARDA DE FAMÍLIA,BIANCA DUARTE BRANCO CARIBE
CÍVEL,ANANINDEUA,NÚCLEO DE PREVENÇÃO E ENFRENTAMENTO À VIOLÊNCIA DE GÊNERO - ANANINDEUA,2026-09-14 10:54:09.355630-03:00,0822043-05.2026.8.14.0006,PROCEDIMENTO COMUM CÍVEL (7),BIANCA DUARTE BRANCO CARIBE
CÍVEL,ANANINDEUA,NÚCLEO DE PREVENÇÃO E ENFRENTAMENTO À VIOLÊNCIA DE GÊNERO - ANANINDEUA,2026-09-15 10:16:06.954997-03:00,0822172-10.2026.8.14.0006,PROCEDIMENTO COMUM CÍVEL (7),BIANCA DUARTE BRANCO CARIBE
CÍVEL,ANANINDEUA,NÚCLEO DE PREVENÇÃO E ENFRENTAMENTO À VIOLÊNCIA DE GÊNERO - ANANINDEUA,2026-09-16 11:00:18.198687-03:00,0822398-15.2026.8.14.0006,PROCEDIMENTO COMUM CÍVEL (7),BIANCA DUARTE BRANCO CARIBE
CÍVEL,ANANINDEUA,NÚCLEO DE PREVENÇÃO E ENFRENTAMENTO À VIOLÊNCIA DE GÊNERO - ANANINDEUA,2026-09-16 11:37:30.681115-03:00,0822408-59.2026.8.14.0006,PROCEDIMENTO COMUM CÍVEL (7),BIANCA DUARTE BRANCO CARIBE
CÍVEL,ANANINDEUA,NÚCLEO DE PREVENÇÃO E ENFRENTAMENTO À VIOLÊNCIA DE GÊNERO - ANANINDEUA,2026-09-17 08:56:29.252086-03:00,0822612-06.2026.8.14.0006,GUARDA DE FAMÍLIA,LISIANNE DE SA ROCHA
CÍVEL,ANANINDEUA,NÚCLEO DE PREVENÇÃO E ENFRENTAMENTO À VIOLÊNCIA DE GÊNERO - ANANINDEUA,2026-09-18 14:04:42.579199-03:00,0822609-51.2026.8.14.0006,DIVÓRCIO LITIGIOSO (12541),LISIANNE DE SA ROCHA
CRIMINAL,ANANINDEUA,1ª DEFENSORIA PÚBLICA CRIMINAL DE ANANINDEUA,2026-09-02 10:22:53.121438-03:00,0820986-49.2026.8.14.0006,AÇÃO PENAL - PROCEDIMENTO SUMARÍSSIMO (10944),CLIVIA RENATA LOUREIRO CROELHAS
CRIMINAL,ANANINDEUA,3ª DEFENSORIA PÚBLICA CRIMINAL DE ANANINDEUA,2026-03-25 09:55:09.974522-03:00,0806841-85.2026.8.14.0006,"CRIMES DE CALÚNIA, INJÚRIA E DIFAMAÇÃO DE COMPETÊNCIA DO JUIZ SINGULAR (288)",JULIANA ANDREA OLIVEIRA
CRIMINAL,ANANINDEUA,3ª DEFENSORIA PÚBLICA CRIMINAL DE ANANINDEUA,2026-03-25 09:59:28.270915-03:00,0806840-03.2026.8.14.0006,"CRIMES DE CALÚNIA, INJÚRIA E DIFAMAÇÃO DE COMPETÊNCIA DO JUIZ SINGULAR (288)",JULIANA ANDREA OLIVEIRA
CRIMINAL,ANANINDEUA,3ª DEFENSORIA PÚBLICA CRIMINAL DE ANANINDEUA,2026-04-01 10:40:33.418259-03:00,0807485-28.2026.8.14.0006,"CRIMES DE CALÚNIA, INJÚRIA E DIFAMAÇÃO DE COMPETÊNCIA DO JUIZ SINGULAR (288)",JULIANA ANDREA OLIVEIRA
CRIMINAL,ANANINDEUA,3ª DEFENSORIA PÚBLICA CRIMINAL DE ANANINDEUA,2026-06-16 09:11:54.032821-03:00,0814320-32.2026.8.14.0006,"CRIMES DE CALÚNIA, INJÚRIA E DIFAMAÇÃO DE COMPETÊNCIA DO JUIZ SINGULAR (288)",JULIANA ANDREA OLIVEIRA
CRIMINAL,ANANINDEUA,3ª DEFENSORIA PÚBLICA CRIMINAL DE ANANINDEUA,2026-07-06 12:58:13.731226-03:00,0816609-35.2026.8.14.0006,"CRIMES DE CALÚNIA, INJÚRIA E DIFAMAÇÃO DE COMPETÊNCIA DO JUIZ SINGULAR (288)",JULIANA ANDREA OLIVEIRA
CRIMINAL,ANANINDEUA,3ª DEFENSORIA PÚBLICA CRIMINAL DE ANANINDEUA,2026-07-21 12:31:00.121020-03:00,0817027-70.2026.8.14.0006,"CRIMES DE CALÚNIA, INJÚRIA E DIFAMAÇÃO DE COMPETÊNCIA DO JUIZ SINGULAR (288)",CLIVIA RENATA LOUREIRO CROELHAS
CRIMINAL,ANANINDEUA,4ª DEFENSORIA PÚBLICA CRIMINAL DE ANANINDEUA,2026-09-04 13:09:10.690267-03:00,0821296-55.2026.8.14.0006,"CRIMES DE CALÚNIA, INJÚRIA E DIFAMAÇÃO DE COMPETÊNCIA DO JUIZ SINGULAR (288)",ROSANGELA LAZZARIN
CRIMINAL,ANANINDEUA,COORDENAÇÃO ANANINDEUA CIVEL,2026-05-05 10:35:16.894217-03:00,0810605-79.2026.8.14.0006,"CRIMES DE CALÚNIA, INJÚRIA E DIFAMAÇÃO DE COMPETÊNCIA DO JUIZ SINGULAR (288)",ISABELE CASTRO DA SILVA LIMA
CRIMINAL,ANANINDEUA,DEFENSORIA DA VIOLÊNCIA DOMÉSTICA E FAMILIAR CONTRA A MULHER,2026-07-31 11:41:56.112406-03:00,0817919-76.2026.8.14.0006,CAUTELAR INOMINADA CRIMINAL (11955),MAYANA BARROS JORGE JOAO
CRIMINAL,ANANINDEUA,DEFENSORIA DE ATENDIMENTO MASSIFICADO CIVEL DE ANANINDEUA,2026-03-10 14:01:24.728499-03:00,0805437-96.2026.8.14.0006,HABEAS CORPUS CRIMINAL (307),MAYANA BARROS JORGE JOAO
CRIMINAL,ANANINDEUA,NUCLEO DE ATENDIMENTO ESPECIALIZADO A CRIANÇA E ADOLESCENTE - ANANINDEUA,2026-09-21 12:31:19.741849-03:00,0822795-74.2026.8.14.0006,AÇÃO PENAL - PROCEDIMENTO SUMÁRIO (10943),BIANCA DUARTE BRANCO CARIBE
CRIMINAL,ANANINDEUA,NÚCLEO DE PREVENÇÃO E ENFRENTAMENTO À VIOLÊNCIA DE GÊNERO - ANANINDEUA,2026-05-12 10:45:44.342464-03:00,0812252-12.2026.8.14.0006,"CRIMES DE CALÚNIA, INJÚRIA E DIFAMAÇÃO DE COMPETÊNCIA DO JUIZ SINGULAR (288)",LISIANNE DE SA ROCHA
CRIMINAL,ANANINDEUA,NÚCLEO DE PREVENÇÃO E ENFRENTAMENTO À VIOLÊNCIA DE GÊNERO - ANANINDEUA,2026-05-28 12:33:14.037756-03:00,0814913-61.2026.8.14.0006,"CRIMES DE CALÚNIA, INJÚRIA E DIFAMAÇÃO DE COMPETÊNCIA DO JUIZ SINGULAR (288)",LISIANNE DE SA ROCHA
CRIMINAL,ANANINDEUA,NÚCLEO DE PREVENÇÃO E ENFRENTAMENTO À VIOLÊNCIA DE GÊNERO - ANANINDEUA,2026-06-02 11:51:13.679100-03:00,0812908-66.2026.8.14.0006,PETIÇÃO CRIMINAL (1727),LISIANNE DE SA ROCHA
CRIMINAL,ANANINDEUA,NÚCLEO DE PREVENÇÃO E ENFRENTAMENTO À VIOLÊNCIA DE GÊNERO - ANANINDEUA,2026-07-20 09:17:20.959082-03:00,0816861-38.2026.8.14.0006,AÇÃO PENAL - PROCEDIMENTO SUMARÍSSIMO (10944),LISIANNE DE SA ROCHA
CRIMINAL,ANANINDEUA,NÚCLEO DE PREVENÇÃO E ENFRENTAMENTO À VIOLÊNCIA DE GÊNERO - ANANINDEUA,2026-07-20 10:03:46.094502-03:00,0817658-14.2026.8.14.0006,AÇÃO PENAL - PROCEDIMENTO SUMARÍSSIMO (10944),LISIANNE DE SA ROCHA
CRIMINAL,ANANINDEUA,NÚCLEO DE PREVENÇÃO E ENFRENTAMENTO À VIOLÊNCIA DE GÊNERO - ANANINDEUA,2026-08-24 11:36:12.027506-03:00,0820053-76.2026.8.14.0006,AÇÃO PENAL - PROCEDIMENTO SUMARÍSSIMO (10944),LISIANNE DE SA ROCHA
