Áreas,Comarcas,Defensorias,Datas de Cadastro,Processos,Ações,Defensores
CÍVEL,BELÉM,10ª DEFENSORIA PÚBLICA DE FAMÍLIA,2026-02-06 10:29:54.116018-03:00,0818455-75.2026.8.14.0301,CUMPRIMENTO DE SENTENÇA (156),ALESSANDRA OLIVEIRA DAMASCENO GUEDES
CÍVEL,BELÉM,10ª DEFENSORIA PÚBLICA DE FAMÍLIA,2026-02-06 11:05:37.786394-03:00,0818457-45.2026.8.14.0301,CUMPRIMENTO DE SENTENÇA (156),ALESSANDRA OLIVEIRA DAMASCENO GUEDES
CÍVEL,BELÉM,10ª DEFENSORIA PÚBLICA DE FAMÍLIA,2026-02-06 12:11:01.603693-03:00,0818456-60.2026.8.14.0301,CUMPRIMENTO DE SENTENÇA (156),ALESSANDRA OLIVEIRA DAMASCENO GUEDES
CÍVEL,BELÉM,10ª DEFENSORIA PÚBLICA DE FAMÍLIA,2026-02-13 09:03:15.684063-03:00,0820936-11.2026.8.14.0301,CUMPRIMENTO DE SENTENÇA (156),ALESSANDRA OLIVEIRA DAMASCENO GUEDES
CÍVEL,BELÉM,10ª DEFENSORIA PÚBLICA DE FAMÍLIA,2026-02-13 09:35:08.142650-03:00,0820938-78.2026.8.14.0301,CUMPRIMENTO DE SENTENÇA (156),ALESSANDRA OLIVEIRA DAMASCENO GUEDES
CÍVEL,BELÉM,10ª DEFENSORIA PÚBLICA DE FAMÍLIA,2026-02-13 10:31:51.627135-03:00,0820942-18.2026.8.14.0301,CUMPRIMENTO DE SENTENÇA (156),ALESSANDRA OLIVEIRA DAMASCENO GUEDES
CÍVEL,BELÉM,10ª DEFENSORIA PÚBLICA DE FAMÍLIA,2026-03-03 11:29:34.913274-03:00,0825674-42.2026.8.14.0301,CUMPRIMENTO DE SENTENÇA (156),ALESSANDRA OLIVEIRA DAMASCENO GUEDES
CÍVEL,BELÉM,10ª DEFENSORIA PÚBLICA DE FAMÍLIA,2026-03-03 11:33:25.966930-03:00,0825676-12.2026.8.14.0301,CUMPRIMENTO DE SENTENÇA (156),ALESSANDRA OLIVEIRA DAMASCENO GUEDES
CÍVEL,BELÉM,10ª DEFENSORIA PÚBLICA DE FAMÍLIA,2026-03-03 11:38:42.667729-03:00,0825677-94.2026.8.14.0301,CUMPRIMENTO DE SENTENÇA (156),ALESSANDRA OLIVEIRA DAMASCENO GUEDES
CÍVEL,BELÉM,10ª DEFENSORIA PÚBLICA DE FAMÍLIA,2026-03-10 11:10:07.120105-03:00,0827724-41.2026.8.14.0301,CUMPRIMENTO DE SENTENÇA (156),ALESSANDRA OLIVEIRA DAMASCENO GUEDES
CÍVEL,BELÉM,10ª DEFENSORIA PÚBLICA DE FAMÍLIA,2026-03-10 11:42:47.286955-03:00,0827747-84.2026.8.14.0301,CUMPRIMENTO DE SENTENÇA (156),ALESSANDRA OLIVEIRA DAMASCENO GUEDES
CÍVEL,BELÉM,10ª DEFENSORIA PÚBLICA DE FAMÍLIA,2026-03-23 09:14:17.306302-03:00,0832319-83.2026.8.14.0301,CUMPRIMENTO DE SENTENÇA (156),ALESSANDRA OLIVEIRA DAMASCENO GUEDES
CÍVEL,BELÉM,10ª DEFENSORIA PÚBLICA DE FAMÍLIA,2026-03-23 11:10:07.148160-03:00,0832320-68.2026.8.14.0301,CUMPRIMENTO DE SENTENÇA (156),ALESSANDRA OLIVEIRA DAMASCENO GUEDES
CÍVEL,BELÉM,10ª DEFENSORIA PÚBLICA DE FAMÍLIA,2026-03-23 11:43:45.481019-03:00,0832321-53.2026.8.14.0301,CUMPRIMENTO DE SENTENÇA (156),ALESSANDRA OLIVEIRA DAMASCENO GUEDES
CÍVEL,BELÉM,10ª DEFENSORIA PÚBLICA DE FAMÍLIA,2026-03-24 10:53:34.335893-03:00,0832415-98.2026.8.14.0301,CUMPRIMENTO DE SENTENÇA (156),ALESSANDRA OLIVEIRA DAMASCENO GUEDES
CÍVEL,BELÉM,10ª DEFENSORIA PÚBLICA DE FAMÍLIA,2026-04-22 11:40:20.021736-03:00,0844142-54.2026.8.14.0301,CUMPRIMENTO DE SENTENÇA (156),ALESSANDRA OLIVEIRA DAMASCENO GUEDES
CÍVEL,BELÉM,10ª DEFENSORIA PÚBLICA DE FAMÍLIA,2026-04-29 11:25:58.562202-03:00,0846870-68.2026.8.14.0301,CUMPRIMENTO DE SENTENÇA (156),ALESSANDRA OLIVEIRA DAMASCENO GUEDES
CÍVEL,BELÉM,10ª DEFENSORIA PÚBLICA DE FAMÍLIA,2026-05-07 11:39:03.029490-03:00,0849326-88.2026.8.14.0301,CUMPRIMENTO DE SENTENÇA (156),ALESSANDRA OLIVEIRA DAMASCENO GUEDES
CÍVEL,BELÉM,10ª DEFENSORIA PÚBLICA DE FAMÍLIA,2026-05-14 11:55:43.036775-03:00,0851278-05.2026.8.14.0301,EMBARGOS DE TERCEIRO CÍVEL (37),ALESSANDRA OLIVEIRA DAMASCENO GUEDES
CÍVEL,BELÉM,10ª DEFENSORIA PÚBLICA DE FAMÍLIA,2026-05-15 10:40:58.384560-03:00,0851693-85.2026.8.14.0301,CUMPRIMENTO DE SENTENÇA (156),ALESSANDRA OLIVEIRA DAMASCENO GUEDES
CÍVEL,BELÉM,10ª DEFENSORIA PÚBLICA DE FAMÍLIA,2026-05-15 11:53:28.500815-03:00,0851709-39.2026.8.14.0301,CUMPRIMENTO DE SENTENÇA (156),ALESSANDRA OLIVEIRA DAMASCENO GUEDES
CÍVEL,BELÉM,10ª DEFENSORIA PÚBLICA DE FAMÍLIA,2026-05-20 09:52:53.431713-03:00,0853189-52.2026.8.14.0301,CUMPRIMENTO DE SENTENÇA (156),ALESSANDRA OLIVEIRA DAMASCENO GUEDES
CÍVEL,BELÉM,10ª DEFENSORIA PÚBLICA DE FAMÍLIA,2026-05-29 13:14:37.708115-03:00,0856514-35.2026.8.14.0301,CUMPRIMENTO DE SENTENÇA DE OBRIGAÇÃO DE PRESTAR ALIMENTOS,ALESSANDRA OLIVEIRA DAMASCENO GUEDES
CÍVEL,BELÉM,10ª DEFENSORIA PÚBLICA DE FAMÍLIA,2026-07-09 13:14:44.293686-03:00,0868897-45.2026.8.14.0301,CUMPRIMENTO DE SENTENÇA (156),ALESSANDRA OLIVEIRA DAMASCENO GUEDES
CÍVEL,BELÉM,10ª DEFENSORIA PÚBLICA DE FAMÍLIA,2026-07-15 10:24:39.083926-03:00,0870471-06.2026.8.14.0301,CUMPRIMENTO DE SENTENÇA (156),ALESSANDRA OLIVEIRA DAMASCENO GUEDES
CÍVEL,BELÉM,10ª DEFENSORIA PÚBLICA DE FAMÍLIA,2026-07-20 13:47:00.399911-03:00,0872725-49.2026.8.14.0301,CUMPRIMENTO DE SENTENÇA (156),ALESSANDRA OLIVEIRA DAMASCENO GUEDES
CÍVEL,BELÉM,10ª DEFENSORIA PÚBLICA DE FAMÍLIA,2026-07-21 10:28:54.949332-03:00,0872710-80.2026.8.14.0301,CUMPRIMENTO DE SENTENÇA (156),ALESSANDRA OLIVEIRA DAMASCENO GUEDES
CÍVEL,BELÉM,10ª DEFENSORIA PÚBLICA DE FAMÍLIA,2026-08-05 11:09:58.083202-03:00,0875802-66.2026.8.14.0301,CUMPRIMENTO DE SENTENÇA (156),ALESSANDRA OLIVEIRA DAMASCENO GUEDES
CÍVEL,BELÉM,10ª DEFENSORIA PÚBLICA DE FAMÍLIA,2026-08-05 11:11:28.963601-03:00,0875797-44.2026.8.14.0301,CUMPRIMENTO DE SENTENÇA (156),ALESSANDRA OLIVEIRA DAMASCENO GUEDES
CÍVEL,BELÉM,10ª DEFENSORIA PÚBLICA DE FAMÍLIA,2026-08-08 14:02:09.344837-03:00,0877018-62.2026.8.14.0301,ALIMENTOS - LEI ESPECIAL Nº 5.478/68 (69),ALESSANDRA OLIVEIRA DAMASCENO GUEDES
CÍVEL,BELÉM,10ª DEFENSORIA PÚBLICA DE FAMÍLIA,2026-08-08 14:58:01.590746-03:00,0877016-92.2026.8.14.0301,ALIMENTOS - LEI ESPECIAL Nº 5.478/68 (69),ALESSANDRA OLIVEIRA DAMASCENO GUEDES
CÍVEL,BELÉM,10ª DEFENSORIA PÚBLICA DE FAMÍLIA,2026-08-08 15:43:04.547301-03:00,0877014-25.2026.8.14.0301,ALIMENTOS - LEI ESPECIAL Nº 5.478/68 (69),ALESSANDRA OLIVEIRA DAMASCENO GUEDES
CÍVEL,BELÉM,10ª DEFENSORIA PÚBLICA DE FAMÍLIA,2026-08-08 16:38:47.657233-03:00,0877011-70.2026.8.14.0301,ALIMENTOS - LEI ESPECIAL Nº 5.478/68 (69),ALESSANDRA OLIVEIRA DAMASCENO GUEDES
CÍVEL,BELÉM,10ª DEFENSORIA PÚBLICA DE FAMÍLIA,2026-08-10 08:45:08.995905-03:00,0877020-32.2026.8.14.0301,ALIMENTOS - LEI ESPECIAL Nº 5.478/68 (69),ALESSANDRA OLIVEIRA DAMASCENO GUEDES
CÍVEL,BELÉM,10ª DEFENSORIA PÚBLICA DE FAMÍLIA,2026-08-10 09:49:39.411423-03:00,0877022-02.2026.8.14.0301,ALIMENTOS - LEI ESPECIAL Nº 5.478/68 (69),ALESSANDRA OLIVEIRA DAMASCENO GUEDES
CÍVEL,BELÉM,10ª DEFENSORIA PÚBLICA DE FAMÍLIA,2026-08-10 10:18:26.773303-03:00,0877024-69.2026.8.14.0301,ALIMENTOS - LEI ESPECIAL Nº 5.478/68 (69),ALESSANDRA OLIVEIRA DAMASCENO GUEDES
CÍVEL,BELÉM,10ª DEFENSORIA PÚBLICA DE FAMÍLIA,2026-08-10 10:53:59.864584-03:00,0877062-81.2026.8.14.0301,DIVÓRCIO CONSENSUAL (12372),ALESSANDRA OLIVEIRA DAMASCENO GUEDES
CÍVEL,BELÉM,10ª DEFENSORIA PÚBLICA DE FAMÍLIA,2026-08-10 11:21:39.294961-03:00,0877064-51.2026.8.14.0301,ALIMENTOS - LEI ESPECIAL Nº 5.478/68 (69),ALESSANDRA OLIVEIRA DAMASCENO GUEDES
CÍVEL,BELÉM,10ª DEFENSORIA PÚBLICA DE FAMÍLIA,2026-08-10 11:28:55.942311-03:00,0877072-28.2026.8.14.0301,ALIMENTOS - LEI ESPECIAL Nº 5.478/68 (69),ALESSANDRA OLIVEIRA DAMASCENO GUEDES
CÍVEL,BELÉM,10ª DEFENSORIA PÚBLICA DE FAMÍLIA,2026-08-10 14:02:25.192287-03:00,0877383-19.2026.8.14.0301,ALIMENTOS - LEI ESPECIAL Nº 5.478/68 (69),ALESSANDRA OLIVEIRA DAMASCENO GUEDES
CÍVEL,BELÉM,10ª DEFENSORIA PÚBLICA DE FAMÍLIA,2026-08-14 13:02:59.703043-03:00,0878797-52.2026.8.14.0301,CUMPRIMENTO DE SENTENÇA (156),ALESSANDRA OLIVEIRA DAMASCENO GUEDES
CÍVEL,BELÉM,10ª DEFENSORIA PÚBLICA DE FAMÍLIA,2026-08-14 13:09:08.538339-03:00,0878799-22.2026.8.14.0301,CUMPRIMENTO DE SENTENÇA (156),ALESSANDRA OLIVEIRA DAMASCENO GUEDES
CÍVEL,BELÉM,10ª DEFENSORIA PÚBLICA DE FAMÍLIA,2026-08-16 21:32:08.635789-03:00,0879098-96.2026.8.14.0301,CUMPRIMENTO DE SENTENÇA (156),ALESSANDRA OLIVEIRA DAMASCENO GUEDES
CÍVEL,BELÉM,10ª DEFENSORIA PÚBLICA DE FAMÍLIA,2026-08-16 21:38:04.200958-03:00,0879099-81.2026.8.14.0301,CUMPRIMENTO DE SENTENÇA (156),ALESSANDRA OLIVEIRA DAMASCENO GUEDES
CÍVEL,BELÉM,10ª DEFENSORIA PÚBLICA DE FAMÍLIA,2026-09-03 12:19:17.571349-03:00,0885967-75.2026.8.14.0301,CUMPRIMENTO DE SENTENÇA (156),ALESSANDRA OLIVEIRA DAMASCENO GUEDES
CÍVEL,BELÉM,10ª DEFENSORIA PÚBLICA DE FAMÍLIA,2026-09-03 12:30:07.008631-03:00,0885978-07.2026.8.14.0301,CUMPRIMENTO DE SENTENÇA (156),ALESSANDRA OLIVEIRA DAMASCENO GUEDES
CÍVEL,BELÉM,10ª DEFENSORIA PÚBLICA DE FAMÍLIA,2026-09-03 12:36:02.842312-03:00,0885986-81.2026.8.14.0301,CUMPRIMENTO DE SENTENÇA (156),ALESSANDRA OLIVEIRA DAMASCENO GUEDES
CÍVEL,BELÉM,10ª DEFENSORIA PÚBLICA DE FAMÍLIA,2026-09-21 08:01:50.702259-03:00,0891464-70.2026.8.14.0301,CUMPRIMENTO DE SENTENÇA (156),ALESSANDRA OLIVEIRA DAMASCENO GUEDES
CÍVEL,BELÉM,10ª DEFENSORIA PÚBLICA DE FAMÍLIA,2026-09-21 08:10:02.546116-03:00,0891465-55.2026.8.14.0301,CUMPRIMENTO DE SENTENÇA (156),ALESSANDRA OLIVEIRA DAMASCENO GUEDES
CÍVEL,BELÉM,10ª DEFENSORIA PUBLICA DE FAZENDA PUBLICA,2026-01-14 11:36:33.655111-03:00,0802268-89.2026.8.14.0301,PROCEDIMENTO DO JUIZADO ESPECIAL DA FAZENDA PÚBLICA,REGINALDO TAVEIRA RIBEIRO
CÍVEL,BELÉM,10ª DEFENSORIA PUBLICA DE FAZENDA PUBLICA,2026-02-11 10:56:52.513984-03:00,0820079-62.2026.8.14.0301,PROCEDIMENTO DO JUIZADO ESPECIAL DA FAZENDA PÚBLICA,REGINALDO TAVEIRA RIBEIRO
CÍVEL,BELÉM,10ª DEFENSORIA PUBLICA DE FAZENDA PUBLICA,2026-02-13 07:33:34.318498-03:00,0820883-30.2026.8.14.0301,PROCEDIMENTO DO JUIZADO ESPECIAL DA FAZENDA PÚBLICA,REGINALDO TAVEIRA RIBEIRO
CÍVEL,BELÉM,10ª DEFENSORIA PUBLICA DE FAZENDA PUBLICA,2026-02-19 08:45:51.787518-03:00,0821706-04.2026.8.14.0301,PROCEDIMENTO DO JUIZADO ESPECIAL DA FAZENDA PÚBLICA,REGINALDO TAVEIRA RIBEIRO
CÍVEL,BELÉM,10ª DEFENSORIA PUBLICA DE FAZENDA PUBLICA,2026-02-26 11:17:03.714118-03:00,0824272-23.2026.8.14.0301,PROCEDIMENTO DO JUIZADO ESPECIAL DA FAZENDA PÚBLICA,REGINALDO TAVEIRA RIBEIRO
CÍVEL,BELÉM,10ª DEFENSORIA PUBLICA DE FAZENDA PUBLICA,2026-02-26 11:41:38.889977-03:00,0824695-80.2026.8.14.0301,EMBARGOS À EXECUÇÃO (172),REGINALDO TAVEIRA RIBEIRO
CÍVEL,BELÉM,10ª DEFENSORIA PUBLICA DE FAZENDA PUBLICA,2026-03-02 10:14:07.401839-03:00,0825244-90.2026.8.14.0301,PROCEDIMENTO DO JUIZADO ESPECIAL DA FAZENDA PÚBLICA,REGINALDO TAVEIRA RIBEIRO
CÍVEL,BELÉM,10ª DEFENSORIA PUBLICA DE FAZENDA PUBLICA,2026-03-02 10:28:01.384453-03:00,0825251-82.2026.8.14.0301,PROCEDIMENTO DO JUIZADO ESPECIAL DA FAZENDA PÚBLICA,REGINALDO TAVEIRA RIBEIRO
CÍVEL,BELÉM,10ª DEFENSORIA PUBLICA DE FAZENDA PUBLICA,2026-03-02 11:27:30.533603-03:00,0825284-72.2026.8.14.0301,PROCEDIMENTO DO JUIZADO ESPECIAL DA FAZENDA PÚBLICA,REGINALDO TAVEIRA RIBEIRO
CÍVEL,BELÉM,10ª DEFENSORIA PUBLICA DE FAZENDA PUBLICA,2026-03-02 12:13:27.687346-03:00,0825309-85.2026.8.14.0301,PROCEDIMENTO DO JUIZADO ESPECIAL DA FAZENDA PÚBLICA,REGINALDO TAVEIRA RIBEIRO
CÍVEL,BELÉM,10ª DEFENSORIA PUBLICA DE FAZENDA PUBLICA,2026-03-04 09:01:40.059090-03:00,0825986-18.2026.8.14.0301,PROCEDIMENTO DO JUIZADO ESPECIAL DA FAZENDA PÚBLICA,REGINALDO TAVEIRA RIBEIRO
CÍVEL,BELÉM,10ª DEFENSORIA PUBLICA DE FAZENDA PUBLICA,2026-03-05 09:59:28.772409-03:00,0826398-46.2026.8.14.0301,PROCEDIMENTO DO JUIZADO ESPECIAL DA FAZENDA PÚBLICA,REGINALDO TAVEIRA RIBEIRO
CÍVEL,BELÉM,10ª DEFENSORIA PUBLICA DE FAZENDA PUBLICA,2026-03-09 11:45:01.753355-03:00,0827252-40.2026.8.14.0301,PROCEDIMENTO DO JUIZADO ESPECIAL DA FAZENDA PÚBLICA,REGINALDO TAVEIRA RIBEIRO
CÍVEL,BELÉM,10ª DEFENSORIA PUBLICA DE FAZENDA PUBLICA,2026-03-09 19:05:48.108653-03:00,0827504-43.2026.8.14.0301,PROCEDIMENTO DO JUIZADO ESPECIAL DA FAZENDA PÚBLICA,REGINALDO TAVEIRA RIBEIRO
CÍVEL,BELÉM,10ª DEFENSORIA PUBLICA DE FAZENDA PUBLICA,2026-03-09 19:32:06.634785-03:00,0827507-95.2026.8.14.0301,PROCEDIMENTO DO JUIZADO ESPECIAL DA FAZENDA PÚBLICA,REGINALDO TAVEIRA RIBEIRO
CÍVEL,BELÉM,10ª DEFENSORIA PUBLICA DE FAZENDA PUBLICA,2026-03-10 09:00:20.332012-03:00,0827606-65.2026.8.14.0301,PROCEDIMENTO DO JUIZADO ESPECIAL DA FAZENDA PÚBLICA,REGINALDO TAVEIRA RIBEIRO
CÍVEL,BELÉM,10ª DEFENSORIA PUBLICA DE FAZENDA PUBLICA,2026-03-10 10:23:23.421308-03:00,0827669-90.2026.8.14.0301,PROCEDIMENTO DO JUIZADO ESPECIAL DA FAZENDA PÚBLICA,REGINALDO TAVEIRA RIBEIRO
CÍVEL,BELÉM,10ª DEFENSORIA PUBLICA DE FAZENDA PUBLICA,2026-03-13 12:57:10.455448-03:00,0829585-62.2026.8.14.0301,PROCEDIMENTO DO JUIZADO ESPECIAL DA FAZENDA PÚBLICA,REGINALDO TAVEIRA RIBEIRO
CÍVEL,BELÉM,10ª DEFENSORIA PUBLICA DE FAZENDA PUBLICA,2026-03-26 10:55:27.996670-03:00,0802007-36.2026.8.14.0201,ALIMENTOS - LEI ESPECIAL Nº 5.478/68 (69),REGINALDO TAVEIRA RIBEIRO
CÍVEL,BELÉM,10ª DEFENSORIA PUBLICA DE FAZENDA PUBLICA,2026-03-26 18:55:24.618234-03:00,0833386-83.2026.8.14.0301,PROCEDIMENTO DO JUIZADO ESPECIAL DA FAZENDA PÚBLICA,REGINALDO TAVEIRA RIBEIRO
CÍVEL,BELÉM,10ª DEFENSORIA PUBLICA DE FAZENDA PUBLICA,2026-03-30 12:23:43.538100-03:00,0834188-81.2026.8.14.0301,PROCEDIMENTO DO JUIZADO ESPECIAL DA FAZENDA PÚBLICA,REGINALDO TAVEIRA RIBEIRO
CÍVEL,BELÉM,10ª DEFENSORIA PUBLICA DE FAZENDA PUBLICA,2026-04-07 10:41:43.237576-03:00,0839018-90.2026.8.14.0301,PROCEDIMENTO DO JUIZADO ESPECIAL DA FAZENDA PÚBLICA,REGINALDO TAVEIRA RIBEIRO
CÍVEL,BELÉM,10ª DEFENSORIA PUBLICA DE FAZENDA PUBLICA,2026-04-08 10:42:38.781749-03:00,0839512-52.2026.8.14.0301,PROCEDIMENTO DO JUIZADO ESPECIAL DA FAZENDA PÚBLICA,REGINALDO TAVEIRA RIBEIRO
CÍVEL,BELÉM,10ª DEFENSORIA PUBLICA DE FAZENDA PUBLICA,2026-04-23 09:55:26.659693-03:00,0844581-65.2026.8.14.0301,ALIMENTOS - LEI ESPECIAL Nº 5.478/68 (69),REGINALDO TAVEIRA RIBEIRO
CÍVEL,BELÉM,10ª DEFENSORIA PUBLICA DE FAZENDA PUBLICA,2026-04-23 10:19:59.747080-03:00,0844501-04.2026.8.14.0301,ALIMENTOS - LEI ESPECIAL Nº 5.478/68 (69),REGINALDO TAVEIRA RIBEIRO
CÍVEL,BELÉM,10ª DEFENSORIA PUBLICA DE FAZENDA PUBLICA,2026-04-23 10:30:33.425407-03:00,0844519-25.2026.8.14.0301,RETIFICAÇÃO OU SUPRIMENTO OU RESTAURAÇÃO DE REGISTRO CIVIL (1682),REGINALDO TAVEIRA RIBEIRO
CÍVEL,BELÉM,10ª DEFENSORIA PUBLICA DE FAZENDA PUBLICA,2026-04-23 12:03:51.115934-03:00,0844583-35.2026.8.14.0301,RETIFICAÇÃO OU SUPRIMENTO OU RESTAURAÇÃO DE REGISTRO CIVIL (1682),REGINALDO TAVEIRA RIBEIRO
CÍVEL,BELÉM,10ª DEFENSORIA PUBLICA DE FAZENDA PUBLICA,2026-04-23 12:07:14.704881-03:00,0844591-12.2026.8.14.0301,PROCEDIMENTO COMUM CÍVEL (7),REGINALDO TAVEIRA RIBEIRO
CÍVEL,BELÉM,10ª DEFENSORIA PUBLICA DE FAZENDA PUBLICA,2026-04-23 12:38:47.424811-03:00,0844618-92.2026.8.14.0301,RETIFICAÇÃO OU SUPRIMENTO OU RESTAURAÇÃO DE REGISTRO CIVIL (1682),REGINALDO TAVEIRA RIBEIRO
CÍVEL,BELÉM,10ª DEFENSORIA PUBLICA DE FAZENDA PUBLICA,2026-04-23 12:51:38.992852-03:00,0844627-54.2026.8.14.0301,RETIFICAÇÃO OU SUPRIMENTO OU RESTAURAÇÃO DE REGISTRO CIVIL (1682),REGINALDO TAVEIRA RIBEIRO
CÍVEL,BELÉM,10ª DEFENSORIA PUBLICA DE FAZENDA PUBLICA,2026-04-27 10:20:02.013291-03:00,0845693-69.2026.8.14.0301,PROCEDIMENTO DO JUIZADO ESPECIAL DA FAZENDA PÚBLICA,REGINALDO TAVEIRA RIBEIRO
CÍVEL,BELÉM,10ª DEFENSORIA PUBLICA DE FAZENDA PUBLICA,2026-05-25 17:54:02.553541-03:00,0854893-03.2026.8.14.0301,PROCEDIMENTO DO JUIZADO ESPECIAL DA FAZENDA PÚBLICA,REGINALDO TAVEIRA RIBEIRO
CÍVEL,BELÉM,10ª DEFENSORIA PUBLICA DE FAZENDA PUBLICA,2026-05-28 12:45:20.937597-03:00,0856117-73.2026.8.14.0301,PROCEDIMENTO DO JUIZADO ESPECIAL DA FAZENDA PÚBLICA,REGINALDO TAVEIRA RIBEIRO
CÍVEL,BELÉM,10ª DEFENSORIA PUBLICA DE FAZENDA PUBLICA,2026-05-28 14:48:23.085057-03:00,0856118-58.2026.8.14.0301,PROCEDIMENTO DO JUIZADO ESPECIAL DA FAZENDA PÚBLICA,REGINALDO TAVEIRA RIBEIRO
CÍVEL,BELÉM,10ª DEFENSORIA PUBLICA DE FAZENDA PUBLICA,2026-06-16 11:19:00.202544-03:00,0861269-05.2026.8.14.0301,PROCEDIMENTO COMUM CÍVEL (7),REGINALDO TAVEIRA RIBEIRO
CÍVEL,BELÉM,10ª DEFENSORIA PUBLICA DE FAZENDA PUBLICA,2026-06-25 11:49:24.640641-03:00,0864646-81.2026.8.14.0301,CUMPRIMENTO DE SENTENÇA CONTRA A FAZENDA PÚBLICA,REGINALDO TAVEIRA RIBEIRO
CÍVEL,BELÉM,10ª DEFENSORIA PUBLICA DE FAZENDA PUBLICA,2026-06-26 16:56:16.521903-03:00,0865033-96.2026.8.14.0301,PROCEDIMENTO DO JUIZADO ESPECIAL DA FAZENDA PÚBLICA,ANDREA BARRETO RICARTE DE OLIVEIRA FARIAS
CÍVEL,BELÉM,10ª DEFENSORIA PUBLICA DE FAZENDA PUBLICA,2026-06-29 10:07:29.206718-03:00,0865222-74.2026.8.14.0301,CUMPRIMENTO DE SENTENÇA CONTRA A FAZENDA PÚBLICA,REGINALDO TAVEIRA RIBEIRO
CÍVEL,BELÉM,10ª DEFENSORIA PUBLICA DE FAZENDA PUBLICA,2026-07-02 20:15:19.635966-03:00,0866713-19.2026.8.14.0301,PROCEDIMENTO DO JUIZADO ESPECIAL DA FAZENDA PÚBLICA,REGINALDO TAVEIRA RIBEIRO
CÍVEL,BELÉM,10ª DEFENSORIA PUBLICA DE FAZENDA PUBLICA,2026-07-09 15:53:45.241026-03:00,0868664-48.2026.8.14.0301,PROCEDIMENTO DO JUIZADO ESPECIAL DA FAZENDA PÚBLICA,ANDREA BARRETO RICARTE DE OLIVEIRA FARIAS
CÍVEL,BELÉM,10ª DEFENSORIA PUBLICA DE FAZENDA PUBLICA,2026-07-21 11:53:27.018427-03:00,0871656-79.2026.8.14.0301,PROCEDIMENTO COMUM CÍVEL (7),REGINALDO TAVEIRA RIBEIRO
CÍVEL,BELÉM,10ª DEFENSORIA PUBLICA DE FAZENDA PUBLICA,2026-08-24 10:03:58.316583-03:00,0881673-77.2026.8.14.0301,PROCEDIMENTO DO JUIZADO ESPECIAL DA FAZENDA PÚBLICA,REGINALDO TAVEIRA RIBEIRO
CÍVEL,BELÉM,10ª DEFENSORIA PUBLICA DE FAZENDA PUBLICA,2026-09-03 09:54:43.121128-03:00,0885839-55.2026.8.14.0301,PROCEDIMENTO DO JUIZADO ESPECIAL DA FAZENDA PÚBLICA,REGINALDO TAVEIRA RIBEIRO
CÍVEL,BELÉM,10ª DEFENSORIA PUBLICA DE FAZENDA PUBLICA,2026-09-03 10:37:16.006167-03:00,0885882-89.2026.8.14.0301,PROCEDIMENTO DO JUIZADO ESPECIAL DA FAZENDA PÚBLICA,REGINALDO TAVEIRA RIBEIRO
CÍVEL,BELÉM,10ª DEFENSORIA PUBLICA DE FAZENDA PUBLICA,2026-09-03 11:39:45.222950-03:00,0885928-78.2026.8.14.0301,PROCEDIMENTO DO JUIZADO ESPECIAL DA FAZENDA PÚBLICA,REGINALDO TAVEIRA RIBEIRO
CÍVEL,BELÉM,10ª DEFENSORIA PUBLICA DE FAZENDA PUBLICA,2026-09-08 09:20:09.121700-03:00,0887059-88.2026.8.14.0301,PROCEDIMENTO DO JUIZADO ESPECIAL DA FAZENDA PÚBLICA,REGINALDO TAVEIRA RIBEIRO
CÍVEL,BELÉM,10ª DEFENSORIA PUBLICA DE FAZENDA PUBLICA,2026-09-08 10:13:55.259008-03:00,0887054-66.2026.8.14.0301,PROCEDIMENTO DO JUIZADO ESPECIAL DA FAZENDA PÚBLICA,REGINALDO TAVEIRA RIBEIRO
CÍVEL,BELÉM,10ª DEFENSORIA PUBLICA DE FAZENDA PUBLICA,2026-09-08 10:27:36.895295-03:00,0887065-95.2026.8.14.0301,PROCEDIMENTO DO JUIZADO ESPECIAL DA FAZENDA PÚBLICA,REGINALDO TAVEIRA RIBEIRO
CÍVEL,BELÉM,10ª DEFENSORIA PUBLICA DE FAZENDA PUBLICA,2026-09-10 10:47:58.253056-03:00,0888033-28.2026.8.14.0301,PROCEDIMENTO DO JUIZADO ESPECIAL DA FAZENDA PÚBLICA,REGINALDO TAVEIRA RIBEIRO
CÍVEL,BELÉM,10ª DEFENSORIA PUBLICA DE FAZENDA PUBLICA,2026-09-16 08:00:21.519091-03:00,0889855-52.2026.8.14.0301,CUMPRIMENTO DE SENTENÇA (156),REGINALDO TAVEIRA RIBEIRO
CÍVEL,BELÉM,10ª DEFENSORIA PUBLICA DE FAZENDA PUBLICA,2026-09-16 10:04:14.408795-03:00,0889900-56.2026.8.14.0301,PROCEDIMENTO DO JUIZADO ESPECIAL DA FAZENDA PÚBLICA,REGINALDO TAVEIRA RIBEIRO
CÍVEL,BELÉM,10ª DEFENSORIA PUBLICA DE FAZENDA PUBLICA,2026-09-17 16:03:08.344437-03:00,0890900-91.2026.8.14.0301,PROCEDIMENTO DO JUIZADO ESPECIAL DA FAZENDA PÚBLICA,REGINALDO TAVEIRA RIBEIRO
CÍVEL,BELÉM,11ª DEFENSORIA PÚBLICA CÍVEL,2026-02-28 12:48:11.125107-03:00,0825091-57.2026.8.14.0301,EMBARGOS À EXECUÇÃO (172),JOSE FLAVIO RIBEIRO MAUES
CÍVEL,BELÉM,11ª DEFENSORIA PÚBLICA CÍVEL,2026-03-27 10:04:43.040297-03:00,0833497-67.2026.8.14.0301,EMBARGOS À EXECUÇÃO (172),JOSE FLAVIO RIBEIRO MAUES
CÍVEL,BELÉM,11ª DEFENSORIA PÚBLICA CÍVEL,2026-04-28 08:32:24.593470-03:00,0846130-13.2026.8.14.0301,EMBARGOS À EXECUÇÃO (172),JOSE FLAVIO RIBEIRO MAUES
CÍVEL,BELÉM,11ª DEFENSORIA PÚBLICA CÍVEL,2026-04-28 08:40:22.916538-03:00,0846142-27.2026.8.14.0301,EXECUÇÃO DE TÍTULO EXTRAJUDICIAL,JOSE FLAVIO RIBEIRO MAUES
CÍVEL,BELÉM,11ª DEFENSORIA PÚBLICA CÍVEL,2026-07-14 09:57:07.037351-03:00,0869646-62.2026.8.14.0301,PROCEDIMENTO COMUM CÍVEL (7),JENIFFER DE BARROS RODRIGUES
CÍVEL,BELÉM,11ª DEFENSORIA PUBLICA DE FAZENDA PUBLICA,2026-02-03 13:16:31.380143-03:00,0811518-49.2026.8.14.0301,PROCEDIMENTO DO JUIZADO ESPECIAL DA FAZENDA PÚBLICA,JOSÉ ANIJAR FRAGOSO REI
CÍVEL,BELÉM,11ª DEFENSORIA PUBLICA DE FAZENDA PUBLICA,2026-02-05 12:36:15.393923-03:00,0815546-60.2026.8.14.0301,PROCEDIMENTO DO JUIZADO ESPECIAL DA FAZENDA PÚBLICA,JOSÉ ANIJAR FRAGOSO REI
CÍVEL,BELÉM,11ª DEFENSORIA PUBLICA DE FAZENDA PUBLICA,2026-02-20 15:18:37.633393-03:00,0822447-44.2026.8.14.0301,PROCEDIMENTO DO JUIZADO ESPECIAL DA FAZENDA PÚBLICA,JOSÉ ANIJAR FRAGOSO REI
CÍVEL,BELÉM,11ª DEFENSORIA PUBLICA DE FAZENDA PUBLICA,2026-03-05 11:12:46.505408-03:00,0826460-86.2026.8.14.0301,PROCEDIMENTO DO JUIZADO ESPECIAL DA FAZENDA PÚBLICA,JOSÉ ANIJAR FRAGOSO REI
CÍVEL,BELÉM,11ª DEFENSORIA PUBLICA DE FAZENDA PUBLICA,2026-03-18 13:43:10.987270-03:00,0830657-84.2026.8.14.0301,PROCEDIMENTO DO JUIZADO ESPECIAL DA FAZENDA PÚBLICA,JOSÉ ANIJAR FRAGOSO REI
CÍVEL,BELÉM,11ª DEFENSORIA PUBLICA DE FAZENDA PUBLICA,2026-03-19 12:38:55.708851-03:00,0831027-63.2026.8.14.0301,PROCEDIMENTO DO JUIZADO ESPECIAL DA FAZENDA PÚBLICA,JOSÉ ANIJAR FRAGOSO REI
CÍVEL,BELÉM,11ª DEFENSORIA PUBLICA DE FAZENDA PUBLICA,2026-03-19 13:39:28.200823-03:00,0831056-16.2026.8.14.0301,PROCEDIMENTO DO JUIZADO ESPECIAL DA FAZENDA PÚBLICA,JOSÉ ANIJAR FRAGOSO REI
CÍVEL,BELÉM,11ª DEFENSORIA PUBLICA DE FAZENDA PUBLICA,2026-03-31 10:28:17.408298-03:00,0834566-37.2026.8.14.0301,PROCEDIMENTO DO JUIZADO ESPECIAL DA FAZENDA PÚBLICA,JOSÉ ANIJAR FRAGOSO REI
CÍVEL,BELÉM,11ª DEFENSORIA PUBLICA DE FAZENDA PUBLICA,2026-04-01 11:01:12.591322-03:00,0835096-41.2026.8.14.0301,PROCEDIMENTO DO JUIZADO ESPECIAL DA FAZENDA PÚBLICA,JOSÉ ANIJAR FRAGOSO REI
CÍVEL,BELÉM,11ª DEFENSORIA PUBLICA DE FAZENDA PUBLICA,2026-04-15 13:48:52.212570-03:00,0842257-05.2026.8.14.0301,PROCEDIMENTO DO JUIZADO ESPECIAL DA FAZENDA PÚBLICA,JOSÉ ANIJAR FRAGOSO REI
CÍVEL,BELÉM,11ª DEFENSORIA PUBLICA DE FAZENDA PUBLICA,2026-04-15 15:39:35.448639-03:00,0842331-59.2026.8.14.0301,PROCEDIMENTO DO JUIZADO ESPECIAL DA FAZENDA PÚBLICA,JOSÉ ANIJAR FRAGOSO REI
CÍVEL,BELÉM,11ª DEFENSORIA PUBLICA DE FAZENDA PUBLICA,2026-04-24 11:43:48.727148-03:00,0845146-29.2026.8.14.0301,PROCEDIMENTO DO JUIZADO ESPECIAL DA FAZENDA PÚBLICA,JOSÉ ANIJAR FRAGOSO REI
CÍVEL,BELÉM,11ª DEFENSORIA PUBLICA DE FAZENDA PUBLICA,2026-04-24 12:09:41.165389-03:00,0845177-49.2026.8.14.0301,PROCEDIMENTO DO JUIZADO ESPECIAL DA FAZENDA PÚBLICA,JOSÉ ANIJAR FRAGOSO REI
CÍVEL,BELÉM,11ª DEFENSORIA PUBLICA DE FAZENDA PUBLICA,2026-04-29 13:32:13.651649-03:00,0846913-05.2026.8.14.0301,PROCEDIMENTO COMUM CÍVEL (7),JOSÉ ANIJAR FRAGOSO REI
CÍVEL,BELÉM,11ª DEFENSORIA PUBLICA DE FAZENDA PUBLICA,2026-04-29 14:34:45.683339-03:00,0846959-91.2026.8.14.0301,PROCEDIMENTO DO JUIZADO ESPECIAL DA FAZENDA PÚBLICA,JOSÉ ANIJAR FRAGOSO REI
CÍVEL,BELÉM,11ª DEFENSORIA PUBLICA DE FAZENDA PUBLICA,2026-05-03 22:16:58.259465-03:00,0847806-93.2026.8.14.0301,PROCEDIMENTO DO JUIZADO ESPECIAL DA FAZENDA PÚBLICA,JOSÉ ANIJAR FRAGOSO REI
CÍVEL,BELÉM,11ª DEFENSORIA PUBLICA DE FAZENDA PUBLICA,2026-05-03 23:32:03.411307-03:00,0847810-33.2026.8.14.0301,PROCEDIMENTO DO JUIZADO ESPECIAL DA FAZENDA PÚBLICA,JOSÉ ANIJAR FRAGOSO REI
CÍVEL,BELÉM,11ª DEFENSORIA PUBLICA DE FAZENDA PUBLICA,2026-05-22 12:42:58.543148-03:00,0854192-42.2026.8.14.0301,PROCEDIMENTO DO JUIZADO ESPECIAL DA FAZENDA PÚBLICA,JOSÉ ANIJAR FRAGOSO REI
CÍVEL,BELÉM,11ª DEFENSORIA PUBLICA DE FAZENDA PUBLICA,2026-05-22 12:50:15.954673-03:00,0854196-79.2026.8.14.0301,PROCEDIMENTO DO JUIZADO ESPECIAL DA FAZENDA PÚBLICA,JOSÉ ANIJAR FRAGOSO REI
CÍVEL,BELÉM,11ª DEFENSORIA PUBLICA DE FAZENDA PUBLICA,2026-05-26 09:01:51.471823-03:00,0855004-84.2026.8.14.0301,PROCEDIMENTO DO JUIZADO ESPECIAL DA FAZENDA PÚBLICA,JOSÉ ANIJAR FRAGOSO REI
CÍVEL,BELÉM,11ª DEFENSORIA PUBLICA DE FAZENDA PUBLICA,2026-05-26 11:43:21.080341-03:00,0855104-39.2026.8.14.0301,PROCEDIMENTO DO JUIZADO ESPECIAL DA FAZENDA PÚBLICA,JOSÉ ANIJAR FRAGOSO REI
CÍVEL,BELÉM,11ª DEFENSORIA PUBLICA DE FAZENDA PUBLICA,2026-06-23 08:51:59.157843-03:00,0863814-48.2026.8.14.0301,PROCEDIMENTO DO JUIZADO ESPECIAL DA FAZENDA PÚBLICA,JOÃO PERES DE ANDRADE FILHO
CÍVEL,BELÉM,11ª DEFENSORIA PUBLICA DE FAZENDA PUBLICA,2026-07-13 10:19:55.887335-03:00,0869291-52.2026.8.14.0301,PROCEDIMENTO DO JUIZADO ESPECIAL DA FAZENDA PÚBLICA,JOÃO PERES DE ANDRADE FILHO
CÍVEL,BELÉM,11ª DEFENSORIA PUBLICA DE FAZENDA PUBLICA,2026-07-31 08:09:26.902977-03:00,0874704-46.2026.8.14.0301,PROCEDIMENTO DO JUIZADO ESPECIAL DA FAZENDA PÚBLICA,RODRIGO CERQUEIRA DE MIRANDA
CÍVEL,BELÉM,11ª DEFENSORIA PUBLICA DE FAZENDA PUBLICA,2026-08-19 09:36:17.470123-03:00,0880116-55.2026.8.14.0301,PROCEDIMENTO DO JUIZADO ESPECIAL DA FAZENDA PÚBLICA,RODRIGO CERQUEIRA DE MIRANDA
CÍVEL,BELÉM,11ª DEFENSORIA PUBLICA DE FAZENDA PUBLICA,2026-08-28 12:48:42.280317-03:00,0884422-67.2026.8.14.0301,EXECUÇÃO FISCAL (1116),RODRIGO CERQUEIRA DE MIRANDA
CÍVEL,BELÉM,11ª DEFENSORIA PUBLICA DE FAZENDA PUBLICA,2026-08-31 13:21:24.378936-03:00,0885387-45.2026.8.14.0301,EXECUÇÃO FISCAL (1116),RODRIGO CERQUEIRA DE MIRANDA
CÍVEL,BELÉM,11ª DEFENSORIA PUBLICA DE FAZENDA PUBLICA,2026-09-04 12:30:50.420451-03:00,0886572-21.2026.8.14.0301,PROCEDIMENTO DO JUIZADO ESPECIAL DA FAZENDA PÚBLICA,RODRIGO CERQUEIRA DE MIRANDA
CÍVEL,BELÉM,12ª DEFENSORIA PÚBLICA CÍVEL,2026-08-04 13:33:08.139402-03:00,0875466-62.2026.8.14.0301,EMBARGOS À EXECUÇÃO (172),ADRIANA MARTINS JORGE JOAO
CÍVEL,BELÉM,12ª DEFENSORIA PÚBLICA CÍVEL,2026-08-28 13:44:11.177412-03:00,0884191-40.2026.8.14.0301,ALVARÁ JUDICIAL - LEI 6858/80 (74),EDERNILSON DO NASCIMENTO BARROSO
CÍVEL,BELÉM,12ª DEFENSORIA PÚBLICA DE FAMÍLIA,2026-01-08 09:04:25.652763-03:00,0800761-93.2026.8.14.0301,ALIMENTOS - LEI ESPECIAL Nº 5.478/68 (69),JACQUELINE BASTOS LOUREIRO
CÍVEL,BELÉM,12ª DEFENSORIA PÚBLICA DE FAMÍLIA,2026-01-09 09:29:48.494299-03:00,0801037-27.2026.8.14.0301,ALIMENTOS - LEI ESPECIAL Nº 5.478/68 (69),JACQUELINE BASTOS LOUREIRO
CÍVEL,BELÉM,12ª DEFENSORIA PÚBLICA DE FAMÍLIA,2026-01-09 10:30:56.949591-03:00,0801069-32.2026.8.14.0301,ALIMENTOS - LEI ESPECIAL Nº 5.478/68 (69),JACQUELINE BASTOS LOUREIRO
CÍVEL,BELÉM,12ª DEFENSORIA PÚBLICA DE FAMÍLIA,2026-01-14 08:24:13.544123-03:00,0802181-36.2026.8.14.0301,ALIMENTOS - LEI ESPECIAL Nº 5.478/68 (69),JACQUELINE BASTOS LOUREIRO
CÍVEL,BELÉM,12ª DEFENSORIA PÚBLICA DE FAMÍLIA,2026-01-15 11:49:02.224976-03:00,0803012-84.2026.8.14.0301,CUMPRIMENTO DE SENTENÇA (156),JACQUELINE BASTOS LOUREIRO
CÍVEL,BELÉM,12ª DEFENSORIA PÚBLICA DE FAMÍLIA,2026-01-15 12:35:31.301272-03:00,0805872-58.2026.8.14.0301,CUMPRIMENTO DE SENTENÇA (156),JACQUELINE BASTOS LOUREIRO
CÍVEL,BELÉM,12ª DEFENSORIA PÚBLICA DE FAMÍLIA,2026-01-20 08:35:03.733748-03:00,0803822-59.2026.8.14.0301,ALIMENTOS - LEI ESPECIAL Nº 5.478/68 (69),JACQUELINE BASTOS LOUREIRO
CÍVEL,BELÉM,12ª DEFENSORIA PÚBLICA DE FAMÍLIA,2026-01-20 09:24:22.655749-03:00,0803842-50.2026.8.14.0301,ALIMENTOS - LEI ESPECIAL Nº 5.478/68 (69),JACQUELINE BASTOS LOUREIRO
CÍVEL,BELÉM,12ª DEFENSORIA PÚBLICA DE FAMÍLIA,2026-01-20 11:13:50.926647-03:00,0803938-65.2026.8.14.0301,ALIMENTOS - LEI ESPECIAL Nº 5.478/68 (69),JACQUELINE BASTOS LOUREIRO
CÍVEL,BELÉM,12ª DEFENSORIA PÚBLICA DE FAMÍLIA,2026-01-21 12:24:19.441232-03:00,0804385-53.2026.8.14.0301,ALIMENTOS - LEI ESPECIAL Nº 5.478/68 (69),JACQUELINE BASTOS LOUREIRO
CÍVEL,BELÉM,12ª DEFENSORIA PÚBLICA DE FAMÍLIA,2026-01-22 10:41:34.033437-03:00,0804695-59.2026.8.14.0301,ALIMENTOS - LEI ESPECIAL Nº 5.478/68 (69),JACQUELINE BASTOS LOUREIRO
CÍVEL,BELÉM,12ª DEFENSORIA PÚBLICA DE FAMÍLIA,2026-01-22 10:53:11.570798-03:00,0804713-80.2026.8.14.0301,ALIMENTOS - LEI ESPECIAL Nº 5.478/68 (69),JACQUELINE BASTOS LOUREIRO
CÍVEL,BELÉM,12ª DEFENSORIA PÚBLICA DE FAMÍLIA,2026-01-22 11:02:00.697045-03:00,0804711-13.2026.8.14.0301,DIVÓRCIO LITIGIOSO (12541),JACQUELINE BASTOS LOUREIRO
CÍVEL,BELÉM,12ª DEFENSORIA PÚBLICA DE FAMÍLIA,2026-01-22 11:06:18.847363-03:00,0804717-20.2026.8.14.0301,ALIMENTOS - LEI ESPECIAL Nº 5.478/68 (69),JACQUELINE BASTOS LOUREIRO
CÍVEL,BELÉM,12ª DEFENSORIA PÚBLICA DE FAMÍLIA,2026-01-22 11:10:45.905031-03:00,0804724-12.2026.8.14.0301,ALIMENTOS - LEI ESPECIAL Nº 5.478/68 (69),JACQUELINE BASTOS LOUREIRO
CÍVEL,BELÉM,12ª DEFENSORIA PÚBLICA DE FAMÍLIA,2026-01-22 11:12:48.594915-03:00,0804801-21.2026.8.14.0301,ALIMENTOS - LEI ESPECIAL Nº 5.478/68 (69),JACQUELINE BASTOS LOUREIRO
CÍVEL,BELÉM,12ª DEFENSORIA PÚBLICA DE FAMÍLIA,2026-01-22 11:17:43.041306-03:00,0804730-19.2026.8.14.0301,ALIMENTOS - LEI ESPECIAL Nº 5.478/68 (69),JACQUELINE BASTOS LOUREIRO
CÍVEL,BELÉM,12ª DEFENSORIA PÚBLICA DE FAMÍLIA,2026-01-22 11:20:55.188472-03:00,0804733-71.2026.8.14.0301,ALIMENTOS - LEI ESPECIAL Nº 5.478/68 (69),JACQUELINE BASTOS LOUREIRO
CÍVEL,BELÉM,12ª DEFENSORIA PÚBLICA DE FAMÍLIA,2026-01-26 08:30:49.130977-03:00,0805525-25.2026.8.14.0301,ALIMENTOS - LEI ESPECIAL Nº 5.478/68 (69),JACQUELINE BASTOS LOUREIRO
CÍVEL,BELÉM,12ª DEFENSORIA PÚBLICA DE FAMÍLIA,2026-01-27 09:50:41.324580-03:00,0806274-42.2026.8.14.0301,ALIMENTOS - LEI ESPECIAL Nº 5.478/68 (69),JACQUELINE BASTOS LOUREIRO
CÍVEL,BELÉM,12ª DEFENSORIA PÚBLICA DE FAMÍLIA,2026-01-27 13:45:56.253770-03:00,0805998-11.2026.8.14.0301,ALIMENTOS - LEI ESPECIAL Nº 5.478/68 (69),JACQUELINE BASTOS LOUREIRO
CÍVEL,BELÉM,12ª DEFENSORIA PÚBLICA DE FAMÍLIA,2026-01-27 13:53:32.679192-03:00,0806002-48.2026.8.14.0301,ALIMENTOS - LEI ESPECIAL Nº 5.478/68 (69),JACQUELINE BASTOS LOUREIRO
CÍVEL,BELÉM,12ª DEFENSORIA PÚBLICA DE FAMÍLIA,2026-01-29 09:52:15.895379-03:00,0806619-08.2026.8.14.0301,ALIMENTOS - LEI ESPECIAL Nº 5.478/68 (69),JACQUELINE BASTOS LOUREIRO
CÍVEL,BELÉM,12ª DEFENSORIA PÚBLICA DE FAMÍLIA,2026-01-29 10:04:36.022984-03:00,0806625-15.2026.8.14.0301,ALIMENTOS - LEI ESPECIAL Nº 5.478/68 (69),JACQUELINE BASTOS LOUREIRO
CÍVEL,BELÉM,12ª DEFENSORIA PÚBLICA DE FAMÍLIA,2026-01-29 10:35:10.312846-03:00,0806646-88.2026.8.14.0301,GUARDA DE INFÂNCIA E JUVENTUDE (1420),JACQUELINE BASTOS LOUREIRO
CÍVEL,BELÉM,12ª DEFENSORIA PÚBLICA DE FAMÍLIA,2026-02-02 09:56:02.096493-03:00,0807574-39.2026.8.14.0301,ALIMENTOS - LEI ESPECIAL Nº 5.478/68 (69),JACQUELINE BASTOS LOUREIRO
CÍVEL,BELÉM,12ª DEFENSORIA PÚBLICA DE FAMÍLIA,2026-02-02 13:39:44.038919-03:00,0808740-09.2026.8.14.0301,ALIMENTOS - LEI ESPECIAL Nº 5.478/68 (69),JACQUELINE BASTOS LOUREIRO
CÍVEL,BELÉM,12ª DEFENSORIA PÚBLICA DE FAMÍLIA,2026-03-10 10:57:14.760392-03:00,0827699-28.2026.8.14.0301,ALIMENTOS - LEI ESPECIAL Nº 5.478/68 (69),JACQUELINE BASTOS LOUREIRO
CÍVEL,BELÉM,12ª DEFENSORIA PÚBLICA DE FAMÍLIA,2026-03-29 11:26:33.531278-03:00,0833940-18.2026.8.14.0301,PROCEDIMENTO DO JUIZADO ESPECIAL DA FAZENDA PÚBLICA,JACQUELINE BASTOS LOUREIRO
CÍVEL,BELÉM,12ª DEFENSORIA PÚBLICA DE FAMÍLIA,2026-03-29 13:35:46.716887-03:00,0833953-17.2026.8.14.0301,PROCEDIMENTO COMUM CÍVEL (7),JACQUELINE BASTOS LOUREIRO
CÍVEL,BELÉM,12ª DEFENSORIA PÚBLICA DE FAMÍLIA,2026-03-29 14:04:22.404044-03:00,0833955-84.2026.8.14.0301,PROCEDIMENTO DO JUIZADO ESPECIAL DA FAZENDA PÚBLICA,JACQUELINE BASTOS LOUREIRO
CÍVEL,BELÉM,12ª DEFENSORIA PÚBLICA DE FAMÍLIA,2026-04-01 09:32:23.395396-03:00,0835029-76.2026.8.14.0301,ALIMENTOS - LEI ESPECIAL Nº 5.478/68 (69),JACQUELINE BASTOS LOUREIRO
CÍVEL,BELÉM,12ª DEFENSORIA PÚBLICA DE FAMÍLIA,2026-04-07 09:45:55.448470-03:00,0838981-63.2026.8.14.0301,ALIMENTOS - LEI ESPECIAL Nº 5.478/68 (69),JACQUELINE BASTOS LOUREIRO
CÍVEL,BELÉM,12ª DEFENSORIA PÚBLICA DE FAMÍLIA,2026-04-08 12:32:03.541200-03:00,0840070-24.2026.8.14.0301,CUMPRIMENTO DE SENTENÇA (156),JACQUELINE BASTOS LOUREIRO
CÍVEL,BELÉM,12ª DEFENSORIA PÚBLICA DE FAMÍLIA,2026-04-09 10:22:35.480028-03:00,0840077-16.2026.8.14.0301,DIVÓRCIO LITIGIOSO (12541),JACQUELINE BASTOS LOUREIRO
CÍVEL,BELÉM,12ª DEFENSORIA PÚBLICA DE FAMÍLIA,2026-04-22 08:36:02.453815-03:00,0844048-09.2026.8.14.0301,ALIMENTOS - LEI ESPECIAL Nº 5.478/68 (69),JACQUELINE BASTOS LOUREIRO
CÍVEL,BELÉM,12ª DEFENSORIA PÚBLICA DE FAMÍLIA,2026-04-28 08:36:06.930083-03:00,0846136-20.2026.8.14.0301,ALIMENTOS - LEI ESPECIAL Nº 5.478/68 (69),JACQUELINE BASTOS LOUREIRO
CÍVEL,BELÉM,12ª DEFENSORIA PÚBLICA DE FAMÍLIA,2026-04-28 13:31:09.320474-03:00,0853137-56.2026.8.14.0301,CUMPRIMENTO DE SENTENÇA (156),JACQUELINE BASTOS LOUREIRO
CÍVEL,BELÉM,12ª DEFENSORIA PÚBLICA DE FAMÍLIA,2026-05-04 13:03:50.888557-03:00,0847965-36.2026.8.14.0301,ALIMENTOS - LEI ESPECIAL Nº 5.478/68 (69),JACQUELINE BASTOS LOUREIRO
CÍVEL,BELÉM,12ª DEFENSORIA PÚBLICA DE FAMÍLIA,2026-05-18 12:57:06.379573-03:00,0853138-41.2026.8.14.0301,CUMPRIMENTO DE SENTENÇA (156),JACQUELINE BASTOS LOUREIRO
CÍVEL,BELÉM,12ª DEFENSORIA PÚBLICA DE FAMÍLIA,2026-06-11 10:45:14.383583-03:00,0863379-74.2026.8.14.0301,CUMPRIMENTO DE SENTENÇA DE OBRIGAÇÃO DE PRESTAR ALIMENTOS,JACQUELINE BASTOS LOUREIRO
CÍVEL,BELÉM,12ª DEFENSORIA PÚBLICA DE FAMÍLIA,2026-06-16 13:36:32.849576-03:00,0861360-95.2026.8.14.0301,CUMPRIMENTO DE SENTENÇA (156),JACQUELINE BASTOS LOUREIRO
CÍVEL,BELÉM,12ª DEFENSORIA PÚBLICA DE FAMÍLIA,2026-06-16 13:42:56.808924-03:00,0861361-80.2026.8.14.0301,CUMPRIMENTO DE SENTENÇA (156),JACQUELINE BASTOS LOUREIRO
CÍVEL,BELÉM,12ª DEFENSORIA PÚBLICA DE FAMÍLIA,2026-07-08 09:21:35.476001-03:00,0868048-73.2026.8.14.0301,CUMPRIMENTO DE SENTENÇA DE OBRIGAÇÃO DE PRESTAR ALIMENTOS,JACQUELINE BASTOS LOUREIRO
CÍVEL,BELÉM,12ª DEFENSORIA PÚBLICA DE FAMÍLIA,2026-07-08 12:10:40.817370-03:00,0871282-63.2026.8.14.0301,CUMPRIMENTO DE SENTENÇA (156),JACQUELINE BASTOS LOUREIRO
CÍVEL,BELÉM,12ª DEFENSORIA PÚBLICA DE FAMÍLIA,2026-07-08 12:15:37.940016-03:00,0871306-91.2026.8.14.0301,CUMPRIMENTO DE SENTENÇA (156),JACQUELINE BASTOS LOUREIRO
CÍVEL,BELÉM,12ª DEFENSORIA PÚBLICA DE FAMÍLIA,2026-07-17 13:27:15.626588-03:00,0870844-37.2026.8.14.0301,CUMPRIMENTO DE SENTENÇA (156),JACQUELINE BASTOS LOUREIRO
CÍVEL,BELÉM,12ª DEFENSORIA PÚBLICA DE FAMÍLIA,2026-08-08 14:14:31.199374-03:00,0876872-21.2026.8.14.0301,ALIMENTOS - LEI ESPECIAL Nº 5.478/68 (69),FELICIA MARQUES FIUZA NUNES
CÍVEL,BELÉM,12ª DEFENSORIA PÚBLICA DE FAMÍLIA,2026-08-10 11:00:36.779869-03:00,0877078-35.2026.8.14.0301,ALIMENTOS - LEI ESPECIAL Nº 5.478/68 (69),FELICIA MARQUES FIUZA NUNES
CÍVEL,BELÉM,12ª DEFENSORIA PÚBLICA DE FAMÍLIA,2026-08-10 11:27:02.096143-03:00,0877075-80.2026.8.14.0301,ALIMENTOS - LEI ESPECIAL Nº 5.478/68 (69),FELICIA MARQUES FIUZA NUNES
CÍVEL,BELÉM,12ª DEFENSORIA PÚBLICA DE FAMÍLIA,2026-08-10 11:45:16.349750-03:00,0877097-41.2026.8.14.0301,ALIMENTOS - LEI ESPECIAL Nº 5.478/68 (69),FELICIA MARQUES FIUZA NUNES
CÍVEL,BELÉM,12ª DEFENSORIA PÚBLICA DE FAMÍLIA,2026-08-10 11:58:05.481064-03:00,0877131-16.2026.8.14.0301,ALIMENTOS - LEI ESPECIAL Nº 5.478/68 (69),FELICIA MARQUES FIUZA NUNES
CÍVEL,BELÉM,12ª DEFENSORIA PÚBLICA DE FAMÍLIA,2026-08-10 12:28:10.077228-03:00,0877111-25.2026.8.14.0301,GUARDA DE FAMÍLIA,FELICIA MARQUES FIUZA NUNES
CÍVEL,BELÉM,12ª DEFENSORIA PÚBLICA DE FAMÍLIA,2026-08-10 12:47:50.201818-03:00,0877121-69.2026.8.14.0301,ALIMENTOS - LEI ESPECIAL Nº 5.478/68 (69),FELICIA MARQUES FIUZA NUNES
CÍVEL,BELÉM,12ª DEFENSORIA PÚBLICA DE FAMÍLIA,2026-09-01 09:16:34.932653-03:00,0885086-98.2026.8.14.0301,RECLAMAÇÃO PRÉ-PROCESSUAL (11875),LUDMILA CARDOSO LOBÃO DIAS
CÍVEL,BELÉM,12ª DEFENSORIA PÚBLICA DE FAMÍLIA,2026-09-01 10:03:34.659269-03:00,0885088-68.2026.8.14.0301,RECLAMAÇÃO PRÉ-PROCESSUAL (11875),LUDMILA CARDOSO LOBÃO DIAS
CÍVEL,BELÉM,12ª DEFENSORIA PÚBLICA DE FAMÍLIA,2026-09-01 10:08:03.465244-03:00,0806773-35.2026.8.14.0201,DIVÓRCIO CONSENSUAL (12372),LUDMILA CARDOSO LOBÃO DIAS
CÍVEL,BELÉM,12ª DEFENSORIA PÚBLICA DE FAMÍLIA,2026-09-01 10:09:36.643357-03:00,0885089-53.2026.8.14.0301,RECLAMAÇÃO PRÉ-PROCESSUAL (11875),LUDMILA CARDOSO LOBÃO DIAS
CÍVEL,BELÉM,12ª DEFENSORIA PÚBLICA DE FAMÍLIA,2026-09-01 10:11:58.899052-03:00,0885103-37.2026.8.14.0301,RECLAMAÇÃO PRÉ-PROCESSUAL (11875),LUDMILA CARDOSO LOBÃO DIAS
CÍVEL,BELÉM,12ª DEFENSORIA PÚBLICA DE FAMÍLIA,2026-09-02 08:43:04.651520-03:00,0886130-55.2026.8.14.0301,DIVÓRCIO LITIGIOSO (12541),LUDMILA CARDOSO LOBÃO DIAS
CÍVEL,BELÉM,12ª DEFENSORIA PÚBLICA DE FAMÍLIA,2026-09-02 09:02:42.470051-03:00,0886134-92.2026.8.14.0301,RECLAMAÇÃO PRÉ-PROCESSUAL (11875),LUDMILA CARDOSO LOBÃO DIAS
CÍVEL,BELÉM,12ª DEFENSORIA PÚBLICA DE FAMÍLIA,2026-09-02 09:13:45.517288-03:00,0885702-73.2026.8.14.0301,RECLAMAÇÃO PRÉ-PROCESSUAL (11875),LUDMILA CARDOSO LOBÃO DIAS
CÍVEL,BELÉM,12ª DEFENSORIA PÚBLICA DE FAMÍLIA,2026-09-02 11:36:06.826960-03:00,0886126-18.2026.8.14.0301,RECLAMAÇÃO PRÉ-PROCESSUAL (11875),LUDMILA CARDOSO LOBÃO DIAS
CÍVEL,BELÉM,12ª DEFENSORIA PÚBLICA DE FAMÍLIA,2026-09-02 13:33:21.000861-03:00,0886132-25.2026.8.14.0301,RECLAMAÇÃO PRÉ-PROCESSUAL (11875),LUDMILA CARDOSO LOBÃO DIAS
CÍVEL,BELÉM,12ª DEFENSORIA PÚBLICA DE FAMÍLIA,2026-09-02 13:36:25.236133-03:00,0886131-40.2026.8.14.0301,RECLAMAÇÃO PRÉ-PROCESSUAL (11875),LUDMILA CARDOSO LOBÃO DIAS
CÍVEL,BELÉM,12ª DEFENSORIA PÚBLICA DE FAMÍLIA,2026-09-04 10:22:12.490993-03:00,0886486-50.2026.8.14.0301,RECLAMAÇÃO PRÉ-PROCESSUAL (11875),LUDMILA CARDOSO LOBÃO DIAS
CÍVEL,BELÉM,12ª DEFENSORIA PÚBLICA DE FAMÍLIA,2026-09-04 10:28:59.595781-03:00,0886481-28.2026.8.14.0301,RECLAMAÇÃO PRÉ-PROCESSUAL (11875),LUDMILA CARDOSO LOBÃO DIAS
CÍVEL,BELÉM,12ª DEFENSORIA PÚBLICA DE FAMÍLIA,2026-09-04 10:34:59.570733-03:00,0886477-88.2026.8.14.0301,RECLAMAÇÃO PRÉ-PROCESSUAL (11875),LUDMILA CARDOSO LOBÃO DIAS
CÍVEL,BELÉM,12ª DEFENSORIA PÚBLICA DE FAMÍLIA,2026-09-04 12:13:03.513644-03:00,0887024-31.2026.8.14.0301,RECLAMAÇÃO PRÉ-PROCESSUAL (11875),LUDMILA CARDOSO LOBÃO DIAS
CÍVEL,BELÉM,12ª DEFENSORIA PÚBLICA DE FAMÍLIA,2026-09-04 12:15:11.830782-03:00,0887021-76.2026.8.14.0301,RECLAMAÇÃO PRÉ-PROCESSUAL (11875),LUDMILA CARDOSO LOBÃO DIAS
CÍVEL,BELÉM,12ª DEFENSORIA PÚBLICA DE FAMÍLIA,2026-09-04 12:25:46.144889-03:00,0887023-46.2026.8.14.0301,RECLAMAÇÃO PRÉ-PROCESSUAL (11875),LUDMILA CARDOSO LOBÃO DIAS
CÍVEL,BELÉM,12ª DEFENSORIA PÚBLICA DE FAMÍLIA,2026-09-04 12:29:26.657429-03:00,0887022-61.2026.8.14.0301,RECLAMAÇÃO PRÉ-PROCESSUAL (11875),LUDMILA CARDOSO LOBÃO DIAS
CÍVEL,BELÉM,12ª DEFENSORIA PÚBLICA DE FAMÍLIA,2026-09-14 08:16:45.251756-03:00,0889073-45.2026.8.14.0301,RECLAMAÇÃO PRÉ-PROCESSUAL (11875),LUDMILA CARDOSO LOBÃO DIAS
CÍVEL,BELÉM,12ª DEFENSORIA PÚBLICA DE FAMÍLIA,2026-09-14 08:22:09.923901-03:00,0889072-60.2026.8.14.0301,RECLAMAÇÃO PRÉ-PROCESSUAL (11875),LUDMILA CARDOSO LOBÃO DIAS
CÍVEL,BELÉM,12ª DEFENSORIA PÚBLICA DE FAMÍLIA,2026-09-14 09:11:38.760195-03:00,0889066-53.2026.8.14.0301,HOMOLOGAÇÃO DA TRANSAÇÃO EXTRAJUDICIAL (12374),LUDMILA CARDOSO LOBÃO DIAS
CÍVEL,BELÉM,12ª DEFENSORIA PÚBLICA DE FAMÍLIA,2026-09-14 13:42:10.839453-03:00,0889394-80.2026.8.14.0301,RECLAMAÇÃO PRÉ-PROCESSUAL (11875),LUDMILA CARDOSO LOBÃO DIAS
CÍVEL,BELÉM,12ª DEFENSORIA PÚBLICA DE FAMÍLIA,2026-09-16 13:14:35.639405-03:00,0822940-33.2026.8.14.0006,DIVÓRCIO CONSENSUAL (12372),LUDMILA CARDOSO LOBÃO DIAS
CÍVEL,BELÉM,12ª DEFENSORIA PÚBLICA DE FAMÍLIA,2026-09-16 13:24:13.677127-03:00,0892060-54.2026.8.14.0301,HOMOLOGAÇÃO DA TRANSAÇÃO EXTRAJUDICIAL (12374),LUDMILA CARDOSO LOBÃO DIAS
CÍVEL,BELÉM,12ª DEFENSORIA PÚBLICA DE FAMÍLIA,2026-09-16 13:27:56.987649-03:00,0892061-39.2026.8.14.0301,RECLAMAÇÃO PRÉ-PROCESSUAL (11875),LUDMILA CARDOSO LOBÃO DIAS
CÍVEL,BELÉM,12ª DEFENSORIA PÚBLICA DE FAMÍLIA,2026-09-16 13:31:14.015638-03:00,0892067-46.2026.8.14.0301,HOMOLOGAÇÃO DA TRANSAÇÃO EXTRAJUDICIAL (12374),LUDMILA CARDOSO LOBÃO DIAS
CÍVEL,BELÉM,12ª DEFENSORIA PÚBLICA DE FAMÍLIA,2026-09-16 13:35:14.347322-03:00,0892069-16.2026.8.14.0301,RECLAMAÇÃO PRÉ-PROCESSUAL (11875),LUDMILA CARDOSO LOBÃO DIAS
CÍVEL,BELÉM,12ª DEFENSORIA PÚBLICA DE FAMÍLIA,2026-09-16 13:39:50.140519-03:00,0892065-76.2026.8.14.0301,DIVÓRCIO CONSENSUAL (12372),LUDMILA CARDOSO LOBÃO DIAS
CÍVEL,BELÉM,12ª DEFENSORIA PÚBLICA DE FAMÍLIA,2026-09-16 13:42:10.616778-03:00,0892064-91.2026.8.14.0301,DIVÓRCIO CONSENSUAL (12372),LUDMILA CARDOSO LOBÃO DIAS
CÍVEL,BELÉM,12ª DEFENSORIA PÚBLICA DE FAMÍLIA,2026-09-16 13:56:03.835838-03:00,0892066-61.2026.8.14.0301,RECLAMAÇÃO PRÉ-PROCESSUAL (11875),LUDMILA CARDOSO LOBÃO DIAS
CÍVEL,BELÉM,12ª DEFENSORIA PÚBLICA DE FAMÍLIA,2026-09-16 14:01:11.824908-03:00,0892068-31.2026.8.14.0301,RECLAMAÇÃO PRÉ-PROCESSUAL (11875),LUDMILA CARDOSO LOBÃO DIAS
CÍVEL,BELÉM,12ª DEFENSORIA PÚBLICA DE FAMÍLIA,2026-09-16 14:05:14.070120-03:00,0892062-24.2026.8.14.0301,RECLAMAÇÃO PRÉ-PROCESSUAL (11875),LUDMILA CARDOSO LOBÃO DIAS
CÍVEL,BELÉM,12ª DEFENSORIA PÚBLICA DE FAMÍLIA,2026-09-16 14:07:04.203289-03:00,0892070-98.2026.8.14.0301,RECLAMAÇÃO PRÉ-PROCESSUAL (11875),LUDMILA CARDOSO LOBÃO DIAS
CÍVEL,BELÉM,12ª DEFENSORIA PÚBLICA DE FAMÍLIA,2026-09-16 14:08:45.341893-03:00,0892063-09.2026.8.14.0301,RECLAMAÇÃO PRÉ-PROCESSUAL (11875),LUDMILA CARDOSO LOBÃO DIAS
CÍVEL,BELÉM,13ª DEFENSORIA PÚBLICA CÍVEL,2026-01-07 10:41:16.844075-03:00,0800424-07.2026.8.14.0301,INVENTÁRIO (39),CAIO FAVERO FERREIRA
CÍVEL,BELÉM,13ª DEFENSORIA PÚBLICA CÍVEL,2026-01-08 11:11:17.588121-03:00,0801794-21.2026.8.14.0301,PETIÇÃO CÍVEL (241),CAIO FAVERO FERREIRA
CÍVEL,BELÉM,13ª DEFENSORIA PÚBLICA CÍVEL,2026-03-20 12:53:32.275653-03:00,0831475-36.2026.8.14.0301,INVENTÁRIO (39),CAIO FAVERO FERREIRA
CÍVEL,BELÉM,13ª DEFENSORIA PÚBLICA CÍVEL,2026-03-24 12:57:19.643077-03:00,0832477-41.2026.8.14.0301,PROCEDIMENTO COMUM CÍVEL (7),CAIO FAVERO FERREIRA
CÍVEL,BELÉM,13ª DEFENSORIA PÚBLICA CÍVEL,2026-05-05 11:53:48.439131-03:00,0848299-70.2026.8.14.0301,INVENTÁRIO (39),CAIO FAVERO FERREIRA
CÍVEL,BELÉM,13ª DEFENSORIA PÚBLICA CÍVEL,2026-05-27 11:24:21.938265-03:00,0855557-34.2026.8.14.0301,DESPEJO POR FALTA DE PAGAMENTO (93),CAIO FAVERO FERREIRA
CÍVEL,BELÉM,13ª DEFENSORIA PÚBLICA CÍVEL,2026-06-11 12:12:51.098226-03:00,0859981-22.2026.8.14.0301,DESPEJO POR FALTA DE PAGAMENTO (93),CAIO FAVERO FERREIRA
CÍVEL,BELÉM,13ª DEFENSORIA PÚBLICA CÍVEL,2026-06-16 11:43:27.149703-03:00,0861292-48.2026.8.14.0301,INVENTÁRIO (39),CAIO FAVERO FERREIRA
CÍVEL,BELÉM,13ª DEFENSORIA PÚBLICA CÍVEL,2026-08-12 12:48:41.405973-03:00,0877939-21.2026.8.14.0301,INVENTÁRIO (39),CAIO FAVERO FERREIRA
CÍVEL,BELÉM,13ª DEFENSORIA PÚBLICA CÍVEL,2026-08-13 13:11:00.793923-03:00,0878340-20.2026.8.14.0301,INVENTÁRIO (39),CAIO FAVERO FERREIRA
CÍVEL,BELÉM,13ª DEFENSORIA PÚBLICA CÍVEL,2026-08-21 11:40:37.844517-03:00,0881254-57.2026.8.14.0301,INVENTÁRIO (39),CAIO FAVERO FERREIRA
CÍVEL,BELÉM,13ª DEFENSORIA PÚBLICA CÍVEL,2026-08-26 13:04:24.217335-03:00,0882840-32.2026.8.14.0301,INVENTÁRIO (39),CAIO FAVERO FERREIRA
CÍVEL,BELÉM,13ª DEFENSORIA PÚBLICA CÍVEL,2026-08-27 12:26:23.004536-03:00,0883330-54.2026.8.14.0301,INVENTÁRIO (39),CAIO FAVERO FERREIRA
CÍVEL,BELÉM,13ª DEFENSORIA PÚBLICA CÍVEL,2026-09-03 12:50:34.912618-03:00,0886006-72.2026.8.14.0301,EXECUÇÃO DE TÍTULO EXTRAJUDICIAL,CAIO FAVERO FERREIRA
CÍVEL,BELÉM,13ª DEFENSORIA PÚBLICA CÍVEL,2026-09-10 13:49:09.069950-03:00,0888475-91.2026.8.14.0301,PROCEDIMENTO COMUM CÍVEL (7),CAIO FAVERO FERREIRA
CÍVEL,BELÉM,13ª DEFENSORIA PÚBLICA CÍVEL,2026-09-16 12:36:25.173659-03:00,0890844-58.2026.8.14.0301,EMBARGOS À EXECUÇÃO (172),CAIO FAVERO FERREIRA
CÍVEL,BELÉM,13ª DEFENSORIA PÚBLICA CÍVEL,2026-09-16 13:14:58.389465-03:00,0890045-15.2026.8.14.0301,INVENTÁRIO (39),CAIO FAVERO FERREIRA
CÍVEL,BELÉM,13ª DEFENSORIA PÚBLICA CÍVEL,2026-09-21 12:58:48.833574-03:00,0891647-41.2026.8.14.0301,INVENTÁRIO (39),CAIO FAVERO FERREIRA
CÍVEL,BELÉM,13ª DEFENSORIA PÚBLICA DE FAMÍLIA,2026-01-15 10:59:45.640640-03:00,0802654-22.2026.8.14.0301,CUMPRIMENTO DE SENTENÇA (156),CAMILLA FACIOLA PESSOA LOBO LOPES
CÍVEL,BELÉM,13ª DEFENSORIA PÚBLICA DE FAMÍLIA,2026-01-15 11:41:08.797190-03:00,0802697-56.2026.8.14.0301,CUMPRIMENTO DE SENTENÇA (156),CAMILLA FACIOLA PESSOA LOBO LOPES
CÍVEL,BELÉM,13ª DEFENSORIA PÚBLICA DE FAMÍLIA,2026-02-24 11:55:43.476257-03:00,0823321-29.2026.8.14.0301,HOMOLOGAÇÃO DA TRANSAÇÃO EXTRAJUDICIAL (12374),CAMILLA FACIOLA PESSOA LOBO LOPES
CÍVEL,BELÉM,13ª DEFENSORIA PÚBLICA DE FAMÍLIA,2026-03-02 11:12:11.067380-03:00,0825271-73.2026.8.14.0301,DIVÓRCIO CONSENSUAL (12372),CAMILLA FACIOLA PESSOA LOBO LOPES
CÍVEL,BELÉM,13ª DEFENSORIA PÚBLICA DE FAMÍLIA,2026-03-16 14:07:50.838683-03:00,0829909-52.2026.8.14.0301,CUMPRIMENTO DE SENTENÇA (156),CAMILLA FACIOLA PESSOA LOBO LOPES
CÍVEL,BELÉM,13ª DEFENSORIA PÚBLICA DE FAMÍLIA,2026-03-19 13:05:48.234957-03:00,0831040-62.2026.8.14.0301,CUMPRIMENTO DE SENTENÇA (156),CAMILLA FACIOLA PESSOA LOBO LOPES
CÍVEL,BELÉM,13ª DEFENSORIA PÚBLICA DE FAMÍLIA,2026-03-20 15:39:01.297146-03:00,0806528-27.2026.8.14.0006,ALIMENTOS - LEI ESPECIAL Nº 5.478/68 (69),CAMILLA FACIOLA PESSOA LOBO LOPES
CÍVEL,BELÉM,13ª DEFENSORIA PÚBLICA DE FAMÍLIA,2026-03-26 16:27:11.682510-03:00,0833300-15.2026.8.14.0301,CUMPRIMENTO DE SENTENÇA (156),CAMILLA FACIOLA PESSOA LOBO LOPES
CÍVEL,BELÉM,13ª DEFENSORIA PÚBLICA DE FAMÍLIA,2026-04-10 16:07:06.019023-03:00,0840878-29.2026.8.14.0301,CUMPRIMENTO DE SENTENÇA (156),CAMILLA FACIOLA PESSOA LOBO LOPES
CÍVEL,BELÉM,13ª DEFENSORIA PÚBLICA DE FAMÍLIA,2026-04-13 12:04:08.111387-03:00,0841219-55.2026.8.14.0301,CUMPRIMENTO DE SENTENÇA (156),CAMILLA FACIOLA PESSOA LOBO LOPES
CÍVEL,BELÉM,13ª DEFENSORIA PÚBLICA DE FAMÍLIA,2026-04-22 12:00:21.109091-03:00,0844151-16.2026.8.14.0301,CUMPRIMENTO DE SENTENÇA (156),CAMILLA FACIOLA PESSOA LOBO LOPES
CÍVEL,BELÉM,13ª DEFENSORIA PÚBLICA DE FAMÍLIA,2026-05-26 10:52:16.494449-03:00,0855071-49.2026.8.14.0301,DIVÓRCIO CONSENSUAL (12372),CAMILLA FACIOLA PESSOA LOBO LOPES
CÍVEL,BELÉM,13ª DEFENSORIA PÚBLICA DE FAMÍLIA,2026-05-27 12:04:09.572949-03:00,0855590-24.2026.8.14.0301,ALIMENTOS - LEI ESPECIAL Nº 5.478/68 (69),CAMILLA FACIOLA PESSOA LOBO LOPES
CÍVEL,BELÉM,13ª DEFENSORIA PÚBLICA DE FAMÍLIA,2026-05-27 12:49:18.854672-03:00,0855622-29.2026.8.14.0301,CUMPRIMENTO PROVISÓRIO DE DECISÃO (10980),CAMILLA FACIOLA PESSOA LOBO LOPES
CÍVEL,BELÉM,13ª DEFENSORIA PÚBLICA DE FAMÍLIA,2026-06-01 09:36:13.086207-03:00,0856946-54.2026.8.14.0301,DIVÓRCIO LITIGIOSO (12541),CAMILLA FACIOLA PESSOA LOBO LOPES
CÍVEL,BELÉM,13ª DEFENSORIA PÚBLICA DE FAMÍLIA,2026-06-22 10:51:58.048500-03:00,0862929-34.2026.8.14.0301,CUMPRIMENTO PROVISÓRIO DE DECISÃO (10980),CAMILLA FACIOLA PESSOA LOBO LOPES
CÍVEL,BELÉM,13ª DEFENSORIA PÚBLICA DE FAMÍLIA,2026-06-22 12:16:22.548642-03:00,0862978-75.2026.8.14.0301,CUMPRIMENTO PROVISÓRIO DE DECISÃO (10980),CAMILLA FACIOLA PESSOA LOBO LOPES
CÍVEL,BELÉM,13ª DEFENSORIA PÚBLICA DE FAMÍLIA,2026-06-22 12:29:44.046358-03:00,0862987-37.2026.8.14.0301,PROCEDIMENTO COMUM CÍVEL (7),CAMILLA FACIOLA PESSOA LOBO LOPES
CÍVEL,BELÉM,13ª DEFENSORIA PÚBLICA DE FAMÍLIA,2026-06-24 09:59:09.694844-03:00,0863810-11.2026.8.14.0301,PROCEDIMENTO COMUM CÍVEL (7),CAMILLA FACIOLA PESSOA LOBO LOPES
CÍVEL,BELÉM,13ª DEFENSORIA PÚBLICA DE FAMÍLIA,2026-06-24 11:42:17.749099-03:00,0863897-64.2026.8.14.0301,ALIMENTOS - LEI ESPECIAL Nº 5.478/68 (69),CAMILLA FACIOLA PESSOA LOBO LOPES
CÍVEL,BELÉM,13ª DEFENSORIA PÚBLICA DE FAMÍLIA,2026-06-25 12:15:55.398969-03:00,0864283-94.2026.8.14.0301,ALIMENTOS - LEI ESPECIAL Nº 5.478/68 (69),CAMILLA FACIOLA PESSOA LOBO LOPES
CÍVEL,BELÉM,13ª DEFENSORIA PÚBLICA DE FAMÍLIA,2026-06-25 13:29:24.166798-03:00,0865311-97.2026.8.14.0301,PROCEDIMENTO COMUM CÍVEL (7),CAMILLA FACIOLA PESSOA LOBO LOPES
CÍVEL,BELÉM,13ª DEFENSORIA PÚBLICA DE FAMÍLIA,2026-06-30 11:05:42.014216-03:00,0865489-46.2026.8.14.0301,DIVÓRCIO LITIGIOSO (12541),CAMILLA FACIOLA PESSOA LOBO LOPES
CÍVEL,BELÉM,13ª DEFENSORIA PÚBLICA DE FAMÍLIA,2026-06-30 12:21:44.960634-03:00,0865567-40.2026.8.14.0301,PROCEDIMENTO COMUM CÍVEL (7),CAMILLA FACIOLA PESSOA LOBO LOPES
CÍVEL,BELÉM,13ª DEFENSORIA PÚBLICA DE FAMÍLIA,2026-07-01 10:33:10.690381-03:00,0865989-15.2026.8.14.0301,PROCEDIMENTO COMUM CÍVEL (7),CAMILLA FACIOLA PESSOA LOBO LOPES
CÍVEL,BELÉM,13ª DEFENSORIA PÚBLICA DE FAMÍLIA,2026-07-01 11:18:26.859144-03:00,0866020-35.2026.8.14.0301,PROCEDIMENTO COMUM CÍVEL (7),CAMILLA FACIOLA PESSOA LOBO LOPES
CÍVEL,BELÉM,13ª DEFENSORIA PÚBLICA DE FAMÍLIA,2026-07-02 10:33:47.065902-03:00,0866401-43.2026.8.14.0301,DIVÓRCIO LITIGIOSO (12541),CAMILLA FACIOLA PESSOA LOBO LOPES
CÍVEL,BELÉM,13ª DEFENSORIA PÚBLICA DE FAMÍLIA,2026-07-02 11:37:15.327555-03:00,0866448-17.2026.8.14.0301,ALIMENTOS - LEI ESPECIAL Nº 5.478/68 (69),CAMILLA FACIOLA PESSOA LOBO LOPES
CÍVEL,BELÉM,13ª DEFENSORIA PÚBLICA DE FAMÍLIA,2026-07-02 13:05:05.181822-03:00,0866513-12.2026.8.14.0301,PROCEDIMENTO COMUM CÍVEL (7),CAMILLA FACIOLA PESSOA LOBO LOPES
CÍVEL,BELÉM,13ª DEFENSORIA PÚBLICA DE FAMÍLIA,2026-07-06 11:34:37.404034-03:00,0867354-07.2026.8.14.0301,ALIMENTOS - LEI ESPECIAL Nº 5.478/68 (69),CAMILLA FACIOLA PESSOA LOBO LOPES
CÍVEL,BELÉM,13ª DEFENSORIA PÚBLICA DE FAMÍLIA,2026-07-06 12:20:49.667338-03:00,0867380-05.2026.8.14.0301,PROCEDIMENTO COMUM CÍVEL (7),CAMILLA FACIOLA PESSOA LOBO LOPES
CÍVEL,BELÉM,13ª DEFENSORIA PÚBLICA DE FAMÍLIA,2026-07-07 11:19:40.187374-03:00,0867730-90.2026.8.14.0301,PROCEDIMENTO COMUM CÍVEL (7),CAMILLA FACIOLA PESSOA LOBO LOPES
CÍVEL,BELÉM,13ª DEFENSORIA PÚBLICA DE FAMÍLIA,2026-07-07 11:54:37.207800-03:00,0867758-58.2026.8.14.0301,PROCEDIMENTO COMUM CÍVEL (7),CAMILLA FACIOLA PESSOA LOBO LOPES
CÍVEL,BELÉM,13ª DEFENSORIA PÚBLICA DE FAMÍLIA,2026-07-07 14:07:40.944253-03:00,0868177-78.2026.8.14.0301,ALIMENTOS - LEI ESPECIAL Nº 5.478/68 (69),CAMILLA FACIOLA PESSOA LOBO LOPES
CÍVEL,BELÉM,13ª DEFENSORIA PÚBLICA DE FAMÍLIA,2026-07-08 11:51:03.837920-03:00,0868141-36.2026.8.14.0301,CUMPRIMENTO PROVISÓRIO DE DECISÃO (10980),CAMILLA FACIOLA PESSOA LOBO LOPES
CÍVEL,BELÉM,13ª DEFENSORIA PÚBLICA DE FAMÍLIA,2026-07-09 12:32:42.327917-03:00,0868545-87.2026.8.14.0301,CUMPRIMENTO DE SENTENÇA DE OBRIGAÇÃO DE PRESTAR ALIMENTOS,CAMILLA FACIOLA PESSOA LOBO LOPES
CÍVEL,BELÉM,13ª DEFENSORIA PÚBLICA DE FAMÍLIA,2026-07-13 09:34:34.929707-03:00,0869709-87.2026.8.14.0301,CUMPRIMENTO DE SENTENÇA (156),CAMILLA FACIOLA PESSOA LOBO LOPES
CÍVEL,BELÉM,13ª DEFENSORIA PÚBLICA DE FAMÍLIA,2026-07-13 10:35:32.252426-03:00,0869300-14.2026.8.14.0301,ALIMENTOS - LEI ESPECIAL Nº 5.478/68 (69),CAMILLA FACIOLA PESSOA LOBO LOPES
CÍVEL,BELÉM,13ª DEFENSORIA PÚBLICA DE FAMÍLIA,2026-07-13 12:56:27.467861-03:00,0869407-58.2026.8.14.0301,DIVÓRCIO LITIGIOSO (12541),CAMILLA FACIOLA PESSOA LOBO LOPES
CÍVEL,BELÉM,13ª DEFENSORIA PÚBLICA DE FAMÍLIA,2026-07-14 11:03:57.955827-03:00,0869694-21.2026.8.14.0301,ALIMENTOS - LEI ESPECIAL Nº 5.478/68 (69),CAMILLA FACIOLA PESSOA LOBO LOPES
CÍVEL,BELÉM,13ª DEFENSORIA PÚBLICA DE FAMÍLIA,2026-07-14 12:01:14.978480-03:00,0869759-16.2026.8.14.0301,PROCEDIMENTO COMUM CÍVEL (7),CAMILLA FACIOLA PESSOA LOBO LOPES
CÍVEL,BELÉM,13ª DEFENSORIA PÚBLICA DE FAMÍLIA,2026-07-15 10:24:14.657496-03:00,0870080-51.2026.8.14.0301,CUMPRIMENTO DE SENTENÇA (156),CAMILLA FACIOLA PESSOA LOBO LOPES
CÍVEL,BELÉM,13ª DEFENSORIA PÚBLICA DE FAMÍLIA,2026-07-15 10:38:52.132702-03:00,0870085-73.2026.8.14.0301,CUMPRIMENTO DE SENTENÇA (156),CAMILLA FACIOLA PESSOA LOBO LOPES
CÍVEL,BELÉM,13ª DEFENSORIA PÚBLICA DE FAMÍLIA,2026-07-15 11:34:48.229791-03:00,0870113-41.2026.8.14.0301,ALIMENTOS - LEI ESPECIAL Nº 5.478/68 (69),CAMILLA FACIOLA PESSOA LOBO LOPES
CÍVEL,BELÉM,13ª DEFENSORIA PÚBLICA DE FAMÍLIA,2026-07-15 12:16:55.240627-03:00,0870135-02.2026.8.14.0301,CUMPRIMENTO PROVISÓRIO DE DECISÃO (10980),CAMILLA FACIOLA PESSOA LOBO LOPES
CÍVEL,BELÉM,13ª DEFENSORIA PÚBLICA DE FAMÍLIA,2026-07-15 12:24:53.686136-03:00,0870140-24.2026.8.14.0301,CUMPRIMENTO PROVISÓRIO DE DECISÃO (10980),CAMILLA FACIOLA PESSOA LOBO LOPES
CÍVEL,BELÉM,13ª DEFENSORIA PÚBLICA DE FAMÍLIA,2026-07-16 11:40:58.235725-03:00,0870439-98.2026.8.14.0301,PROCEDIMENTO COMUM CÍVEL (7),CAMILLA FACIOLA PESSOA LOBO LOPES
CÍVEL,BELÉM,13ª DEFENSORIA PÚBLICA DE FAMÍLIA,2026-07-16 12:33:31.729864-03:00,0870474-58.2026.8.14.0301,PROCEDIMENTO COMUM CÍVEL (7),CAMILLA FACIOLA PESSOA LOBO LOPES
CÍVEL,BELÉM,13ª DEFENSORIA PÚBLICA DE FAMÍLIA,2026-07-16 13:35:40.377725-03:00,0870509-18.2026.8.14.0301,ALIMENTOS - LEI ESPECIAL Nº 5.478/68 (69),CAMILLA FACIOLA PESSOA LOBO LOPES
CÍVEL,BELÉM,13ª DEFENSORIA PÚBLICA DE FAMÍLIA,2026-07-20 11:27:06.431354-03:00,0871186-48.2026.8.14.0301,CUMPRIMENTO DE SENTENÇA (156),CAMILLA FACIOLA PESSOA LOBO LOPES
CÍVEL,BELÉM,13ª DEFENSORIA PÚBLICA DE FAMÍLIA,2026-07-20 11:33:00.230023-03:00,0871224-60.2026.8.14.0301,PROCEDIMENTO COMUM CÍVEL (7),CAMILLA FACIOLA PESSOA LOBO LOPES
CÍVEL,BELÉM,13ª DEFENSORIA PÚBLICA DE FAMÍLIA,2026-07-20 11:51:08.344920-03:00,0871211-61.2026.8.14.0301,CUMPRIMENTO DE SENTENÇA (156),CAMILLA FACIOLA PESSOA LOBO LOPES
CÍVEL,BELÉM,13ª DEFENSORIA PÚBLICA DE FAMÍLIA,2026-07-22 10:44:19.452876-03:00,0874178-79.2026.8.14.0301,ALIMENTOS - LEI ESPECIAL Nº 5.478/68 (69),CAMILLA FACIOLA PESSOA LOBO LOPES
CÍVEL,BELÉM,13ª DEFENSORIA PÚBLICA DE FAMÍLIA,2026-07-28 13:24:53.669956-03:00,0873705-93.2026.8.14.0301,PROCEDIMENTO COMUM CÍVEL (7),CAMILLA FACIOLA PESSOA LOBO LOPES
CÍVEL,BELÉM,13ª DEFENSORIA PÚBLICA DE FAMÍLIA,2026-07-31 10:13:40.162081-03:00,0874562-42.2026.8.14.0301,CUMPRIMENTO DE SENTENÇA (156),CAMILLA FACIOLA PESSOA LOBO LOPES
CÍVEL,BELÉM,14ª DEFENSORIA PÚBLICA CÍVEL,2026-02-11 11:18:22.053414-03:00,0820064-93.2026.8.14.0301,PROCEDIMENTO COMUM CÍVEL (7),FRANCIARA LEMOS RELL
CÍVEL,BELÉM,14ª DEFENSORIA PÚBLICA DE FAMÍLIA,2026-03-06 10:36:24.136953-03:00,0827163-17.2026.8.14.0301,CUMPRIMENTO DE SENTENÇA (156),RODRIGO OLIVEIRA BEZERRA
CÍVEL,BELÉM,14ª DEFENSORIA PÚBLICA DE FAMÍLIA,2026-03-09 07:29:14.022444-03:00,0827164-02.2026.8.14.0301,CUMPRIMENTO DE SENTENÇA (156),RODRIGO OLIVEIRA BEZERRA
CÍVEL,BELÉM,14ª DEFENSORIA PÚBLICA DE FAMÍLIA,2026-04-02 08:48:53.940368-03:00,0836201-53.2026.8.14.0301,CUMPRIMENTO DE SENTENÇA (156),RODRIGO OLIVEIRA BEZERRA
CÍVEL,BELÉM,14ª DEFENSORIA PÚBLICA DE FAMÍLIA,2026-05-10 09:18:41.971753-03:00,0849686-23.2026.8.14.0301,CUMPRIMENTO DE SENTENÇA (156),RODRIGO OLIVEIRA BEZERRA
CÍVEL,BELÉM,14ª DEFENSORIA PÚBLICA DE FAMÍLIA,2026-08-08 09:50:31.034138-03:00,0876796-94.2026.8.14.0301,PROCEDIMENTO COMUM CÍVEL (7),CARLOS EDUARDO BARROS DA SILVA
CÍVEL,BELÉM,14ª DEFENSORIA PÚBLICA DE FAMÍLIA,2026-08-08 11:50:33.626154-03:00,0876828-02.2026.8.14.0301,ALIMENTOS - LEI ESPECIAL Nº 5.478/68 (69),CARLOS EDUARDO BARROS DA SILVA
CÍVEL,BELÉM,14ª DEFENSORIA PÚBLICA DE FAMÍLIA,2026-08-08 13:02:21.435781-03:00,0876849-75.2026.8.14.0301,ALIMENTOS - LEI ESPECIAL Nº 5.478/68 (69),CARLOS EDUARDO BARROS DA SILVA
CÍVEL,BELÉM,14ª DEFENSORIA PÚBLICA DE FAMÍLIA,2026-08-08 13:45:02.826280-03:00,0876864-44.2026.8.14.0301,ALIMENTOS - LEI ESPECIAL Nº 5.478/68 (69),CARLOS EDUARDO BARROS DA SILVA
CÍVEL,BELÉM,14ª DEFENSORIA PÚBLICA DE FAMÍLIA,2026-08-24 11:35:42.201967-03:00,0881749-04.2026.8.14.0301,CUMPRIMENTO DE SENTENÇA (156),RODRIGO OLIVEIRA BEZERRA
CÍVEL,BELÉM,14ª DEFENSORIA PÚBLICA DE FAMÍLIA,2026-08-24 12:50:49.225953-03:00,0881796-75.2026.8.14.0301,LIQUIDAÇÃO POR ARBITRAMENTO (151),RODRIGO OLIVEIRA BEZERRA
CÍVEL,BELÉM,14ª DEFENSORIA PÚBLICA DE FAMÍLIA,2026-08-25 13:43:06.382571-03:00,0882343-18.2026.8.14.0301,CUMPRIMENTO DE SENTENÇA DE OBRIGAÇÃO DE PRESTAR ALIMENTOS,RODRIGO OLIVEIRA BEZERRA
CÍVEL,BELÉM,14ª DEFENSORIA PÚBLICA DE FAMÍLIA,2026-08-25 13:46:27.131832-03:00,0882345-85.2026.8.14.0301,CUMPRIMENTO DE SENTENÇA DE OBRIGAÇÃO DE PRESTAR ALIMENTOS,RODRIGO OLIVEIRA BEZERRA
CÍVEL,BELÉM,14ª DEFENSORIA PÚBLICA DE FAMÍLIA,2026-08-25 14:02:11.859838-03:00,0882360-54.2026.8.14.0301,CUMPRIMENTO DE SENTENÇA DE OBRIGAÇÃO DE PRESTAR ALIMENTOS,RODRIGO OLIVEIRA BEZERRA
CÍVEL,BELÉM,14ª DEFENSORIA PÚBLICA DE FAMÍLIA,2026-08-26 10:11:39.522715-03:00,0882675-82.2026.8.14.0301,CUMPRIMENTO DE SENTENÇA DE OBRIGAÇÃO DE PRESTAR ALIMENTOS,RODRIGO OLIVEIRA BEZERRA
CÍVEL,BELÉM,14ª DEFENSORIA PÚBLICA DE FAMÍLIA,2026-08-26 10:15:03.060824-03:00,0882679-22.2026.8.14.0301,CUMPRIMENTO DE SENTENÇA DE OBRIGAÇÃO DE PRESTAR ALIMENTOS,RODRIGO OLIVEIRA BEZERRA
CÍVEL,BELÉM,14ª DEFENSORIA PÚBLICA DE FAMÍLIA,2026-08-27 09:13:34.629021-03:00,0883168-59.2026.8.14.0301,CUMPRIMENTO DE SENTENÇA DE OBRIGAÇÃO DE PRESTAR ALIMENTOS,RODRIGO OLIVEIRA BEZERRA
CÍVEL,BELÉM,15ª DEFENSORIA PÚBLICA CÍVEL,2026-01-07 09:49:21.569626-03:00,0800402-46.2026.8.14.0301,INVENTÁRIO (39),MAURO PINHO DA SILVA
CÍVEL,BELÉM,15ª DEFENSORIA PÚBLICA CÍVEL,2026-01-21 10:08:20.547035-03:00,0804322-28.2026.8.14.0301,INVENTÁRIO (39),MAURO PINHO DA SILVA
CÍVEL,BELÉM,15ª DEFENSORIA PÚBLICA CÍVEL,2026-01-27 08:54:27.314887-03:00,0805878-65.2026.8.14.0301,ALVARÁ JUDICIAL - LEI 6858/80 (74),MAURO PINHO DA SILVA
CÍVEL,BELÉM,15ª DEFENSORIA PÚBLICA CÍVEL,2026-01-29 10:58:45.050302-03:00,0806657-20.2026.8.14.0301,PROCEDIMENTO COMUM CÍVEL (7),MAURO PINHO DA SILVA
CÍVEL,BELÉM,15ª DEFENSORIA PÚBLICA CÍVEL,2026-02-04 08:27:18.793289-03:00,0813482-77.2026.8.14.0301,OUTROS PROCEDIMENTOS DE JURISDIÇÃO VOLUNTÁRIA (1294),MAURO PINHO DA SILVA
CÍVEL,BELÉM,15ª DEFENSORIA PÚBLICA CÍVEL,2026-02-04 11:26:55.801435-03:00,0814091-60.2026.8.14.0301,MONITÓRIA (40),MAURO PINHO DA SILVA
CÍVEL,BELÉM,15ª DEFENSORIA PÚBLICA CÍVEL,2026-02-05 09:08:15.837483-03:00,0815341-31.2026.8.14.0301,REINTEGRAÇÃO / MANUTENÇÃO DE POSSE (1707),MAURO PINHO DA SILVA
CÍVEL,BELÉM,15ª DEFENSORIA PÚBLICA CÍVEL,2026-02-12 13:14:11.302772-03:00,0820589-75.2026.8.14.0301,ARROLAMENTO SUMÁRIO (31),MAURO PINHO DA SILVA
CÍVEL,BELÉM,15ª DEFENSORIA PÚBLICA CÍVEL,2026-02-13 09:24:16.494226-03:00,0820886-82.2026.8.14.0301,OUTROS PROCEDIMENTOS DE JURISDIÇÃO VOLUNTÁRIA (1294),MAURO PINHO DA SILVA
CÍVEL,BELÉM,15ª DEFENSORIA PÚBLICA CÍVEL,2026-02-26 11:39:09.410798-03:00,0824291-29.2026.8.14.0301,INVENTÁRIO (39),MAURO PINHO DA SILVA
CÍVEL,BELÉM,15ª DEFENSORIA PÚBLICA CÍVEL,2026-02-26 11:58:38.632096-03:00,0824314-72.2026.8.14.0301,INTERDIÇÃO/CURATELA (58),MAURO PINHO DA SILVA
CÍVEL,BELÉM,15ª DEFENSORIA PÚBLICA CÍVEL,2026-03-09 08:34:38.747810-03:00,0827171-91.2026.8.14.0301,INVENTÁRIO (39),MAURO PINHO DA SILVA
CÍVEL,BELÉM,15ª DEFENSORIA PÚBLICA CÍVEL,2026-03-11 11:44:29.619415-03:00,0828302-04.2026.8.14.0301,ALVARÁ JUDICIAL - LEI 6858/80 (74),MAURO PINHO DA SILVA
CÍVEL,BELÉM,15ª DEFENSORIA PÚBLICA CÍVEL,2026-03-20 13:11:07.933160-03:00,0831481-43.2026.8.14.0301,REINTEGRAÇÃO / MANUTENÇÃO DE POSSE (1707),MAURO PINHO DA SILVA
CÍVEL,BELÉM,15ª DEFENSORIA PÚBLICA CÍVEL,2026-04-09 09:22:33.119784-03:00,0840032-12.2026.8.14.0301,INVENTÁRIO (39),MAURO PINHO DA SILVA
CÍVEL,BELÉM,15ª DEFENSORIA PÚBLICA CÍVEL,2026-04-14 08:28:52.688835-03:00,0841511-40.2026.8.14.0301,INVENTÁRIO (39),MAURO PINHO DA SILVA
CÍVEL,BELÉM,15ª DEFENSORIA PÚBLICA CÍVEL,2026-04-22 11:32:28.678075-03:00,0844126-03.2026.8.14.0301,IMISSÃO NA POSSE (113),MAURO PINHO DA SILVA
CÍVEL,BELÉM,15ª DEFENSORIA PÚBLICA CÍVEL,2026-04-23 09:42:50.600698-03:00,0844480-28.2026.8.14.0301,PROCEDIMENTO COMUM CÍVEL (7),MAURO PINHO DA SILVA
CÍVEL,BELÉM,15ª DEFENSORIA PÚBLICA CÍVEL,2026-04-23 14:26:45.709199-03:00,0844680-35.2026.8.14.0301,ALVARÁ JUDICIAL - LEI 6858/80 (74),MAURO PINHO DA SILVA
CÍVEL,BELÉM,15ª DEFENSORIA PÚBLICA CÍVEL,2026-04-29 08:44:16.296140-03:00,0846760-69.2026.8.14.0301,ALVARÁ JUDICIAL - LEI 6858/80 (74),MAURO PINHO DA SILVA
CÍVEL,BELÉM,15ª DEFENSORIA PÚBLICA CÍVEL,2026-05-01 14:47:57.252550-03:00,0847679-58.2026.8.14.0301,ARROLAMENTO SUMÁRIO (31),MAURO PINHO DA SILVA
CÍVEL,BELÉM,15ª DEFENSORIA PÚBLICA CÍVEL,2026-05-04 08:32:58.716824-03:00,0847822-47.2026.8.14.0301,INVENTÁRIO (39),MAURO PINHO DA SILVA
CÍVEL,BELÉM,15ª DEFENSORIA PÚBLICA CÍVEL,2026-05-04 11:02:00.577957-03:00,0847915-10.2026.8.14.0301,ARROLAMENTO SUMÁRIO (31),MAURO PINHO DA SILVA
CÍVEL,BELÉM,15ª DEFENSORIA PÚBLICA CÍVEL,2026-05-11 14:18:49.824755-03:00,0849906-21.2026.8.14.0301,OUTROS PROCEDIMENTOS DE JURISDIÇÃO VOLUNTÁRIA (1294),MAURO PINHO DA SILVA
CÍVEL,BELÉM,15ª DEFENSORIA PÚBLICA CÍVEL,2026-05-13 13:51:48.731625-03:00,0850864-07.2026.8.14.0301,ARROLAMENTO SUMÁRIO (31),MAURO PINHO DA SILVA
CÍVEL,BELÉM,15ª DEFENSORIA PÚBLICA CÍVEL,2026-05-22 11:13:44.235783-03:00,0854110-11.2026.8.14.0301,PROCEDIMENTO COMUM CÍVEL (7),MAURO PINHO DA SILVA
CÍVEL,BELÉM,15ª DEFENSORIA PÚBLICA CÍVEL,2026-05-27 12:07:23.458538-03:00,0855599-83.2026.8.14.0301,INVENTÁRIO (39),MAURO PINHO DA SILVA
CÍVEL,BELÉM,15ª DEFENSORIA PÚBLICA CÍVEL,2026-05-29 09:46:01.929417-03:00,0856396-59.2026.8.14.0301,REINTEGRAÇÃO / MANUTENÇÃO DE POSSE (1707),MAURO PINHO DA SILVA
CÍVEL,BELÉM,15ª DEFENSORIA PÚBLICA CÍVEL,2026-06-03 07:39:12.307129-03:00,0857790-04.2026.8.14.0301,PROCEDIMENTO COMUM CÍVEL (7),MAURO PINHO DA SILVA
CÍVEL,BELÉM,15ª DEFENSORIA PÚBLICA CÍVEL,2026-06-16 12:20:12.253350-03:00,0861323-68.2026.8.14.0301,ALVARÁ JUDICIAL - LEI 6858/80 (74),MAURO PINHO DA SILVA
CÍVEL,BELÉM,15ª DEFENSORIA PÚBLICA CÍVEL,2026-06-23 11:12:54.553085-03:00,0863368-45.2026.8.14.0301,INVENTÁRIO (39),MAURO PINHO DA SILVA
CÍVEL,BELÉM,15ª DEFENSORIA PÚBLICA CÍVEL,2026-06-25 09:56:50.804822-03:00,0864199-93.2026.8.14.0301,PROCEDIMENTO COMUM CÍVEL (7),MAURO PINHO DA SILVA
CÍVEL,BELÉM,15ª DEFENSORIA PÚBLICA CÍVEL,2026-06-26 09:58:11.294227-03:00,0864594-85.2026.8.14.0301,PROCEDIMENTO COMUM CÍVEL (7),MAURO PINHO DA SILVA
CÍVEL,BELÉM,15ª DEFENSORIA PÚBLICA CÍVEL,2026-07-07 09:00:14.490426-03:00,0867663-28.2026.8.14.0301,"ABERTURA, REGISTRO E CUMPRIMENTO DE TESTAMENTO (51)",MAURO PINHO DA SILVA
CÍVEL,BELÉM,15ª DEFENSORIA PÚBLICA CÍVEL,2026-07-31 09:29:13.047014-03:00,0874541-66.2026.8.14.0301,ALVARÁ JUDICIAL - LEI 6858/80 (74),MAURO PINHO DA SILVA
CÍVEL,BELÉM,15ª DEFENSORIA PÚBLICA CÍVEL,2026-08-05 09:54:19.045529-03:00,0875715-13.2026.8.14.0301,PROCEDIMENTO COMUM CÍVEL (7),MAURO PINHO DA SILVA
CÍVEL,BELÉM,15ª DEFENSORIA PÚBLICA CÍVEL,2026-08-07 08:53:09.653441-03:00,0876462-60.2026.8.14.0301,PROCEDIMENTO COMUM CÍVEL (7),MAURO PINHO DA SILVA
CÍVEL,BELÉM,15ª DEFENSORIA PÚBLICA CÍVEL,2026-08-10 08:52:25.074818-03:00,0876984-87.2026.8.14.0301,OUTROS PROCEDIMENTOS DE JURISDIÇÃO VOLUNTÁRIA (1294),MAURO PINHO DA SILVA
CÍVEL,BELÉM,15ª DEFENSORIA PÚBLICA CÍVEL,2026-08-13 09:50:43.760537-03:00,0878189-54.2026.8.14.0301,PROCEDIMENTO COMUM CÍVEL (7),MAURO PINHO DA SILVA
CÍVEL,BELÉM,15ª DEFENSORIA PÚBLICA CÍVEL,2026-08-18 13:59:28.626503-03:00,0879723-33.2026.8.14.0301,MONITÓRIA (40),MAURO PINHO DA SILVA
CÍVEL,BELÉM,15ª DEFENSORIA PÚBLICA CÍVEL,2026-08-25 12:21:10.412493-03:00,0882279-08.2026.8.14.0301,OUTROS PROCEDIMENTOS DE JURISDIÇÃO VOLUNTÁRIA (1294),MAURO PINHO DA SILVA
CÍVEL,BELÉM,15ª DEFENSORIA PÚBLICA CÍVEL,2026-08-26 14:15:30.312324-03:00,0882874-07.2026.8.14.0301,PROCEDIMENTO COMUM CÍVEL (7),MAURO PINHO DA SILVA
CÍVEL,BELÉM,15ª DEFENSORIA PÚBLICA CÍVEL,2026-09-09 08:48:09.387424-03:00,0887533-59.2026.8.14.0301,OUTROS PROCEDIMENTOS DE JURISDIÇÃO VOLUNTÁRIA (1294),MAURO PINHO DA SILVA
CÍVEL,BELÉM,15ª DEFENSORIA PÚBLICA CÍVEL,2026-09-09 11:25:28.838391-03:00,0887624-52.2026.8.14.0301,MONITÓRIA (40),MAURO PINHO DA SILVA
CÍVEL,BELÉM,15ª DEFENSORIA PÚBLICA CÍVEL,2026-09-17 09:37:40.417326-03:00,0890354-36.2026.8.14.0301,REINTEGRAÇÃO / MANUTENÇÃO DE POSSE (1707),MAURO PINHO DA SILVA
CÍVEL,BELÉM,15ª DEFENSORIA PÚBLICA DE FAMÍLIA,2026-07-28 11:29:57.626957-03:00,0873456-45.2026.8.14.0301,CUMPRIMENTO PROVISÓRIO DE DECISÃO (10980),CAMILLA FACIOLA PESSOA LOBO LOPES
CÍVEL,BELÉM,15ª DEFENSORIA PÚBLICA DE FAMÍLIA,2026-07-28 12:07:43.202813-03:00,0873474-66.2026.8.14.0301,DIVÓRCIO LITIGIOSO (12541),CAMILLA FACIOLA PESSOA LOBO LOPES
CÍVEL,BELÉM,15ª DEFENSORIA PÚBLICA DE FAMÍLIA,2026-07-29 10:43:10.610612-03:00,0873825-39.2026.8.14.0301,ALIMENTOS - LEI ESPECIAL Nº 5.478/68 (69),CAMILLA FACIOLA PESSOA LOBO LOPES
CÍVEL,BELÉM,15ª DEFENSORIA PÚBLICA DE FAMÍLIA,2026-07-29 11:16:45.201562-03:00,0873857-44.2026.8.14.0301,PROCEDIMENTO COMUM CÍVEL (7),CAMILLA FACIOLA PESSOA LOBO LOPES
CÍVEL,BELÉM,15ª DEFENSORIA PÚBLICA DE FAMÍLIA,2026-07-29 12:40:52.746568-03:00,0873900-78.2026.8.14.0301,DIVÓRCIO CONSENSUAL (12372),CAMILLA FACIOLA PESSOA LOBO LOPES
CÍVEL,BELÉM,15ª DEFENSORIA PÚBLICA DE FAMÍLIA,2026-07-30 08:17:51.834669-03:00,0874437-74.2026.8.14.0301,PROCEDIMENTO COMUM CÍVEL (7),CAMILLA FACIOLA PESSOA LOBO LOPES
CÍVEL,BELÉM,15ª DEFENSORIA PÚBLICA DE FAMÍLIA,2026-07-30 12:49:47.028392-03:00,0802074-22.2026.8.14.0097,PROCEDIMENTO COMUM CÍVEL (7),CAMILLA FACIOLA PESSOA LOBO LOPES
CÍVEL,BELÉM,15ª DEFENSORIA PÚBLICA DE FAMÍLIA,2026-07-30 14:10:38.649981-03:00,0874428-15.2026.8.14.0301,PROCEDIMENTO COMUM CÍVEL (7),CAMILLA FACIOLA PESSOA LOBO LOPES
CÍVEL,BELÉM,15ª DEFENSORIA PÚBLICA DE FAMÍLIA,2026-08-03 09:57:23.908310-03:00,0874954-79.2026.8.14.0301,ALIMENTOS - LEI ESPECIAL Nº 5.478/68 (69),CAMILLA FACIOLA PESSOA LOBO LOPES
CÍVEL,BELÉM,15ª DEFENSORIA PÚBLICA DE FAMÍLIA,2026-08-03 11:01:22.406917-03:00,0875000-68.2026.8.14.0301,ALIMENTOS - LEI ESPECIAL Nº 5.478/68 (69),CAMILLA FACIOLA PESSOA LOBO LOPES
CÍVEL,BELÉM,15ª DEFENSORIA PÚBLICA DE FAMÍLIA,2026-08-03 12:11:22.002830-03:00,0875046-57.2026.8.14.0301,ALIMENTOS - LEI ESPECIAL Nº 5.478/68 (69),CAMILLA FACIOLA PESSOA LOBO LOPES
CÍVEL,BELÉM,15ª DEFENSORIA PÚBLICA DE FAMÍLIA,2026-08-04 11:04:06.442223-03:00,0875344-49.2026.8.14.0301,ALIMENTOS - LEI ESPECIAL Nº 5.478/68 (69),CAMILLA FACIOLA PESSOA LOBO LOPES
CÍVEL,BELÉM,15ª DEFENSORIA PÚBLICA DE FAMÍLIA,2026-08-05 12:53:25.574390-03:00,0875826-94.2026.8.14.0301,ALIMENTOS - LEI ESPECIAL Nº 5.478/68 (69),CAMILLA FACIOLA PESSOA LOBO LOPES
CÍVEL,BELÉM,15ª DEFENSORIA PÚBLICA DE FAMÍLIA,2026-08-05 13:48:19.505369-03:00,0876953-67.2026.8.14.0301,DIVÓRCIO LITIGIOSO (12541),CAMILLA FACIOLA PESSOA LOBO LOPES
CÍVEL,BELÉM,15ª DEFENSORIA PÚBLICA DE FAMÍLIA,2026-08-06 10:14:45.864261-03:00,0876108-35.2026.8.14.0301,PROCEDIMENTO COMUM CÍVEL (7),CAMILLA FACIOLA PESSOA LOBO LOPES
CÍVEL,BELÉM,15ª DEFENSORIA PÚBLICA DE FAMÍLIA,2026-08-06 10:51:58.086116-03:00,0876136-03.2026.8.14.0301,ALIMENTOS - LEI ESPECIAL Nº 5.478/68 (69),CAMILLA FACIOLA PESSOA LOBO LOPES
CÍVEL,BELÉM,15ª DEFENSORIA PÚBLICA DE FAMÍLIA,2026-08-06 13:10:53.439314-03:00,0876227-93.2026.8.14.0301,PROCEDIMENTO COMUM CÍVEL (7),CAMILLA FACIOLA PESSOA LOBO LOPES
CÍVEL,BELÉM,15ª DEFENSORIA PÚBLICA DE FAMÍLIA,2026-08-06 13:26:30.493450-03:00,0876954-52.2026.8.14.0301,GUARDA DE FAMÍLIA,CAMILLA FACIOLA PESSOA LOBO LOPES
CÍVEL,BELÉM,15ª DEFENSORIA PÚBLICA DE FAMÍLIA,2026-08-10 10:03:39.745567-03:00,0877009-03.2026.8.14.0301,ALIMENTOS - LEI ESPECIAL Nº 5.478/68 (69),CAMILLA FACIOLA PESSOA LOBO LOPES
CÍVEL,BELÉM,15ª DEFENSORIA PÚBLICA DE FAMÍLIA,2026-08-11 10:11:20.782995-03:00,0877422-16.2026.8.14.0301,PROCEDIMENTO COMUM CÍVEL (7),CAMILLA FACIOLA PESSOA LOBO LOPES
CÍVEL,BELÉM,15ª DEFENSORIA PÚBLICA DE FAMÍLIA,2026-08-11 10:57:34.066311-03:00,0877442-07.2026.8.14.0301,GUARDA DE FAMÍLIA,CAMILLA FACIOLA PESSOA LOBO LOPES
CÍVEL,BELÉM,15ª DEFENSORIA PÚBLICA DE FAMÍLIA,2026-08-11 11:53:44.759840-03:00,0877475-94.2026.8.14.0301,CUMPRIMENTO DE SENTENÇA (156),CAMILLA FACIOLA PESSOA LOBO LOPES
CÍVEL,BELÉM,15ª DEFENSORIA PÚBLICA DE FAMÍLIA,2026-08-12 10:09:12.345295-03:00,0877799-84.2026.8.14.0301,GUARDA DE FAMÍLIA,CAMILLA FACIOLA PESSOA LOBO LOPES
CÍVEL,BELÉM,15ª DEFENSORIA PÚBLICA DE FAMÍLIA,2026-08-12 10:55:43.354911-03:00,0878110-75.2026.8.14.0301,HOMOLOGAÇÃO DA TRANSAÇÃO EXTRAJUDICIAL (12374),CAMILLA FACIOLA PESSOA LOBO LOPES
CÍVEL,BELÉM,15ª DEFENSORIA PÚBLICA DE FAMÍLIA,2026-08-13 10:27:13.092301-03:00,0878215-52.2026.8.14.0301,ALIMENTOS - LEI ESPECIAL Nº 5.478/68 (69),CAMILLA FACIOLA PESSOA LOBO LOPES
CÍVEL,BELÉM,15ª DEFENSORIA PÚBLICA DE FAMÍLIA,2026-08-13 11:20:40.846956-03:00,0878259-71.2026.8.14.0301,ALIMENTOS - LEI ESPECIAL Nº 5.478/68 (69),CAMILLA FACIOLA PESSOA LOBO LOPES
CÍVEL,BELÉM,15ª DEFENSORIA PÚBLICA DE FAMÍLIA,2026-08-14 17:57:59.726200-03:00,0878949-03.2026.8.14.0301,GUARDA DE FAMÍLIA,CAMILLA FACIOLA PESSOA LOBO LOPES
CÍVEL,BELÉM,15ª DEFENSORIA PÚBLICA DE FAMÍLIA,2026-09-08 09:57:59.106467-03:00,0887044-22.2026.8.14.0301,ALIMENTOS - LEI ESPECIAL Nº 5.478/68 (69),CAMILLA FACIOLA PESSOA LOBO LOPES
CÍVEL,BELÉM,15ª DEFENSORIA PÚBLICA DE FAMÍLIA,2026-09-08 10:49:54.537731-03:00,0887076-27.2026.8.14.0301,CUMPRIMENTO DE SENTENÇA (156),CAMILLA FACIOLA PESSOA LOBO LOPES
CÍVEL,BELÉM,15ª DEFENSORIA PÚBLICA DE FAMÍLIA,2026-09-09 09:14:14.534463-03:00,0888319-06.2026.8.14.0301,PROCEDIMENTO COMUM CÍVEL (7),CAMILLA FACIOLA PESSOA LOBO LOPES
CÍVEL,BELÉM,15ª DEFENSORIA PÚBLICA DE FAMÍLIA,2026-09-09 11:04:59.051392-03:00,0887603-76.2026.8.14.0301,DIVÓRCIO LITIGIOSO (12541),CAMILLA FACIOLA PESSOA LOBO LOPES
CÍVEL,BELÉM,15ª DEFENSORIA PÚBLICA DE FAMÍLIA,2026-09-09 16:56:02.192408-03:00,0887834-06.2026.8.14.0301,DIVÓRCIO LITIGIOSO (12541),CAMILLA FACIOLA PESSOA LOBO LOPES
CÍVEL,BELÉM,15ª DEFENSORIA PÚBLICA DE FAMÍLIA,2026-09-10 09:05:49.593277-03:00,0888329-50.2026.8.14.0301,PROCEDIMENTO COMUM CÍVEL (7),CAMILLA FACIOLA PESSOA LOBO LOPES
CÍVEL,BELÉM,15ª DEFENSORIA PÚBLICA DE FAMÍLIA,2026-09-10 12:11:49.743447-03:00,0888094-83.2026.8.14.0301,CUMPRIMENTO DE SENTENÇA (156),CAMILLA FACIOLA PESSOA LOBO LOPES
CÍVEL,BELÉM,15ª DEFENSORIA PÚBLICA DE FAMÍLIA,2026-09-10 12:36:35.805394-03:00,0888112-07.2026.8.14.0301,CUMPRIMENTO DE SENTENÇA (156),CAMILLA FACIOLA PESSOA LOBO LOPES
CÍVEL,BELÉM,15ª DEFENSORIA PÚBLICA DE FAMÍLIA,2026-09-10 13:09:41.746996-03:00,0888315-66.2026.8.14.0301,PROCEDIMENTO COMUM CÍVEL (7),CAMILLA FACIOLA PESSOA LOBO LOPES
CÍVEL,BELÉM,15ª DEFENSORIA PÚBLICA DE FAMÍLIA,2026-09-10 17:10:54.308199-03:00,0888313-96.2026.8.14.0301,ALIMENTOS - LEI ESPECIAL Nº 5.478/68 (69),CAMILLA FACIOLA PESSOA LOBO LOPES
CÍVEL,BELÉM,15ª DEFENSORIA PÚBLICA DE FAMÍLIA,2026-09-14 12:23:55.324373-03:00,0889103-80.2026.8.14.0301,PROCEDIMENTO COMUM CÍVEL (7),CAMILLA FACIOLA PESSOA LOBO LOPES
CÍVEL,BELÉM,15ª DEFENSORIA PÚBLICA DE FAMÍLIA,2026-09-14 12:45:42.776110-03:00,0889106-35.2026.8.14.0301,GUARDA DE FAMÍLIA,CAMILLA FACIOLA PESSOA LOBO LOPES
CÍVEL,BELÉM,15ª DEFENSORIA PÚBLICA DE FAMÍLIA,2026-09-15 10:47:20.025221-03:00,0889441-54.2026.8.14.0301,DIVÓRCIO LITIGIOSO (12541),CAMILLA FACIOLA PESSOA LOBO LOPES
CÍVEL,BELÉM,15ª DEFENSORIA PÚBLICA DE FAMÍLIA,2026-09-15 11:36:53.954632-03:00,0889483-06.2026.8.14.0301,PROCEDIMENTO COMUM CÍVEL (7),CAMILLA FACIOLA PESSOA LOBO LOPES
CÍVEL,BELÉM,15ª DEFENSORIA PÚBLICA DE FAMÍLIA,2026-09-15 12:21:51.491663-03:00,0889521-18.2026.8.14.0301,GUARDA DE FAMÍLIA,CAMILLA FACIOLA PESSOA LOBO LOPES
CÍVEL,BELÉM,15ª DEFENSORIA PÚBLICA DE FAMÍLIA,2026-09-15 13:07:35.631607-03:00,0889547-16.2026.8.14.0301,ALIMENTOS - LEI ESPECIAL Nº 5.478/68 (69),CAMILLA FACIOLA PESSOA LOBO LOPES
CÍVEL,BELÉM,16ª DEFENSORIA PÚBLICA DE FAMÍLIA,2026-01-06 17:14:29.935659-03:00,0800330-59.2026.8.14.0301,PROCEDIMENTO COMUM CÍVEL (7),LARISSA DE ALMEIDA BELTRÃO ROSAS
CÍVEL,BELÉM,16ª DEFENSORIA PÚBLICA DE FAMÍLIA,2026-01-09 10:39:25.709141-03:00,0801076-24.2026.8.14.0301,PROCEDIMENTO COMUM CÍVEL (7),LARISSA DE ALMEIDA BELTRÃO ROSAS
CÍVEL,BELÉM,16ª DEFENSORIA PÚBLICA DE FAMÍLIA,2026-01-09 11:26:10.567926-03:00,0801117-88.2026.8.14.0301,PROCEDIMENTO COMUM CÍVEL (7),LARISSA DE ALMEIDA BELTRÃO ROSAS
CÍVEL,BELÉM,16ª DEFENSORIA PÚBLICA DE FAMÍLIA,2026-01-09 13:23:38.567441-03:00,0801198-37.2026.8.14.0301,PROCEDIMENTO COMUM CÍVEL (7),LARISSA DE ALMEIDA BELTRÃO ROSAS
CÍVEL,BELÉM,16ª DEFENSORIA PÚBLICA DE FAMÍLIA,2026-01-13 09:32:51.764743-03:00,0801738-85.2026.8.14.0301,PROCEDIMENTO COMUM CÍVEL (7),LARISSA DE ALMEIDA BELTRÃO ROSAS
CÍVEL,BELÉM,16ª DEFENSORIA PÚBLICA DE FAMÍLIA,2026-01-13 11:36:19.516201-03:00,0801808-05.2026.8.14.0301,PROCEDIMENTO COMUM CÍVEL (7),LARISSA DE ALMEIDA BELTRÃO ROSAS
CÍVEL,BELÉM,16ª DEFENSORIA PÚBLICA DE FAMÍLIA,2026-01-14 10:38:41.592381-03:00,0802234-17.2026.8.14.0301,PROCEDIMENTO COMUM CÍVEL (7),LARISSA DE ALMEIDA BELTRÃO ROSAS
CÍVEL,BELÉM,16ª DEFENSORIA PÚBLICA DE FAMÍLIA,2026-01-15 17:27:45.811320-03:00,0802887-19.2026.8.14.0301,PROCEDIMENTO COMUM CÍVEL (7),LARISSA DE ALMEIDA BELTRÃO ROSAS
CÍVEL,BELÉM,16ª DEFENSORIA PÚBLICA DE FAMÍLIA,2026-01-19 11:31:46.483333-03:00,0803510-83.2026.8.14.0301,PROCEDIMENTO COMUM CÍVEL (7),LARISSA DE ALMEIDA BELTRÃO ROSAS
CÍVEL,BELÉM,16ª DEFENSORIA PÚBLICA DE FAMÍLIA,2026-01-23 13:11:45.494680-03:00,0805255-98.2026.8.14.0301,CUMPRIMENTO DE SENTENÇA (156),LARISSA DE ALMEIDA BELTRÃO ROSAS
CÍVEL,BELÉM,16ª DEFENSORIA PÚBLICA DE FAMÍLIA,2026-01-27 15:39:53.287832-03:00,0806050-07.2026.8.14.0301,PROCEDIMENTO COMUM CÍVEL (7),LARISSA DE ALMEIDA BELTRÃO ROSAS
CÍVEL,BELÉM,16ª DEFENSORIA PÚBLICA DE FAMÍLIA,2026-02-16 16:01:01.507648-03:00,0821442-84.2026.8.14.0301,PROCEDIMENTO COMUM CÍVEL (7),LARISSA DE ALMEIDA BELTRÃO ROSAS
CÍVEL,BELÉM,16ª DEFENSORIA PÚBLICA DE FAMÍLIA,2026-02-16 16:42:04.742498-03:00,0821441-02.2026.8.14.0301,PROCEDIMENTO COMUM CÍVEL (7),LARISSA DE ALMEIDA BELTRÃO ROSAS
CÍVEL,BELÉM,16ª DEFENSORIA PÚBLICA DE FAMÍLIA,2026-02-16 17:40:49.830685-03:00,0821445-39.2026.8.14.0301,PROCEDIMENTO COMUM CÍVEL (7),LARISSA DE ALMEIDA BELTRÃO ROSAS
CÍVEL,BELÉM,16ª DEFENSORIA PÚBLICA DE FAMÍLIA,2026-02-16 18:21:26.443418-03:00,0821446-24.2026.8.14.0301,PROCEDIMENTO COMUM CÍVEL (7),LARISSA DE ALMEIDA BELTRÃO ROSAS
CÍVEL,BELÉM,16ª DEFENSORIA PÚBLICA DE FAMÍLIA,2026-02-16 19:02:39.604769-03:00,0821444-54.2026.8.14.0301,PROCEDIMENTO COMUM CÍVEL (7),LARISSA DE ALMEIDA BELTRÃO ROSAS
CÍVEL,BELÉM,16ª DEFENSORIA PÚBLICA DE FAMÍLIA,2026-02-21 10:08:22.608591-03:00,0822617-16.2026.8.14.0301,ALIMENTOS - LEI ESPECIAL Nº 5.478/68 (69),LARISSA DE ALMEIDA BELTRÃO ROSAS
CÍVEL,BELÉM,16ª DEFENSORIA PÚBLICA DE FAMÍLIA,2026-02-21 10:21:40.531505-03:00,0822618-98.2026.8.14.0301,ALIMENTOS - LEI ESPECIAL Nº 5.478/68 (69),LARISSA DE ALMEIDA BELTRÃO ROSAS
CÍVEL,BELÉM,16ª DEFENSORIA PÚBLICA DE FAMÍLIA,2026-02-21 10:31:40.830271-03:00,0822619-83.2026.8.14.0301,ALIMENTOS - LEI ESPECIAL Nº 5.478/68 (69),LARISSA DE ALMEIDA BELTRÃO ROSAS
CÍVEL,BELÉM,16ª DEFENSORIA PÚBLICA DE FAMÍLIA,2026-02-21 10:45:49.512846-03:00,0822616-31.2026.8.14.0301,PROCEDIMENTO COMUM CÍVEL (7),LARISSA DE ALMEIDA BELTRÃO ROSAS
CÍVEL,BELÉM,16ª DEFENSORIA PÚBLICA DE FAMÍLIA,2026-04-03 17:44:34.490604-03:00,0836497-75.2026.8.14.0301,CUMPRIMENTO DE SENTENÇA (156),LARISSA DE ALMEIDA BELTRÃO ROSAS
CÍVEL,BELÉM,16ª DEFENSORIA PÚBLICA DE FAMÍLIA,2026-04-23 18:42:38.952195-03:00,0846759-84.2026.8.14.0301,ALIMENTOS - LEI ESPECIAL Nº 5.478/68 (69),LARISSA DE ALMEIDA BELTRÃO ROSAS
CÍVEL,BELÉM,16ª DEFENSORIA PÚBLICA DE FAMÍLIA,2026-05-04 12:49:33.070175-03:00,0847960-14.2026.8.14.0301,ALIMENTOS - LEI ESPECIAL Nº 5.478/68 (69),RODRIGO VICENTE MAIA MENDES
CÍVEL,BELÉM,16ª DEFENSORIA PÚBLICA DE FAMÍLIA,2026-05-06 11:03:28.449929-03:00,0848603-69.2026.8.14.0301,DIVÓRCIO LITIGIOSO (12541),RODRIGO VICENTE MAIA MENDES
CÍVEL,BELÉM,16ª DEFENSORIA PÚBLICA DE FAMÍLIA,2026-05-07 11:23:21.601309-03:00,0849057-49.2026.8.14.0301,ALIMENTOS - LEI ESPECIAL Nº 5.478/68 (69),RODRIGO VICENTE MAIA MENDES
CÍVEL,BELÉM,16ª DEFENSORIA PÚBLICA DE FAMÍLIA,2026-05-07 12:33:42.344903-03:00,0849054-94.2026.8.14.0301,ALIMENTOS - LEI ESPECIAL Nº 5.478/68 (69),RODRIGO VICENTE MAIA MENDES
CÍVEL,BELÉM,16ª DEFENSORIA PÚBLICA DE FAMÍLIA,2026-05-08 08:50:22.517252-03:00,0849337-20.2026.8.14.0301,DIVÓRCIO LITIGIOSO (12541),RODRIGO VICENTE MAIA MENDES
CÍVEL,BELÉM,16ª DEFENSORIA PÚBLICA DE FAMÍLIA,2026-05-14 10:25:50.452420-03:00,0851190-64.2026.8.14.0301,PROCEDIMENTO COMUM CÍVEL (7),RODRIGO VICENTE MAIA MENDES
CÍVEL,BELÉM,16ª DEFENSORIA PÚBLICA DE FAMÍLIA,2026-05-14 13:24:21.661641-03:00,0851375-05.2026.8.14.0301,PROCEDIMENTO COMUM CÍVEL (7),RODRIGO VICENTE MAIA MENDES
CÍVEL,BELÉM,16ª DEFENSORIA PÚBLICA DE FAMÍLIA,2026-05-15 10:13:45.226513-03:00,0851651-36.2026.8.14.0301,ALIMENTOS - LEI ESPECIAL Nº 5.478/68 (69),RODRIGO VICENTE MAIA MENDES
CÍVEL,BELÉM,16ª DEFENSORIA PÚBLICA DE FAMÍLIA,2026-05-20 07:51:12.460867-03:00,0853089-97.2026.8.14.0301,DIVÓRCIO LITIGIOSO (12541),RODRIGO VICENTE MAIA MENDES
CÍVEL,BELÉM,16ª DEFENSORIA PÚBLICA DE FAMÍLIA,2026-05-20 08:14:43.761661-03:00,0853091-67.2026.8.14.0301,ALIMENTOS - LEI ESPECIAL Nº 5.478/68 (69),RODRIGO VICENTE MAIA MENDES
CÍVEL,BELÉM,16ª DEFENSORIA PÚBLICA DE FAMÍLIA,2026-05-20 11:26:04.790825-03:00,0853208-58.2026.8.14.0301,PROCEDIMENTO COMUM CÍVEL (7),RODRIGO VICENTE MAIA MENDES
CÍVEL,BELÉM,16ª DEFENSORIA PÚBLICA DE FAMÍLIA,2026-05-21 12:54:09.857592-03:00,0853758-53.2026.8.14.0301,PROCEDIMENTO COMUM CÍVEL (7),RODRIGO VICENTE MAIA MENDES
CÍVEL,BELÉM,16ª DEFENSORIA PÚBLICA DE FAMÍLIA,2026-05-22 11:12:50.451074-03:00,0854109-26.2026.8.14.0301,DIVÓRCIO LITIGIOSO (12541),RODRIGO VICENTE MAIA MENDES
CÍVEL,BELÉM,16ª DEFENSORIA PÚBLICA DE FAMÍLIA,2026-05-25 10:25:04.687807-03:00,0854756-21.2026.8.14.0301,ALIMENTOS - LEI ESPECIAL Nº 5.478/68 (69),RODRIGO VICENTE MAIA MENDES
CÍVEL,BELÉM,16ª DEFENSORIA PÚBLICA DE FAMÍLIA,2026-05-26 12:14:53.806340-03:00,0855267-19.2026.8.14.0301,ALIMENTOS - LEI ESPECIAL Nº 5.478/68 (69),RODRIGO VICENTE MAIA MENDES
CÍVEL,BELÉM,16ª DEFENSORIA PÚBLICA DE FAMÍLIA,2026-05-27 12:13:32.356449-03:00,0855600-68.2026.8.14.0301,ALIMENTOS - LEI ESPECIAL Nº 5.478/68 (69),RODRIGO VICENTE MAIA MENDES
CÍVEL,BELÉM,16ª DEFENSORIA PÚBLICA DE FAMÍLIA,2026-05-28 08:39:23.349075-03:00,0855869-10.2026.8.14.0301,PROCEDIMENTO COMUM CÍVEL (7),RODRIGO VICENTE MAIA MENDES
CÍVEL,BELÉM,16ª DEFENSORIA PÚBLICA DE FAMÍLIA,2026-05-28 11:30:03.667512-03:00,0855990-38.2026.8.14.0301,PROCEDIMENTO COMUM CÍVEL (7),RODRIGO VICENTE MAIA MENDES
CÍVEL,BELÉM,16ª DEFENSORIA PÚBLICA DE FAMÍLIA,2026-06-01 11:45:25.003529-03:00,0857030-55.2026.8.14.0301,PROCEDIMENTO COMUM CÍVEL (7),RODRIGO VICENTE MAIA MENDES
CÍVEL,BELÉM,16ª DEFENSORIA PÚBLICA DE FAMÍLIA,2026-06-01 14:04:07.881342-03:00,0857096-35.2026.8.14.0301,PROCEDIMENTO COMUM CÍVEL (7),RODRIGO VICENTE MAIA MENDES
CÍVEL,BELÉM,16ª DEFENSORIA PÚBLICA DE FAMÍLIA,2026-06-02 12:50:27.026795-03:00,0800911-56.2026.8.14.0501,PROCEDIMENTO COMUM CÍVEL (7),RODRIGO VICENTE MAIA MENDES
CÍVEL,BELÉM,16ª DEFENSORIA PÚBLICA DE FAMÍLIA,2026-06-02 13:34:59.908898-03:00,0857580-50.2026.8.14.0301,PROCEDIMENTO COMUM CÍVEL (7),RODRIGO VICENTE MAIA MENDES
CÍVEL,BELÉM,16ª DEFENSORIA PÚBLICA DE FAMÍLIA,2026-06-03 09:25:31.100801-03:00,0858546-13.2026.8.14.0301,CUMPRIMENTO DE SENTENÇA DE OBRIGAÇÃO DE PRESTAR ALIMENTOS,RODRIGO VICENTE MAIA MENDES
CÍVEL,BELÉM,16ª DEFENSORIA PÚBLICA DE FAMÍLIA,2026-06-08 11:04:58.265757-03:00,0858626-74.2026.8.14.0301,DIVÓRCIO LITIGIOSO (12541),RODRIGO VICENTE MAIA MENDES
CÍVEL,BELÉM,16ª DEFENSORIA PÚBLICA DE FAMÍLIA,2026-06-09 12:45:25.886936-03:00,0859140-27.2026.8.14.0301,AVERIGUAÇÃO DE PATERNIDADE (123),RODRIGO VICENTE MAIA MENDES
CÍVEL,BELÉM,16ª DEFENSORIA PÚBLICA DE FAMÍLIA,2026-06-11 10:16:52.564335-03:00,0860042-77.2026.8.14.0301,PROCEDIMENTO COMUM CÍVEL (7),RODRIGO VICENTE MAIA MENDES
CÍVEL,BELÉM,16ª DEFENSORIA PÚBLICA DE FAMÍLIA,2026-06-11 10:30:03.442438-03:00,0859885-07.2026.8.14.0301,PROCEDIMENTO COMUM CÍVEL (7),RODRIGO VICENTE MAIA MENDES
CÍVEL,BELÉM,16ª DEFENSORIA PÚBLICA DE FAMÍLIA,2026-06-11 10:45:11.354502-03:00,0859908-50.2026.8.14.0301,PROCEDIMENTO COMUM CÍVEL (7),RODRIGO VICENTE MAIA MENDES
CÍVEL,BELÉM,16ª DEFENSORIA PÚBLICA DE FAMÍLIA,2026-06-11 12:57:39.486811-03:00,0860261-90.2026.8.14.0301,PROCEDIMENTO COMUM CÍVEL (7),RODRIGO VICENTE MAIA MENDES
CÍVEL,BELÉM,16ª DEFENSORIA PÚBLICA DE FAMÍLIA,2026-06-15 12:21:36.929326-03:00,0860882-87.2026.8.14.0301,PROCEDIMENTO COMUM CÍVEL (7),RODRIGO VICENTE MAIA MENDES
CÍVEL,BELÉM,16ª DEFENSORIA PÚBLICA DE FAMÍLIA,2026-06-16 11:03:19.805062-03:00,0861258-73.2026.8.14.0301,PROCEDIMENTO COMUM CÍVEL (7),RODRIGO VICENTE MAIA MENDES
CÍVEL,BELÉM,16ª DEFENSORIA PÚBLICA DE FAMÍLIA,2026-06-16 12:20:53.203915-03:00,0861326-23.2026.8.14.0301,PROCEDIMENTO COMUM CÍVEL (7),RODRIGO VICENTE MAIA MENDES
CÍVEL,BELÉM,16ª DEFENSORIA PÚBLICA DE FAMÍLIA,2026-06-17 11:31:39.759241-03:00,0861896-09.2026.8.14.0301,AVERIGUAÇÃO DE PATERNIDADE (123),RODRIGO VICENTE MAIA MENDES
CÍVEL,BELÉM,16ª DEFENSORIA PÚBLICA DE FAMÍLIA,2026-06-17 13:56:20.982473-03:00,0861776-63.2026.8.14.0301,ALIMENTOS - LEI ESPECIAL Nº 5.478/68 (69),RODRIGO VICENTE MAIA MENDES
CÍVEL,BELÉM,16ª DEFENSORIA PÚBLICA DE FAMÍLIA,2026-06-17 14:20:57.168385-03:00,0861856-27.2026.8.14.0301,ALIMENTOS - LEI ESPECIAL Nº 5.478/68 (69),RODRIGO VICENTE MAIA MENDES
CÍVEL,BELÉM,16ª DEFENSORIA PÚBLICA DE FAMÍLIA,2026-06-18 09:07:00.766700-03:00,0862023-44.2026.8.14.0301,PROCEDIMENTO COMUM CÍVEL (7),RODRIGO VICENTE MAIA MENDES
CÍVEL,BELÉM,16ª DEFENSORIA PÚBLICA DE FAMÍLIA,2026-06-18 09:23:49.399929-03:00,0862026-96.2026.8.14.0301,DIVÓRCIO CONSENSUAL (12372),RODRIGO VICENTE MAIA MENDES
CÍVEL,BELÉM,16ª DEFENSORIA PÚBLICA DE FAMÍLIA,2026-06-19 14:10:35.550142-03:00,0862649-63.2026.8.14.0301,PROCEDIMENTO COMUM CÍVEL (7),RODRIGO VICENTE MAIA MENDES
CÍVEL,BELÉM,16ª DEFENSORIA PÚBLICA DE FAMÍLIA,2026-06-20 06:47:16.794566-03:00,0862690-30.2026.8.14.0301,INTERDIÇÃO/CURATELA (58),RODRIGO VICENTE MAIA MENDES
CÍVEL,BELÉM,16ª DEFENSORIA PÚBLICA DE FAMÍLIA,2026-07-09 12:31:34.182580-03:00,0868547-57.2026.8.14.0301,CUMPRIMENTO DE SENTENÇA DE OBRIGAÇÃO DE PRESTAR ALIMENTOS,RODRIGO VICENTE MAIA MENDES
CÍVEL,BELÉM,16ª DEFENSORIA PÚBLICA DE FAMÍLIA,2026-07-09 12:49:36.570747-03:00,0868554-49.2026.8.14.0301,PROCEDIMENTO COMUM CÍVEL (7),RODRIGO VICENTE MAIA MENDES
CÍVEL,BELÉM,16ª DEFENSORIA PÚBLICA DE FAMÍLIA,2026-07-10 08:54:43.190698-03:00,0869123-50.2026.8.14.0301,CUMPRIMENTO DE SENTENÇA (156),RODRIGO VICENTE MAIA MENDES
CÍVEL,BELÉM,16ª DEFENSORIA PÚBLICA DE FAMÍLIA,2026-07-15 12:40:28.073292-03:00,0870164-52.2026.8.14.0301,PROCEDIMENTO COMUM CÍVEL (7),RODRIGO VICENTE MAIA MENDES
CÍVEL,BELÉM,16ª DEFENSORIA PÚBLICA DE FAMÍLIA,2026-07-17 11:47:11.605032-03:00,0803462-41.2026.8.14.0070,PROCEDIMENTO COMUM CÍVEL (7),RODRIGO VICENTE MAIA MENDES
CÍVEL,BELÉM,16ª DEFENSORIA PÚBLICA DE FAMÍLIA,2026-07-17 12:13:15.914154-03:00,0871002-92.2026.8.14.0301,ALIMENTOS - LEI ESPECIAL Nº 5.478/68 (69),RODRIGO VICENTE MAIA MENDES
CÍVEL,BELÉM,16ª DEFENSORIA PÚBLICA DE FAMÍLIA,2026-07-17 13:40:21.044356-03:00,0871184-78.2026.8.14.0301,CUMPRIMENTO DE SENTENÇA (156),RODRIGO VICENTE MAIA MENDES
CÍVEL,BELÉM,16ª DEFENSORIA PÚBLICA DE FAMÍLIA,2026-07-20 09:46:13.248447-03:00,0802416-03.2026.8.14.0010,DIVÓRCIO LITIGIOSO (12541),RODRIGO VICENTE MAIA MENDES
CÍVEL,BELÉM,16ª DEFENSORIA PÚBLICA DE FAMÍLIA,2026-07-20 11:12:14.524263-03:00,0871169-12.2026.8.14.0301,ALIMENTOS - LEI ESPECIAL Nº 5.478/68 (69),RODRIGO VICENTE MAIA MENDES
CÍVEL,BELÉM,16ª DEFENSORIA PÚBLICA DE FAMÍLIA,2026-07-21 12:00:31.496013-03:00,0871659-34.2026.8.14.0301,PROCEDIMENTO COMUM CÍVEL (7),RODRIGO VICENTE MAIA MENDES
CÍVEL,BELÉM,16ª DEFENSORIA PÚBLICA DE FAMÍLIA,2026-07-21 12:32:20.640525-03:00,0871684-47.2026.8.14.0301,PROCEDIMENTO COMUM CÍVEL (7),RODRIGO VICENTE MAIA MENDES
CÍVEL,BELÉM,16ª DEFENSORIA PÚBLICA DE FAMÍLIA,2026-07-22 13:24:48.706514-03:00,0872069-92.2026.8.14.0301,PROCEDIMENTO COMUM CÍVEL (7),RODRIGO VICENTE MAIA MENDES
CÍVEL,BELÉM,16ª DEFENSORIA PÚBLICA DE FAMÍLIA,2026-07-23 10:48:15.911798-03:00,0873040-77.2026.8.14.0301,PROCEDIMENTO COMUM CÍVEL (7),RODRIGO VICENTE MAIA MENDES
CÍVEL,BELÉM,16ª DEFENSORIA PÚBLICA DE FAMÍLIA,2026-07-23 11:52:06.066060-03:00,0872364-32.2026.8.14.0301,PROCEDIMENTO COMUM CÍVEL (7),RODRIGO VICENTE MAIA MENDES
CÍVEL,BELÉM,16ª DEFENSORIA PÚBLICA DE FAMÍLIA,2026-07-23 11:58:18.253465-03:00,0873382-88.2026.8.14.0301,EXECUÇÃO DE TÍTULO EXTRAJUDICIAL,RODRIGO VICENTE MAIA MENDES
CÍVEL,BELÉM,16ª DEFENSORIA PÚBLICA DE FAMÍLIA,2026-07-24 10:39:01.302444-03:00,0872684-82.2026.8.14.0301,PROCEDIMENTO COMUM CÍVEL (7),RODRIGO VICENTE MAIA MENDES
CÍVEL,BELÉM,16ª DEFENSORIA PÚBLICA DE FAMÍLIA,2026-07-27 07:54:14.211057-03:00,0873198-35.2026.8.14.0301,PROCEDIMENTO COMUM CÍVEL (7),RODRIGO VICENTE MAIA MENDES
CÍVEL,BELÉM,16ª DEFENSORIA PÚBLICA DE FAMÍLIA,2026-07-27 10:32:44.466491-03:00,0873200-05.2026.8.14.0301,DIVÓRCIO LITIGIOSO (12541),RODRIGO VICENTE MAIA MENDES
CÍVEL,BELÉM,16ª DEFENSORIA PÚBLICA DE FAMÍLIA,2026-07-27 10:33:04.606868-03:00,0873083-14.2026.8.14.0301,SOBREPARTILHA (48),RODRIGO VICENTE MAIA MENDES
CÍVEL,BELÉM,16ª DEFENSORIA PÚBLICA DE FAMÍLIA,2026-07-27 11:27:50.263011-03:00,0873764-81.2026.8.14.0301,PROCEDIMENTO COMUM CÍVEL (7),RODRIGO VICENTE MAIA MENDES
CÍVEL,BELÉM,16ª DEFENSORIA PÚBLICA DE FAMÍLIA,2026-07-27 11:47:52.764727-03:00,0873201-87.2026.8.14.0301,DIVÓRCIO LITIGIOSO (12541),RODRIGO VICENTE MAIA MENDES
CÍVEL,BELÉM,16ª DEFENSORIA PÚBLICA DE FAMÍLIA,2026-07-27 12:44:42.327819-03:00,0873170-67.2026.8.14.0301,PROCEDIMENTO COMUM CÍVEL (7),RODRIGO VICENTE MAIA MENDES
CÍVEL,BELÉM,16ª DEFENSORIA PÚBLICA DE FAMÍLIA,2026-07-28 13:55:25.366100-03:00,0873635-76.2026.8.14.0301,GUARDA DE FAMÍLIA,RODRIGO VICENTE MAIA MENDES
CÍVEL,BELÉM,16ª DEFENSORIA PÚBLICA DE FAMÍLIA,2026-07-29 11:59:27.632670-03:00,0873927-61.2026.8.14.0301,CUMPRIMENTO DE SENTENÇA (156),RODRIGO VICENTE MAIA MENDES
CÍVEL,BELÉM,16ª DEFENSORIA PÚBLICA DE FAMÍLIA,2026-07-30 09:01:50.894172-03:00,0874398-77.2026.8.14.0301,PROCEDIMENTO COMUM CÍVEL (7),RODRIGO VICENTE MAIA MENDES
CÍVEL,BELÉM,16ª DEFENSORIA PÚBLICA DE FAMÍLIA,2026-07-30 10:15:37.768096-03:00,0874399-62.2026.8.14.0301,PROCEDIMENTO COMUM CÍVEL (7),RODRIGO VICENTE MAIA MENDES
CÍVEL,BELÉM,16ª DEFENSORIA PÚBLICA DE FAMÍLIA,2026-07-30 11:49:26.601944-03:00,0874397-92.2026.8.14.0301,PROCEDIMENTO COMUM CÍVEL (7),RODRIGO VICENTE MAIA MENDES
CÍVEL,BELÉM,16ª DEFENSORIA PÚBLICA DE FAMÍLIA,2026-08-03 10:20:01.889060-03:00,0875059-56.2026.8.14.0301,GUARDA DE FAMÍLIA,RODRIGO VICENTE MAIA MENDES
CÍVEL,BELÉM,16ª DEFENSORIA PÚBLICA DE FAMÍLIA,2026-08-03 11:13:58.206905-03:00,0875058-71.2026.8.14.0301,PROCEDIMENTO COMUM CÍVEL (7),RODRIGO VICENTE MAIA MENDES
CÍVEL,BELÉM,16ª DEFENSORIA PÚBLICA DE FAMÍLIA,2026-08-03 13:09:57.998539-03:00,0875071-70.2026.8.14.0301,ALIMENTOS - LEI ESPECIAL Nº 5.478/68 (69),RODRIGO VICENTE MAIA MENDES
CÍVEL,BELÉM,16ª DEFENSORIA PÚBLICA DE FAMÍLIA,2026-08-04 11:39:47.929911-03:00,0875405-07.2026.8.14.0301,PROCEDIMENTO COMUM CÍVEL (7),RODRIGO VICENTE MAIA MENDES
CÍVEL,BELÉM,16ª DEFENSORIA PÚBLICA DE FAMÍLIA,2026-08-04 12:30:19.263585-03:00,0875556-70.2026.8.14.0301,PROCEDIMENTO COMUM CÍVEL (7),RODRIGO VICENTE MAIA MENDES
CÍVEL,BELÉM,16ª DEFENSORIA PÚBLICA DE FAMÍLIA,2026-08-04 13:05:39.951905-03:00,0876086-74.2026.8.14.0301,PROCEDIMENTO COMUM CÍVEL (7),RODRIGO VICENTE MAIA MENDES
CÍVEL,BELÉM,16ª DEFENSORIA PÚBLICA DE FAMÍLIA,2026-08-05 12:37:33.022963-03:00,0875914-35.2026.8.14.0301,CUMPRIMENTO DE SENTENÇA (156),RODRIGO VICENTE MAIA MENDES
CÍVEL,BELÉM,16ª DEFENSORIA PÚBLICA DE FAMÍLIA,2026-08-06 10:57:12.158035-03:00,0876176-82.2026.8.14.0301,DIVÓRCIO LITIGIOSO (12541),RODRIGO VICENTE MAIA MENDES
CÍVEL,BELÉM,16ª DEFENSORIA PÚBLICA DE FAMÍLIA,2026-08-06 11:45:13.434787-03:00,0876174-15.2026.8.14.0301,ALIMENTOS - LEI ESPECIAL Nº 5.478/68 (69),RODRIGO VICENTE MAIA MENDES
CÍVEL,BELÉM,16ª DEFENSORIA PÚBLICA DE FAMÍLIA,2026-08-07 12:25:32.679760-03:00,0876599-42.2026.8.14.0301,GUARDA DE FAMÍLIA,RODRIGO VICENTE MAIA MENDES
CÍVEL,BELÉM,16ª DEFENSORIA PÚBLICA DE FAMÍLIA,2026-08-07 12:29:40.086921-03:00,0876634-02.2026.8.14.0301,ALIMENTOS - LEI ESPECIAL Nº 5.478/68 (69),RODRIGO VICENTE MAIA MENDES
CÍVEL,BELÉM,16ª DEFENSORIA PÚBLICA DE FAMÍLIA,2026-08-07 12:51:47.024756-03:00,0876612-41.2026.8.14.0301,CUMPRIMENTO DE SENTENÇA (156),RODRIGO VICENTE MAIA MENDES
CÍVEL,BELÉM,16ª DEFENSORIA PÚBLICA DE FAMÍLIA,2026-08-08 10:56:39.094512-03:00,0876812-48.2026.8.14.0301,ALIMENTOS - LEI ESPECIAL Nº 5.478/68 (69),RODRIGO VICENTE MAIA MENDES
CÍVEL,BELÉM,16ª DEFENSORIA PÚBLICA DE FAMÍLIA,2026-08-08 11:15:39.858814-03:00,0876823-77.2026.8.14.0301,PROCEDIMENTO COMUM CÍVEL (7),RODRIGO VICENTE MAIA MENDES
CÍVEL,BELÉM,16ª DEFENSORIA PÚBLICA DE FAMÍLIA,2026-08-08 11:28:13.822415-03:00,0876824-62.2026.8.14.0301,PROCEDIMENTO COMUM CÍVEL (7),RODRIGO VICENTE MAIA MENDES
CÍVEL,BELÉM,16ª DEFENSORIA PÚBLICA DE FAMÍLIA,2026-08-08 11:33:40.713136-03:00,0876820-25.2026.8.14.0301,ALIMENTOS - LEI ESPECIAL Nº 5.478/68 (69),RODRIGO VICENTE MAIA MENDES
CÍVEL,BELÉM,16ª DEFENSORIA PÚBLICA DE FAMÍLIA,2026-08-08 12:38:48.124933-03:00,0876842-83.2026.8.14.0301,ALIMENTOS - LEI ESPECIAL Nº 5.478/68 (69),RODRIGO VICENTE MAIA MENDES
CÍVEL,BELÉM,16ª DEFENSORIA PÚBLICA DE FAMÍLIA,2026-08-08 13:32:52.796466-03:00,0876860-07.2026.8.14.0301,ALIMENTOS - LEI ESPECIAL Nº 5.478/68 (69),RODRIGO VICENTE MAIA MENDES
CÍVEL,BELÉM,16ª DEFENSORIA PÚBLICA DE FAMÍLIA,2026-08-08 13:45:48.583502-03:00,0876868-81.2026.8.14.0301,PROCEDIMENTO COMUM CÍVEL (7),RODRIGO VICENTE MAIA MENDES
CÍVEL,BELÉM,16ª DEFENSORIA PÚBLICA DE FAMÍLIA,2026-08-08 14:06:41.942479-03:00,0876871-36.2026.8.14.0301,ALIMENTOS - LEI ESPECIAL Nº 5.478/68 (69),RODRIGO VICENTE MAIA MENDES
CÍVEL,BELÉM,16ª DEFENSORIA PÚBLICA DE FAMÍLIA,2026-08-08 14:19:04.836758-03:00,0876874-88.2026.8.14.0301,ALIMENTOS - LEI ESPECIAL Nº 5.478/68 (69),RODRIGO VICENTE MAIA MENDES
CÍVEL,BELÉM,16ª DEFENSORIA PÚBLICA DE FAMÍLIA,2026-08-08 14:27:53.452645-03:00,0876888-72.2026.8.14.0301,PROCEDIMENTO COMUM CÍVEL (7),RODRIGO VICENTE MAIA MENDES
CÍVEL,BELÉM,16ª DEFENSORIA PÚBLICA DE FAMÍLIA,2026-08-08 14:32:13.600290-03:00,0876885-20.2026.8.14.0301,ALIMENTOS - LEI ESPECIAL Nº 5.478/68 (69),RODRIGO VICENTE MAIA MENDES
CÍVEL,BELÉM,16ª DEFENSORIA PÚBLICA DE FAMÍLIA,2026-08-10 13:43:09.112259-03:00,0877483-71.2026.8.14.0301,PROCEDIMENTO COMUM CÍVEL (7),RODRIGO VICENTE MAIA MENDES
CÍVEL,BELÉM,16ª DEFENSORIA PÚBLICA DE FAMÍLIA,2026-08-11 09:51:36.548331-03:00,0877412-69.2026.8.14.0301,ALIMENTOS - LEI ESPECIAL Nº 5.478/68 (69),RODRIGO VICENTE MAIA MENDES
CÍVEL,BELÉM,16ª DEFENSORIA PÚBLICA DE FAMÍLIA,2026-08-11 09:54:32.881972-03:00,0877482-86.2026.8.14.0301,ALIMENTOS - LEI ESPECIAL Nº 5.478/68 (69),RODRIGO VICENTE MAIA MENDES
CÍVEL,BELÉM,16ª DEFENSORIA PÚBLICA DE FAMÍLIA,2026-08-11 10:17:53.937631-03:00,0877481-04.2026.8.14.0301,CUMPRIMENTO DE SENTENÇA (156),RODRIGO VICENTE MAIA MENDES
CÍVEL,BELÉM,16ª DEFENSORIA PÚBLICA DE FAMÍLIA,2026-08-12 12:57:26.223411-03:00,0878304-75.2026.8.14.0301,PROCEDIMENTO COMUM CÍVEL (7),RODRIGO VICENTE MAIA MENDES
CÍVEL,BELÉM,16ª DEFENSORIA PÚBLICA DE FAMÍLIA,2026-08-12 13:01:43.434206-03:00,0877948-80.2026.8.14.0301,CUMPRIMENTO DE SENTENÇA (156),RODRIGO VICENTE MAIA MENDES
CÍVEL,BELÉM,16ª DEFENSORIA PÚBLICA DE FAMÍLIA,2026-08-13 10:10:33.214609-03:00,0879458-31.2026.8.14.0301,PROCEDIMENTO COMUM CÍVEL (7),RODRIGO VICENTE MAIA MENDES
CÍVEL,BELÉM,16ª DEFENSORIA PÚBLICA DE FAMÍLIA,2026-08-14 11:06:30.279082-03:00,0879459-16.2026.8.14.0301,CUMPRIMENTO DE SENTENÇA (156),RODRIGO VICENTE MAIA MENDES
CÍVEL,BELÉM,16ª DEFENSORIA PÚBLICA DE FAMÍLIA,2026-08-17 09:17:02.192690-03:00,0879457-46.2026.8.14.0301,CUMPRIMENTO DE SENTENÇA (156),RODRIGO VICENTE MAIA MENDES
CÍVEL,BELÉM,16ª DEFENSORIA PÚBLICA DE FAMÍLIA,2026-08-17 10:39:13.829556-03:00,0879168-16.2026.8.14.0301,PROCEDIMENTO COMUM CÍVEL (7),RODRIGO VICENTE MAIA MENDES
CÍVEL,BELÉM,16ª DEFENSORIA PÚBLICA DE FAMÍLIA,2026-08-17 11:55:51.412804-03:00,0879456-61.2026.8.14.0301,PROCEDIMENTO COMUM CÍVEL (7),RODRIGO VICENTE MAIA MENDES
CÍVEL,BELÉM,16ª DEFENSORIA PÚBLICA DE FAMÍLIA,2026-08-17 12:44:41.838004-03:00,0819285-53.2026.8.14.0006,CUMPRIMENTO DE SENTENÇA (156),RODRIGO VICENTE MAIA MENDES
CÍVEL,BELÉM,16ª DEFENSORIA PÚBLICA DE FAMÍLIA,2026-08-18 09:43:26.617211-03:00,0880648-29.2026.8.14.0301,PROCEDIMENTO COMUM CÍVEL (7),RODRIGO VICENTE MAIA MENDES
CÍVEL,BELÉM,16ª DEFENSORIA PÚBLICA DE FAMÍLIA,2026-08-18 09:48:18.676284-03:00,0880665-65.2026.8.14.0301,GUARDA DE FAMÍLIA,RODRIGO VICENTE MAIA MENDES
CÍVEL,BELÉM,16ª DEFENSORIA PÚBLICA DE FAMÍLIA,2026-08-18 10:10:06.434514-03:00,0879706-94.2026.8.14.0301,ALIMENTOS - LEI ESPECIAL Nº 5.478/68 (69),RODRIGO VICENTE MAIA MENDES
CÍVEL,BELÉM,16ª DEFENSORIA PÚBLICA DE FAMÍLIA,2026-08-18 12:14:38.902565-03:00,0879707-79.2026.8.14.0301,ALIMENTOS - LEI ESPECIAL Nº 5.478/68 (69),RODRIGO VICENTE MAIA MENDES
CÍVEL,BELÉM,16ª DEFENSORIA PÚBLICA DE FAMÍLIA,2026-08-19 10:17:23.516108-03:00,0880816-31.2026.8.14.0301,ALIMENTOS - LEI ESPECIAL Nº 5.478/68 (69),RODRIGO VICENTE MAIA MENDES
CÍVEL,BELÉM,16ª DEFENSORIA PÚBLICA DE FAMÍLIA,2026-08-19 11:47:18.766360-03:00,0880240-38.2026.8.14.0301,ALIMENTOS - LEI ESPECIAL Nº 5.478/68 (69),RODRIGO VICENTE MAIA MENDES
CÍVEL,BELÉM,16ª DEFENSORIA PÚBLICA DE FAMÍLIA,2026-08-19 12:55:20.378227-03:00,0880297-56.2026.8.14.0301,ALIMENTOS - LEI ESPECIAL Nº 5.478/68 (69),RODRIGO VICENTE MAIA MENDES
CÍVEL,BELÉM,16ª DEFENSORIA PÚBLICA DE FAMÍLIA,2026-08-20 11:07:09.812862-03:00,0880721-98.2026.8.14.0301,ALIMENTOS - LEI ESPECIAL Nº 5.478/68 (69),RODRIGO VICENTE MAIA MENDES
CÍVEL,BELÉM,16ª DEFENSORIA PÚBLICA DE FAMÍLIA,2026-08-20 12:31:00.425049-03:00,0880845-81.2026.8.14.0301,CUMPRIMENTO DE SENTENÇA (156),RODRIGO VICENTE MAIA MENDES
CÍVEL,BELÉM,16ª DEFENSORIA PÚBLICA DE FAMÍLIA,2026-08-21 09:40:52.073783-03:00,0881421-74.2026.8.14.0301,ALIMENTOS - LEI ESPECIAL Nº 5.478/68 (69),RODRIGO VICENTE MAIA MENDES
CÍVEL,BELÉM,16ª DEFENSORIA PÚBLICA DE FAMÍLIA,2026-08-21 12:04:18.181072-03:00,0881422-59.2026.8.14.0301,PROCEDIMENTO COMUM CÍVEL (7),RODRIGO VICENTE MAIA MENDES
CÍVEL,BELÉM,16ª DEFENSORIA PÚBLICA DE FAMÍLIA,2026-08-24 10:48:08.303721-03:00,0881712-74.2026.8.14.0301,ALIMENTOS - LEI ESPECIAL Nº 5.478/68 (69),RODRIGO VICENTE MAIA MENDES
CÍVEL,BELÉM,16ª DEFENSORIA PÚBLICA DE FAMÍLIA,2026-08-25 10:23:55.907249-03:00,0882149-18.2026.8.14.0301,ALIMENTOS - LEI ESPECIAL Nº 5.478/68 (69),RODRIGO VICENTE MAIA MENDES
CÍVEL,BELÉM,16ª DEFENSORIA PÚBLICA DE FAMÍLIA,2026-08-25 11:44:34.027928-03:00,0882233-19.2026.8.14.0301,PROCEDIMENTO COMUM CÍVEL (7),RODRIGO VICENTE MAIA MENDES
CÍVEL,BELÉM,16ª DEFENSORIA PÚBLICA DE FAMÍLIA,2026-08-27 13:59:19.613727-03:00,0883390-27.2026.8.14.0301,PROCEDIMENTO COMUM CÍVEL (7),RODRIGO VICENTE MAIA MENDES
CÍVEL,BELÉM,16ª DEFENSORIA PÚBLICA DE FAMÍLIA,2026-08-28 09:33:15.368204-03:00,0885701-88.2026.8.14.0301,PROCEDIMENTO COMUM CÍVEL (7),RODRIGO VICENTE MAIA MENDES
CÍVEL,BELÉM,16ª DEFENSORIA PÚBLICA DE FAMÍLIA,2026-08-28 10:08:01.118779-03:00,0883788-71.2026.8.14.0301,PROCEDIMENTO COMUM CÍVEL (7),RODRIGO VICENTE MAIA MENDES
CÍVEL,BELÉM,16ª DEFENSORIA PÚBLICA DE FAMÍLIA,2026-08-28 10:44:36.829610-03:00,0884683-32.2026.8.14.0301,ALIMENTOS - LEI ESPECIAL Nº 5.478/68 (69),RODRIGO VICENTE MAIA MENDES
CÍVEL,BELÉM,16ª DEFENSORIA PÚBLICA DE FAMÍLIA,2026-08-28 10:48:58.455279-03:00,0884682-47.2026.8.14.0301,ALIMENTOS - LEI ESPECIAL Nº 5.478/68 (69),RODRIGO VICENTE MAIA MENDES
CÍVEL,BELÉM,16ª DEFENSORIA PÚBLICA DE FAMÍLIA,2026-08-31 11:33:59.944405-03:00,0884501-46.2026.8.14.0301,CUMPRIMENTO DE SENTENÇA (156),RODRIGO VICENTE MAIA MENDES
CÍVEL,BELÉM,16ª DEFENSORIA PÚBLICA DE FAMÍLIA,2026-08-31 14:04:21.847265-03:00,0884684-17.2026.8.14.0301,ALIMENTOS - LEI ESPECIAL Nº 5.478/68 (69),RODRIGO VICENTE MAIA MENDES
CÍVEL,BELÉM,16ª DEFENSORIA PÚBLICA DE FAMÍLIA,2026-09-01 10:31:54.012176-03:00,0884919-81.2026.8.14.0301,PROCEDIMENTO COMUM CÍVEL (7),RODRIGO VICENTE MAIA MENDES
CÍVEL,BELÉM,16ª DEFENSORIA PÚBLICA DE FAMÍLIA,2026-09-01 11:39:46.217851-03:00,0885010-74.2026.8.14.0301,CUMPRIMENTO DE SENTENÇA (156),RODRIGO VICENTE MAIA MENDES
CÍVEL,BELÉM,16ª DEFENSORIA PÚBLICA DE FAMÍLIA,2026-09-01 14:30:27.757976-03:00,0885512-13.2026.8.14.0301,ALIMENTOS - LEI ESPECIAL Nº 5.478/68 (69),RODRIGO VICENTE MAIA MENDES
CÍVEL,BELÉM,16ª DEFENSORIA PÚBLICA DE FAMÍLIA,2026-09-02 11:11:32.715053-03:00,0885445-48.2026.8.14.0301,ALIMENTOS - LEI ESPECIAL Nº 5.478/68 (69),RODRIGO VICENTE MAIA MENDES
CÍVEL,BELÉM,16ª DEFENSORIA PÚBLICA DE FAMÍLIA,2026-09-02 11:15:09.211043-03:00,0885448-03.2026.8.14.0301,ALIMENTOS - LEI ESPECIAL Nº 5.478/68 (69),RODRIGO VICENTE MAIA MENDES
CÍVEL,BELÉM,16ª DEFENSORIA PÚBLICA DE FAMÍLIA,2026-09-02 11:58:59.310347-03:00,0885511-28.2026.8.14.0301,PROCEDIMENTO COMUM CÍVEL (7),RODRIGO VICENTE MAIA MENDES
CÍVEL,BELÉM,16ª DEFENSORIA PÚBLICA DE FAMÍLIA,2026-09-02 14:06:12.579927-03:00,0885700-06.2026.8.14.0301,PROCEDIMENTO COMUM CÍVEL (7),RODRIGO VICENTE MAIA MENDES
CÍVEL,BELÉM,16ª DEFENSORIA PÚBLICA DE FAMÍLIA,2026-09-03 10:01:56.449536-03:00,0885848-17.2026.8.14.0301,CUMPRIMENTO DE SENTENÇA (156),RODRIGO VICENTE MAIA MENDES
CÍVEL,BELÉM,16ª DEFENSORIA PÚBLICA DE FAMÍLIA,2026-09-04 11:02:25.356647-03:00,0886597-34.2026.8.14.0301,CUMPRIMENTO DE SENTENÇA (156),RODRIGO VICENTE MAIA MENDES
CÍVEL,BELÉM,16ª DEFENSORIA PÚBLICA DE FAMÍLIA,2026-09-04 11:42:49.976346-03:00,0886598-19.2026.8.14.0301,GUARDA DE FAMÍLIA,RODRIGO VICENTE MAIA MENDES
CÍVEL,BELÉM,16ª DEFENSORIA PÚBLICA DE FAMÍLIA,2026-09-04 11:47:40.636025-03:00,0890881-85.2026.8.14.0301,GUARDA DE FAMÍLIA,RODRIGO VICENTE MAIA MENDES
CÍVEL,BELÉM,16ª DEFENSORIA PÚBLICA DE FAMÍLIA,2026-09-04 13:47:02.131276-03:00,0886596-49.2026.8.14.0301,GUARDA DE FAMÍLIA,RODRIGO VICENTE MAIA MENDES
CÍVEL,BELÉM,16ª DEFENSORIA PÚBLICA DE FAMÍLIA,2026-09-08 11:04:16.245986-03:00,0887109-17.2026.8.14.0301,ALIMENTOS - LEI ESPECIAL Nº 5.478/68 (69),RODRIGO VICENTE MAIA MENDES
CÍVEL,BELÉM,16ª DEFENSORIA PÚBLICA DE FAMÍLIA,2026-09-08 11:58:41.431044-03:00,0887126-53.2026.8.14.0301,DIVÓRCIO LITIGIOSO (12541),RODRIGO VICENTE MAIA MENDES
CÍVEL,BELÉM,16ª DEFENSORIA PÚBLICA DE FAMÍLIA,2026-09-09 11:40:47.956262-03:00,0887634-96.2026.8.14.0301,CUMPRIMENTO DE SENTENÇA (156),RODRIGO VICENTE MAIA MENDES
CÍVEL,BELÉM,16ª DEFENSORIA PÚBLICA DE FAMÍLIA,2026-09-09 11:42:35.690446-03:00,0887631-44.2026.8.14.0301,PROCEDIMENTO COMUM CÍVEL (7),RODRIGO VICENTE MAIA MENDES
CÍVEL,BELÉM,16ª DEFENSORIA PÚBLICA DE FAMÍLIA,2026-09-09 13:37:41.604933-03:00,0888771-16.2026.8.14.0301,PROCEDIMENTO COMUM CÍVEL (7),RODRIGO VICENTE MAIA MENDES
CÍVEL,BELÉM,16ª DEFENSORIA PÚBLICA DE FAMÍLIA,2026-09-10 10:00:03.342179-03:00,0888004-75.2026.8.14.0301,DIVÓRCIO LITIGIOSO (12541),RODRIGO VICENTE MAIA MENDES
CÍVEL,BELÉM,16ª DEFENSORIA PÚBLICA DE FAMÍLIA,2026-09-10 12:06:17.568789-03:00,0888922-79.2026.8.14.0301,GUARDA DE FAMÍLIA,RODRIGO VICENTE MAIA MENDES
CÍVEL,BELÉM,16ª DEFENSORIA PÚBLICA DE FAMÍLIA,2026-09-10 14:39:53.511989-03:00,0888770-31.2026.8.14.0301,GUARDA DE FAMÍLIA,RODRIGO VICENTE MAIA MENDES
CÍVEL,BELÉM,16ª DEFENSORIA PÚBLICA DE FAMÍLIA,2026-09-14 10:14:04.002385-03:00,0888991-14.2026.8.14.0301,CUMPRIMENTO DE SENTENÇA (156),RODRIGO VICENTE MAIA MENDES
CÍVEL,BELÉM,16ª DEFENSORIA PÚBLICA DE FAMÍLIA,2026-09-14 10:40:05.256269-03:00,0889009-35.2026.8.14.0301,ALIMENTOS - LEI ESPECIAL Nº 5.478/68 (69),RODRIGO VICENTE MAIA MENDES
CÍVEL,BELÉM,16ª DEFENSORIA PÚBLICA DE FAMÍLIA,2026-09-15 10:45:17.367229-03:00,0889446-76.2026.8.14.0301,PROCEDIMENTO COMUM CÍVEL (7),RODRIGO VICENTE MAIA MENDES
CÍVEL,BELÉM,16ª DEFENSORIA PÚBLICA DE FAMÍLIA,2026-09-16 10:12:40.553846-03:00,0889908-33.2026.8.14.0301,DIVÓRCIO LITIGIOSO (12541),RODRIGO VICENTE MAIA MENDES
CÍVEL,BELÉM,16ª DEFENSORIA PÚBLICA DE FAMÍLIA,2026-09-16 12:47:20.319577-03:00,0890029-61.2026.8.14.0301,ALIMENTOS - LEI ESPECIAL Nº 5.478/68 (69),RODRIGO VICENTE MAIA MENDES
CÍVEL,BELÉM,16ª DEFENSORIA PÚBLICA DE FAMÍLIA,2026-09-17 11:14:19.954585-03:00,0890849-80.2026.8.14.0301,PROCEDIMENTO COMUM CÍVEL (7),RODRIGO VICENTE MAIA MENDES
CÍVEL,BELÉM,16ª DEFENSORIA PÚBLICA DE FAMÍLIA,2026-09-17 11:38:45.479470-03:00,0890848-95.2026.8.14.0301,GUARDA DE FAMÍLIA,RODRIGO VICENTE MAIA MENDES
CÍVEL,BELÉM,16ª DEFENSORIA PÚBLICA DE FAMÍLIA,2026-09-17 11:54:54.054602-03:00,0890851-50.2026.8.14.0301,PROCEDIMENTO COMUM CÍVEL (7),RODRIGO VICENTE MAIA MENDES
CÍVEL,BELÉM,16ª DEFENSORIA PÚBLICA DE FAMÍLIA,2026-09-17 12:32:11.505605-03:00,0890850-65.2026.8.14.0301,ALIMENTOS - LEI ESPECIAL Nº 5.478/68 (69),RODRIGO VICENTE MAIA MENDES
CÍVEL,BELÉM,16ª DEFENSORIA PÚBLICA DE FAMÍLIA,2026-09-21 10:19:09.688308-03:00,0891693-30.2026.8.14.0301,PROCEDIMENTO COMUM CÍVEL (7),RODRIGO VICENTE MAIA MENDES
CÍVEL,BELÉM,16ª DEFENSORIA PÚBLICA DE FAMÍLIA,2026-09-21 11:18:56.564790-03:00,0891574-69.2026.8.14.0301,ALIMENTOS - LEI ESPECIAL Nº 5.478/68 (69),RODRIGO VICENTE MAIA MENDES
CÍVEL,BELÉM,16ª DEFENSORIA PÚBLICA DE FAMÍLIA,2026-09-23 10:48:12.853261-03:00,0892675-44.2026.8.14.0301,PROCEDIMENTO COMUM CÍVEL (7),RODRIGO VICENTE MAIA MENDES
CÍVEL,BELÉM,17ª DEFENSORIA PÚBLICA DE FAMÍLIA,2026-06-03 15:05:08.029441-03:00,0857987-56.2026.8.14.0301,CUMPRIMENTO DE SENTENÇA DE OBRIGAÇÃO DE PRESTAR ALIMENTOS,LUIZ HELENO SANTOS DO VALE
CÍVEL,BELÉM,17ª DEFENSORIA PÚBLICA DE FAMÍLIA,2026-06-03 15:07:53.784802-03:00,0857989-26.2026.8.14.0301,CUMPRIMENTO DE SENTENÇA DE OBRIGAÇÃO DE PRESTAR ALIMENTOS,LUIZ HELENO SANTOS DO VALE
CÍVEL,BELÉM,17ª DEFENSORIA PÚBLICA DE FAMÍLIA,2026-06-04 11:57:31.302904-03:00,0858160-80.2026.8.14.0301,TUTELA CÍVEL,LUIZ HELENO SANTOS DO VALE
CÍVEL,BELÉM,17ª DEFENSORIA PÚBLICA DE FAMÍLIA,2026-06-04 12:39:07.942367-03:00,0858165-05.2026.8.14.0301,PROCEDIMENTO DO JUIZADO ESPECIAL CÍVEL (436),LUIZ HELENO SANTOS DO VALE
CÍVEL,BELÉM,17ª DEFENSORIA PÚBLICA DE FAMÍLIA,2026-06-05 16:47:53.728628-03:00,0858347-88.2026.8.14.0301,PROCEDIMENTO DO JUIZADO ESPECIAL DA FAZENDA PÚBLICA,LUIZ HELENO SANTOS DO VALE
CÍVEL,BELÉM,17ª DEFENSORIA PÚBLICA DE FAMÍLIA,2026-08-08 10:27:04.302517-03:00,0876803-86.2026.8.14.0301,ALIMENTOS - LEI ESPECIAL Nº 5.478/68 (69),LUIZ HELENO SANTOS DO VALE
CÍVEL,BELÉM,17ª DEFENSORIA PÚBLICA DE FAMÍLIA,2026-08-08 11:06:29.699451-03:00,0876813-33.2026.8.14.0301,ALIMENTOS - LEI ESPECIAL Nº 5.478/68 (69),LUIZ HELENO SANTOS DO VALE
CÍVEL,BELÉM,17ª DEFENSORIA PÚBLICA DE FAMÍLIA,2026-08-08 11:44:59.770763-03:00,0878163-56.2026.8.14.0301,ALIMENTOS - LEI ESPECIAL Nº 5.478/68 (69),LUIZ HELENO SANTOS DO VALE
CÍVEL,BELÉM,17ª DEFENSORIA PÚBLICA DE FAMÍLIA,2026-08-08 12:30:01.084673-03:00,0876859-22.2026.8.14.0301,ALIMENTOS - LEI ESPECIAL Nº 5.478/68 (69),LUIZ HELENO SANTOS DO VALE
CÍVEL,BELÉM,17ª DEFENSORIA PÚBLICA DE FAMÍLIA,2026-08-08 13:10:50.618108-03:00,0876861-89.2026.8.14.0301,ALIMENTOS - LEI ESPECIAL Nº 5.478/68 (69),LUIZ HELENO SANTOS DO VALE
CÍVEL,BELÉM,17ª DEFENSORIA PÚBLICA DE FAMÍLIA,2026-08-13 07:52:43.334664-03:00,0878160-04.2026.8.14.0301,ALIMENTOS - LEI ESPECIAL Nº 5.478/68 (69),LUIZ HELENO SANTOS DO VALE
CÍVEL,BELÉM,17ª DEFENSORIA PÚBLICA DE FAMÍLIA,2026-08-13 13:48:05.342340-03:00,0878361-93.2026.8.14.0301,ALIMENTOS - LEI ESPECIAL Nº 5.478/68 (69),LUIZ HELENO SANTOS DO VALE
CÍVEL,BELÉM,17ª DEFENSORIA PÚBLICA DE FAMÍLIA,2026-08-14 12:18:06.193724-03:00,0878773-24.2026.8.14.0301,ALIMENTOS - LEI ESPECIAL Nº 5.478/68 (69),LUIZ HELENO SANTOS DO VALE
CÍVEL,BELÉM,17ª DEFENSORIA PÚBLICA DE FAMÍLIA,2026-08-14 12:38:28.658761-03:00,0878784-53.2026.8.14.0301,PROCEDIMENTO COMUM CÍVEL (7),LUIZ HELENO SANTOS DO VALE
CÍVEL,BELÉM,17ª DEFENSORIA PÚBLICA DE FAMÍLIA,2026-08-14 12:46:58.325875-03:00,0878788-90.2026.8.14.0301,HOMOLOGAÇÃO DA TRANSAÇÃO EXTRAJUDICIAL (12374),LUIZ HELENO SANTOS DO VALE
CÍVEL,BELÉM,17ª DEFENSORIA PÚBLICA DE FAMÍLIA,2026-08-17 11:39:30.535553-03:00,0880823-23.2026.8.14.0301,CUMPRIMENTO DE SENTENÇA (156),LUIZ HELENO SANTOS DO VALE
CÍVEL,BELÉM,17ª DEFENSORIA PÚBLICA DE FAMÍLIA,2026-08-17 11:57:02.215754-03:00,0881314-30.2026.8.14.0301,CUMPRIMENTO DE SENTENÇA (156),LUIZ HELENO SANTOS DO VALE
CÍVEL,BELÉM,17ª DEFENSORIA PÚBLICA DE FAMÍLIA,2026-09-09 11:26:42.148417-03:00,0887661-79.2026.8.14.0301,CUMPRIMENTO DE SENTENÇA DE OBRIGAÇÃO DE PRESTAR ALIMENTOS,LUIZ HELENO SANTOS DO VALE
CÍVEL,BELÉM,17ª DEFENSORIA PÚBLICA DE FAMÍLIA,2026-09-16 09:45:14.044579-03:00,0889931-76.2026.8.14.0301,CUMPRIMENTO DE SENTENÇA (156),LUIZ HELENO SANTOS DO VALE
CÍVEL,BELÉM,17ª DEFENSORIA PÚBLICA DE FAMÍLIA,2026-09-17 13:39:07.684121-03:00,0890868-86.2026.8.14.0301,CUMPRIMENTO DE SENTENÇA (156),LUIZ HELENO SANTOS DO VALE
CÍVEL,BELÉM,18ª DEFENSORIA PÚBLICA DE FAMÍLIA,2026-01-12 12:45:28.975137-03:00,0801542-18.2026.8.14.0301,DIVÓRCIO LITIGIOSO (12541),ANA ALICE NEVES CALDAS FIGUEIREDO
CÍVEL,BELÉM,18ª DEFENSORIA PÚBLICA DE FAMÍLIA,2026-01-13 18:39:00.575677-03:00,0802131-10.2026.8.14.0301,PROCEDIMENTO COMUM CÍVEL (7),ANA ALICE NEVES CALDAS FIGUEIREDO
CÍVEL,BELÉM,18ª DEFENSORIA PÚBLICA DE FAMÍLIA,2026-01-14 11:32:57.830601-03:00,0832029-68.2026.8.14.0301,DIVÓRCIO LITIGIOSO (12541),ANA ALICE NEVES CALDAS FIGUEIREDO
CÍVEL,BELÉM,18ª DEFENSORIA PÚBLICA DE FAMÍLIA,2026-01-15 12:17:22.919069-03:00,0853996-72.2026.8.14.0301,PROCEDIMENTO COMUM CÍVEL (7),ANA ALICE NEVES CALDAS FIGUEIREDO
CÍVEL,BELÉM,18ª DEFENSORIA PÚBLICA DE FAMÍLIA,2026-01-16 10:28:54.907775-03:00,0854002-79.2026.8.14.0301,ALIMENTOS - LEI ESPECIAL Nº 5.478/68 (69),ANA ALICE NEVES CALDAS FIGUEIREDO
CÍVEL,BELÉM,18ª DEFENSORIA PÚBLICA DE FAMÍLIA,2026-01-16 11:56:57.267136-03:00,0854967-57.2026.8.14.0301,PROCEDIMENTO COMUM CÍVEL (7),ANA ALICE NEVES CALDAS FIGUEIREDO
CÍVEL,BELÉM,18ª DEFENSORIA PÚBLICA DE FAMÍLIA,2026-01-20 08:51:42.570411-03:00,0843044-34.2026.8.14.0301,PROCEDIMENTO COMUM CÍVEL (7),ANA ALICE NEVES CALDAS FIGUEIREDO
CÍVEL,BELÉM,18ª DEFENSORIA PÚBLICA DE FAMÍLIA,2026-01-20 10:38:39.665632-03:00,0855923-73.2026.8.14.0301,ALIMENTOS - LEI ESPECIAL Nº 5.478/68 (69),ANA ALICE NEVES CALDAS FIGUEIREDO
CÍVEL,BELÉM,18ª DEFENSORIA PÚBLICA DE FAMÍLIA,2026-01-20 11:25:13.090090-03:00,0857047-91.2026.8.14.0301,PROCEDIMENTO COMUM CÍVEL (7),ANA ALICE NEVES CALDAS FIGUEIREDO
CÍVEL,BELÉM,18ª DEFENSORIA PÚBLICA DE FAMÍLIA,2026-01-21 10:50:17.206616-03:00,0855491-54.2026.8.14.0301,ALIMENTOS - LEI ESPECIAL Nº 5.478/68 (69),ANA ALICE NEVES CALDAS FIGUEIREDO
CÍVEL,BELÉM,18ª DEFENSORIA PÚBLICA DE FAMÍLIA,2026-01-21 11:03:53.465722-03:00,0804345-71.2026.8.14.0301,DIVÓRCIO LITIGIOSO (12541),ANA ALICE NEVES CALDAS FIGUEIREDO
CÍVEL,BELÉM,18ª DEFENSORIA PÚBLICA DE FAMÍLIA,2026-01-23 10:23:00.845465-03:00,0858354-80.2026.8.14.0301,ALIMENTOS - LEI ESPECIAL Nº 5.478/68 (69),ANA ALICE NEVES CALDAS FIGUEIREDO
CÍVEL,BELÉM,18ª DEFENSORIA PÚBLICA DE FAMÍLIA,2026-01-23 11:44:19.984582-03:00,0854476-50.2026.8.14.0301,ALIMENTOS - LEI ESPECIAL Nº 5.478/68 (69),ANA ALICE NEVES CALDAS FIGUEIREDO
CÍVEL,BELÉM,18ª DEFENSORIA PÚBLICA DE FAMÍLIA,2026-01-23 12:31:44.515170-03:00,0858460-42.2026.8.14.0301,PROCEDIMENTO COMUM CÍVEL (7),ANA ALICE NEVES CALDAS FIGUEIREDO
CÍVEL,BELÉM,18ª DEFENSORIA PÚBLICA DE FAMÍLIA,2026-01-23 18:10:42.888305-03:00,0805394-50.2026.8.14.0301,PROCEDIMENTO COMUM CÍVEL (7),ANA ALICE NEVES CALDAS FIGUEIREDO
CÍVEL,BELÉM,18ª DEFENSORIA PÚBLICA DE FAMÍLIA,2026-01-26 10:11:34.736657-03:00,0858558-27.2026.8.14.0301,PROCEDIMENTO COMUM CÍVEL (7),ANA ALICE NEVES CALDAS FIGUEIREDO
CÍVEL,BELÉM,18ª DEFENSORIA PÚBLICA DE FAMÍLIA,2026-01-26 11:03:06.398979-03:00,0858371-19.2026.8.14.0301,ALIMENTOS - LEI ESPECIAL Nº 5.478/68 (69),ANA ALICE NEVES CALDAS FIGUEIREDO
CÍVEL,BELÉM,18ª DEFENSORIA PÚBLICA DE FAMÍLIA,2026-01-28 12:26:53.653015-03:00,0861113-17.2026.8.14.0301,ALIMENTOS - LEI ESPECIAL Nº 5.478/68 (69),ANA ALICE NEVES CALDAS FIGUEIREDO
CÍVEL,BELÉM,18ª DEFENSORIA PÚBLICA DE FAMÍLIA,2026-01-29 10:05:17.542463-03:00,0806626-97.2026.8.14.0301,CUMPRIMENTO DE SENTENÇA (156),ANA ALICE NEVES CALDAS FIGUEIREDO
CÍVEL,BELÉM,18ª DEFENSORIA PÚBLICA DE FAMÍLIA,2026-01-29 10:09:47.299428-03:00,0863239-40.2026.8.14.0301,PROCEDIMENTO COMUM CÍVEL (7),ANA ALICE NEVES CALDAS FIGUEIREDO
CÍVEL,BELÉM,18ª DEFENSORIA PÚBLICA DE FAMÍLIA,2026-01-29 20:17:25.087214-03:00,0806914-45.2026.8.14.0301,PROCEDIMENTO COMUM CÍVEL (7),ANA ALICE NEVES CALDAS FIGUEIREDO
CÍVEL,BELÉM,18ª DEFENSORIA PÚBLICA DE FAMÍLIA,2026-02-02 10:30:11.020920-03:00,0842514-30.2026.8.14.0301,PROCEDIMENTO COMUM CÍVEL (7),ANA ALICE NEVES CALDAS FIGUEIREDO
CÍVEL,BELÉM,18ª DEFENSORIA PÚBLICA DE FAMÍLIA,2026-02-05 09:27:05.905405-03:00,0864540-22.2026.8.14.0301,PROCEDIMENTO COMUM CÍVEL (7),ANA ALICE NEVES CALDAS FIGUEIREDO
CÍVEL,BELÉM,18ª DEFENSORIA PÚBLICA DE FAMÍLIA,2026-02-05 11:39:33.627549-03:00,0868367-41.2026.8.14.0301,PROCEDIMENTO COMUM CÍVEL (7),ANA ALICE NEVES CALDAS FIGUEIREDO
CÍVEL,BELÉM,18ª DEFENSORIA PÚBLICA DE FAMÍLIA,2026-02-06 18:17:55.666077-03:00,0818238-32.2026.8.14.0301,ALIMENTOS - LEI ESPECIAL Nº 5.478/68 (69),ANA ALICE NEVES CALDAS FIGUEIREDO
CÍVEL,BELÉM,18ª DEFENSORIA PÚBLICA DE FAMÍLIA,2026-02-09 10:50:25.872398-03:00,0818531-02.2026.8.14.0301,ALIMENTOS - LEI ESPECIAL Nº 5.478/68 (69),ANA ALICE NEVES CALDAS FIGUEIREDO
CÍVEL,BELÉM,18ª DEFENSORIA PÚBLICA DE FAMÍLIA,2026-02-09 10:57:06.508779-03:00,0869543-55.2026.8.14.0301,PROCEDIMENTO COMUM CÍVEL (7),ANA ALICE NEVES CALDAS FIGUEIREDO
CÍVEL,BELÉM,18ª DEFENSORIA PÚBLICA DE FAMÍLIA,2026-02-09 12:32:07.063768-03:00,0818682-65.2026.8.14.0301,CUMPRIMENTO PROVISÓRIO DE DECISÃO (10980),ANA ALICE NEVES CALDAS FIGUEIREDO
CÍVEL,BELÉM,18ª DEFENSORIA PÚBLICA DE FAMÍLIA,2026-02-10 10:34:20.048185-03:00,0868376-03.2026.8.14.0301,DIVÓRCIO LITIGIOSO (12541),ANA ALICE NEVES CALDAS FIGUEIREDO
CÍVEL,BELÉM,18ª DEFENSORIA PÚBLICA DE FAMÍLIA,2026-02-11 09:19:59.689952-03:00,0869126-05.2026.8.14.0301,PROCEDIMENTO COMUM CÍVEL (7),ANA ALICE NEVES CALDAS FIGUEIREDO
CÍVEL,BELÉM,18ª DEFENSORIA PÚBLICA DE FAMÍLIA,2026-02-11 14:03:24.128941-03:00,0820154-04.2026.8.14.0301,ALIMENTOS - LEI ESPECIAL Nº 5.478/68 (69),ANA ALICE NEVES CALDAS FIGUEIREDO
CÍVEL,BELÉM,18ª DEFENSORIA PÚBLICA DE FAMÍLIA,2026-02-12 16:44:16.800123-03:00,0820749-03.2026.8.14.0301,CUMPRIMENTO DE SENTENÇA (156),ANA ALICE NEVES CALDAS FIGUEIREDO
CÍVEL,BELÉM,18ª DEFENSORIA PÚBLICA DE FAMÍLIA,2026-02-21 22:57:29.901335-03:00,0822681-26.2026.8.14.0301,DIVÓRCIO LITIGIOSO (12541),ANA ALICE NEVES CALDAS FIGUEIREDO
CÍVEL,BELÉM,18ª DEFENSORIA PÚBLICA DE FAMÍLIA,2026-02-24 10:52:09.610598-03:00,0823578-54.2026.8.14.0301,DIVÓRCIO LITIGIOSO (12541),ANA ALICE NEVES CALDAS FIGUEIREDO
CÍVEL,BELÉM,18ª DEFENSORIA PÚBLICA DE FAMÍLIA,2026-02-24 11:08:51.474859-03:00,0823291-91.2026.8.14.0301,PROCEDIMENTO COMUM CÍVEL (7),ANA ALICE NEVES CALDAS FIGUEIREDO
CÍVEL,BELÉM,18ª DEFENSORIA PÚBLICA DE FAMÍLIA,2026-02-24 15:12:01.993225-03:00,0823446-94.2026.8.14.0301,DIVÓRCIO LITIGIOSO (12541),ANA ALICE NEVES CALDAS FIGUEIREDO
CÍVEL,BELÉM,18ª DEFENSORIA PÚBLICA DE FAMÍLIA,2026-02-26 11:10:30.096780-03:00,0824269-68.2026.8.14.0301,DIVÓRCIO LITIGIOSO (12541),ANA ALICE NEVES CALDAS FIGUEIREDO
CÍVEL,BELÉM,18ª DEFENSORIA PÚBLICA DE FAMÍLIA,2026-02-28 18:26:40.605973-03:00,0825131-39.2026.8.14.0301,PROCEDIMENTO COMUM CÍVEL (7),ANA ALICE NEVES CALDAS FIGUEIREDO
CÍVEL,BELÉM,18ª DEFENSORIA PÚBLICA DE FAMÍLIA,2026-03-03 11:29:20.423959-03:00,0869697-73.2026.8.14.0301,ALIMENTOS - LEI ESPECIAL Nº 5.478/68 (69),ANA ALICE NEVES CALDAS FIGUEIREDO
CÍVEL,BELÉM,18ª DEFENSORIA PÚBLICA DE FAMÍLIA,2026-03-03 11:59:02.665707-03:00,0825681-34.2026.8.14.0301,CUMPRIMENTO DE SENTENÇA (156),ANA ALICE NEVES CALDAS FIGUEIREDO
CÍVEL,BELÉM,18ª DEFENSORIA PÚBLICA DE FAMÍLIA,2026-03-03 12:09:17.576512-03:00,0825690-93.2026.8.14.0301,CUMPRIMENTO DE SENTENÇA (156),ANA ALICE NEVES CALDAS FIGUEIREDO
CÍVEL,BELÉM,18ª DEFENSORIA PÚBLICA DE FAMÍLIA,2026-03-03 17:04:01.564405-03:00,0825853-73.2026.8.14.0301,CUMPRIMENTO DE SENTENÇA (156),ANA ALICE NEVES CALDAS FIGUEIREDO
CÍVEL,BELÉM,18ª DEFENSORIA PÚBLICA DE FAMÍLIA,2026-03-05 20:15:11.870517-03:00,0826698-08.2026.8.14.0301,PROCEDIMENTO COMUM CÍVEL (7),ANA ALICE NEVES CALDAS FIGUEIREDO
CÍVEL,BELÉM,18ª DEFENSORIA PÚBLICA DE FAMÍLIA,2026-03-08 19:08:52.490714-03:00,0827133-79.2026.8.14.0301,CUMPRIMENTO DE SENTENÇA (156),ANA ALICE NEVES CALDAS FIGUEIREDO
CÍVEL,BELÉM,18ª DEFENSORIA PÚBLICA DE FAMÍLIA,2026-03-11 10:31:27.746615-03:00,0828405-11.2026.8.14.0301,ALIMENTOS - LEI ESPECIAL Nº 5.478/68 (69),ANA ALICE NEVES CALDAS FIGUEIREDO
CÍVEL,BELÉM,18ª DEFENSORIA PÚBLICA DE FAMÍLIA,2026-03-12 15:43:59.408216-03:00,0828999-25.2026.8.14.0301,ALIMENTOS - LEI ESPECIAL Nº 5.478/68 (69),ANA ALICE NEVES CALDAS FIGUEIREDO
CÍVEL,BELÉM,18ª DEFENSORIA PÚBLICA DE FAMÍLIA,2026-03-12 20:47:58.685291-03:00,0829132-67.2026.8.14.0301,ALIMENTOS - LEI ESPECIAL Nº 5.478/68 (69),ANA ALICE NEVES CALDAS FIGUEIREDO
CÍVEL,BELÉM,18ª DEFENSORIA PÚBLICA DE FAMÍLIA,2026-03-12 21:13:47.904174-03:00,0801134-41.2026.8.14.0070,ALIMENTOS - LEI ESPECIAL Nº 5.478/68 (69),ANA ALICE NEVES CALDAS FIGUEIREDO
CÍVEL,BELÉM,18ª DEFENSORIA PÚBLICA DE FAMÍLIA,2026-03-16 18:57:42.592244-03:00,0830069-77.2026.8.14.0301,CUMPRIMENTO DE SENTENÇA (156),ANA ALICE NEVES CALDAS FIGUEIREDO
CÍVEL,BELÉM,18ª DEFENSORIA PÚBLICA DE FAMÍLIA,2026-03-16 19:38:38.999392-03:00,0830080-09.2026.8.14.0301,CUMPRIMENTO DE SENTENÇA (156),ANA ALICE NEVES CALDAS FIGUEIREDO
CÍVEL,BELÉM,18ª DEFENSORIA PÚBLICA DE FAMÍLIA,2026-03-17 10:08:43.776524-03:00,0830428-27.2026.8.14.0301,CUMPRIMENTO DE SENTENÇA (156),ANA ALICE NEVES CALDAS FIGUEIREDO
CÍVEL,BELÉM,18ª DEFENSORIA PÚBLICA DE FAMÍLIA,2026-03-18 21:55:49.576411-03:00,0830856-09.2026.8.14.0301,PROCEDIMENTO COMUM CÍVEL (7),ANA ALICE NEVES CALDAS FIGUEIREDO
CÍVEL,BELÉM,18ª DEFENSORIA PÚBLICA DE FAMÍLIA,2026-03-23 10:28:08.160771-03:00,0844653-52.2026.8.14.0301,ALIMENTOS - LEI ESPECIAL Nº 5.478/68 (69),ANA ALICE NEVES CALDAS FIGUEIREDO
CÍVEL,BELÉM,18ª DEFENSORIA PÚBLICA DE FAMÍLIA,2026-03-27 10:35:51.198299-03:00,0854668-80.2026.8.14.0301,ALIMENTOS - LEI ESPECIAL Nº 5.478/68 (69),ANA ALICE NEVES CALDAS FIGUEIREDO
CÍVEL,BELÉM,18ª DEFENSORIA PÚBLICA DE FAMÍLIA,2026-03-28 09:25:55.691862-03:00,0833861-39.2026.8.14.0301,PROCEDIMENTO COMUM CÍVEL (7),ANA ALICE NEVES CALDAS FIGUEIREDO
CÍVEL,BELÉM,18ª DEFENSORIA PÚBLICA DE FAMÍLIA,2026-03-30 09:45:32.256450-03:00,0834035-48.2026.8.14.0301,ALIMENTOS - LEI ESPECIAL Nº 5.478/68 (69),ANA ALICE NEVES CALDAS FIGUEIREDO
CÍVEL,BELÉM,18ª DEFENSORIA PÚBLICA DE FAMÍLIA,2026-03-31 18:22:03.960441-03:00,0834910-18.2026.8.14.0301,ALIMENTOS - LEI ESPECIAL Nº 5.478/68 (69),ANA ALICE NEVES CALDAS FIGUEIREDO
CÍVEL,BELÉM,18ª DEFENSORIA PÚBLICA DE FAMÍLIA,2026-04-06 12:09:51.409404-03:00,0836835-49.2026.8.14.0301,CUMPRIMENTO DE SENTENÇA (156),ANA ALICE NEVES CALDAS FIGUEIREDO
CÍVEL,BELÉM,18ª DEFENSORIA PÚBLICA DE FAMÍLIA,2026-04-07 16:48:30.021090-03:00,0839273-48.2026.8.14.0301,DIVÓRCIO CONSENSUAL (12372),ANA ALICE NEVES CALDAS FIGUEIREDO
CÍVEL,BELÉM,18ª DEFENSORIA PÚBLICA DE FAMÍLIA,2026-04-07 19:55:44.866504-03:00,0839366-11.2026.8.14.0301,CUMPRIMENTO DE SENTENÇA (156),ANA ALICE NEVES CALDAS FIGUEIREDO
CÍVEL,BELÉM,18ª DEFENSORIA PÚBLICA DE FAMÍLIA,2026-04-08 10:27:36.908372-03:00,0839501-23.2026.8.14.0301,ALIMENTOS - LEI ESPECIAL Nº 5.478/68 (69),ANA ALICE NEVES CALDAS FIGUEIREDO
CÍVEL,BELÉM,18ª DEFENSORIA PÚBLICA DE FAMÍLIA,2026-04-08 21:24:17.535309-03:00,0840095-37.2026.8.14.0301,PROCEDIMENTO COMUM CÍVEL (7),ANA ALICE NEVES CALDAS FIGUEIREDO
CÍVEL,BELÉM,18ª DEFENSORIA PÚBLICA DE FAMÍLIA,2026-04-09 17:05:24.260435-03:00,0840438-33.2026.8.14.0301,DIVÓRCIO LITIGIOSO (12541),ANA ALICE NEVES CALDAS FIGUEIREDO
CÍVEL,BELÉM,18ª DEFENSORIA PÚBLICA DE FAMÍLIA,2026-04-10 12:52:59.972275-03:00,0840729-33.2026.8.14.0301,DIVÓRCIO LITIGIOSO (12541),ANA ALICE NEVES CALDAS FIGUEIREDO
CÍVEL,BELÉM,18ª DEFENSORIA PÚBLICA DE FAMÍLIA,2026-04-13 18:12:13.419695-03:00,0841411-85.2026.8.14.0301,CUMPRIMENTO PROVISÓRIO DE DECISÃO (10980),ANA ALICE NEVES CALDAS FIGUEIREDO
CÍVEL,BELÉM,18ª DEFENSORIA PÚBLICA DE FAMÍLIA,2026-04-13 19:29:14.005684-03:00,0841436-98.2026.8.14.0301,CUMPRIMENTO PROVISÓRIO DE DECISÃO (10980),ANA ALICE NEVES CALDAS FIGUEIREDO
CÍVEL,BELÉM,18ª DEFENSORIA PÚBLICA DE FAMÍLIA,2026-04-14 09:55:50.864407-03:00,0841588-49.2026.8.14.0301,DIVÓRCIO LITIGIOSO (12541),ANA ALICE NEVES CALDAS FIGUEIREDO
CÍVEL,BELÉM,18ª DEFENSORIA PÚBLICA DE FAMÍLIA,2026-04-14 16:56:46.137347-03:00,0841923-68.2026.8.14.0301,PROCEDIMENTO COMUM CÍVEL (7),ANA ALICE NEVES CALDAS FIGUEIREDO
CÍVEL,BELÉM,18ª DEFENSORIA PÚBLICA DE FAMÍLIA,2026-04-15 10:36:15.584053-03:00,0861129-68.2026.8.14.0301,PROCEDIMENTO COMUM CÍVEL (7),ANA ALICE NEVES CALDAS FIGUEIREDO
CÍVEL,BELÉM,18ª DEFENSORIA PÚBLICA DE FAMÍLIA,2026-04-15 12:01:19.500608-03:00,0842185-18.2026.8.14.0301,CUMPRIMENTO DE SENTENÇA (156),ANA ALICE NEVES CALDAS FIGUEIREDO
CÍVEL,BELÉM,18ª DEFENSORIA PÚBLICA DE FAMÍLIA,2026-04-16 10:20:06.765558-03:00,0842670-18.2026.8.14.0301,DIVÓRCIO LITIGIOSO (12541),ANA ALICE NEVES CALDAS FIGUEIREDO
CÍVEL,BELÉM,18ª DEFENSORIA PÚBLICA DE FAMÍLIA,2026-04-17 12:04:16.263702-03:00,0854938-07.2026.8.14.0301,PROCEDIMENTO COMUM CÍVEL (7),ANA ALICE NEVES CALDAS FIGUEIREDO
CÍVEL,BELÉM,18ª DEFENSORIA PÚBLICA DE FAMÍLIA,2026-04-25 22:00:40.748070-03:00,0845557-72.2026.8.14.0301,DIVÓRCIO LITIGIOSO (12541),ANA ALICE NEVES CALDAS FIGUEIREDO
CÍVEL,BELÉM,18ª DEFENSORIA PÚBLICA DE FAMÍLIA,2026-04-27 10:57:56.158296-03:00,0845713-60.2026.8.14.0301,DIVÓRCIO LITIGIOSO (12541),ANA ALICE NEVES CALDAS FIGUEIREDO
CÍVEL,BELÉM,18ª DEFENSORIA PÚBLICA DE FAMÍLIA,2026-04-27 20:42:13.281014-03:00,0846073-92.2026.8.14.0301,ALIMENTOS - LEI ESPECIAL Nº 5.478/68 (69),ANA ALICE NEVES CALDAS FIGUEIREDO
CÍVEL,BELÉM,18ª DEFENSORIA PÚBLICA DE FAMÍLIA,2026-04-27 21:13:37.877943-03:00,0846077-32.2026.8.14.0301,DIVÓRCIO LITIGIOSO (12541),ANA ALICE NEVES CALDAS FIGUEIREDO
CÍVEL,BELÉM,18ª DEFENSORIA PÚBLICA DE FAMÍLIA,2026-04-28 08:53:14.820171-03:00,0860718-25.2026.8.14.0301,PROCEDIMENTO COMUM CÍVEL (7),ANA ALICE NEVES CALDAS FIGUEIREDO
CÍVEL,BELÉM,18ª DEFENSORIA PÚBLICA DE FAMÍLIA,2026-04-28 10:55:07.806614-03:00,0883808-62.2026.8.14.0301,PROCEDIMENTO COMUM CÍVEL (7),ANA ALICE NEVES CALDAS FIGUEIREDO
CÍVEL,BELÉM,18ª DEFENSORIA PÚBLICA DE FAMÍLIA,2026-04-29 11:54:54.093133-03:00,0853524-71.2026.8.14.0301,PROCEDIMENTO COMUM CÍVEL (7),ANA ALICE NEVES CALDAS FIGUEIREDO
CÍVEL,BELÉM,18ª DEFENSORIA PÚBLICA DE FAMÍLIA,2026-04-29 12:02:44.350238-03:00,0855488-02.2026.8.14.0301,ALIMENTOS - LEI ESPECIAL Nº 5.478/68 (69),ANA ALICE NEVES CALDAS FIGUEIREDO
CÍVEL,BELÉM,18ª DEFENSORIA PÚBLICA DE FAMÍLIA,2026-05-04 09:28:52.418370-03:00,0847848-45.2026.8.14.0301,DIVÓRCIO LITIGIOSO (12541),ANA ALICE NEVES CALDAS FIGUEIREDO
CÍVEL,BELÉM,18ª DEFENSORIA PÚBLICA DE FAMÍLIA,2026-05-05 11:15:06.758569-03:00,0854959-80.2026.8.14.0301,PROCEDIMENTO COMUM CÍVEL (7),ANA ALICE NEVES CALDAS FIGUEIREDO
CÍVEL,BELÉM,18ª DEFENSORIA PÚBLICA DE FAMÍLIA,2026-05-05 11:19:37.361459-03:00,0854673-05.2026.8.14.0301,PROCEDIMENTO COMUM CÍVEL (7),ANA ALICE NEVES CALDAS FIGUEIREDO
CÍVEL,BELÉM,18ª DEFENSORIA PÚBLICA DE FAMÍLIA,2026-05-05 11:32:22.516341-03:00,0854671-35.2026.8.14.0301,PROCEDIMENTO COMUM CÍVEL (7),ANA ALICE NEVES CALDAS FIGUEIREDO
CÍVEL,BELÉM,18ª DEFENSORIA PÚBLICA DE FAMÍLIA,2026-05-05 11:40:16.131733-03:00,0854488-64.2026.8.14.0301,DIVÓRCIO LITIGIOSO (12541),ANA ALICE NEVES CALDAS FIGUEIREDO
CÍVEL,BELÉM,18ª DEFENSORIA PÚBLICA DE FAMÍLIA,2026-05-05 11:56:31.157621-03:00,0848502-32.2026.8.14.0301,DIVÓRCIO LITIGIOSO (12541),ANA ALICE NEVES CALDAS FIGUEIREDO
CÍVEL,BELÉM,18ª DEFENSORIA PÚBLICA DE FAMÍLIA,2026-05-05 12:01:54.349923-03:00,0854492-04.2026.8.14.0301,ALIMENTOS - LEI ESPECIAL Nº 5.478/68 (69),ANA ALICE NEVES CALDAS FIGUEIREDO
CÍVEL,BELÉM,18ª DEFENSORIA PÚBLICA DE FAMÍLIA,2026-05-05 18:38:31.826473-03:00,0848486-78.2026.8.14.0301,ALIMENTOS - LEI ESPECIAL Nº 5.478/68 (69),ANA ALICE NEVES CALDAS FIGUEIREDO
CÍVEL,BELÉM,18ª DEFENSORIA PÚBLICA DE FAMÍLIA,2026-05-05 20:58:43.081352-03:00,0848507-54.2026.8.14.0301,ALIMENTOS - LEI ESPECIAL Nº 5.478/68 (69),ANA ALICE NEVES CALDAS FIGUEIREDO
CÍVEL,BELÉM,18ª DEFENSORIA PÚBLICA DE FAMÍLIA,2026-05-07 12:07:47.977579-03:00,0869184-08.2026.8.14.0301,DIVÓRCIO LITIGIOSO (12541),ANA ALICE NEVES CALDAS FIGUEIREDO
CÍVEL,BELÉM,18ª DEFENSORIA PÚBLICA DE FAMÍLIA,2026-05-08 13:23:12.360878-03:00,0849471-47.2026.8.14.0301,PROCEDIMENTO COMUM CÍVEL (7),ANA ALICE NEVES CALDAS FIGUEIREDO
CÍVEL,BELÉM,18ª DEFENSORIA PÚBLICA DE FAMÍLIA,2026-05-08 18:28:30.211463-03:00,0849573-69.2026.8.14.0301,DIVÓRCIO LITIGIOSO (12541),ANA ALICE NEVES CALDAS FIGUEIREDO
CÍVEL,BELÉM,18ª DEFENSORIA PÚBLICA DE FAMÍLIA,2026-05-09 17:38:36.819087-03:00,0849657-70.2026.8.14.0301,PROCEDIMENTO COMUM CÍVEL (7),ANA ALICE NEVES CALDAS FIGUEIREDO
CÍVEL,BELÉM,18ª DEFENSORIA PÚBLICA DE FAMÍLIA,2026-05-09 21:17:25.548268-03:00,0849671-54.2026.8.14.0301,CUMPRIMENTO PROVISÓRIO DE DECISÃO (10980),ANA ALICE NEVES CALDAS FIGUEIREDO
CÍVEL,BELÉM,18ª DEFENSORIA PÚBLICA DE FAMÍLIA,2026-05-14 12:14:58.545854-03:00,0887882-62.2026.8.14.0301,PROCEDIMENTO COMUM CÍVEL (7),ANA ALICE NEVES CALDAS FIGUEIREDO
CÍVEL,BELÉM,18ª DEFENSORIA PÚBLICA DE FAMÍLIA,2026-05-18 11:14:08.687467-03:00,0868382-10.2026.8.14.0301,PROCEDIMENTO COMUM CÍVEL (7),ANA ALICE NEVES CALDAS FIGUEIREDO
CÍVEL,BELÉM,18ª DEFENSORIA PÚBLICA DE FAMÍLIA,2026-05-18 11:30:14.691647-03:00,0883828-53.2026.8.14.0301,PROCEDIMENTO COMUM CÍVEL (7),ANA ALICE NEVES CALDAS FIGUEIREDO
CÍVEL,BELÉM,18ª DEFENSORIA PÚBLICA DE FAMÍLIA,2026-05-20 12:29:56.634393-03:00,0853255-32.2026.8.14.0301,PROCEDIMENTO COMUM CÍVEL (7),ANA ALICE NEVES CALDAS FIGUEIREDO
CÍVEL,BELÉM,18ª DEFENSORIA PÚBLICA DE FAMÍLIA,2026-05-20 12:50:21.272121-03:00,0853318-57.2026.8.14.0301,PROCEDIMENTO COMUM CÍVEL (7),ANA ALICE NEVES CALDAS FIGUEIREDO
CÍVEL,BELÉM,18ª DEFENSORIA PÚBLICA DE FAMÍLIA,2026-05-21 11:12:44.265920-03:00,0853665-90.2026.8.14.0301,DIVÓRCIO LITIGIOSO (12541),ANA ALICE NEVES CALDAS FIGUEIREDO
CÍVEL,BELÉM,18ª DEFENSORIA PÚBLICA DE FAMÍLIA,2026-05-21 22:20:16.481751-03:00,0853999-27.2026.8.14.0301,ALIMENTOS - LEI ESPECIAL Nº 5.478/68 (69),ANA ALICE NEVES CALDAS FIGUEIREDO
CÍVEL,BELÉM,18ª DEFENSORIA PÚBLICA DE FAMÍLIA,2026-05-22 12:02:20.740758-03:00,0883847-59.2026.8.14.0301,DIVÓRCIO LITIGIOSO (12541),ANA ALICE NEVES CALDAS FIGUEIREDO
CÍVEL,BELÉM,18ª DEFENSORIA PÚBLICA DE FAMÍLIA,2026-05-22 22:39:32.547282-03:00,0854399-41.2026.8.14.0301,PROCEDIMENTO COMUM CÍVEL (7),ANA ALICE NEVES CALDAS FIGUEIREDO
CÍVEL,BELÉM,18ª DEFENSORIA PÚBLICA DE FAMÍLIA,2026-05-22 23:25:39.208224-03:00,0854400-26.2026.8.14.0301,PROCEDIMENTO COMUM CÍVEL (7),ANA ALICE NEVES CALDAS FIGUEIREDO
CÍVEL,BELÉM,18ª DEFENSORIA PÚBLICA DE FAMÍLIA,2026-05-23 21:01:42.310982-03:00,0854482-57.2026.8.14.0301,ALIMENTOS - LEI ESPECIAL Nº 5.478/68 (69),ANA ALICE NEVES CALDAS FIGUEIREDO
CÍVEL,BELÉM,18ª DEFENSORIA PÚBLICA DE FAMÍLIA,2026-05-23 22:50:07.648745-03:00,0854489-49.2026.8.14.0301,ALIMENTOS - LEI ESPECIAL Nº 5.478/68 (69),ANA ALICE NEVES CALDAS FIGUEIREDO
CÍVEL,BELÉM,18ª DEFENSORIA PÚBLICA DE FAMÍLIA,2026-05-25 09:48:04.754516-03:00,0891434-35.2026.8.14.0301,ALIMENTOS - LEI ESPECIAL Nº 5.478/68 (69),ANA ALICE NEVES CALDAS FIGUEIREDO
CÍVEL,BELÉM,18ª DEFENSORIA PÚBLICA DE FAMÍLIA,2026-05-26 13:55:17.374836-03:00,0858385-03.2026.8.14.0301,ALIMENTOS - LEI ESPECIAL Nº 5.478/68 (69),ANA ALICE NEVES CALDAS FIGUEIREDO
CÍVEL,BELÉM,18ª DEFENSORIA PÚBLICA DE FAMÍLIA,2026-05-27 09:26:02.279755-03:00,0858401-54.2026.8.14.0301,ALIMENTOS - LEI ESPECIAL Nº 5.478/68 (69),ANA ALICE NEVES CALDAS FIGUEIREDO
CÍVEL,BELÉM,18ª DEFENSORIA PÚBLICA DE FAMÍLIA,2026-06-01 20:08:32.766985-03:00,0857283-43.2026.8.14.0301,CUMPRIMENTO DE SENTENÇA DE OBRIGAÇÃO DE PRESTAR ALIMENTOS,ANA ALICE NEVES CALDAS FIGUEIREDO
CÍVEL,BELÉM,18ª DEFENSORIA PÚBLICA DE FAMÍLIA,2026-06-01 21:21:35.598943-03:00,0857284-28.2026.8.14.0301,ALIMENTOS - LEI ESPECIAL Nº 5.478/68 (69),ANA ALICE NEVES CALDAS FIGUEIREDO
CÍVEL,BELÉM,18ª DEFENSORIA PÚBLICA DE FAMÍLIA,2026-06-05 20:38:33.109853-03:00,0858389-40.2026.8.14.0301,OUTROS PROCEDIMENTOS DE JURISDIÇÃO VOLUNTÁRIA (1294),ANA ALICE NEVES CALDAS FIGUEIREDO
CÍVEL,BELÉM,18ª DEFENSORIA PÚBLICA DE FAMÍLIA,2026-06-05 20:57:16.847916-03:00,0858395-47.2026.8.14.0301,ALIMENTOS - LEI ESPECIAL Nº 5.478/68 (69),ANA ALICE NEVES CALDAS FIGUEIREDO
CÍVEL,BELÉM,18ª DEFENSORIA PÚBLICA DE FAMÍLIA,2026-06-05 21:12:31.992130-03:00,0858398-02.2026.8.14.0301,CUMPRIMENTO PROVISÓRIO DE DECISÃO (10980),ANA ALICE NEVES CALDAS FIGUEIREDO
CÍVEL,BELÉM,18ª DEFENSORIA PÚBLICA DE FAMÍLIA,2026-06-06 21:05:00.227387-03:00,0858465-64.2026.8.14.0301,DIVÓRCIO LITIGIOSO (12541),ANA ALICE NEVES CALDAS FIGUEIREDO
CÍVEL,BELÉM,18ª DEFENSORIA PÚBLICA DE FAMÍLIA,2026-06-12 09:54:15.385528-03:00,0887890-39.2026.8.14.0301,DIVÓRCIO LITIGIOSO (12541),ANA ALICE NEVES CALDAS FIGUEIREDO
CÍVEL,BELÉM,18ª DEFENSORIA PÚBLICA DE FAMÍLIA,2026-06-13 17:19:55.082423-03:00,0860652-45.2026.8.14.0301,ALIMENTOS - LEI ESPECIAL Nº 5.478/68 (69),ANA ALICE NEVES CALDAS FIGUEIREDO
CÍVEL,BELÉM,18ª DEFENSORIA PÚBLICA DE FAMÍLIA,2026-06-13 18:17:46.691894-03:00,0860657-67.2026.8.14.0301,DIVÓRCIO LITIGIOSO (12541),ANA ALICE NEVES CALDAS FIGUEIREDO
CÍVEL,BELÉM,18ª DEFENSORIA PÚBLICA DE FAMÍLIA,2026-06-14 22:01:45.559780-03:00,0860720-92.2026.8.14.0301,PROCEDIMENTO COMUM CÍVEL (7),ANA ALICE NEVES CALDAS FIGUEIREDO
CÍVEL,BELÉM,18ª DEFENSORIA PÚBLICA DE FAMÍLIA,2026-06-18 19:18:55.932551-03:00,0862322-21.2026.8.14.0301,PROCEDIMENTO COMUM CÍVEL (7),ANA ALICE NEVES CALDAS FIGUEIREDO
CÍVEL,BELÉM,18ª DEFENSORIA PÚBLICA DE FAMÍLIA,2026-06-18 22:26:14.212693-03:00,0862348-19.2026.8.14.0301,CUMPRIMENTO DE SENTENÇA (156),ANA ALICE NEVES CALDAS FIGUEIREDO
CÍVEL,BELÉM,18ª DEFENSORIA PÚBLICA DE FAMÍLIA,2026-06-24 18:23:39.121083-03:00,0864127-09.2026.8.14.0301,CUMPRIMENTO PROVISÓRIO DE DECISÃO (10980),ANA ALICE NEVES CALDAS FIGUEIREDO
CÍVEL,BELÉM,18ª DEFENSORIA PÚBLICA DE FAMÍLIA,2026-07-13 23:23:28.059510-03:00,0869577-30.2026.8.14.0301,PROCEDIMENTO COMUM CÍVEL (7),ANA ALICE NEVES CALDAS FIGUEIREDO
CÍVEL,BELÉM,18ª DEFENSORIA PÚBLICA DE FAMÍLIA,2026-07-27 12:23:51.879661-03:00,0873163-75.2026.8.14.0301,PROCEDIMENTO COMUM CÍVEL (7),ANA ALICE NEVES CALDAS FIGUEIREDO
CÍVEL,BELÉM,18ª DEFENSORIA PÚBLICA DE FAMÍLIA,2026-08-19 21:20:02.257570-03:00,0880566-95.2026.8.14.0301,ALIMENTOS - LEI ESPECIAL Nº 5.478/68 (69),ANA ALICE NEVES CALDAS FIGUEIREDO
CÍVEL,BELÉM,18ª DEFENSORIA PÚBLICA DE FAMÍLIA,2026-08-28 12:18:37.210158-03:00,0884080-56.2026.8.14.0301,PROCEDIMENTO COMUM CÍVEL (7),ANA ALICE NEVES CALDAS FIGUEIREDO
CÍVEL,BELÉM,18ª DEFENSORIA PÚBLICA DE FAMÍLIA,2026-08-28 15:32:44.022959-03:00,0884067-57.2026.8.14.0301,CUMPRIMENTO DE SENTENÇA (156),ANA ALICE NEVES CALDAS FIGUEIREDO
CÍVEL,BELÉM,18ª DEFENSORIA PÚBLICA DE FAMÍLIA,2026-09-09 20:26:44.136076-03:00,0887908-60.2026.8.14.0301,ALIMENTOS - LEI ESPECIAL Nº 5.478/68 (69),ANA ALICE NEVES CALDAS FIGUEIREDO
CÍVEL,BELÉM,18ª DEFENSORIA PÚBLICA DE FAMÍLIA,2026-09-14 11:36:19.626370-03:00,0889049-17.2026.8.14.0301,PROCEDIMENTO COMUM CÍVEL (7),ANA ALICE NEVES CALDAS FIGUEIREDO
CÍVEL,BELÉM,18ª DEFENSORIA PÚBLICA DE FAMÍLIA,2026-09-20 16:13:21.593555-03:00,0891426-58.2026.8.14.0301,CUMPRIMENTO PROVISÓRIO DE DECISÃO (10980),ANA ALICE NEVES CALDAS FIGUEIREDO
CÍVEL,BELÉM,1ª DEFENSORIA DE DEFESA DO CONSUMIDOR,2026-01-16 13:12:49.972217-03:00,0803135-82.2026.8.14.0301,EMBARGOS À EXECUÇÃO (172),GHEISA ANDRADE DE BRITO
CÍVEL,BELÉM,1ª DEFENSORIA DE DEFESA DO CONSUMIDOR,2026-01-23 15:21:47.057518-03:00,0805324-33.2026.8.14.0301,PROCEDIMENTO COMUM CÍVEL (7),GHEISA ANDRADE DE BRITO
CÍVEL,BELÉM,1ª DEFENSORIA DE DEFESA DO CONSUMIDOR,2026-02-02 18:35:24.021825-03:00,0809893-77.2026.8.14.0301,CUMPRIMENTO PROVISÓRIO DE DECISÃO (10980),GHEISA ANDRADE DE BRITO
CÍVEL,BELÉM,1ª DEFENSORIA DE DEFESA DO CONSUMIDOR,2026-02-04 17:58:35.280279-03:00,0815271-14.2026.8.14.0301,PROCEDIMENTO COMUM CÍVEL (7),GHEISA ANDRADE DE BRITO
CÍVEL,BELÉM,1ª DEFENSORIA DE DEFESA DO CONSUMIDOR,2026-02-07 10:32:54.198026-03:00,0818296-35.2026.8.14.0301,PROCEDIMENTO COMUM CÍVEL (7),GHEISA ANDRADE DE BRITO
CÍVEL,BELÉM,1ª DEFENSORIA DE DEFESA DO CONSUMIDOR,2026-02-10 12:19:18.800124-03:00,0819501-02.2026.8.14.0301,PROCEDIMENTO COMUM CÍVEL (7),GHEISA ANDRADE DE BRITO
CÍVEL,BELÉM,1ª DEFENSORIA DE DEFESA DO CONSUMIDOR,2026-02-11 16:56:35.340417-03:00,0820231-13.2026.8.14.0301,PROCEDIMENTO COMUM CÍVEL (7),GHEISA ANDRADE DE BRITO
CÍVEL,BELÉM,1ª DEFENSORIA DE DEFESA DO CONSUMIDOR,2026-02-12 16:29:37.462959-03:00,0820739-56.2026.8.14.0301,PROCEDIMENTO COMUM CÍVEL (7),GHEISA ANDRADE DE BRITO
CÍVEL,BELÉM,1ª DEFENSORIA DE DEFESA DO CONSUMIDOR,2026-02-21 17:37:30.507775-03:00,0822656-13.2026.8.14.0301,EMBARGOS À EXECUÇÃO (172),GHEISA ANDRADE DE BRITO
CÍVEL,BELÉM,1ª DEFENSORIA DE DEFESA DO CONSUMIDOR,2026-02-24 10:53:26.362128-03:00,0823277-10.2026.8.14.0301,PROCEDIMENTO COMUM CÍVEL (7),GHEISA ANDRADE DE BRITO
CÍVEL,BELÉM,1ª DEFENSORIA DE DEFESA DO CONSUMIDOR,2026-02-24 11:45:41.197120-03:00,0823311-82.2026.8.14.0301,PROCEDIMENTO COMUM CÍVEL (7),GHEISA ANDRADE DE BRITO
CÍVEL,BELÉM,1ª DEFENSORIA DE DEFESA DO CONSUMIDOR,2026-02-24 11:49:28.519926-03:00,0823315-22.2026.8.14.0301,PROCEDIMENTO COMUM CÍVEL (7),GHEISA ANDRADE DE BRITO
CÍVEL,BELÉM,1ª DEFENSORIA DE DEFESA DO CONSUMIDOR,2026-02-24 11:56:26.068565-03:00,0823324-81.2026.8.14.0301,PROCEDIMENTO COMUM CÍVEL (7),GHEISA ANDRADE DE BRITO
CÍVEL,BELÉM,1ª DEFENSORIA DE DEFESA DO CONSUMIDOR,2026-02-25 10:03:54.239812-03:00,0823738-79.2026.8.14.0301,PROCEDIMENTO COMUM CÍVEL (7),GHEISA ANDRADE DE BRITO
CÍVEL,BELÉM,1ª DEFENSORIA DE DEFESA DO CONSUMIDOR,2026-02-26 08:41:42.062867-03:00,0824181-30.2026.8.14.0301,PROCEDIMENTO COMUM CÍVEL (7),GHEISA ANDRADE DE BRITO
CÍVEL,BELÉM,1ª DEFENSORIA DE DEFESA DO CONSUMIDOR,2026-02-27 22:33:22.319990-03:00,0825059-52.2026.8.14.0301,PROCEDIMENTO COMUM CÍVEL (7),GHEISA ANDRADE DE BRITO
CÍVEL,BELÉM,1ª DEFENSORIA DE DEFESA DO CONSUMIDOR,2026-03-04 08:41:02.628262-03:00,0825983-63.2026.8.14.0301,PETIÇÃO CÍVEL (241),GHEISA ANDRADE DE BRITO
CÍVEL,BELÉM,1ª DEFENSORIA DE DEFESA DO CONSUMIDOR,2026-03-10 15:19:21.682932-03:00,0827887-21.2026.8.14.0301,PROCEDIMENTO COMUM CÍVEL (7),GHEISA ANDRADE DE BRITO
CÍVEL,BELÉM,1ª DEFENSORIA DE DEFESA DO CONSUMIDOR,2026-03-10 17:36:58.593754-03:00,0827994-65.2026.8.14.0301,PROCEDIMENTO COMUM CÍVEL (7),GHEISA ANDRADE DE BRITO
CÍVEL,BELÉM,1ª DEFENSORIA DE DEFESA DO CONSUMIDOR,2026-03-10 18:25:24.756130-03:00,0828029-25.2026.8.14.0301,PROCEDIMENTO COMUM CÍVEL (7),GHEISA ANDRADE DE BRITO
CÍVEL,BELÉM,1ª DEFENSORIA DE DEFESA DO CONSUMIDOR,2026-03-10 18:43:00.449555-03:00,0828035-32.2026.8.14.0301,PROCEDIMENTO COMUM CÍVEL (7),GHEISA ANDRADE DE BRITO
CÍVEL,BELÉM,1ª DEFENSORIA DE DEFESA DO CONSUMIDOR,2026-03-10 20:02:02.772978-03:00,0828057-90.2026.8.14.0301,PROCEDIMENTO COMUM CÍVEL (7),GHEISA ANDRADE DE BRITO
CÍVEL,BELÉM,1ª DEFENSORIA DE DEFESA DO CONSUMIDOR,2026-03-23 11:51:19.158359-03:00,0832010-62.2026.8.14.0301,EMBARGOS À EXECUÇÃO (172),GHEISA ANDRADE DE BRITO
CÍVEL,BELÉM,1ª DEFENSORIA DE DEFESA DO CONSUMIDOR,2026-03-24 20:01:24.878074-03:00,0832656-72.2026.8.14.0301,PROCEDIMENTO COMUM CÍVEL (7),GHEISA ANDRADE DE BRITO
CÍVEL,BELÉM,1ª DEFENSORIA DE DEFESA DO CONSUMIDOR,2026-03-27 13:00:03.781068-03:00,0833618-95.2026.8.14.0301,PROCEDIMENTO COMUM CÍVEL (7),GHEISA ANDRADE DE BRITO
CÍVEL,BELÉM,1ª DEFENSORIA DE DEFESA DO CONSUMIDOR,2026-03-30 14:42:54.887429-03:00,0834246-84.2026.8.14.0301,PROCEDIMENTO COMUM CÍVEL (7),GHEISA ANDRADE DE BRITO
CÍVEL,BELÉM,1ª DEFENSORIA DE DEFESA DO CONSUMIDOR,2026-04-03 14:12:42.417286-03:00,0836487-31.2026.8.14.0301,PROCEDIMENTO COMUM CÍVEL (7),GHEISA ANDRADE DE BRITO
CÍVEL,BELÉM,1ª DEFENSORIA DE DEFESA DO CONSUMIDOR,2026-04-07 09:49:18.064442-03:00,0838983-33.2026.8.14.0301,PROCEDIMENTO COMUM CÍVEL (7),GHEISA ANDRADE DE BRITO
CÍVEL,BELÉM,1ª DEFENSORIA DE DEFESA DO CONSUMIDOR,2026-04-08 11:55:38.563048-03:00,0839602-60.2026.8.14.0301,PROCEDIMENTO COMUM CÍVEL (7),GHEISA ANDRADE DE BRITO
CÍVEL,BELÉM,1ª DEFENSORIA DE DEFESA DO CONSUMIDOR,2026-04-08 13:41:52.713536-03:00,0839673-62.2026.8.14.0301,PROCEDIMENTO COMUM CÍVEL (7),GHEISA ANDRADE DE BRITO
CÍVEL,BELÉM,1ª DEFENSORIA DE DEFESA DO CONSUMIDOR,2026-04-08 16:13:40.049563-03:00,0839771-47.2026.8.14.0301,AÇÃO CIVIL PÚBLICA (65),GHEISA ANDRADE DE BRITO
CÍVEL,BELÉM,1ª DEFENSORIA DE DEFESA DO CONSUMIDOR,2026-04-16 17:38:47.988887-03:00,0842993-23.2026.8.14.0301,PROCEDIMENTO COMUM CÍVEL (7),GHEISA ANDRADE DE BRITO
CÍVEL,BELÉM,1ª DEFENSORIA DE DEFESA DO CONSUMIDOR,2026-04-28 09:48:06.580616-03:00,0846218-51.2026.8.14.0301,PROCEDIMENTO COMUM CÍVEL (7),GHEISA ANDRADE DE BRITO
CÍVEL,BELÉM,1ª DEFENSORIA DE DEFESA DO CONSUMIDOR,2026-04-28 11:38:32.977742-03:00,0846354-48.2026.8.14.0301,PROCEDIMENTO COMUM CÍVEL (7),GHEISA ANDRADE DE BRITO
CÍVEL,BELÉM,1ª DEFENSORIA DE DEFESA DO CONSUMIDOR,2026-04-28 12:08:15.998141-03:00,0846388-23.2026.8.14.0301,CUMPRIMENTO PROVISÓRIO DE SENTENÇA (157),GHEISA ANDRADE DE BRITO
CÍVEL,BELÉM,1ª DEFENSORIA DE DEFESA DO CONSUMIDOR,2026-05-21 09:47:06.265746-03:00,0853632-03.2026.8.14.0301,PROCEDIMENTO COMUM CÍVEL (7),GHEISA ANDRADE DE BRITO
CÍVEL,BELÉM,1ª DEFENSORIA DE DEFESA DO CONSUMIDOR,2026-05-21 14:06:33.638837-03:00,0853795-80.2026.8.14.0301,PROCEDIMENTO COMUM CÍVEL (7),GHEISA ANDRADE DE BRITO
CÍVEL,BELÉM,1ª DEFENSORIA DE DEFESA DO CONSUMIDOR,2026-05-21 14:29:47.777552-03:00,0853811-34.2026.8.14.0301,PROCEDIMENTO COMUM CÍVEL (7),GHEISA ANDRADE DE BRITO
CÍVEL,BELÉM,1ª DEFENSORIA DE DEFESA DO CONSUMIDOR,2026-06-01 17:08:19.486578-03:00,0857207-19.2026.8.14.0301,PROCEDIMENTO COMUM CÍVEL (7),GHEISA ANDRADE DE BRITO
CÍVEL,BELÉM,1ª DEFENSORIA DE DEFESA DO CONSUMIDOR,2026-06-08 10:08:21.865780-03:00,0858762-71.2026.8.14.0301,PROCEDIMENTO COMUM CÍVEL (7),GHEISA ANDRADE DE BRITO
CÍVEL,BELÉM,1ª DEFENSORIA DE DEFESA DO CONSUMIDOR,2026-06-08 14:59:24.149865-03:00,0858778-25.2026.8.14.0301,PROCEDIMENTO COMUM CÍVEL (7),GHEISA ANDRADE DE BRITO
CÍVEL,BELÉM,1ª DEFENSORIA DE DEFESA DO CONSUMIDOR,2026-06-18 10:46:43.620249-03:00,0862067-63.2026.8.14.0301,PROCEDIMENTO COMUM CÍVEL (7),GHEISA ANDRADE DE BRITO
CÍVEL,BELÉM,1ª DEFENSORIA DE DEFESA DO CONSUMIDOR,2026-06-19 11:16:46.884482-03:00,0862441-79.2026.8.14.0301,CUMPRIMENTO PROVISÓRIO DE SENTENÇA (157),GHEISA ANDRADE DE BRITO
CÍVEL,BELÉM,1ª DEFENSORIA DE DEFESA DO CONSUMIDOR,2026-06-19 11:48:58.061818-03:00,0862461-70.2026.8.14.0301,CUMPRIMENTO PROVISÓRIO DE SENTENÇA (157),GHEISA ANDRADE DE BRITO
CÍVEL,BELÉM,1ª DEFENSORIA DE DEFESA DO CONSUMIDOR,2026-06-23 09:33:04.711140-03:00,0863308-72.2026.8.14.0301,PROCEDIMENTO COMUM CÍVEL (7),GHEISA ANDRADE DE BRITO
CÍVEL,BELÉM,1ª DEFENSORIA DE DEFESA DO CONSUMIDOR,2026-06-24 10:32:48.075939-03:00,0863829-17.2026.8.14.0301,PROCEDIMENTO COMUM CÍVEL (7),GHEISA ANDRADE DE BRITO
CÍVEL,BELÉM,1ª DEFENSORIA DE DEFESA DO CONSUMIDOR,2026-06-26 10:40:37.055708-03:00,0864626-90.2026.8.14.0301,PROCEDIMENTO COMUM CÍVEL (7),GHEISA ANDRADE DE BRITO
CÍVEL,BELÉM,1ª DEFENSORIA DE DEFESA DO CONSUMIDOR,2026-06-26 12:49:58.525815-03:00,0864719-53.2026.8.14.0301,PROCEDIMENTO COMUM CÍVEL (7),GHEISA ANDRADE DE BRITO
CÍVEL,BELÉM,1ª DEFENSORIA DE DEFESA DO CONSUMIDOR,2026-06-26 22:15:59.300977-03:00,0864978-48.2026.8.14.0301,PROCEDIMENTO COMUM CÍVEL (7),GHEISA ANDRADE DE BRITO
CÍVEL,BELÉM,1ª DEFENSORIA DE DEFESA DO CONSUMIDOR,2026-06-26 22:49:44.834840-03:00,0864981-03.2026.8.14.0301,PROCEDIMENTO COMUM CÍVEL (7),GHEISA ANDRADE DE BRITO
CÍVEL,BELÉM,1ª DEFENSORIA DE DEFESA DO CONSUMIDOR,2026-06-26 22:54:38.464367-03:00,0864983-70.2026.8.14.0301,PROCEDIMENTO COMUM CÍVEL (7),GHEISA ANDRADE DE BRITO
CÍVEL,BELÉM,1ª DEFENSORIA DE DEFESA DO CONSUMIDOR,2026-06-26 23:13:11.617910-03:00,0864987-10.2026.8.14.0301,PROCEDIMENTO COMUM CÍVEL (7),GHEISA ANDRADE DE BRITO
CÍVEL,BELÉM,1ª DEFENSORIA DE DEFESA DO CONSUMIDOR,2026-06-30 14:16:40.380042-03:00,0865651-41.2026.8.14.0301,PROCEDIMENTO COMUM CÍVEL (7),GHEISA ANDRADE DE BRITO
CÍVEL,BELÉM,1ª DEFENSORIA DE DEFESA DO CONSUMIDOR,2026-07-06 20:47:21.618497-03:00,0867616-54.2026.8.14.0301,PROCEDIMENTO COMUM CÍVEL (7),GHEISA ANDRADE DE BRITO
CÍVEL,BELÉM,1ª DEFENSORIA DE DEFESA DO CONSUMIDOR,2026-07-14 00:26:11.040009-03:00,0869583-37.2026.8.14.0301,PROCEDIMENTO COMUM CÍVEL (7),GHEISA ANDRADE DE BRITO
CÍVEL,BELÉM,1ª DEFENSORIA DE DEFESA DO CONSUMIDOR,2026-08-08 15:29:22.566474-03:00,0876898-19.2026.8.14.0301,ALIMENTOS - LEI ESPECIAL Nº 5.478/68 (69),GHEISA ANDRADE DE BRITO
CÍVEL,BELÉM,1ª DEFENSORIA DE DEFESA DO CONSUMIDOR,2026-08-08 15:46:25.642508-03:00,0876905-11.2026.8.14.0301,ALIMENTOS - LEI ESPECIAL Nº 5.478/68 (69),GHEISA ANDRADE DE BRITO
CÍVEL,BELÉM,1ª DEFENSORIA DE DEFESA DO CONSUMIDOR,2026-08-08 15:55:55.843534-03:00,0876908-63.2026.8.14.0301,ALIMENTOS - LEI ESPECIAL Nº 5.478/68 (69),GHEISA ANDRADE DE BRITO
CÍVEL,BELÉM,1ª DEFENSORIA DE DEFESA DO CONSUMIDOR,2026-08-08 16:17:42.755066-03:00,0876911-18.2026.8.14.0301,AVERIGUAÇÃO DE PATERNIDADE (123),GHEISA ANDRADE DE BRITO
CÍVEL,BELÉM,1ª DEFENSORIA DE DEFESA DO CONSUMIDOR,2026-08-08 16:29:35.878495-03:00,0876912-03.2026.8.14.0301,ALIMENTOS - LEI ESPECIAL Nº 5.478/68 (69),GHEISA ANDRADE DE BRITO
CÍVEL,BELÉM,1ª DEFENSORIA DE DEFESA DO CONSUMIDOR,2026-08-08 16:39:45.703583-03:00,0876914-70.2026.8.14.0301,ALIMENTOS - LEI ESPECIAL Nº 5.478/68 (69),GHEISA ANDRADE DE BRITO
CÍVEL,BELÉM,1ª DEFENSORIA DE DEFESA DO CONSUMIDOR,2026-08-12 16:41:12.060398-03:00,0878055-27.2026.8.14.0301,PROCEDIMENTO COMUM CÍVEL (7),GHEISA ANDRADE DE BRITO
CÍVEL,BELÉM,1ª DEFENSORIA DE DEFESA DO CONSUMIDOR,2026-08-13 09:13:18.855884-03:00,0878171-33.2026.8.14.0301,PROCEDIMENTO COMUM CÍVEL (7),GHEISA ANDRADE DE BRITO
CÍVEL,BELÉM,1ª DEFENSORIA DE DEFESA DO CONSUMIDOR,2026-08-13 10:45:43.711030-03:00,0878228-51.2026.8.14.0301,PROCEDIMENTO COMUM CÍVEL (7),GHEISA ANDRADE DE BRITO
CÍVEL,BELÉM,1ª DEFENSORIA DE DEFESA DO CONSUMIDOR,2026-08-13 11:15:37.281959-03:00,0878252-79.2026.8.14.0301,PROCEDIMENTO COMUM CÍVEL (7),GHEISA ANDRADE DE BRITO
CÍVEL,BELÉM,1ª DEFENSORIA DE DEFESA DO CONSUMIDOR,2026-08-13 11:27:03.962651-03:00,0878271-85.2026.8.14.0301,PROCEDIMENTO COMUM CÍVEL (7),GHEISA ANDRADE DE BRITO
CÍVEL,BELÉM,1ª DEFENSORIA DE DEFESA DO CONSUMIDOR,2026-08-20 10:42:54.450569-03:00,0880709-84.2026.8.14.0301,PROCEDIMENTO COMUM CÍVEL (7),GHEISA ANDRADE DE BRITO
CÍVEL,BELÉM,1ª DEFENSORIA DE DEFESA DO CONSUMIDOR,2026-08-22 15:38:00.952731-03:00,0881551-64.2026.8.14.0301,PROCEDIMENTO COMUM CÍVEL (7),GHEISA ANDRADE DE BRITO
CÍVEL,BELÉM,1ª DEFENSORIA DE DEFESA DO CONSUMIDOR,2026-08-22 15:49:49.418337-03:00,0881553-34.2026.8.14.0301,PROCEDIMENTO COMUM CÍVEL (7),GHEISA ANDRADE DE BRITO
CÍVEL,BELÉM,1ª DEFENSORIA DE DEFESA DO CONSUMIDOR,2026-08-22 15:55:49.420570-03:00,0881555-04.2026.8.14.0301,CUMPRIMENTO PROVISÓRIO DE DECISÃO (10980),GHEISA ANDRADE DE BRITO
CÍVEL,BELÉM,1ª DEFENSORIA DE DEFESA DO CONSUMIDOR,2026-09-01 10:19:00.658327-03:00,0884911-07.2026.8.14.0301,PROCEDIMENTO COMUM CÍVEL (7),GHEISA ANDRADE DE BRITO
CÍVEL,BELÉM,1ª DEFENSORIA DE DEFESA DO CONSUMIDOR,2026-09-09 08:38:48.358054-03:00,0887529-22.2026.8.14.0301,PROCEDIMENTO COMUM CÍVEL (7),GHEISA ANDRADE DE BRITO
CÍVEL,BELÉM,1ª DEFENSORIA DE DEFESA DO CONSUMIDOR,2026-09-16 20:15:11.385722-03:00,0890263-43.2026.8.14.0301,EMBARGOS À EXECUÇÃO (172),GHEISA ANDRADE DE BRITO
CÍVEL,BELÉM,1ª DEFENSORIA DE DEFESA DO CONSUMIDOR,2026-09-18 20:20:49.171521-03:00,0891250-79.2026.8.14.0301,PROCEDIMENTO COMUM CÍVEL (7),GHEISA ANDRADE DE BRITO
CÍVEL,BELÉM,1ª DEFENSORIA DE DEFESA DO CONSUMIDOR,2026-09-22 10:43:21.924277-03:00,0891987-82.2026.8.14.0301,PROCEDIMENTO COMUM CÍVEL (7),GHEISA ANDRADE DE BRITO
CÍVEL,BELÉM,1ª DEFENSORIA PÚBLICA CÍVEL,2026-01-21 10:41:06.181816-03:00,0804334-42.2026.8.14.0301,REINTEGRAÇÃO / MANUTENÇÃO DE POSSE (1707),FRANCIARA LEMOS RELL
CÍVEL,BELÉM,1ª DEFENSORIA PÚBLICA CÍVEL,2026-02-02 11:51:33.371089-03:00,0808115-72.2026.8.14.0301,INVENTÁRIO (39),FRANCIARA LEMOS RELL
CÍVEL,BELÉM,1ª DEFENSORIA PÚBLICA CÍVEL,2026-02-03 10:06:33.416310-03:00,0810002-91.2026.8.14.0301,REINTEGRAÇÃO / MANUTENÇÃO DE POSSE (1707),FRANCIARA LEMOS RELL
CÍVEL,BELÉM,1ª DEFENSORIA PÚBLICA CÍVEL,2026-03-19 12:01:15.493079-03:00,0831002-50.2026.8.14.0301,"ABERTURA, REGISTRO E CUMPRIMENTO DE TESTAMENTO (51)",FRANCIARA LEMOS RELL
CÍVEL,BELÉM,1ª DEFENSORIA PÚBLICA CÍVEL,2026-03-23 10:10:18.254799-03:00,0831933-53.2026.8.14.0301,ALVARÁ JUDICIAL - LEI 6858/80 (74),FRANCIARA LEMOS RELL
CÍVEL,BELÉM,1ª DEFENSORIA PÚBLICA CÍVEL,2026-03-23 10:38:26.383195-03:00,0831952-59.2026.8.14.0301,ALVARÁ JUDICIAL - LEI 6858/80 (74),FRANCIARA LEMOS RELL
CÍVEL,BELÉM,1ª DEFENSORIA PÚBLICA CÍVEL,2026-04-01 09:37:01.724178-03:00,0835033-16.2026.8.14.0301,ALVARÁ JUDICIAL - LEI 6858/80 (74),FRANCIARA LEMOS RELL
CÍVEL,BELÉM,1ª DEFENSORIA PÚBLICA CÍVEL,2026-04-08 09:20:45.192975-03:00,0839456-19.2026.8.14.0301,ALVARÁ JUDICIAL - LEI 6858/80 (74),FRANCIARA LEMOS RELL
CÍVEL,BELÉM,1ª DEFENSORIA PÚBLICA CÍVEL,2026-04-23 17:50:38.873058-03:00,0844862-21.2026.8.14.0301,ALVARÁ JUDICIAL - LEI 6858/80 (74),FRANCIARA LEMOS RELL
CÍVEL,BELÉM,1ª DEFENSORIA PÚBLICA CÍVEL,2026-04-24 08:12:20.277863-03:00,0845034-60.2026.8.14.0301,DESPEJO (92),FRANCIARA LEMOS RELL
CÍVEL,BELÉM,1ª DEFENSORIA PÚBLICA CÍVEL,2026-05-18 11:12:57.046359-03:00,0852167-56.2026.8.14.0301,ALVARÁ JUDICIAL - LEI 6858/80 (74),FRANCIARA LEMOS RELL
CÍVEL,BELÉM,1ª DEFENSORIA PÚBLICA CÍVEL,2026-05-22 10:56:49.044287-03:00,0854100-64.2026.8.14.0301,OUTROS PROCEDIMENTOS DE JURISDIÇÃO VOLUNTÁRIA (1294),FRANCIARA LEMOS RELL
CÍVEL,BELÉM,1ª DEFENSORIA PÚBLICA CÍVEL,2026-06-02 16:48:10.394421-03:00,0857692-19.2026.8.14.0301,REINTEGRAÇÃO / MANUTENÇÃO DE POSSE (1707),FRANCIARA LEMOS RELL
CÍVEL,BELÉM,1ª DEFENSORIA PÚBLICA CÍVEL,2026-07-02 11:03:35.002676-03:00,0866472-45.2026.8.14.0301,DESPEJO POR FALTA DE PAGAMENTO (93),FRANCIARA LEMOS RELL
CÍVEL,BELÉM,1ª DEFENSORIA PÚBLICA CÍVEL,2026-07-03 12:01:30.976272-03:00,0866873-44.2026.8.14.0301,PROCEDIMENTO COMUM CÍVEL (7),FRANCIARA LEMOS RELL
CÍVEL,BELÉM,1ª DEFENSORIA PÚBLICA CÍVEL,2026-07-03 18:15:28.332997-03:00,0867104-71.2026.8.14.0301,PROCEDIMENTO COMUM CÍVEL (7),FRANCIARA LEMOS RELL
CÍVEL,BELÉM,1ª DEFENSORIA PÚBLICA CÍVEL,2026-07-09 13:04:49.545917-03:00,0869687-29.2026.8.14.0301,EXECUÇÃO DE TÍTULO EXTRAJUDICIAL,LUCIANA SOUZA DOS ANJOS
CÍVEL,BELÉM,1ª DEFENSORIA PÚBLICA CÍVEL,2026-08-07 10:33:29.397471-03:00,0876512-86.2026.8.14.0301,ALVARÁ JUDICIAL - LEI 6858/80 (74),FRANCIARA LEMOS RELL
CÍVEL,BELÉM,1ª DEFENSORIA PÚBLICA CÍVEL,2026-08-13 10:04:14.968501-03:00,0878201-68.2026.8.14.0301,PROCEDIMENTO COMUM CÍVEL (7),FRANCIARA LEMOS RELL
CÍVEL,BELÉM,1ª DEFENSORIA PÚBLICA CÍVEL,2026-08-17 10:36:38.792398-03:00,0879169-98.2026.8.14.0301,EMBARGOS À EXECUÇÃO (172),FRANCIARA LEMOS RELL
CÍVEL,BELÉM,1ª DEFENSORIA PÚBLICA CÍVEL,2026-08-31 10:48:47.079137-03:00,0884467-71.2026.8.14.0301,REINTEGRAÇÃO / MANUTENÇÃO DE POSSE (1707),FRANCIARA LEMOS RELL
CÍVEL,BELÉM,1ª DEFENSORIA PÚBLICA CÍVEL,2026-09-15 10:45:17.786043-03:00,0889438-02.2026.8.14.0301,PROCEDIMENTO COMUM CÍVEL (7),FRANCIARA LEMOS RELL
CÍVEL,BELÉM,1ª DEFENSORIA PÚBLICA DA SOCIOEDUCAÇÃO DA CAPITAL,2026-06-28 11:01:03.961664-03:00,0865071-11.2026.8.14.0301,PROCEDIMENTO DO JUIZADO ESPECIAL CÍVEL (436),MILENE MORAES MOREIRA
CÍVEL,BELÉM,1ª DEFENSORIA PUBLICA DE DEFESA DA MORADIA,2026-01-12 10:46:22.579387-03:00,0821096-36.2026.8.14.0301,USUCAPIÃO (49),LUCIANA ALBUQUERQUE LIMA
CÍVEL,BELÉM,1ª DEFENSORIA PUBLICA DE DEFESA DA MORADIA,2026-01-14 10:33:34.801059-03:00,0802302-64.2026.8.14.0301,USUCAPIÃO (49),LUCIANA ALBUQUERQUE LIMA
CÍVEL,BELÉM,1ª DEFENSORIA PUBLICA DE DEFESA DA MORADIA,2026-02-04 10:43:58.937346-03:00,0815138-69.2026.8.14.0301,CUMPRIMENTO PROVISÓRIO DE SENTENÇA (157),LUCIANA ALBUQUERQUE LIMA
CÍVEL,BELÉM,1ª DEFENSORIA PUBLICA DE DEFESA DA MORADIA,2026-03-16 08:52:34.786156-03:00,0830955-76.2026.8.14.0301,USUCAPIÃO (49),LUCIANA ALBUQUERQUE LIMA
CÍVEL,BELÉM,1ª DEFENSORIA PUBLICA DE DEFESA DA MORADIA,2026-03-19 15:02:51.718162-03:00,0831366-22.2026.8.14.0301,AÇÃO CIVIL PÚBLICA (65),LUCIANA ALBUQUERQUE LIMA
CÍVEL,BELÉM,1ª DEFENSORIA PUBLICA DE DEFESA DA MORADIA,2026-03-24 11:43:44.712205-03:00,0833437-94.2026.8.14.0301,USUCAPIÃO (49),LUCIANA ALBUQUERQUE LIMA
CÍVEL,BELÉM,1ª DEFENSORIA PUBLICA DE DEFESA DA MORADIA,2026-04-01 13:13:39.329130-03:00,0836489-98.2026.8.14.0301,USUCAPIÃO (49),LUCIANA ALBUQUERQUE LIMA
CÍVEL,BELÉM,1ª DEFENSORIA PUBLICA DE DEFESA DA MORADIA,2026-05-22 17:10:17.139595-03:00,0854331-91.2026.8.14.0301,USUCAPIÃO (49),LUCIANA ALBUQUERQUE LIMA
CÍVEL,BELÉM,1ª DEFENSORIA PUBLICA DE DEFESA DA MORADIA,2026-05-22 18:32:01.442924-03:00,0854536-23.2026.8.14.0301,USUCAPIÃO (49),LUCIANA ALBUQUERQUE LIMA
CÍVEL,BELÉM,1ª DEFENSORIA PUBLICA DE DEFESA DA MORADIA,2026-06-10 13:32:45.334020-03:00,0859580-23.2026.8.14.0301,USUCAPIÃO (49),LUCIANA ALBUQUERQUE LIMA
CÍVEL,BELÉM,1ª DEFENSORIA PUBLICA DE DEFESA DA MORADIA,2026-06-12 09:41:47.809301-03:00,0860342-39.2026.8.14.0301,USUCAPIÃO (49),LUCIANA ALBUQUERQUE LIMA
CÍVEL,BELÉM,1ª DEFENSORIA PUBLICA DE DEFESA DA MORADIA,2026-06-12 10:14:16.669925-03:00,0861664-94.2026.8.14.0301,USUCAPIÃO (49),LUCIANA ALBUQUERQUE LIMA
CÍVEL,BELÉM,1ª DEFENSORIA PUBLICA DE DEFESA DA MORADIA,2026-06-15 13:11:42.632139-03:00,0860949-52.2026.8.14.0301,USUCAPIÃO (49),LUCIANA ALBUQUERQUE LIMA
CÍVEL,BELÉM,1ª DEFENSORIA PUBLICA DE DEFESA DA MORADIA,2026-06-17 13:45:37.221170-03:00,0861877-03.2026.8.14.0301,USUCAPIÃO (49),LUCIANA ALBUQUERQUE LIMA
CÍVEL,BELÉM,1ª DEFENSORIA PUBLICA DE DEFESA DA MORADIA,2026-06-19 13:31:36.386326-03:00,0862689-45.2026.8.14.0301,USUCAPIÃO (49),LUCIANA ALBUQUERQUE LIMA
CÍVEL,BELÉM,1ª DEFENSORIA PUBLICA DE DEFESA DA MORADIA,2026-06-19 13:48:56.282000-03:00,0862784-75.2026.8.14.0301,USUCAPIÃO (49),LUCIANA ALBUQUERQUE LIMA
CÍVEL,BELÉM,1ª DEFENSORIA PUBLICA DE DEFESA DA MORADIA,2026-06-22 09:35:34.024086-03:00,0863267-08.2026.8.14.0301,USUCAPIÃO (49),LUCIANA ALBUQUERQUE LIMA
CÍVEL,BELÉM,1ª DEFENSORIA PUBLICA DE DEFESA DA MORADIA,2026-06-23 13:21:06.275331-03:00,0863861-22.2026.8.14.0301,USUCAPIÃO (49),LUCIANA ALBUQUERQUE LIMA
CÍVEL,BELÉM,1ª DEFENSORIA PUBLICA DE DEFESA DA MORADIA,2026-06-30 09:29:15.144563-03:00,0865480-84.2026.8.14.0301,USUCAPIÃO (49),LUCIANA ALBUQUERQUE LIMA
CÍVEL,BELÉM,1ª DEFENSORIA PUBLICA DE DEFESA DA MORADIA,2026-07-06 10:47:46.648854-03:00,0867344-60.2026.8.14.0301,USUCAPIÃO (49),LUCIANA ALBUQUERQUE LIMA
CÍVEL,BELÉM,1ª DEFENSORIA PUBLICA DE DEFESA DA MORADIA,2026-07-13 09:21:52.670612-03:00,0869592-96.2026.8.14.0301,USUCAPIÃO (49),LUCIANA ALBUQUERQUE LIMA
CÍVEL,BELÉM,1ª DEFENSORIA PUBLICA DE DEFESA DA MORADIA,2026-07-14 10:04:40.043826-03:00,0870038-02.2026.8.14.0301,USUCAPIÃO (49),LUCIANA ALBUQUERQUE LIMA
CÍVEL,BELÉM,1ª DEFENSORIA PUBLICA DE DEFESA DA MORADIA,2026-07-16 10:26:52.312025-03:00,0870709-25.2026.8.14.0301,USUCAPIÃO (49),LUCIANA ALBUQUERQUE LIMA
CÍVEL,BELÉM,1ª DEFENSORIA PUBLICA DE DEFESA DA MORADIA,2026-07-27 11:00:52.162405-03:00,0873481-58.2026.8.14.0301,USUCAPIÃO (49),LUCIANA ALBUQUERQUE LIMA
CÍVEL,BELÉM,1ª DEFENSORIA PUBLICA DE DEFESA DA MORADIA,2026-07-27 13:17:13.270588-03:00,0873484-13.2026.8.14.0301,USUCAPIÃO (49),LUCIANA ALBUQUERQUE LIMA
CÍVEL,BELÉM,1ª DEFENSORIA PUBLICA DE DEFESA DA MORADIA,2026-07-30 09:42:16.696161-03:00,0885355-40.2026.8.14.0301,USUCAPIÃO (49),LUCIANA ALBUQUERQUE LIMA
CÍVEL,BELÉM,1ª DEFENSORIA PUBLICA DE DEFESA DA MORADIA,2026-07-30 10:10:44.594141-03:00,0874839-58.2026.8.14.0301,USUCAPIÃO (49),LUCIANA ALBUQUERQUE LIMA
CÍVEL,BELÉM,1ª DEFENSORIA PUBLICA DE DEFESA DA MORADIA,2026-08-31 12:19:51.535053-03:00,0884548-20.2026.8.14.0301,USUCAPIÃO (49),LUCIANA ALBUQUERQUE LIMA
CÍVEL,BELÉM,1ª DEFENSORIA PUBLICA DE DEFESA DA MORADIA,2026-08-31 18:41:08.277122-03:00,0885356-25.2026.8.14.0301,USUCAPIÃO (49),LUCIANA ALBUQUERQUE LIMA
CÍVEL,BELÉM,1ª DEFENSORIA PUBLICA DE DEFESA DA MORADIA,2026-09-11 09:29:10.518023-03:00,0890300-70.2026.8.14.0301,USUCAPIÃO (49),LUCIANA ALBUQUERQUE LIMA
CÍVEL,BELÉM,1ª DEFENSORIA PUBLICA DE DIREITOS HUMANOS,2026-06-25 14:13:10.378478-03:00,0864345-37.2026.8.14.0301,RETIFICAÇÃO OU SUPRIMENTO OU RESTAURAÇÃO DE REGISTRO CIVIL (1682),MARIA DE BELÉM BATISTA PEREIRA
CÍVEL,BELÉM,1ª DEFENSORIA PUBLICA DE DIREITOS HUMANOS,2026-07-23 13:35:41.736684-03:00,0872453-55.2026.8.14.0301,RETIFICAÇÃO OU SUPRIMENTO OU RESTAURAÇÃO DE REGISTRO CIVIL (1682),MARCIO NEIVA COELHO
CÍVEL,BELÉM,1ª DEFENSORIA PUBLICA DE DIREITOS HUMANOS,2026-08-11 15:07:57.651390-03:00,0877853-50.2026.8.14.0301,PETIÇÃO CÍVEL (241),MARIA DE BELÉM BATISTA PEREIRA
CÍVEL,BELÉM,1ª DEFENSORIA PUBLICA DE DIREITOS HUMANOS,2026-08-12 11:02:25.875482-03:00,0877856-05.2026.8.14.0301,RETIFICAÇÃO OU SUPRIMENTO OU RESTAURAÇÃO DE REGISTRO CIVIL (1682),MARIA DE BELÉM BATISTA PEREIRA
CÍVEL,BELÉM,1ª DEFENSORIA PUBLICA DE DIREITOS HUMANOS,2026-08-21 10:09:23.072447-03:00,0881191-32.2026.8.14.0301,RETIFICAÇÃO OU SUPRIMENTO OU RESTAURAÇÃO DE REGISTRO CIVIL (1682),MARIA DE BELÉM BATISTA PEREIRA
CÍVEL,BELÉM,1ª  DEFENSORIA PUBLICA DE ENFRENTAMENTO A VIOLENCIA DE GENERO,2026-01-09 11:52:13.282590-03:00,0805929-76.2026.8.14.0301,PROCEDIMENTO COMUM CÍVEL (7),DAIANE LIMA DOS SANTOS
CÍVEL,BELÉM,1ª  DEFENSORIA PUBLICA DE ENFRENTAMENTO A VIOLENCIA DE GENERO,2026-01-12 12:28:18.636289-03:00,0805940-08.2026.8.14.0301,PROCEDIMENTO COMUM CÍVEL (7),DAIANE LIMA DOS SANTOS
CÍVEL,BELÉM,1ª  DEFENSORIA PUBLICA DE ENFRENTAMENTO A VIOLENCIA DE GENERO,2026-01-13 11:14:04.261898-03:00,0805990-34.2026.8.14.0301,PROCEDIMENTO COMUM CÍVEL (7),DAIANE LIMA DOS SANTOS
CÍVEL,BELÉM,1ª  DEFENSORIA PUBLICA DE ENFRENTAMENTO A VIOLENCIA DE GENERO,2026-01-26 12:01:13.452028-03:00,0805963-51.2026.8.14.0301,DIVÓRCIO LITIGIOSO (12541),DAIANE LIMA DOS SANTOS
CÍVEL,BELÉM,1ª  DEFENSORIA PUBLICA DE ENFRENTAMENTO A VIOLENCIA DE GENERO,2026-01-27 11:37:06.843132-03:00,0805944-45.2026.8.14.0301,DIVÓRCIO LITIGIOSO (12541),DAIANE LIMA DOS SANTOS
CÍVEL,BELÉM,1ª  DEFENSORIA PUBLICA DE ENFRENTAMENTO A VIOLENCIA DE GENERO,2026-02-02 10:32:22.486410-03:00,0809867-79.2026.8.14.0301,GUARDA DE INFÂNCIA E JUVENTUDE (1420),DAIANE LIMA DOS SANTOS
CÍVEL,BELÉM,1ª  DEFENSORIA PUBLICA DE ENFRENTAMENTO A VIOLENCIA DE GENERO,2026-02-02 13:18:29.093769-03:00,0819419-68.2026.8.14.0301,DIVÓRCIO LITIGIOSO (12541),DAIANE LIMA DOS SANTOS
CÍVEL,BELÉM,1ª  DEFENSORIA PUBLICA DE ENFRENTAMENTO A VIOLENCIA DE GENERO,2026-02-10 10:39:26.994022-03:00,0819424-90.2026.8.14.0301,GUARDA DE INFÂNCIA E JUVENTUDE (1420),DAIANE LIMA DOS SANTOS
CÍVEL,BELÉM,1ª  DEFENSORIA PUBLICA DE ENFRENTAMENTO A VIOLENCIA DE GENERO,2026-02-10 13:08:06.876859-03:00,0820068-33.2026.8.14.0301,DIVÓRCIO LITIGIOSO (12541),DAIANE LIMA DOS SANTOS
CÍVEL,BELÉM,1ª  DEFENSORIA PUBLICA DE ENFRENTAMENTO A VIOLENCIA DE GENERO,2026-02-10 13:26:57.870772-03:00,0820560-25.2026.8.14.0301,PROCEDIMENTO COMUM CÍVEL (7),DAIANE LIMA DOS SANTOS
CÍVEL,BELÉM,1ª  DEFENSORIA PUBLICA DE ENFRENTAMENTO A VIOLENCIA DE GENERO,2026-02-12 11:09:08.674768-03:00,0823256-34.2026.8.14.0301,PROCEDIMENTO COMUM CÍVEL (7),DAIANE LIMA DOS SANTOS
CÍVEL,BELÉM,1ª  DEFENSORIA PUBLICA DE ENFRENTAMENTO A VIOLENCIA DE GENERO,2026-03-06 11:00:55.261134-03:00,0830158-03.2026.8.14.0301,PROCEDIMENTO COMUM CÍVEL (7),DAIANE LIMA DOS SANTOS
CÍVEL,BELÉM,1ª  DEFENSORIA PUBLICA DE ENFRENTAMENTO A VIOLENCIA DE GENERO,2026-03-10 13:11:17.120911-03:00,0830171-02.2026.8.14.0301,ALIMENTOS - LEI ESPECIAL Nº 5.478/68 (69),DAIANE LIMA DOS SANTOS
CÍVEL,BELÉM,1ª  DEFENSORIA PUBLICA DE ENFRENTAMENTO A VIOLENCIA DE GENERO,2026-03-13 13:50:51.662264-03:00,0829374-26.2026.8.14.0301,DIVÓRCIO CONSENSUAL (12372),DAIANE LIMA DOS SANTOS
CÍVEL,BELÉM,1ª  DEFENSORIA PUBLICA DE ENFRENTAMENTO A VIOLENCIA DE GENERO,2026-03-31 09:54:00.277180-03:00,0839023-15.2026.8.14.0301,ALIMENTOS - LEI ESPECIAL Nº 5.478/68 (69),DAIANE LIMA DOS SANTOS
CÍVEL,BELÉM,1ª  DEFENSORIA PUBLICA DE ENFRENTAMENTO A VIOLENCIA DE GENERO,2026-04-01 11:56:26.568132-03:00,0842600-98.2026.8.14.0301,PROCEDIMENTO COMUM CÍVEL (7),DAIANE LIMA DOS SANTOS
CÍVEL,BELÉM,1ª  DEFENSORIA PUBLICA DE ENFRENTAMENTO A VIOLENCIA DE GENERO,2026-04-07 12:35:34.253953-03:00,0842612-15.2026.8.14.0301,DIVÓRCIO LITIGIOSO (12541),DAIANE LIMA DOS SANTOS
CÍVEL,BELÉM,1ª  DEFENSORIA PUBLICA DE ENFRENTAMENTO A VIOLENCIA DE GENERO,2026-04-16 11:12:37.536189-03:00,0845986-39.2026.8.14.0301,PROCEDIMENTO COMUM CÍVEL (7),DAIANE LIMA DOS SANTOS
CÍVEL,BELÉM,1ª  DEFENSORIA PUBLICA DE ENFRENTAMENTO A VIOLENCIA DE GENERO,2026-04-28 11:42:47.655512-03:00,0848321-31.2026.8.14.0301,ALIMENTOS - LEI ESPECIAL Nº 5.478/68 (69),DAIANE LIMA DOS SANTOS
CÍVEL,BELÉM,1ª  DEFENSORIA PUBLICA DE ENFRENTAMENTO A VIOLENCIA DE GENERO,2026-04-29 11:43:23.639929-03:00,0847402-42.2026.8.14.0301,ALIMENTOS - LEI ESPECIAL Nº 5.478/68 (69),DAIANE LIMA DOS SANTOS
CÍVEL,BELÉM,1ª  DEFENSORIA PUBLICA DE ENFRENTAMENTO A VIOLENCIA DE GENERO,2026-04-30 13:57:56.224594-03:00,0848322-16.2026.8.14.0301,PROCEDIMENTO COMUM CÍVEL (7),DAIANE LIMA DOS SANTOS
CÍVEL,BELÉM,1ª  DEFENSORIA PUBLICA DE ENFRENTAMENTO A VIOLENCIA DE GENERO,2026-05-11 10:11:12.610968-03:00,0849780-68.2026.8.14.0301,CUMPRIMENTO DE SENTENÇA (156),DAIANE LIMA DOS SANTOS
CÍVEL,BELÉM,1ª  DEFENSORIA PUBLICA DE ENFRENTAMENTO A VIOLENCIA DE GENERO,2026-05-12 12:01:47.154752-03:00,0850765-37.2026.8.14.0301,ALIMENTOS - LEI ESPECIAL Nº 5.478/68 (69),FLORIANO BARBOSA JUNIOR
CÍVEL,BELÉM,1ª  DEFENSORIA PUBLICA DE ENFRENTAMENTO A VIOLENCIA DE GENERO,2026-05-13 11:26:08.432247-03:00,0850767-07.2026.8.14.0301,PROCEDIMENTO COMUM CÍVEL (7),FLORIANO BARBOSA JUNIOR
CÍVEL,BELÉM,1ª  DEFENSORIA PUBLICA DE ENFRENTAMENTO A VIOLENCIA DE GENERO,2026-05-14 10:50:47.324861-03:00,0851594-18.2026.8.14.0301,HOMOLOGAÇÃO DA TRANSAÇÃO EXTRAJUDICIAL (12374),FLORIANO BARBOSA JUNIOR
CÍVEL,BELÉM,1ª  DEFENSORIA PUBLICA DE ENFRENTAMENTO A VIOLENCIA DE GENERO,2026-05-26 09:24:29.148129-03:00,0855436-06.2026.8.14.0301,ALIMENTOS - LEI ESPECIAL Nº 5.478/68 (69),FLORIANO BARBOSA JUNIOR
CÍVEL,BELÉM,1ª  DEFENSORIA PUBLICA DE ENFRENTAMENTO A VIOLENCIA DE GENERO,2026-06-15 14:45:33.998919-03:00,0861228-38.2026.8.14.0301,ALIMENTOS - LEI ESPECIAL Nº 5.478/68 (69),FLORIANO BARBOSA JUNIOR
CÍVEL,BELÉM,1ª  DEFENSORIA PUBLICA DE ENFRENTAMENTO A VIOLENCIA DE GENERO,2026-06-18 12:18:13.535890-03:00,0862406-22.2026.8.14.0301,ALIMENTOS - LEI ESPECIAL Nº 5.478/68 (69),FLORIANO BARBOSA JUNIOR
CÍVEL,BELÉM,1ª  DEFENSORIA PUBLICA DE ENFRENTAMENTO A VIOLENCIA DE GENERO,2026-06-22 19:33:39.960668-03:00,0863427-33.2026.8.14.0301,ALIMENTOS - LEI ESPECIAL Nº 5.478/68 (69),FLORIANO BARBOSA JUNIOR
CÍVEL,BELÉM,1ª  DEFENSORIA PUBLICA DE ENFRENTAMENTO A VIOLENCIA DE GENERO,2026-06-30 12:29:35.276435-03:00,0867802-77.2026.8.14.0301,DIVÓRCIO LITIGIOSO (12541),DAIANE LIMA DOS SANTOS
CÍVEL,BELÉM,1ª  DEFENSORIA PUBLICA DE ENFRENTAMENTO A VIOLENCIA DE GENERO,2026-07-01 21:14:23.694103-03:00,0867811-39.2026.8.14.0301,PROCEDIMENTO COMUM CÍVEL (7),DAIANE LIMA DOS SANTOS
CÍVEL,BELÉM,1ª  DEFENSORIA PUBLICA DE ENFRENTAMENTO A VIOLENCIA DE GENERO,2026-07-07 12:52:44.306223-03:00,0867790-63.2026.8.14.0301,ALIMENTOS - LEI ESPECIAL Nº 5.478/68 (69),DAIANE LIMA DOS SANTOS
CÍVEL,BELÉM,1ª  DEFENSORIA PUBLICA DE ENFRENTAMENTO A VIOLENCIA DE GENERO,2026-07-09 15:08:51.739770-03:00,0870429-54.2026.8.14.0301,PROCEDIMENTO COMUM CÍVEL (7),DAIANE LIMA DOS SANTOS
CÍVEL,BELÉM,1ª  DEFENSORIA PUBLICA DE ENFRENTAMENTO A VIOLENCIA DE GENERO,2026-07-21 10:31:03.930932-03:00,0872358-25.2026.8.14.0301,PROCEDIMENTO COMUM CÍVEL (7),DAIANE LIMA DOS SANTOS
CÍVEL,BELÉM,1ª  DEFENSORIA PUBLICA DE ENFRENTAMENTO A VIOLENCIA DE GENERO,2026-07-28 09:13:03.871425-03:00,0873781-20.2026.8.14.0301,ALIMENTOS - LEI ESPECIAL Nº 5.478/68 (69),DAIANE LIMA DOS SANTOS
CÍVEL,BELÉM,1ª  DEFENSORIA PUBLICA DE ENFRENTAMENTO A VIOLENCIA DE GENERO,2026-08-17 12:02:02.500814-03:00,0880388-49.2026.8.14.0301,GUARDA DE FAMÍLIA,DAIANE LIMA DOS SANTOS
CÍVEL,BELÉM,1ª  DEFENSORIA PUBLICA DE ENFRENTAMENTO A VIOLENCIA DE GENERO,2026-08-24 12:20:50.766809-03:00,0887889-54.2026.8.14.0301,GUARDA DE FAMÍLIA,DAIANE LIMA DOS SANTOS
CÍVEL,BELÉM,1ª  DEFENSORIA PUBLICA DE ENFRENTAMENTO A VIOLENCIA DE GENERO,2026-08-27 09:33:03.360422-03:00,0885104-22.2026.8.14.0301,PROCEDIMENTO COMUM CÍVEL (7),DAIANE LIMA DOS SANTOS
CÍVEL,BELÉM,1ª  DEFENSORIA PUBLICA DE ENFRENTAMENTO A VIOLENCIA DE GENERO,2026-09-09 01:42:53.610921-03:00,0888510-51.2026.8.14.0301,ALIMENTOS - LEI ESPECIAL Nº 5.478/68 (69),DAIANE LIMA DOS SANTOS
CÍVEL,BELÉM,1ª  DEFENSORIA PUBLICA DE ENFRENTAMENTO A VIOLENCIA DE GENERO,2026-09-09 01:58:49.368369-03:00,0890035-68.2026.8.14.0301,EXECUÇÃO DE TÍTULO EXTRAJUDICIAL,DAIANE LIMA DOS SANTOS
CÍVEL,BELÉM,1ª  DEFENSORIA PUBLICA DE ENFRENTAMENTO A VIOLENCIA DE GENERO,2026-09-10 11:27:58.382360-03:00,0889567-07.2026.8.14.0301,GUARDA DE INFÂNCIA E JUVENTUDE (1420),DAIANE LIMA DOS SANTOS
CÍVEL,BELÉM,1ª  DEFENSORIA PUBLICA DE ENFRENTAMENTO A VIOLENCIA DE GENERO,2026-09-15 10:10:32.967395-03:00,0889583-58.2026.8.14.0301,AÇÃO CIVIL PÚBLICA INFÂNCIA E JUVENTUDE (1690),DAIANE LIMA DOS SANTOS
CÍVEL,BELÉM,1ª  DEFENSORIA PUBLICA DE ENFRENTAMENTO A VIOLENCIA DE GENERO,2026-09-15 13:34:19.851303-03:00,0889573-14.2026.8.14.0301,PROCEDIMENTO COMUM CÍVEL (7),DAIANE LIMA DOS SANTOS
CÍVEL,BELÉM,1ª  DEFENSORIA PUBLICA DE ENFRENTAMENTO A VIOLENCIA DE GENERO,2026-09-21 16:31:54.943619-03:00,0892499-65.2026.8.14.0301,ALIMENTOS - LEI ESPECIAL Nº 5.478/68 (69),DAIANE LIMA DOS SANTOS
CÍVEL,BELÉM,1ª DEFENSORIA PÚBLICA DE FAMÍLIA,2026-03-17 23:15:45.232898-03:00,0851573-42.2026.8.14.0301,ALIMENTOS - LEI ESPECIAL Nº 5.478/68 (69),KATIA HELENA COSTEIRA GOMES
CÍVEL,BELÉM,1ª DEFENSORIA PÚBLICA DE FAMÍLIA,2026-03-31 12:09:59.357602-03:00,0836335-80.2026.8.14.0301,CUMPRIMENTO DE SENTENÇA (156),KATIA HELENA COSTEIRA GOMES
CÍVEL,BELÉM,1ª DEFENSORIA PÚBLICA DE FAMÍLIA,2026-04-07 11:01:45.656465-03:00,0840108-36.2026.8.14.0301,CUMPRIMENTO DE SENTENÇA (156),KATIA HELENA COSTEIRA GOMES
CÍVEL,BELÉM,1ª DEFENSORIA PÚBLICA DE FAMÍLIA,2026-05-18 13:26:23.338653-03:00,0852637-87.2026.8.14.0301,CUMPRIMENTO DE SENTENÇA DE OBRIGAÇÃO DE PRESTAR ALIMENTOS,KATIA HELENA COSTEIRA GOMES
CÍVEL,BELÉM,1ª DEFENSORIA PÚBLICA DE FAMÍLIA,2026-05-27 10:51:20.138890-03:00,0857210-71.2026.8.14.0301,CUMPRIMENTO DE SENTENÇA DE OBRIGAÇÃO DE PRESTAR ALIMENTOS,ROSSIVAGNER SANTANA SANTOS
CÍVEL,BELÉM,1ª DEFENSORIA PÚBLICA DE FAMÍLIA,2026-06-01 13:18:52.647679-03:00,0859617-50.2026.8.14.0301,CUMPRIMENTO DE SENTENÇA (156),ROSSIVAGNER SANTANA SANTOS
CÍVEL,BELÉM,1ª DEFENSORIA PÚBLICA DE FAMÍLIA,2026-06-23 11:08:48.137156-03:00,0864896-17.2026.8.14.0301,CUMPRIMENTO DE SENTENÇA (156),ROSSIVAGNER SANTANA SANTOS
CÍVEL,BELÉM,1ª DEFENSORIA PÚBLICA DE FAMÍLIA,2026-08-04 12:09:18.583087-03:00,0880955-80.2026.8.14.0301,CUMPRIMENTO DE SENTENÇA (156),ROSSIVAGNER SANTANA SANTOS
CÍVEL,BELÉM,1ª DEFENSORIA PÚBLICA DE FAMÍLIA,2026-08-18 10:36:00.295095-03:00,0885263-62.2026.8.14.0301,CUMPRIMENTO DE SENTENÇA (156),ROSSIVAGNER SANTANA SANTOS
CÍVEL,BELÉM,1ª DEFENSORIA PÚBLICA DE FAMÍLIA,2026-08-18 11:23:55.098395-03:00,0881016-38.2026.8.14.0301,CUMPRIMENTO DE SENTENÇA DE OBRIGAÇÃO DE PRESTAR ALIMENTOS,ROSSIVAGNER SANTANA SANTOS
CÍVEL,BELÉM,1ª DEFENSORIA PÚBLICA DE FAMÍLIA,2026-08-18 13:59:23.430062-03:00,0881024-15.2026.8.14.0301,CUMPRIMENTO DE SENTENÇA DE OBRIGAÇÃO DE PRESTAR ALIMENTOS,ROSSIVAGNER SANTANA SANTOS
CÍVEL,BELÉM,1ª DEFENSORIA PÚBLICA DE FAMÍLIA,2026-08-18 14:00:52.316914-03:00,0881025-97.2026.8.14.0301,CUMPRIMENTO DE SENTENÇA DE OBRIGAÇÃO DE PRESTAR ALIMENTOS,ROSSIVAGNER SANTANA SANTOS
CÍVEL,BELÉM,1ª DEFENSORIA PÚBLICA DE FAMÍLIA,2026-08-26 10:23:44.965573-03:00,0887431-37.2026.8.14.0301,CUMPRIMENTO DE SENTENÇA (156),ROSSIVAGNER SANTANA SANTOS
CÍVEL,BELÉM,1ª DEFENSORIA PÚBLICA DE FAMÍLIA,2026-08-26 10:33:32.008646-03:00,0887435-74.2026.8.14.0301,CUMPRIMENTO DE SENTENÇA (156),ROSSIVAGNER SANTANA SANTOS
CÍVEL,BELÉM,1ª DEFENSORIA PUBLICA DE FAZENDA PUBLICA,2026-01-15 11:15:56.310546-03:00,0802674-13.2026.8.14.0301,PROCEDIMENTO DO JUIZADO ESPECIAL DA FAZENDA PÚBLICA,LUCIANA SILVA RASSY PALÁCIOS
CÍVEL,BELÉM,1ª DEFENSORIA PUBLICA DE FAZENDA PUBLICA,2026-01-16 13:54:03.794227-03:00,0811521-04.2026.8.14.0301,PROCEDIMENTO DO JUIZADO ESPECIAL CÍVEL (436),LUCIANA SILVA RASSY PALÁCIOS
CÍVEL,BELÉM,1ª DEFENSORIA PUBLICA DE FAZENDA PUBLICA,2026-01-20 10:29:04.551831-03:00,0803893-61.2026.8.14.0301,PROCEDIMENTO DO JUIZADO ESPECIAL DA FAZENDA PÚBLICA,LUCIANA SILVA RASSY PALÁCIOS
CÍVEL,BELÉM,1ª DEFENSORIA PUBLICA DE FAZENDA PUBLICA,2026-02-25 13:34:00.863861-03:00,0823877-31.2026.8.14.0301,EMBARGOS À EXECUÇÃO (172),LUCIANA SILVA RASSY PALÁCIOS
CÍVEL,BELÉM,1ª DEFENSORIA PUBLICA DE FAZENDA PUBLICA,2026-03-09 11:43:10.984774-03:00,0827340-78.2026.8.14.0301,PROCEDIMENTO DO JUIZADO ESPECIAL DA FAZENDA PÚBLICA,LUCIANA SILVA RASSY PALÁCIOS
CÍVEL,BELÉM,1ª DEFENSORIA PUBLICA DE FAZENDA PUBLICA,2026-03-09 18:18:56.082333-03:00,0827490-59.2026.8.14.0301,PROCEDIMENTO DO JUIZADO ESPECIAL DA FAZENDA PÚBLICA,REGINALDO TAVEIRA RIBEIRO
CÍVEL,BELÉM,1ª DEFENSORIA PUBLICA DE FAZENDA PUBLICA,2026-03-12 08:29:55.612185-03:00,0828847-74.2026.8.14.0301,CUMPRIMENTO DE SENTENÇA CONTRA A FAZENDA PÚBLICA,REGINALDO TAVEIRA RIBEIRO
CÍVEL,BELÉM,1ª DEFENSORIA PUBLICA DE FAZENDA PUBLICA,2026-03-15 11:32:09.162932-03:00,0829806-45.2026.8.14.0301,PROCEDIMENTO DO JUIZADO ESPECIAL DA FAZENDA PÚBLICA,REGINALDO TAVEIRA RIBEIRO
CÍVEL,BELÉM,1ª DEFENSORIA PUBLICA DE FAZENDA PUBLICA,2026-03-15 11:52:43.061056-03:00,0829808-15.2026.8.14.0301,PROCEDIMENTO DO JUIZADO ESPECIAL DA FAZENDA PÚBLICA,REGINALDO TAVEIRA RIBEIRO
CÍVEL,BELÉM,1ª DEFENSORIA PUBLICA DE FAZENDA PUBLICA,2026-03-17 13:17:25.127915-03:00,0830541-78.2026.8.14.0301,PROCEDIMENTO DO JUIZADO ESPECIAL DA FAZENDA PÚBLICA,REGINALDO TAVEIRA RIBEIRO
CÍVEL,BELÉM,1ª DEFENSORIA PUBLICA DE FAZENDA PUBLICA,2026-04-06 09:46:07.374558-03:00,0837152-47.2026.8.14.0301,PROCEDIMENTO DO JUIZADO ESPECIAL DA FAZENDA PÚBLICA,REGINALDO TAVEIRA RIBEIRO
CÍVEL,BELÉM,1ª DEFENSORIA PUBLICA DE FAZENDA PUBLICA,2026-04-27 18:29:20.784269-03:00,0846039-20.2026.8.14.0301,PROCEDIMENTO DO JUIZADO ESPECIAL DA FAZENDA PÚBLICA,REGINALDO TAVEIRA RIBEIRO
CÍVEL,BELÉM,1ª DEFENSORIA PUBLICA DE FAZENDA PUBLICA,2026-05-25 13:55:03.587217-03:00,0854764-95.2026.8.14.0301,EMBARGOS À EXECUÇÃO (172),REGINALDO TAVEIRA RIBEIRO
CÍVEL,BELÉM,1ª DEFENSORIA PUBLICA DE FAZENDA PUBLICA,2026-06-02 10:09:26.057900-03:00,0857398-64.2026.8.14.0301,PROCEDIMENTO DO JUIZADO ESPECIAL DA FAZENDA PÚBLICA,REGINALDO TAVEIRA RIBEIRO
CÍVEL,BELÉM,1ª DEFENSORIA PUBLICA DE FAZENDA PUBLICA,2026-06-10 09:50:41.558130-03:00,0859532-64.2026.8.14.0301,PROCEDIMENTO DO JUIZADO ESPECIAL DA FAZENDA PÚBLICA,JOSÉ ANIJAR FRAGOSO REI
CÍVEL,BELÉM,1ª DEFENSORIA PUBLICA DE FAZENDA PUBLICA,2026-06-10 11:08:01.178125-03:00,0859534-34.2026.8.14.0301,PROCEDIMENTO DO JUIZADO ESPECIAL DA FAZENDA PÚBLICA,JOSÉ ANIJAR FRAGOSO REI
CÍVEL,BELÉM,1ª DEFENSORIA PUBLICA DE FAZENDA PUBLICA,2026-06-11 09:57:42.831229-03:00,0859863-46.2026.8.14.0301,PROCEDIMENTO DO JUIZADO ESPECIAL DA FAZENDA PÚBLICA,JOSÉ ANIJAR FRAGOSO REI
CÍVEL,BELÉM,1ª DEFENSORIA PUBLICA DE FAZENDA PUBLICA,2026-06-11 10:07:38.313285-03:00,0859912-87.2026.8.14.0301,PROCEDIMENTO DO JUIZADO ESPECIAL DA FAZENDA PÚBLICA,JOSÉ ANIJAR FRAGOSO REI
CÍVEL,BELÉM,1ª DEFENSORIA PUBLICA DE FAZENDA PUBLICA,2026-06-11 11:28:15.343543-03:00,0859967-38.2026.8.14.0301,PROCEDIMENTO DO JUIZADO ESPECIAL DA FAZENDA PÚBLICA,JOSÉ ANIJAR FRAGOSO REI
CÍVEL,BELÉM,1ª DEFENSORIA PUBLICA DE FAZENDA PUBLICA,2026-06-11 11:37:20.085821-03:00,0859970-90.2026.8.14.0301,PROCEDIMENTO DO JUIZADO ESPECIAL DA FAZENDA PÚBLICA,JOSÉ ANIJAR FRAGOSO REI
CÍVEL,BELÉM,1ª DEFENSORIA PUBLICA DE FAZENDA PUBLICA,2026-06-11 11:53:03.753345-03:00,0859971-75.2026.8.14.0301,PROCEDIMENTO DO JUIZADO ESPECIAL DA FAZENDA PÚBLICA,JOSÉ ANIJAR FRAGOSO REI
CÍVEL,BELÉM,1ª DEFENSORIA PUBLICA DE FAZENDA PUBLICA,2026-06-11 11:59:34.401615-03:00,0859968-23.2026.8.14.0301,PROCEDIMENTO DO JUIZADO ESPECIAL DA FAZENDA PÚBLICA,JOSÉ ANIJAR FRAGOSO REI
CÍVEL,BELÉM,1ª DEFENSORIA PUBLICA DE FAZENDA PUBLICA,2026-06-11 12:14:56.224727-03:00,0860017-64.2026.8.14.0301,PROCEDIMENTO DO JUIZADO ESPECIAL DA FAZENDA PÚBLICA,JOSÉ ANIJAR FRAGOSO REI
CÍVEL,BELÉM,1ª DEFENSORIA PUBLICA DE FAZENDA PUBLICA,2026-06-11 12:20:43.272571-03:00,0860018-49.2026.8.14.0301,PROCEDIMENTO DO JUIZADO ESPECIAL DA FAZENDA PÚBLICA,JOSÉ ANIJAR FRAGOSO REI
CÍVEL,BELÉM,1ª DEFENSORIA PUBLICA DE FAZENDA PUBLICA,2026-06-11 12:32:21.268958-03:00,0860019-34.2026.8.14.0301,PROCEDIMENTO DO JUIZADO ESPECIAL DA FAZENDA PÚBLICA,JOSÉ ANIJAR FRAGOSO REI
CÍVEL,BELÉM,1ª DEFENSORIA PUBLICA DE FAZENDA PUBLICA,2026-06-11 13:13:44.646415-03:00,0860033-18.2026.8.14.0301,PROCEDIMENTO DO JUIZADO ESPECIAL DA FAZENDA PÚBLICA,JOSÉ ANIJAR FRAGOSO REI
CÍVEL,BELÉM,1ª DEFENSORIA PUBLICA DE FAZENDA PUBLICA,2026-06-11 14:41:20.738473-03:00,0860084-29.2026.8.14.0301,PROCEDIMENTO DO JUIZADO ESPECIAL DA FAZENDA PÚBLICA,JOSÉ ANIJAR FRAGOSO REI
CÍVEL,BELÉM,1ª DEFENSORIA PUBLICA DE FAZENDA PUBLICA,2026-07-16 12:55:08.370351-03:00,0870484-05.2026.8.14.0301,PROCEDIMENTO DO JUIZADO ESPECIAL DA FAZENDA PÚBLICA,JOSÉ ANIJAR FRAGOSO REI
CÍVEL,BELÉM,1ª DEFENSORIA PUBLICA DE FAZENDA PUBLICA,2026-07-21 11:33:08.367757-03:00,0871626-44.2026.8.14.0301,PROCEDIMENTO COMUM CÍVEL (7),JOSÉ ANIJAR FRAGOSO REI
CÍVEL,BELÉM,1ª DEFENSORIA PUBLICA DE FAZENDA PUBLICA,2026-07-21 14:21:40.977149-03:00,0871740-80.2026.8.14.0301,PROCEDIMENTO DO JUIZADO ESPECIAL DA FAZENDA PÚBLICA,JOSÉ ANIJAR FRAGOSO REI
CÍVEL,BELÉM,1ª DEFENSORIA PUBLICA DE FAZENDA PUBLICA,2026-07-27 13:10:20.588476-03:00,0873315-26.2026.8.14.0301,PROCEDIMENTO DO JUIZADO ESPECIAL DA FAZENDA PÚBLICA,JOSÉ ANIJAR FRAGOSO REI
CÍVEL,BELÉM,1ª DEFENSORIA PUBLICA DE FAZENDA PUBLICA,2026-07-27 20:06:03.959460-03:00,0873331-77.2026.8.14.0301,PROCEDIMENTO DO JUIZADO ESPECIAL DA FAZENDA PÚBLICA,JOSÉ ANIJAR FRAGOSO REI
CÍVEL,BELÉM,1ª DEFENSORIA PUBLICA DE FAZENDA PUBLICA,2026-07-30 11:13:02.284006-03:00,0874265-35.2026.8.14.0301,PROCEDIMENTO DO JUIZADO ESPECIAL DA FAZENDA PÚBLICA,JOSÉ ANIJAR FRAGOSO REI
CÍVEL,BELÉM,1ª DEFENSORIA PUBLICA DE FAZENDA PUBLICA,2026-08-05 16:01:27.656282-03:00,0875915-20.2026.8.14.0301,PROCEDIMENTO DO JUIZADO ESPECIAL DA FAZENDA PÚBLICA,JOSÉ ANIJAR FRAGOSO REI
CÍVEL,BELÉM,1ª DEFENSORIA PUBLICA DE FAZENDA PUBLICA,2026-08-11 11:12:40.689300-03:00,0802764-21.2026.8.14.0010,PROCEDIMENTO DO JUIZADO ESPECIAL DA FAZENDA PÚBLICA,JOSÉ ANIJAR FRAGOSO REI
CÍVEL,BELÉM,1ª DEFENSORIA PUBLICA DE FAZENDA PUBLICA,2026-08-24 14:03:26.001289-03:00,0884392-32.2026.8.14.0301,PROCEDIMENTO COMUM CÍVEL (7),LUIS CARLOS DE AGUIAR PORTELA
CÍVEL,BELÉM,1ª DEFENSORIA PUBLICA DE FAZENDA PUBLICA,2026-08-26 11:07:54.734732-03:00,0882772-82.2026.8.14.0301,CUMPRIMENTO DE SENTENÇA CONTRA A FAZENDA PÚBLICA,JOSÉ ANIJAR FRAGOSO REI
CÍVEL,BELÉM,1ª DEFENSORIA PUBLICA DE FAZENDA PUBLICA,2026-08-31 09:39:42.020463-03:00,0884405-31.2026.8.14.0301,PROCEDIMENTO DO JUIZADO ESPECIAL DA FAZENDA PÚBLICA,JOSÉ ANIJAR FRAGOSO REI
CÍVEL,BELÉM,1ª DEFENSORIA PUBLICA DE FAZENDA PUBLICA,2026-08-31 11:48:29.313768-03:00,0884520-52.2026.8.14.0301,PROCEDIMENTO DO JUIZADO ESPECIAL DA FAZENDA PÚBLICA,JOSÉ ANIJAR FRAGOSO REI
CÍVEL,BELÉM,1ª DEFENSORIA PUBLICA DE FAZENDA PUBLICA,2026-08-31 13:27:23.676190-03:00,0884582-92.2026.8.14.0301,PROCEDIMENTO DO JUIZADO ESPECIAL DA FAZENDA PÚBLICA,JOSÉ ANIJAR FRAGOSO REI
CÍVEL,BELÉM,1ª DEFENSORIA PUBLICA DE FAZENDA PUBLICA,2026-09-01 12:47:34.956905-03:00,0885508-73.2026.8.14.0301,PROCEDIMENTO DO JUIZADO ESPECIAL DA FAZENDA PÚBLICA,JOSÉ ANIJAR FRAGOSO REI
CÍVEL,BELÉM,1ª DEFENSORIA PUBLICA DE FAZENDA PUBLICA,2026-09-03 13:19:54.313587-03:00,0886042-17.2026.8.14.0301,PROCEDIMENTO DO JUIZADO ESPECIAL DA FAZENDA PÚBLICA,JOSÉ ANIJAR FRAGOSO REI
CÍVEL,BELÉM,1ª DEFENSORIA PUBLICA DE FAZENDA PUBLICA,2026-09-08 13:46:00.070231-03:00,0887223-53.2026.8.14.0301,PROCEDIMENTO DO JUIZADO ESPECIAL DA FAZENDA PÚBLICA,JOSÉ ANIJAR FRAGOSO REI
CÍVEL,BELÉM,1ª DEFENSORIA PUBLICA DE FAZENDA PUBLICA,2026-09-08 13:54:31.269008-03:00,0887224-38.2026.8.14.0301,PROCEDIMENTO DO JUIZADO ESPECIAL DA FAZENDA PÚBLICA,JOSÉ ANIJAR FRAGOSO REI
CÍVEL,BELÉM,1ª DEFENSORIA PUBLICA DE FAZENDA PUBLICA,2026-09-15 13:01:24.604370-03:00,0889544-61.2026.8.14.0301,PROCEDIMENTO DO JUIZADO ESPECIAL DA FAZENDA PÚBLICA,JOSÉ ANIJAR FRAGOSO REI
CÍVEL,BELÉM,1ª DEFENSORIA PÚBLICA DE PROTEÇÃO DA INFÂNCIA E DA JUVENTUDE DA CAPITAL,2026-01-21 14:15:40.749450-03:00,0804457-40.2026.8.14.0301,PROCEDIMENTO COMUM INFÂNCIA E JUVENTUDE (1706),FELICIA MARQUES FIUZA NUNES
CÍVEL,BELÉM,1ª DEFENSORIA PÚBLICA DE PROTEÇÃO DA INFÂNCIA E DA JUVENTUDE DA CAPITAL,2026-01-22 12:15:58.045746-03:00,0804788-22.2026.8.14.0301,GUARDA DE INFÂNCIA E JUVENTUDE (1420),FELICIA MARQUES FIUZA NUNES
CÍVEL,BELÉM,1ª DEFENSORIA PÚBLICA DE PROTEÇÃO DA INFÂNCIA E DA JUVENTUDE DA CAPITAL,2026-01-28 13:30:39.493101-03:00,0806366-20.2026.8.14.0301,PROCEDIMENTO COMUM INFÂNCIA E JUVENTUDE (1706),FELICIA MARQUES FIUZA NUNES
CÍVEL,BELÉM,1ª DEFENSORIA PÚBLICA DE PROTEÇÃO DA INFÂNCIA E DA JUVENTUDE DA CAPITAL,2026-01-28 13:58:02.552604-03:00,0806377-49.2026.8.14.0301,PROCEDIMENTO COMUM INFÂNCIA E JUVENTUDE (1706),FELICIA MARQUES FIUZA NUNES
CÍVEL,BELÉM,1ª DEFENSORIA PÚBLICA DE PROTEÇÃO DA INFÂNCIA E DA JUVENTUDE DA CAPITAL,2026-02-02 10:14:56.523955-03:00,0809998-54.2026.8.14.0301,PETIÇÃO INFÂNCIA E JUVENTUDE CÍVEL (11026),FELICIA MARQUES FIUZA NUNES
CÍVEL,BELÉM,1ª DEFENSORIA PÚBLICA DE PROTEÇÃO DA INFÂNCIA E DA JUVENTUDE DA CAPITAL,2026-02-02 10:29:15.977867-03:00,0814610-35.2026.8.14.0301,PETIÇÃO INFÂNCIA E JUVENTUDE CÍVEL (11026),FELICIA MARQUES FIUZA NUNES
CÍVEL,BELÉM,1ª DEFENSORIA PÚBLICA DE PROTEÇÃO DA INFÂNCIA E DA JUVENTUDE DA CAPITAL,2026-02-04 08:57:26.625463-03:00,0813492-24.2026.8.14.0301,GUARDA DE INFÂNCIA E JUVENTUDE (1420),FELICIA MARQUES FIUZA NUNES
CÍVEL,BELÉM,1ª DEFENSORIA PÚBLICA DE PROTEÇÃO DA INFÂNCIA E DA JUVENTUDE DA CAPITAL,2026-02-10 14:17:31.523801-03:00,0819979-10.2026.8.14.0301,PROCEDIMENTO COMUM INFÂNCIA E JUVENTUDE (1706),FELICIA MARQUES FIUZA NUNES
CÍVEL,BELÉM,1ª DEFENSORIA PÚBLICA DE PROTEÇÃO DA INFÂNCIA E DA JUVENTUDE DA CAPITAL,2026-02-11 08:56:32.702118-03:00,0819981-77.2026.8.14.0301,PROCEDIMENTO COMUM INFÂNCIA E JUVENTUDE (1706),FELICIA MARQUES FIUZA NUNES
CÍVEL,BELÉM,1ª DEFENSORIA PÚBLICA DE PROTEÇÃO DA INFÂNCIA E DA JUVENTUDE DA CAPITAL,2026-02-11 14:46:53.316095-03:00,0820174-92.2026.8.14.0301,PROCEDIMENTO COMUM INFÂNCIA E JUVENTUDE (1706),FELICIA MARQUES FIUZA NUNES
CÍVEL,BELÉM,1ª DEFENSORIA PÚBLICA DE PROTEÇÃO DA INFÂNCIA E DA JUVENTUDE DA CAPITAL,2026-02-12 12:43:22.399029-03:00,0820584-53.2026.8.14.0301,PROCEDIMENTO COMUM INFÂNCIA E JUVENTUDE (1706),FELICIA MARQUES FIUZA NUNES
CÍVEL,BELÉM,1ª DEFENSORIA PÚBLICA DE PROTEÇÃO DA INFÂNCIA E DA JUVENTUDE DA CAPITAL,2026-02-25 09:03:13.372879-03:00,0823699-82.2026.8.14.0301,PROCEDIMENTO COMUM INFÂNCIA E JUVENTUDE (1706),FELICIA MARQUES FIUZA NUNES
CÍVEL,BELÉM,1ª DEFENSORIA PÚBLICA DE PROTEÇÃO DA INFÂNCIA E DA JUVENTUDE DA CAPITAL,2026-02-25 14:06:38.054861-03:00,0823900-74.2026.8.14.0301,PROCEDIMENTO COMUM INFÂNCIA E JUVENTUDE (1706),FELICIA MARQUES FIUZA NUNES
CÍVEL,BELÉM,1ª DEFENSORIA PÚBLICA DE PROTEÇÃO DA INFÂNCIA E DA JUVENTUDE DA CAPITAL,2026-02-25 14:11:36.995738-03:00,0823908-51.2026.8.14.0301,PROCEDIMENTO COMUM INFÂNCIA E JUVENTUDE (1706),FELICIA MARQUES FIUZA NUNES
CÍVEL,BELÉM,1ª DEFENSORIA PÚBLICA DE PROTEÇÃO DA INFÂNCIA E DA JUVENTUDE DA CAPITAL,2026-03-02 12:47:31.863303-03:00,0825322-84.2026.8.14.0301,PROCEDIMENTO COMUM INFÂNCIA E JUVENTUDE (1706),FELICIA MARQUES FIUZA NUNES
CÍVEL,BELÉM,1ª DEFENSORIA PÚBLICA DE PROTEÇÃO DA INFÂNCIA E DA JUVENTUDE DA CAPITAL,2026-03-02 14:10:45.079970-03:00,0825360-96.2026.8.14.0301,PROCEDIMENTO COMUM INFÂNCIA E JUVENTUDE (1706),FELICIA MARQUES FIUZA NUNES
CÍVEL,BELÉM,1ª DEFENSORIA PÚBLICA DE PROTEÇÃO DA INFÂNCIA E DA JUVENTUDE DA CAPITAL,2026-03-02 14:18:14.718798-03:00,0825361-81.2026.8.14.0301,PROCEDIMENTO COMUM INFÂNCIA E JUVENTUDE (1706),FELICIA MARQUES FIUZA NUNES
CÍVEL,BELÉM,1ª DEFENSORIA PÚBLICA DE PROTEÇÃO DA INFÂNCIA E DA JUVENTUDE DA CAPITAL,2026-03-05 09:10:01.282829-03:00,0826381-10.2026.8.14.0301,BUSCA E APREENSÃO INFÂNCIA E JUVENTUDE (1438),FELICIA MARQUES FIUZA NUNES
CÍVEL,BELÉM,1ª DEFENSORIA PÚBLICA DE PROTEÇÃO DA INFÂNCIA E DA JUVENTUDE DA CAPITAL,2026-03-05 09:38:09.299660-03:00,0826393-24.2026.8.14.0301,PROCEDIMENTO COMUM INFÂNCIA E JUVENTUDE (1706),FELICIA MARQUES FIUZA NUNES
CÍVEL,BELÉM,1ª DEFENSORIA PÚBLICA DE PROTEÇÃO DA INFÂNCIA E DA JUVENTUDE DA CAPITAL,2026-03-12 14:26:31.883751-03:00,0828948-14.2026.8.14.0301,GUARDA DE INFÂNCIA E JUVENTUDE (1420),FELICIA MARQUES FIUZA NUNES
CÍVEL,BELÉM,1ª DEFENSORIA PÚBLICA DE PROTEÇÃO DA INFÂNCIA E DA JUVENTUDE DA CAPITAL,2026-03-12 14:33:06.141474-03:00,0828949-96.2026.8.14.0301,PROCEDIMENTO COMUM INFÂNCIA E JUVENTUDE (1706),FELICIA MARQUES FIUZA NUNES
CÍVEL,BELÉM,1ª DEFENSORIA PÚBLICA DE PROTEÇÃO DA INFÂNCIA E DA JUVENTUDE DA CAPITAL,2026-03-12 14:54:18.704436-03:00,0828963-80.2026.8.14.0301,PROCEDIMENTO COMUM INFÂNCIA E JUVENTUDE (1706),FELICIA MARQUES FIUZA NUNES
CÍVEL,BELÉM,1ª DEFENSORIA PÚBLICA DE PROTEÇÃO DA INFÂNCIA E DA JUVENTUDE DA CAPITAL,2026-03-16 08:00:00.078976-03:00,0829735-43.2026.8.14.0301,PEDIDO DE MEDIDA DE PROTEÇÃO,FELICIA MARQUES FIUZA NUNES
CÍVEL,BELÉM,1ª DEFENSORIA PÚBLICA DE PROTEÇÃO DA INFÂNCIA E DA JUVENTUDE DA CAPITAL,2026-03-16 11:44:36.783248-03:00,0829834-13.2026.8.14.0301,GUARDA DE INFÂNCIA E JUVENTUDE (1420),FELICIA MARQUES FIUZA NUNES
CÍVEL,BELÉM,1ª DEFENSORIA PÚBLICA DE PROTEÇÃO DA INFÂNCIA E DA JUVENTUDE DA CAPITAL,2026-03-19 12:09:15.439037-03:00,0831006-87.2026.8.14.0301,PROCEDIMENTO COMUM INFÂNCIA E JUVENTUDE (1706),FELICIA MARQUES FIUZA NUNES
CÍVEL,BELÉM,1ª DEFENSORIA PÚBLICA DE PROTEÇÃO DA INFÂNCIA E DA JUVENTUDE DA CAPITAL,2026-03-24 09:56:18.930030-03:00,0832346-66.2026.8.14.0301,PROCEDIMENTO COMUM INFÂNCIA E JUVENTUDE (1706),FELICIA MARQUES FIUZA NUNES
CÍVEL,BELÉM,1ª DEFENSORIA PÚBLICA DE PROTEÇÃO DA INFÂNCIA E DA JUVENTUDE DA CAPITAL,2026-03-25 11:54:05.863208-03:00,0832802-16.2026.8.14.0301,PROCEDIMENTO COMUM INFÂNCIA E JUVENTUDE (1706),FELICIA MARQUES FIUZA NUNES
CÍVEL,BELÉM,1ª DEFENSORIA PÚBLICA DE PROTEÇÃO DA INFÂNCIA E DA JUVENTUDE DA CAPITAL,2026-03-27 12:32:00.508367-03:00,0833605-96.2026.8.14.0301,PROCEDIMENTO COMUM INFÂNCIA E JUVENTUDE (1706),FELICIA MARQUES FIUZA NUNES
CÍVEL,BELÉM,1ª DEFENSORIA PÚBLICA DE PROTEÇÃO DA INFÂNCIA E DA JUVENTUDE DA CAPITAL,2026-03-27 13:59:47.451586-03:00,0833645-78.2026.8.14.0301,GUARDA DE INFÂNCIA E JUVENTUDE (1420),FELICIA MARQUES FIUZA NUNES
CÍVEL,BELÉM,1ª DEFENSORIA PÚBLICA DE PROTEÇÃO DA INFÂNCIA E DA JUVENTUDE DA CAPITAL,2026-04-01 10:52:43.000222-03:00,0835087-79.2026.8.14.0301,PROCEDIMENTO COMUM INFÂNCIA E JUVENTUDE (1706),FELICIA MARQUES FIUZA NUNES
CÍVEL,BELÉM,1ª DEFENSORIA PÚBLICA DE PROTEÇÃO DA INFÂNCIA E DA JUVENTUDE DA CAPITAL,2026-04-06 14:24:43.183734-03:00,0837781-21.2026.8.14.0301,PROCEDIMENTO COMUM INFÂNCIA E JUVENTUDE (1706),FELICIA MARQUES FIUZA NUNES
CÍVEL,BELÉM,1ª DEFENSORIA PÚBLICA DE PROTEÇÃO DA INFÂNCIA E DA JUVENTUDE DA CAPITAL,2026-04-17 12:13:04.211381-03:00,0843206-29.2026.8.14.0301,PROCEDIMENTO COMUM INFÂNCIA E JUVENTUDE (1706),FELICIA MARQUES FIUZA NUNES
CÍVEL,BELÉM,1ª DEFENSORIA PÚBLICA DE PROTEÇÃO DA INFÂNCIA E DA JUVENTUDE DA CAPITAL,2026-04-23 14:12:25.941971-03:00,0845074-42.2026.8.14.0301,PROCEDIMENTO COMUM INFÂNCIA E JUVENTUDE (1706),CARLOS EDUARDO BARROS DA SILVA
CÍVEL,BELÉM,1ª DEFENSORIA PÚBLICA DE PROTEÇÃO DA INFÂNCIA E DA JUVENTUDE DA CAPITAL,2026-04-27 10:56:22.890136-03:00,0845712-75.2026.8.14.0301,GUARDA DE INFÂNCIA E JUVENTUDE (1420),CARLOS EDUARDO BARROS DA SILVA
CÍVEL,BELÉM,1ª DEFENSORIA PÚBLICA DE PROTEÇÃO DA INFÂNCIA E DA JUVENTUDE DA CAPITAL,2026-04-27 11:09:54.814243-03:00,0845724-89.2026.8.14.0301,PROCEDIMENTO COMUM INFÂNCIA E JUVENTUDE (1706),CARLOS EDUARDO BARROS DA SILVA
CÍVEL,BELÉM,1ª DEFENSORIA PÚBLICA DE PROTEÇÃO DA INFÂNCIA E DA JUVENTUDE DA CAPITAL,2026-04-28 12:33:37.710037-03:00,0846415-06.2026.8.14.0301,PETIÇÃO INFÂNCIA E JUVENTUDE CÍVEL (11026),CARLOS EDUARDO BARROS DA SILVA
CÍVEL,BELÉM,1ª DEFENSORIA PÚBLICA DE PROTEÇÃO DA INFÂNCIA E DA JUVENTUDE DA CAPITAL,2026-04-28 14:04:40.267255-03:00,0846489-60.2026.8.14.0301,GUARDA DE INFÂNCIA E JUVENTUDE (1420),CARLOS EDUARDO BARROS DA SILVA
CÍVEL,BELÉM,1ª DEFENSORIA PÚBLICA DE PROTEÇÃO DA INFÂNCIA E DA JUVENTUDE DA CAPITAL,2026-05-04 10:03:57.018875-03:00,0847905-63.2026.8.14.0301,PROCEDIMENTO COMUM INFÂNCIA E JUVENTUDE (1706),CARLOS EDUARDO BARROS DA SILVA
CÍVEL,BELÉM,1ª DEFENSORIA PÚBLICA DE PROTEÇÃO DA INFÂNCIA E DA JUVENTUDE DA CAPITAL,2026-05-04 11:24:21.030929-03:00,0847914-25.2026.8.14.0301,PROCEDIMENTO COMUM INFÂNCIA E JUVENTUDE (1706),CARLOS EDUARDO BARROS DA SILVA
CÍVEL,BELÉM,1ª DEFENSORIA PÚBLICA DE PROTEÇÃO DA INFÂNCIA E DA JUVENTUDE DA CAPITAL,2026-05-05 12:38:10.608246-03:00,0848597-62.2026.8.14.0301,PROCEDIMENTO COMUM INFÂNCIA E JUVENTUDE (1706),CARLOS EDUARDO BARROS DA SILVA
CÍVEL,BELÉM,1ª DEFENSORIA PÚBLICA DE PROTEÇÃO DA INFÂNCIA E DA JUVENTUDE DA CAPITAL,2026-05-05 12:47:38.652870-03:00,0848327-38.2026.8.14.0301,PROCEDIMENTO COMUM INFÂNCIA E JUVENTUDE (1706),CARLOS EDUARDO BARROS DA SILVA
CÍVEL,BELÉM,1ª DEFENSORIA PÚBLICA DE PROTEÇÃO DA INFÂNCIA E DA JUVENTUDE DA CAPITAL,2026-05-06 10:53:44.639373-03:00,0848596-77.2026.8.14.0301,PETIÇÃO INFÂNCIA E JUVENTUDE CÍVEL (11026),CARLOS EDUARDO BARROS DA SILVA
CÍVEL,BELÉM,1ª DEFENSORIA PÚBLICA DE PROTEÇÃO DA INFÂNCIA E DA JUVENTUDE DA CAPITAL,2026-05-06 13:51:00.457740-03:00,0848681-63.2026.8.14.0301,GUARDA DE INFÂNCIA E JUVENTUDE (1420),CARLOS EDUARDO BARROS DA SILVA
CÍVEL,BELÉM,1ª DEFENSORIA PÚBLICA DE PROTEÇÃO DA INFÂNCIA E DA JUVENTUDE DA CAPITAL,2026-05-07 11:11:52.374172-03:00,0849012-45.2026.8.14.0301,PROCEDIMENTO COMUM INFÂNCIA E JUVENTUDE (1706),FELICIA MARQUES FIUZA NUNES
CÍVEL,BELÉM,1ª DEFENSORIA PÚBLICA DE PROTEÇÃO DA INFÂNCIA E DA JUVENTUDE DA CAPITAL,2026-05-07 12:23:52.076042-03:00,0849050-57.2026.8.14.0301,PROCEDIMENTO COMUM INFÂNCIA E JUVENTUDE (1706),FELICIA MARQUES FIUZA NUNES
CÍVEL,BELÉM,1ª DEFENSORIA PÚBLICA DE PROTEÇÃO DA INFÂNCIA E DA JUVENTUDE DA CAPITAL,2026-05-08 11:38:52.169914-03:00,0849422-06.2026.8.14.0301,PROCEDIMENTO COMUM INFÂNCIA E JUVENTUDE (1706),FELICIA MARQUES FIUZA NUNES
CÍVEL,BELÉM,1ª DEFENSORIA PÚBLICA DE PROTEÇÃO DA INFÂNCIA E DA JUVENTUDE DA CAPITAL,2026-05-14 14:25:03.880322-03:00,0851387-19.2026.8.14.0301,PROCEDIMENTO COMUM INFÂNCIA E JUVENTUDE (1706),FELICIA MARQUES FIUZA NUNES
CÍVEL,BELÉM,1ª DEFENSORIA PÚBLICA DE PROTEÇÃO DA INFÂNCIA E DA JUVENTUDE DA CAPITAL,2026-05-20 10:22:59.205752-03:00,0853148-85.2026.8.14.0301,PROCEDIMENTO COMUM INFÂNCIA E JUVENTUDE (1706),FELICIA MARQUES FIUZA NUNES
CÍVEL,BELÉM,1ª DEFENSORIA PÚBLICA DE PROTEÇÃO DA INFÂNCIA E DA JUVENTUDE DA CAPITAL,2026-06-01 11:28:59.806545-03:00,0857318-03.2026.8.14.0301,PROCEDIMENTO COMUM INFÂNCIA E JUVENTUDE (1706),FELICIA MARQUES FIUZA NUNES
CÍVEL,BELÉM,1ª DEFENSORIA PÚBLICA DE PROTEÇÃO DA INFÂNCIA E DA JUVENTUDE DA CAPITAL,2026-06-12 10:27:57.795345-03:00,0860327-70.2026.8.14.0301,PROCEDIMENTO COMUM INFÂNCIA E JUVENTUDE (1706),FELICIA MARQUES FIUZA NUNES
CÍVEL,BELÉM,1ª DEFENSORIA PÚBLICA DE PROTEÇÃO DA INFÂNCIA E DA JUVENTUDE DA CAPITAL,2026-06-15 12:13:17.570682-03:00,0860873-28.2026.8.14.0301,PROCEDIMENTO COMUM INFÂNCIA E JUVENTUDE (1706),FELICIA MARQUES FIUZA NUNES
CÍVEL,BELÉM,1ª DEFENSORIA PÚBLICA DE PROTEÇÃO DA INFÂNCIA E DA JUVENTUDE DA CAPITAL,2026-06-24 10:06:12.478931-03:00,0863813-63.2026.8.14.0301,PROCEDIMENTO COMUM INFÂNCIA E JUVENTUDE (1706),FELICIA MARQUES FIUZA NUNES
CÍVEL,BELÉM,1ª DEFENSORIA PÚBLICA DE PROTEÇÃO DA INFÂNCIA E DA JUVENTUDE DA CAPITAL,2026-06-24 10:29:18.983155-03:00,0863825-77.2026.8.14.0301,PROCEDIMENTO COMUM INFÂNCIA E JUVENTUDE (1706),FELICIA MARQUES FIUZA NUNES
CÍVEL,BELÉM,1ª DEFENSORIA PÚBLICA DE PROTEÇÃO DA INFÂNCIA E DA JUVENTUDE DA CAPITAL,2026-07-01 10:51:14.757672-03:00,0866005-66.2026.8.14.0301,ADOÇÃO FORA DO CADASTRO C/C DESTITUIÇÃO DO PODER FAMILIAR,FELICIA MARQUES FIUZA NUNES
CÍVEL,BELÉM,1ª DEFENSORIA PÚBLICA DE PROTEÇÃO DA INFÂNCIA E DA JUVENTUDE DA CAPITAL,2026-07-01 12:22:09.572394-03:00,0866077-53.2026.8.14.0301,PROCEDIMENTO COMUM INFÂNCIA E JUVENTUDE (1706),FELICIA MARQUES FIUZA NUNES
CÍVEL,BELÉM,1ª DEFENSORIA PÚBLICA DE PROTEÇÃO DA INFÂNCIA E DA JUVENTUDE DA CAPITAL,2026-07-07 11:46:24.750501-03:00,0867753-36.2026.8.14.0301,AUTORIZAÇÃO JUDICIAL (1703),FELICIA MARQUES FIUZA NUNES
CÍVEL,BELÉM,1ª DEFENSORIA PÚBLICA DE PROTEÇÃO DA INFÂNCIA E DA JUVENTUDE DA CAPITAL,2026-07-08 11:52:56.558528-03:00,0868144-88.2026.8.14.0301,PROCEDIMENTO COMUM INFÂNCIA E JUVENTUDE (1706),FELICIA MARQUES FIUZA NUNES
CÍVEL,BELÉM,1ª DEFENSORIA PÚBLICA DE PROTEÇÃO DA INFÂNCIA E DA JUVENTUDE DA CAPITAL,2026-07-08 13:32:54.957517-03:00,0868194-17.2026.8.14.0301,PROCEDIMENTO COMUM INFÂNCIA E JUVENTUDE (1706),FELICIA MARQUES FIUZA NUNES
CÍVEL,BELÉM,1ª DEFENSORIA PÚBLICA DE PROTEÇÃO DA INFÂNCIA E DA JUVENTUDE DA CAPITAL,2026-07-08 13:50:23.119368-03:00,0868199-39.2026.8.14.0301,PROCEDIMENTO COMUM INFÂNCIA E JUVENTUDE (1706),FELICIA MARQUES FIUZA NUNES
CÍVEL,BELÉM,1ª DEFENSORIA PÚBLICA DE PROTEÇÃO DA INFÂNCIA E DA JUVENTUDE DA CAPITAL,2026-07-15 13:14:35.916399-03:00,0870184-43.2026.8.14.0301,REGULARIZAÇÃO DE REGISTRO CIVIL (1417),FLAVIA CHRISTINA MARANHAO CAMPOS
CÍVEL,BELÉM,1ª DEFENSORIA PÚBLICA DE PROTEÇÃO DA INFÂNCIA E DA JUVENTUDE DA CAPITAL,2026-07-20 11:47:24.122372-03:00,0871304-24.2026.8.14.0301,GUARDA DE INFÂNCIA E JUVENTUDE (1420),FLAVIA CHRISTINA MARANHAO CAMPOS
CÍVEL,BELÉM,1ª DEFENSORIA PÚBLICA DE PROTEÇÃO DA INFÂNCIA E DA JUVENTUDE DA CAPITAL,2026-07-20 11:49:22.109167-03:00,0871305-09.2026.8.14.0301,GUARDA DE INFÂNCIA E JUVENTUDE (1420),FLAVIA CHRISTINA MARANHAO CAMPOS
CÍVEL,BELÉM,1ª DEFENSORIA PÚBLICA DE PROTEÇÃO DA INFÂNCIA E DA JUVENTUDE DA CAPITAL,2026-07-28 10:47:03.563671-03:00,0873431-32.2026.8.14.0301,PROCEDIMENTO COMUM INFÂNCIA E JUVENTUDE (1706),FELICIA MARQUES FIUZA NUNES
CÍVEL,BELÉM,1ª DEFENSORIA PÚBLICA DE PROTEÇÃO DA INFÂNCIA E DA JUVENTUDE DA CAPITAL,2026-08-18 09:00:40.146875-03:00,0879501-65.2026.8.14.0301,PROCEDIMENTO COMUM INFÂNCIA E JUVENTUDE (1706),FELICIA MARQUES FIUZA NUNES
CÍVEL,BELÉM,1ª DEFENSORIA PÚBLICA DE PROTEÇÃO DA INFÂNCIA E DA JUVENTUDE DA CAPITAL,2026-08-18 13:48:42.350827-03:00,0879718-11.2026.8.14.0301,PROCEDIMENTO COMUM INFÂNCIA E JUVENTUDE (1706),FELICIA MARQUES FIUZA NUNES
CÍVEL,BELÉM,1ª DEFENSORIA PÚBLICA DE PROTEÇÃO DA INFÂNCIA E DA JUVENTUDE DA CAPITAL,2026-08-21 14:26:48.075953-03:00,0881363-71.2026.8.14.0301,PROCEDIMENTO COMUM INFÂNCIA E JUVENTUDE (1706),FELICIA MARQUES FIUZA NUNES
CÍVEL,BELÉM,1ª DEFENSORIA PÚBLICA DE PROTEÇÃO DA INFÂNCIA E DA JUVENTUDE DA CAPITAL,2026-08-24 10:39:29.977817-03:00,0881706-67.2026.8.14.0301,PROCEDIMENTO COMUM INFÂNCIA E JUVENTUDE (1706),FELICIA MARQUES FIUZA NUNES
CÍVEL,BELÉM,1ª DEFENSORIA PÚBLICA DE PROTEÇÃO DA INFÂNCIA E DA JUVENTUDE DA CAPITAL,2026-08-26 12:54:56.894843-03:00,0882829-03.2026.8.14.0301,PROCEDIMENTO COMUM INFÂNCIA E JUVENTUDE (1706),FELICIA MARQUES FIUZA NUNES
CÍVEL,BELÉM,1ª DEFENSORIA PÚBLICA DE PROTEÇÃO DA INFÂNCIA E DA JUVENTUDE DA CAPITAL,2026-08-27 14:05:03.038334-03:00,0883392-94.2026.8.14.0301,PROCEDIMENTO COMUM INFÂNCIA E JUVENTUDE (1706),FELICIA MARQUES FIUZA NUNES
CÍVEL,BELÉM,1ª DEFENSORIA PÚBLICA DE PROTEÇÃO DA INFÂNCIA E DA JUVENTUDE DA CAPITAL,2026-09-02 12:51:41.032377-03:00,0885500-96.2026.8.14.0301,PROCEDIMENTO COMUM INFÂNCIA E JUVENTUDE (1706),FELICIA MARQUES FIUZA NUNES
CÍVEL,BELÉM,1ª DEFENSORIA PÚBLICA DE PROTEÇÃO DA INFÂNCIA E DA JUVENTUDE DA CAPITAL,2026-09-08 13:22:42.270863-03:00,0887178-49.2026.8.14.0301,PROCEDIMENTO COMUM INFÂNCIA E JUVENTUDE (1706),FELICIA MARQUES FIUZA NUNES
CÍVEL,BELÉM,1ª DEFENSORIA PÚBLICA DE PROTEÇÃO DA INFÂNCIA E DA JUVENTUDE DA CAPITAL,2026-09-08 14:05:19.325652-03:00,0887571-71.2026.8.14.0301,PROCEDIMENTO COMUM INFÂNCIA E JUVENTUDE (1706),FELICIA MARQUES FIUZA NUNES
CÍVEL,BELÉM,1ª DEFENSORIA PÚBLICA DE PROTEÇÃO DA INFÂNCIA E DA JUVENTUDE DA CAPITAL,2026-09-09 12:49:12.432403-03:00,0887680-85.2026.8.14.0301,PROCEDIMENTO COMUM INFÂNCIA E JUVENTUDE (1706),FELICIA MARQUES FIUZA NUNES
CÍVEL,BELÉM,1ª DEFENSORIA PÚBLICA DE PROTEÇÃO DA INFÂNCIA E DA JUVENTUDE DA CAPITAL,2026-09-09 13:45:30.997967-03:00,0887705-98.2026.8.14.0301,PROCEDIMENTO COMUM INFÂNCIA E JUVENTUDE (1706),FELICIA MARQUES FIUZA NUNES
CÍVEL,BELÉM,1ª DEFENSORIA PÚBLICA DE PROTEÇÃO DA INFÂNCIA E DA JUVENTUDE DA CAPITAL,2026-09-11 11:00:16.101334-03:00,0888500-07.2026.8.14.0301,PROCEDIMENTO COMUM INFÂNCIA E JUVENTUDE (1706),FELICIA MARQUES FIUZA NUNES
CÍVEL,BELÉM,1ª DEFENSORIA PÚBLICA DE PROTEÇÃO DA INFÂNCIA E DA JUVENTUDE DA CAPITAL,2026-09-18 16:13:53.925527-03:00,0822614-73.2026.8.14.0006,PROCEDIMENTO COMUM INFÂNCIA E JUVENTUDE (1706),FELICIA MARQUES FIUZA NUNES
CÍVEL,BELÉM,1ª DEFENSORIA PÚBLICA DE PROTEÇÃO DA INFÂNCIA E DA JUVENTUDE DA CAPITAL,2026-09-18 16:33:33.038762-03:00,0891154-64.2026.8.14.0301,PROCEDIMENTO COMUM INFÂNCIA E JUVENTUDE (1706),FELICIA MARQUES FIUZA NUNES
CÍVEL,BELÉM,1ª DEFENSORIA PÚBLICA DE PROTEÇÃO DA INFÂNCIA E DA JUVENTUDE DA CAPITAL,2026-09-21 12:40:22.237515-03:00,0891634-42.2026.8.14.0301,PROCEDIMENTO COMUM INFÂNCIA E JUVENTUDE (1706),FELICIA MARQUES FIUZA NUNES
CÍVEL,BELÉM,1ª DEFENSORIA PUBLICA DOS JUIZADOS ESPECIAIS CIVEIS,2026-04-09 09:26:23.407505-03:00,0840033-94.2026.8.14.0301,PROCEDIMENTO DO JUIZADO ESPECIAL CÍVEL (436),JOSE FLAVIO RIBEIRO MAUES
CÍVEL,BELÉM,1ª DEFENSORIA PUBLICA DOS JUIZADOS ESPECIAIS CIVEIS,2026-04-14 11:34:12.163073-03:00,0842055-28.2026.8.14.0301,PROCEDIMENTO DO JUIZADO ESPECIAL CÍVEL (436),JOSE FLAVIO RIBEIRO MAUES
CÍVEL,BELÉM,1ª DEFENSORIA PUBLICA DOS JUIZADOS ESPECIAIS CIVEIS,2026-05-06 11:16:30.646172-03:00,0848611-46.2026.8.14.0301,PROCEDIMENTO DO JUIZADO ESPECIAL CÍVEL (436),JOSE FLAVIO RIBEIRO MAUES
CÍVEL,BELÉM,1ª DEFENSORIA PUBLICA DOS JUIZADOS ESPECIAIS CIVEIS,2026-05-14 14:10:31.585916-03:00,0852104-31.2026.8.14.0301,PROCEDIMENTO DO JUIZADO ESPECIAL CÍVEL (436),JOSE FLAVIO RIBEIRO MAUES
CÍVEL,BELÉM,1ª DEFENSORIA PUBLICA DOS JUIZADOS ESPECIAIS CIVEIS,2026-06-02 09:10:32.560359-03:00,0857382-13.2026.8.14.0301,PROCEDIMENTO DO JUIZADO ESPECIAL CÍVEL (436),JOSE FLAVIO RIBEIRO MAUES
CÍVEL,BELÉM,1ª DEFENSORIA PUBLICA DOS JUIZADOS ESPECIAIS CIVEIS,2026-06-02 10:13:37.472999-03:00,0857407-26.2026.8.14.0301,PROCEDIMENTO DO JUIZADO ESPECIAL CÍVEL (436),JOSE FLAVIO RIBEIRO MAUES
CÍVEL,BELÉM,1ª DEFENSORIA PUBLICA DOS JUIZADOS ESPECIAIS CIVEIS,2026-06-10 10:49:56.479596-03:00,0859538-71.2026.8.14.0301,PROCEDIMENTO COMUM CÍVEL (7),JOSE FLAVIO RIBEIRO MAUES
CÍVEL,BELÉM,1ª DEFENSORIA PUBLICA DOS JUIZADOS ESPECIAIS CIVEIS,2026-06-16 10:47:10.467426-03:00,0861243-07.2026.8.14.0301,PROCEDIMENTO DO JUIZADO ESPECIAL CÍVEL (436),JOSE FLAVIO RIBEIRO MAUES
CÍVEL,BELÉM,1ª DEFENSORIA PUBLICA DOS JUIZADOS ESPECIAIS CIVEIS,2026-06-16 14:56:38.751605-03:00,0861401-62.2026.8.14.0301,EMBARGOS À EXECUÇÃO (172),JOSE FLAVIO RIBEIRO MAUES
CÍVEL,BELÉM,1ª DEFENSORIA PUBLICA DOS JUIZADOS ESPECIAIS CIVEIS,2026-06-24 08:35:18.814520-03:00,0863754-75.2026.8.14.0301,PROCEDIMENTO DO JUIZADO ESPECIAL CÍVEL (436),JOSE FLAVIO RIBEIRO MAUES
CÍVEL,BELÉM,1ª DEFENSORIA PUBLICA DOS JUIZADOS ESPECIAIS CIVEIS,2026-07-02 10:34:05.742442-03:00,0866416-12.2026.8.14.0301,PROCEDIMENTO DO JUIZADO ESPECIAL CÍVEL (436),JOSE FLAVIO RIBEIRO MAUES
CÍVEL,BELÉM,1ª DEFENSORIA PUBLICA DOS JUIZADOS ESPECIAIS CIVEIS,2026-07-13 10:56:54.783928-03:00,0869429-19.2026.8.14.0301,PROCEDIMENTO DO JUIZADO ESPECIAL CÍVEL (436),JOSE FLAVIO RIBEIRO MAUES
CÍVEL,BELÉM,1ª DEFENSORIA PUBLICA DOS JUIZADOS ESPECIAIS CIVEIS,2026-07-14 11:29:29.464143-03:00,0869721-04.2026.8.14.0301,PROCEDIMENTO DO JUIZADO ESPECIAL CÍVEL (436),JOSE FLAVIO RIBEIRO MAUES
CÍVEL,BELÉM,1ª DEFENSORIA PUBLICA DOS JUIZADOS ESPECIAIS CIVEIS,2026-08-11 09:48:28.433993-03:00,0877867-34.2026.8.14.0301,PROCEDIMENTO DO JUIZADO ESPECIAL CÍVEL (436),JOSE FLAVIO RIBEIRO MAUES
CÍVEL,BELÉM,1ª DEFENSORIA PUBLICA DOS JUIZADOS ESPECIAIS CIVEIS,2026-08-27 11:15:06.524974-03:00,0883732-38.2026.8.14.0301,PROCEDIMENTO COMUM CÍVEL (7),JOSE FLAVIO RIBEIRO MAUES
CÍVEL,BELÉM,1ª DEFENSORIA PUBLICA DO TRIBUNAL DO JURI,2026-09-15 10:26:01.578710-03:00,0889486-58.2026.8.14.0301,ALIMENTOS - LEI ESPECIAL Nº 5.478/68 (69),DOMINGOS LOPES PEREIRA
CÍVEL,BELÉM,1ª DEFENSORIA PUBLICA DO TRIBUNAL DO JURI,2026-09-16 12:34:48.542550-03:00,0807263-57.2026.8.14.0201,DIVÓRCIO LITIGIOSO (12541),DOMINGOS LOPES PEREIRA
CÍVEL,BELÉM,1ª DEFENSORIA PUBLICA DO TRIBUNAL DO JURI,2026-09-17 12:12:28.174866-03:00,0807308-61.2026.8.14.0201,OUTROS PROCEDIMENTOS DE JURISDIÇÃO VOLUNTÁRIA (1294),DOMINGOS LOPES PEREIRA
CÍVEL,BELÉM,1ª DEFENSORIA PUBLICA DO TRIBUNAL DO JURI,2026-09-17 12:49:55.682804-03:00,0807311-16.2026.8.14.0201,ALIMENTOS - LEI ESPECIAL Nº 5.478/68 (69),DOMINGOS LOPES PEREIRA
CÍVEL,BELÉM,2ª DEFENSORIA DE DEFESA DO CONSUMIDOR,2026-01-16 12:01:27.344628-03:00,0803090-78.2026.8.14.0301,PROCEDIMENTO COMUM CÍVEL (7),LIANE BENCHIMOL DE MATOS ALBANO
CÍVEL,BELÉM,2ª DEFENSORIA DE DEFESA DO CONSUMIDOR,2026-01-17 11:21:47.507000-03:00,0803391-25.2026.8.14.0301,ALIMENTOS - LEI ESPECIAL Nº 5.478/68 (69),LIANE BENCHIMOL DE MATOS ALBANO
CÍVEL,BELÉM,2ª DEFENSORIA DE DEFESA DO CONSUMIDOR,2026-01-17 12:24:43.990888-03:00,0800219-94.2026.8.14.0133,ALIMENTOS - LEI ESPECIAL Nº 5.478/68 (69),LIANE BENCHIMOL DE MATOS ALBANO
CÍVEL,BELÉM,2ª DEFENSORIA DE DEFESA DO CONSUMIDOR,2026-01-20 20:34:36.848823-03:00,0804287-68.2026.8.14.0301,PROCEDIMENTO COMUM CÍVEL (7),LIANE BENCHIMOL DE MATOS ALBANO
CÍVEL,BELÉM,2ª DEFENSORIA DE DEFESA DO CONSUMIDOR,2026-02-02 10:51:04.903820-03:00,0807608-14.2026.8.14.0301,PROCEDIMENTO COMUM CÍVEL (7),LIANE BENCHIMOL DE MATOS ALBANO
CÍVEL,BELÉM,2ª DEFENSORIA DE DEFESA DO CONSUMIDOR,2026-02-02 11:10:54.453430-03:00,0802415-30.2026.8.14.0006,PROCEDIMENTO COMUM CÍVEL (7),LIANE BENCHIMOL DE MATOS ALBANO
CÍVEL,BELÉM,2ª DEFENSORIA DE DEFESA DO CONSUMIDOR,2026-02-12 08:21:23.355699-03:00,0820532-57.2026.8.14.0301,PROCEDIMENTO COMUM CÍVEL (7),LIANE BENCHIMOL DE MATOS ALBANO
CÍVEL,BELÉM,2ª DEFENSORIA DE DEFESA DO CONSUMIDOR,2026-02-12 11:51:39.830789-03:00,0820530-87.2026.8.14.0301,PROCEDIMENTO COMUM CÍVEL (7),LIANE BENCHIMOL DE MATOS ALBANO
CÍVEL,BELÉM,2ª DEFENSORIA DE DEFESA DO CONSUMIDOR,2026-03-04 20:05:13.771000-03:00,0826268-56.2026.8.14.0301,PROCEDIMENTO COMUM CÍVEL (7),LIANE BENCHIMOL DE MATOS ALBANO
CÍVEL,BELÉM,2ª DEFENSORIA DE DEFESA DO CONSUMIDOR,2026-03-09 12:30:14.954340-03:00,0827282-75.2026.8.14.0301,PROCEDIMENTO COMUM CÍVEL (7),LIANE BENCHIMOL DE MATOS ALBANO
CÍVEL,BELÉM,2ª DEFENSORIA DE DEFESA DO CONSUMIDOR,2026-03-09 12:55:35.785960-03:00,0827302-66.2026.8.14.0301,PROCEDIMENTO COMUM CÍVEL (7),LIANE BENCHIMOL DE MATOS ALBANO
CÍVEL,BELÉM,2ª DEFENSORIA DE DEFESA DO CONSUMIDOR,2026-03-20 10:05:51.747930-03:00,0831349-83.2026.8.14.0301,PROCEDIMENTO COMUM CÍVEL (7),LIANE BENCHIMOL DE MATOS ALBANO
CÍVEL,BELÉM,2ª DEFENSORIA DE DEFESA DO CONSUMIDOR,2026-03-20 10:28:25.020731-03:00,0831364-52.2026.8.14.0301,PROCEDIMENTO COMUM CÍVEL (7),LIANE BENCHIMOL DE MATOS ALBANO
CÍVEL,BELÉM,2ª DEFENSORIA DE DEFESA DO CONSUMIDOR,2026-03-20 11:33:01.816014-03:00,0831420-85.2026.8.14.0301,PROCEDIMENTO COMUM CÍVEL (7),LIANE BENCHIMOL DE MATOS ALBANO
CÍVEL,BELÉM,2ª DEFENSORIA DE DEFESA DO CONSUMIDOR,2026-03-20 11:52:52.198971-03:00,0831424-25.2026.8.14.0301,PROCEDIMENTO COMUM CÍVEL (7),LIANE BENCHIMOL DE MATOS ALBANO
CÍVEL,BELÉM,2ª DEFENSORIA DE DEFESA DO CONSUMIDOR,2026-03-26 09:31:46.665608-03:00,0833083-69.2026.8.14.0301,PROCEDIMENTO COMUM CÍVEL (7),LIANE BENCHIMOL DE MATOS ALBANO
CÍVEL,BELÉM,2ª DEFENSORIA DE DEFESA DO CONSUMIDOR,2026-03-26 09:46:44.039621-03:00,0834106-50.2026.8.14.0301,PROCEDIMENTO COMUM CÍVEL (7),LIANE BENCHIMOL DE MATOS ALBANO
CÍVEL,BELÉM,2ª DEFENSORIA DE DEFESA DO CONSUMIDOR,2026-03-26 10:05:38.880858-03:00,0833097-53.2026.8.14.0301,PROCEDIMENTO COMUM CÍVEL (7),LIANE BENCHIMOL DE MATOS ALBANO
CÍVEL,BELÉM,2ª DEFENSORIA DE DEFESA DO CONSUMIDOR,2026-03-26 10:36:56.290279-03:00,0833116-59.2026.8.14.0301,PROCEDIMENTO COMUM CÍVEL (7),LIANE BENCHIMOL DE MATOS ALBANO
CÍVEL,BELÉM,2ª DEFENSORIA DE DEFESA DO CONSUMIDOR,2026-03-31 21:51:16.163929-03:00,0834951-82.2026.8.14.0301,PROCEDIMENTO COMUM CÍVEL (7),LIANE BENCHIMOL DE MATOS ALBANO
CÍVEL,BELÉM,2ª DEFENSORIA DE DEFESA DO CONSUMIDOR,2026-04-06 10:10:10.226735-03:00,0836696-97.2026.8.14.0301,PROCEDIMENTO COMUM CÍVEL (7),LIANE BENCHIMOL DE MATOS ALBANO
CÍVEL,BELÉM,2ª DEFENSORIA DE DEFESA DO CONSUMIDOR,2026-04-06 12:02:06.885409-03:00,0836744-56.2026.8.14.0301,PROCEDIMENTO COMUM CÍVEL (7),LIANE BENCHIMOL DE MATOS ALBANO
CÍVEL,BELÉM,2ª DEFENSORIA DE DEFESA DO CONSUMIDOR,2026-04-13 11:24:18.467229-03:00,0841201-34.2026.8.14.0301,PROCEDIMENTO COMUM CÍVEL (7),LIANE BENCHIMOL DE MATOS ALBANO
CÍVEL,BELÉM,2ª DEFENSORIA DE DEFESA DO CONSUMIDOR,2026-04-14 12:07:19.498141-03:00,0841724-46.2026.8.14.0301,PROCEDIMENTO COMUM CÍVEL (7),LIANE BENCHIMOL DE MATOS ALBANO
CÍVEL,BELÉM,2ª DEFENSORIA DE DEFESA DO CONSUMIDOR,2026-04-15 11:48:44.533416-03:00,0842177-41.2026.8.14.0301,PROCEDIMENTO COMUM CÍVEL (7),LIANE BENCHIMOL DE MATOS ALBANO
CÍVEL,BELÉM,2ª DEFENSORIA DE DEFESA DO CONSUMIDOR,2026-04-15 12:05:36.941435-03:00,0842189-55.2026.8.14.0301,PROCEDIMENTO COMUM CÍVEL (7),LIANE BENCHIMOL DE MATOS ALBANO
CÍVEL,BELÉM,2ª DEFENSORIA DE DEFESA DO CONSUMIDOR,2026-04-16 16:20:51.378604-03:00,0842943-94.2026.8.14.0301,PROCEDIMENTO COMUM CÍVEL (7),LIANE BENCHIMOL DE MATOS ALBANO
CÍVEL,BELÉM,2ª DEFENSORIA DE DEFESA DO CONSUMIDOR,2026-04-22 12:49:33.178906-03:00,0844180-66.2026.8.14.0301,PROCEDIMENTO COMUM CÍVEL (7),LIANE BENCHIMOL DE MATOS ALBANO
CÍVEL,BELÉM,2ª DEFENSORIA DE DEFESA DO CONSUMIDOR,2026-04-23 09:18:03.048578-03:00,0844472-51.2026.8.14.0301,PROCEDIMENTO COMUM CÍVEL (7),LIANE BENCHIMOL DE MATOS ALBANO
CÍVEL,BELÉM,2ª DEFENSORIA DE DEFESA DO CONSUMIDOR,2026-04-28 16:37:57.735347-03:00,0846600-44.2026.8.14.0301,PROCEDIMENTO COMUM CÍVEL (7),LIANE BENCHIMOL DE MATOS ALBANO
CÍVEL,BELÉM,2ª DEFENSORIA DE DEFESA DO CONSUMIDOR,2026-04-29 10:41:31.796766-03:00,0846776-23.2026.8.14.0301,PROCEDIMENTO COMUM CÍVEL (7),LIANE BENCHIMOL DE MATOS ALBANO
CÍVEL,BELÉM,2ª DEFENSORIA DE DEFESA DO CONSUMIDOR,2026-04-29 11:06:04.757737-03:00,0846876-75.2026.8.14.0301,PROCEDIMENTO COMUM CÍVEL (7),LIANE BENCHIMOL DE MATOS ALBANO
CÍVEL,BELÉM,2ª DEFENSORIA DE DEFESA DO CONSUMIDOR,2026-04-29 11:32:28.860646-03:00,0846833-41.2026.8.14.0301,PROCEDIMENTO COMUM CÍVEL (7),LIANE BENCHIMOL DE MATOS ALBANO
CÍVEL,BELÉM,2ª DEFENSORIA DE DEFESA DO CONSUMIDOR,2026-05-05 10:05:37.755021-03:00,0848226-98.2026.8.14.0301,PROCEDIMENTO COMUM CÍVEL (7),LIANE BENCHIMOL DE MATOS ALBANO
CÍVEL,BELÉM,2ª DEFENSORIA DE DEFESA DO CONSUMIDOR,2026-05-05 11:48:32.429678-03:00,0848294-48.2026.8.14.0301,PROCEDIMENTO COMUM CÍVEL (7),LIANE BENCHIMOL DE MATOS ALBANO
CÍVEL,BELÉM,2ª DEFENSORIA DE DEFESA DO CONSUMIDOR,2026-05-05 16:33:25.556453-03:00,0848433-97.2026.8.14.0301,PROCEDIMENTO COMUM CÍVEL (7),LIANE BENCHIMOL DE MATOS ALBANO
CÍVEL,BELÉM,2ª DEFENSORIA DE DEFESA DO CONSUMIDOR,2026-05-05 16:51:36.056159-03:00,0848974-33.2026.8.14.0301,PROCEDIMENTO COMUM CÍVEL (7),LIANE BENCHIMOL DE MATOS ALBANO
CÍVEL,BELÉM,2ª DEFENSORIA DE DEFESA DO CONSUMIDOR,2026-05-05 17:06:06.557499-03:00,0849551-11.2026.8.14.0301,PROCEDIMENTO COMUM CÍVEL (7),LIANE BENCHIMOL DE MATOS ALBANO
CÍVEL,BELÉM,2ª DEFENSORIA DE DEFESA DO CONSUMIDOR,2026-05-08 10:48:18.259264-03:00,0849384-91.2026.8.14.0301,PROCEDIMENTO COMUM CÍVEL (7),LIANE BENCHIMOL DE MATOS ALBANO
CÍVEL,BELÉM,2ª DEFENSORIA DE DEFESA DO CONSUMIDOR,2026-05-11 12:10:00.453118-03:00,0849856-92.2026.8.14.0301,PROCEDIMENTO COMUM CÍVEL (7),LIANE BENCHIMOL DE MATOS ALBANO
CÍVEL,BELÉM,2ª DEFENSORIA DE DEFESA DO CONSUMIDOR,2026-05-11 12:33:23.986630-03:00,0849862-02.2026.8.14.0301,PROCEDIMENTO COMUM CÍVEL (7),LIANE BENCHIMOL DE MATOS ALBANO
CÍVEL,BELÉM,2ª DEFENSORIA DE DEFESA DO CONSUMIDOR,2026-05-12 22:26:25.188748-03:00,0850633-77.2026.8.14.0301,PROCEDIMENTO COMUM CÍVEL (7),LIANE BENCHIMOL DE MATOS ALBANO
CÍVEL,BELÉM,2ª DEFENSORIA DE DEFESA DO CONSUMIDOR,2026-05-22 17:50:31.915874-03:00,0854351-82.2026.8.14.0301,PROCEDIMENTO COMUM CÍVEL (7),LIANE BENCHIMOL DE MATOS ALBANO
CÍVEL,BELÉM,2ª DEFENSORIA DE DEFESA DO CONSUMIDOR,2026-06-16 10:10:37.284431-03:00,0861211-02.2026.8.14.0301,PROCEDIMENTO COMUM CÍVEL (7),LIANE BENCHIMOL DE MATOS ALBANO
CÍVEL,BELÉM,2ª DEFENSORIA DE DEFESA DO CONSUMIDOR,2026-06-16 10:53:56.625197-03:00,0861249-14.2026.8.14.0301,PROCEDIMENTO COMUM CÍVEL (7),LIANE BENCHIMOL DE MATOS ALBANO
CÍVEL,BELÉM,2ª DEFENSORIA DE DEFESA DO CONSUMIDOR,2026-07-27 09:46:57.569517-03:00,0873096-13.2026.8.14.0301,PROCEDIMENTO COMUM CÍVEL (7),LIANE BENCHIMOL DE MATOS ALBANO
CÍVEL,BELÉM,2ª DEFENSORIA DE DEFESA DO CONSUMIDOR,2026-07-27 10:13:22.000772-03:00,0873076-22.2026.8.14.0301,PROCEDIMENTO COMUM CÍVEL (7),LIANE BENCHIMOL DE MATOS ALBANO
CÍVEL,BELÉM,2ª DEFENSORIA DE DEFESA DO CONSUMIDOR,2026-07-27 14:45:46.150842-03:00,0873222-63.2026.8.14.0301,PROCEDIMENTO COMUM CÍVEL (7),LIANE BENCHIMOL DE MATOS ALBANO
CÍVEL,BELÉM,2ª DEFENSORIA DE DEFESA DO CONSUMIDOR,2026-07-27 17:59:07.989449-03:00,0873316-11.2026.8.14.0301,PROCEDIMENTO COMUM CÍVEL (7),LIANE BENCHIMOL DE MATOS ALBANO
CÍVEL,BELÉM,2ª DEFENSORIA DE DEFESA DO CONSUMIDOR,2026-07-30 11:24:52.482517-03:00,0874276-64.2026.8.14.0301,PROCEDIMENTO COMUM CÍVEL (7),LIANE BENCHIMOL DE MATOS ALBANO
CÍVEL,BELÉM,2ª DEFENSORIA DE DEFESA DO CONSUMIDOR,2026-07-30 11:57:38.831506-03:00,0874311-24.2026.8.14.0301,PROCEDIMENTO COMUM CÍVEL (7),LIANE BENCHIMOL DE MATOS ALBANO
CÍVEL,BELÉM,2ª DEFENSORIA DE DEFESA DO CONSUMIDOR,2026-08-03 11:48:27.078696-03:00,0878690-08.2026.8.14.0301,PROCEDIMENTO COMUM CÍVEL (7),LIANE BENCHIMOL DE MATOS ALBANO
CÍVEL,BELÉM,2ª DEFENSORIA DE DEFESA DO CONSUMIDOR,2026-08-03 12:38:57.675919-03:00,0875060-41.2026.8.14.0301,PROCEDIMENTO COMUM CÍVEL (7),LIANE BENCHIMOL DE MATOS ALBANO
CÍVEL,BELÉM,2ª DEFENSORIA DE DEFESA DO CONSUMIDOR,2026-08-14 12:12:04.820926-03:00,0888003-90.2026.8.14.0301,PROCEDIMENTO COMUM CÍVEL (7),LIANE BENCHIMOL DE MATOS ALBANO
CÍVEL,BELÉM,2ª DEFENSORIA DE DEFESA DO CONSUMIDOR,2026-08-20 09:54:46.707590-03:00,0880647-44.2026.8.14.0301,PROCEDIMENTO COMUM CÍVEL (7),LIANE BENCHIMOL DE MATOS ALBANO
CÍVEL,BELÉM,2ª DEFENSORIA DE DEFESA DO CONSUMIDOR,2026-08-25 10:13:36.522665-03:00,0882135-34.2026.8.14.0301,PROCEDIMENTO COMUM CÍVEL (7),LIANE BENCHIMOL DE MATOS ALBANO
CÍVEL,BELÉM,2ª DEFENSORIA DE DEFESA DO CONSUMIDOR,2026-08-31 08:46:11.873303-03:00,0884371-56.2026.8.14.0301,PROCEDIMENTO COMUM CÍVEL (7),LIANE BENCHIMOL DE MATOS ALBANO
CÍVEL,BELÉM,2ª DEFENSORIA DE DEFESA DO CONSUMIDOR,2026-08-31 09:06:11.228121-03:00,0884379-33.2026.8.14.0301,PROCEDIMENTO COMUM CÍVEL (7),LIANE BENCHIMOL DE MATOS ALBANO
CÍVEL,BELÉM,2ª DEFENSORIA DE DEFESA DO CONSUMIDOR,2026-09-11 10:34:08.308598-03:00,0888479-31.2026.8.14.0301,PROCEDIMENTO COMUM CÍVEL (7),LIANE BENCHIMOL DE MATOS ALBANO
CÍVEL,BELÉM,2ª DEFENSORIA DE DEFESA DO CONSUMIDOR,2026-09-11 11:05:29.703264-03:00,0888524-35.2026.8.14.0301,PROCEDIMENTO COMUM CÍVEL (7),LIANE BENCHIMOL DE MATOS ALBANO
CÍVEL,BELÉM,2ª DEFENSORIA DE DEFESA DO CONSUMIDOR,2026-09-11 11:41:30.731203-03:00,0888530-42.2026.8.14.0301,PROCEDIMENTO COMUM CÍVEL (7),LIANE BENCHIMOL DE MATOS ALBANO
CÍVEL,BELÉM,2ª DEFENSORIA DE DEFESA DO CONSUMIDOR,2026-09-11 11:58:09.847169-03:00,0888539-04.2026.8.14.0301,PROCEDIMENTO COMUM CÍVEL (7),LIANE BENCHIMOL DE MATOS ALBANO
CÍVEL,BELÉM,2ª DEFENSORIA DE DEFESA DO CONSUMIDOR,2026-09-14 12:28:03.700371-03:00,0889100-28.2026.8.14.0301,PROCEDIMENTO COMUM CÍVEL (7),LIANE BENCHIMOL DE MATOS ALBANO
CÍVEL,BELÉM,2ª DEFENSORIA DE DEFESA DO CONSUMIDOR,2026-09-22 11:14:17.351895-03:00,0892006-88.2026.8.14.0301,PROCEDIMENTO COMUM CÍVEL (7),LIANE BENCHIMOL DE MATOS ALBANO
CÍVEL,BELÉM,2ª DEFENSORIA DE DEFESA DO CONSUMIDOR,2026-09-22 12:40:25.320110-03:00,0892525-63.2026.8.14.0301,PROCEDIMENTO COMUM CÍVEL (7),LIANE BENCHIMOL DE MATOS ALBANO
CÍVEL,BELÉM,2ª DEFENSORIA DE DEFESA DO CONSUMIDOR,2026-09-22 13:04:46.636742-03:00,0892541-17.2026.8.14.0301,PROCEDIMENTO COMUM CÍVEL (7),LIANE BENCHIMOL DE MATOS ALBANO
CÍVEL,BELÉM,2ª DEFENSORIA DE DEFESA DO CONSUMIDOR,2026-09-23 10:42:51.517182-03:00,0892527-33.2026.8.14.0301,PROCEDIMENTO COMUM CÍVEL (7),LIANE BENCHIMOL DE MATOS ALBANO
CÍVEL,BELÉM,2ª DEFENSORIA DE DEFESA DO CONSUMIDOR,2026-09-23 11:21:19.576096-03:00,0892558-53.2026.8.14.0301,PROCEDIMENTO COMUM CÍVEL (7),LIANE BENCHIMOL DE MATOS ALBANO
CÍVEL,BELÉM,2ª DEFENSORIA DE DEFESA DO CONSUMIDOR,2026-09-23 11:54:02.409609-03:00,0892577-59.2026.8.14.0301,PROCEDIMENTO COMUM CÍVEL (7),LIANE BENCHIMOL DE MATOS ALBANO
CÍVEL,BELÉM,2ª DEFENSORIA PÚBLICA CÍVEL,2026-01-22 10:25:21.114387-03:00,0804679-08.2026.8.14.0301,PROCEDIMENTO COMUM CÍVEL (7),LUCIANA SOUZA DOS ANJOS
CÍVEL,BELÉM,2ª DEFENSORIA PÚBLICA CÍVEL,2026-02-11 08:35:47.168575-03:00,0819975-70.2026.8.14.0301,ALVARÁ JUDICIAL - LEI 6858/80 (74),LUCIANA SOUZA DOS ANJOS
CÍVEL,BELÉM,2ª DEFENSORIA PÚBLICA CÍVEL,2026-02-24 11:37:57.942576-03:00,0823307-45.2026.8.14.0301,PROCEDIMENTO COMUM CÍVEL (7),LUCIANA SOUZA DOS ANJOS
CÍVEL,BELÉM,2ª DEFENSORIA PÚBLICA CÍVEL,2026-03-02 11:54:17.463299-03:00,0825301-11.2026.8.14.0301,PROCEDIMENTO COMUM CÍVEL (7),LUCIANA SOUZA DOS ANJOS
CÍVEL,BELÉM,2ª DEFENSORIA PÚBLICA CÍVEL,2026-03-04 09:00:52.295239-03:00,0825987-03.2026.8.14.0301,ARROLAMENTO SUMÁRIO (31),LUCIANA SOUZA DOS ANJOS
CÍVEL,BELÉM,2ª DEFENSORIA PÚBLICA CÍVEL,2026-04-01 12:24:55.511370-03:00,0836348-79.2026.8.14.0301,ALVARÁ JUDICIAL - LEI 6858/80 (74),LUCIANA SOUZA DOS ANJOS
CÍVEL,BELÉM,2ª DEFENSORIA PÚBLICA CÍVEL,2026-04-06 10:56:43.570502-03:00,0836704-74.2026.8.14.0301,ALVARÁ JUDICIAL - LEI 6858/80 (74),LUCIANA SOUZA DOS ANJOS
CÍVEL,BELÉM,2ª DEFENSORIA PÚBLICA CÍVEL,2026-04-22 11:37:27.535615-03:00,0844134-77.2026.8.14.0301,PROCEDIMENTO COMUM CÍVEL (7),LUCIANA SOUZA DOS ANJOS
CÍVEL,BELÉM,2ª DEFENSORIA PÚBLICA CÍVEL,2026-04-28 09:58:20.764243-03:00,0846225-43.2026.8.14.0301,PROCEDIMENTO COMUM CÍVEL (7),LUCIANA SOUZA DOS ANJOS
CÍVEL,BELÉM,2ª DEFENSORIA PÚBLICA CÍVEL,2026-05-12 20:41:18.958948-03:00,0850617-26.2026.8.14.0301,CUMPRIMENTO PROVISÓRIO DE SENTENÇA (157),LUCIANA SOUZA DOS ANJOS
CÍVEL,BELÉM,2ª DEFENSORIA PÚBLICA CÍVEL,2026-05-25 12:19:06.909282-03:00,0854696-48.2026.8.14.0301,ARROLAMENTO COMUM (30),LUCIANA SOUZA DOS ANJOS
CÍVEL,BELÉM,2ª DEFENSORIA PÚBLICA CÍVEL,2026-05-27 09:11:45.980705-03:00,0855477-70.2026.8.14.0301,ARROLAMENTO COMUM (30),LUCIANA SOUZA DOS ANJOS
CÍVEL,BELÉM,2ª DEFENSORIA PÚBLICA CÍVEL,2026-05-29 12:58:27.881691-03:00,0856510-95.2026.8.14.0301,REINTEGRAÇÃO / MANUTENÇÃO DE POSSE (1707),LUCIANA SOUZA DOS ANJOS
CÍVEL,BELÉM,2ª DEFENSORIA PÚBLICA CÍVEL,2026-06-25 09:37:23.535517-03:00,0864185-12.2026.8.14.0301,PROCEDIMENTO COMUM CÍVEL (7),LUCIANA SOUZA DOS ANJOS
CÍVEL,BELÉM,2ª DEFENSORIA PÚBLICA CÍVEL,2026-07-21 09:17:09.574837-03:00,0871533-81.2026.8.14.0301,PROCEDIMENTO COMUM CÍVEL (7),LUCIANA SOUZA DOS ANJOS
CÍVEL,BELÉM,2ª DEFENSORIA PÚBLICA CÍVEL,2026-07-30 11:29:27.270432-03:00,0874328-60.2026.8.14.0301,PROCEDIMENTO COMUM CÍVEL (7),LUCIANA SOUZA DOS ANJOS
CÍVEL,BELÉM,2ª DEFENSORIA PÚBLICA CÍVEL,2026-08-12 09:05:35.110714-03:00,0877762-57.2026.8.14.0301,PROCEDIMENTO COMUM CÍVEL (7),LUCIANA SOUZA DOS ANJOS
CÍVEL,BELÉM,2ª DEFENSORIA PÚBLICA CÍVEL,2026-09-01 08:54:44.161637-03:00,0884836-65.2026.8.14.0301,PROCEDIMENTO COMUM CÍVEL (7),LUCIANA SOUZA DOS ANJOS
CÍVEL,BELÉM,2ª DEFENSORIA PUBLICA DE DEFESA DA MORADIA,2026-01-07 12:10:46.829837-03:00,0800541-95.2026.8.14.0301,USUCAPIÃO (49),SILVIA GOMES NORONHA
CÍVEL,BELÉM,2ª DEFENSORIA PUBLICA DE DEFESA DA MORADIA,2026-03-05 13:15:21.816101-03:00,0829799-53.2026.8.14.0301,USUCAPIÃO (49),SILVIA GOMES NORONHA
CÍVEL,BELÉM,2ª DEFENSORIA PUBLICA DE DEFESA DA MORADIA,2026-03-18 08:44:44.793875-03:00,0831066-60.2026.8.14.0301,USUCAPIÃO (49),SILVIA GOMES NORONHA
CÍVEL,BELÉM,2ª DEFENSORIA PUBLICA DE DEFESA DA MORADIA,2026-03-26 09:26:18.233253-03:00,0846226-28.2026.8.14.0301,USUCAPIÃO (49),SILVIA GOMES NORONHA
CÍVEL,BELÉM,2ª DEFENSORIA PUBLICA DE DEFESA DA MORADIA,2026-06-18 10:51:41.057165-03:00,0862992-59.2026.8.14.0301,USUCAPIÃO (49),SILVIA GOMES NORONHA
CÍVEL,BELÉM,2ª DEFENSORIA PUBLICA DE DEFESA DA MORADIA,2026-07-02 08:28:47.944253-03:00,0866768-67.2026.8.14.0301,USUCAPIÃO (49),SILVIA GOMES NORONHA
CÍVEL,BELÉM,2ª DEFENSORIA PUBLICA DE DEFESA DA MORADIA,2026-07-23 14:11:50.311658-03:00,0874143-22.2026.8.14.0301,USUCAPIÃO (49),SILVIA GOMES NORONHA
CÍVEL,BELÉM,2ª DEFENSORIA PUBLICA DE DEFESA DA MORADIA,2026-07-30 11:58:30.634977-03:00,0876751-90.2026.8.14.0301,USUCAPIÃO (49),SILVIA GOMES NORONHA
CÍVEL,BELÉM,2ª DEFENSORIA PUBLICA DE DEFESA DA MORADIA,2026-08-05 12:51:48.320436-03:00,0876752-75.2026.8.14.0301,USUCAPIÃO (49),SILVIA GOMES NORONHA
CÍVEL,BELÉM,2ª DEFENSORIA PUBLICA DE DEFESA DA MORADIA,2026-08-06 09:45:36.402594-03:00,0876748-38.2026.8.14.0301,USUCAPIÃO (49),SILVIA GOMES NORONHA
CÍVEL,BELÉM,2ª DEFENSORIA PUBLICA DE DEFESA DA MORADIA,2026-08-20 11:15:30.663766-03:00,0880731-45.2026.8.14.0301,USUCAPIÃO (49),SILVIA GOMES NORONHA
CÍVEL,BELÉM,2ª DEFENSORIA PUBLICA DE DEFESA DA MORADIA,2026-08-20 11:57:04.099132-03:00,0880778-19.2026.8.14.0301,USUCAPIÃO (49),SILVIA GOMES NORONHA
CÍVEL,BELÉM,2ª DEFENSORIA PUBLICA DE DEFESA DA MORADIA,2026-08-20 12:50:02.733983-03:00,0880826-75.2026.8.14.0301,USUCAPIÃO (49),SILVIA GOMES NORONHA
CÍVEL,BELÉM,2ª DEFENSORIA PUBLICA DE DEFESA DA MORADIA,2026-08-21 12:00:52.701939-03:00,0881271-93.2026.8.14.0301,USUCAPIÃO (49),SILVIA GOMES NORONHA
CÍVEL,BELÉM,2ª DEFENSORIA PUBLICA DE DEFESA DA MORADIA,2026-09-10 11:56:19.755029-03:00,0888079-17.2026.8.14.0301,USUCAPIÃO (49),SILVIA GOMES NORONHA
CÍVEL,BELÉM,2ª DEFENSORIA PUBLICA DE DEFESA DA MORADIA,2026-09-14 11:18:50.978457-03:00,0890336-15.2026.8.14.0301,USUCAPIÃO (49),SILVIA GOMES NORONHA
CÍVEL,BELÉM,2ª DEFENSORIA PUBLICA DE DIREITOS HUMANOS,2026-01-13 11:59:57.599575-03:00,0802212-56.2026.8.14.0301,INTERDIÇÃO/CURATELA (58),MARCIO NEIVA COELHO
CÍVEL,BELÉM,2ª DEFENSORIA PUBLICA DE DIREITOS HUMANOS,2026-01-15 15:05:51.538799-03:00,0802987-71.2026.8.14.0301,RETIFICAÇÃO OU SUPRIMENTO OU RESTAURAÇÃO DE REGISTRO CIVIL (1682),MARCIO NEIVA COELHO
CÍVEL,BELÉM,2ª DEFENSORIA PUBLICA DE DIREITOS HUMANOS,2026-01-16 13:48:33.725591-03:00,0803962-93.2026.8.14.0301,INTERDIÇÃO/CURATELA (58),MARCIO NEIVA COELHO
CÍVEL,BELÉM,2ª DEFENSORIA PUBLICA DE DIREITOS HUMANOS,2026-01-16 14:06:23.398257-03:00,0803941-20.2026.8.14.0301,RETIFICAÇÃO OU SUPRIMENTO OU RESTAURAÇÃO DE REGISTRO CIVIL (1682),MARCIO NEIVA COELHO
CÍVEL,BELÉM,2ª DEFENSORIA PUBLICA DE DIREITOS HUMANOS,2026-01-20 10:37:06.212840-03:00,0803972-40.2026.8.14.0301,INTERDIÇÃO/CURATELA (58),MARCIO NEIVA COELHO
CÍVEL,BELÉM,2ª DEFENSORIA PUBLICA DE DIREITOS HUMANOS,2026-01-20 12:22:05.510749-03:00,0803994-98.2026.8.14.0301,INTERDIÇÃO/CURATELA (58),MARCIO NEIVA COELHO
CÍVEL,BELÉM,2ª DEFENSORIA PUBLICA DE DIREITOS HUMANOS,2026-01-20 14:25:00.134868-03:00,0804456-55.2026.8.14.0301,RETIFICAÇÃO OU SUPRIMENTO OU RESTAURAÇÃO DE REGISTRO CIVIL (1682),MARCIO NEIVA COELHO
CÍVEL,BELÉM,2ª DEFENSORIA PUBLICA DE DIREITOS HUMANOS,2026-01-22 10:34:52.129052-03:00,0804691-22.2026.8.14.0301,RETIFICAÇÃO OU SUPRIMENTO OU RESTAURAÇÃO DE REGISTRO CIVIL (1682),MARCIO NEIVA COELHO
CÍVEL,BELÉM,2ª DEFENSORIA PUBLICA DE DIREITOS HUMANOS,2026-01-23 09:01:16.665637-03:00,0805083-59.2026.8.14.0301,RETIFICAÇÃO OU SUPRIMENTO OU RESTAURAÇÃO DE REGISTRO CIVIL (1682),MARCIO NEIVA COELHO
CÍVEL,BELÉM,2ª DEFENSORIA PUBLICA DE DIREITOS HUMANOS,2026-02-02 10:09:45.345139-03:00,0807581-31.2026.8.14.0301,PROCEDIMENTO DO JUIZADO ESPECIAL DA FAZENDA PÚBLICA,MARCIO NEIVA COELHO
CÍVEL,BELÉM,2ª DEFENSORIA PUBLICA DE DIREITOS HUMANOS,2026-02-03 12:21:58.685494-03:00,0811886-58.2026.8.14.0301,RETIFICAÇÃO OU SUPRIMENTO OU RESTAURAÇÃO DE REGISTRO CIVIL (1682),MARCIO NEIVA COELHO
CÍVEL,BELÉM,2ª DEFENSORIA PUBLICA DE DIREITOS HUMANOS,2026-02-03 14:27:52.254141-03:00,0813184-85.2026.8.14.0301,RETIFICAÇÃO OU SUPRIMENTO OU RESTAURAÇÃO DE REGISTRO CIVIL (1682),MARCIO NEIVA COELHO
CÍVEL,BELÉM,2ª DEFENSORIA PUBLICA DE DIREITOS HUMANOS,2026-03-09 10:05:10.883491-03:00,0800628-81.2026.8.14.0097,INTERDIÇÃO/CURATELA (58),MARCIO NEIVA COELHO
CÍVEL,BELÉM,2ª DEFENSORIA PUBLICA DE DIREITOS HUMANOS,2026-03-09 11:47:08.979682-03:00,0827274-98.2026.8.14.0301,RETIFICAÇÃO OU SUPRIMENTO OU RESTAURAÇÃO DE REGISTRO CIVIL (1682),MARCIO NEIVA COELHO
CÍVEL,BELÉM,2ª DEFENSORIA PUBLICA DE DIREITOS HUMANOS,2026-03-09 14:30:26.675474-03:00,0827585-89.2026.8.14.0301,RETIFICAÇÃO OU SUPRIMENTO OU RESTAURAÇÃO DE REGISTRO CIVIL (1682),MARCIO NEIVA COELHO
CÍVEL,BELÉM,2ª DEFENSORIA PUBLICA DE DIREITOS HUMANOS,2026-03-13 11:00:49.738304-03:00,0805885-69.2026.8.14.0006,RETIFICAÇÃO OU SUPRIMENTO OU RESTAURAÇÃO DE REGISTRO CIVIL (1682),MARCIO NEIVA COELHO
CÍVEL,BELÉM,2ª DEFENSORIA PUBLICA DE DIREITOS HUMANOS,2026-03-14 09:18:06.682181-03:00,0805975-77.2026.8.14.0006,ALVARÁ JUDICIAL - LEI 6858/80 (74),MARCIO NEIVA COELHO
CÍVEL,BELÉM,2ª DEFENSORIA PUBLICA DE DIREITOS HUMANOS,2026-03-14 10:32:08.963341-03:00,0805976-62.2026.8.14.0006,RETIFICAÇÃO OU SUPRIMENTO OU RESTAURAÇÃO DE REGISTRO CIVIL (1682),MARCIO NEIVA COELHO
CÍVEL,BELÉM,2ª DEFENSORIA PUBLICA DE DIREITOS HUMANOS,2026-03-14 11:46:11.264840-03:00,0829589-02.2026.8.14.0301,DIVÓRCIO CONSENSUAL (12372),MARCIO NEIVA COELHO
CÍVEL,BELÉM,2ª DEFENSORIA PUBLICA DE DIREITOS HUMANOS,2026-03-14 12:55:09.849835-03:00,0829598-61.2026.8.14.0301,DIVÓRCIO LITIGIOSO (12541),MARCIO NEIVA COELHO
CÍVEL,BELÉM,2ª DEFENSORIA PUBLICA DE DIREITOS HUMANOS,2026-03-17 12:34:47.685521-03:00,0801741-49.2026.8.14.0201,RETIFICAÇÃO OU SUPRIMENTO OU RESTAURAÇÃO DE REGISTRO CIVIL (1682),MARCIO NEIVA COELHO
CÍVEL,BELÉM,2ª DEFENSORIA PUBLICA DE DIREITOS HUMANOS,2026-03-19 10:22:55.721958-03:00,0801790-90.2026.8.14.0201,PROCEDIMENTO COMUM CÍVEL (7),MARCIO NEIVA COELHO
CÍVEL,BELÉM,2ª DEFENSORIA PUBLICA DE DIREITOS HUMANOS,2026-03-22 10:40:48.219542-03:00,0831793-19.2026.8.14.0301,RETIFICAÇÃO OU SUPRIMENTO OU RESTAURAÇÃO DE REGISTRO CIVIL (1682),MARCIO NEIVA COELHO
CÍVEL,BELÉM,2ª DEFENSORIA PUBLICA DE DIREITOS HUMANOS,2026-03-22 10:56:25.024827-03:00,0831796-71.2026.8.14.0301,ALIMENTOS - LEI ESPECIAL Nº 5.478/68 (69),MARCIO NEIVA COELHO
CÍVEL,BELÉM,2ª DEFENSORIA PUBLICA DE DIREITOS HUMANOS,2026-03-22 11:39:35.700573-03:00,0831797-56.2026.8.14.0301,ALIMENTOS - LEI ESPECIAL Nº 5.478/68 (69),MARCIO NEIVA COELHO
CÍVEL,BELÉM,2ª DEFENSORIA PUBLICA DE DIREITOS HUMANOS,2026-03-22 11:58:48.248139-03:00,0831799-26.2026.8.14.0301,ALIMENTOS - LEI ESPECIAL Nº 5.478/68 (69),MARCIO NEIVA COELHO
CÍVEL,BELÉM,2ª DEFENSORIA PUBLICA DE DIREITOS HUMANOS,2026-03-24 14:07:19.728615-03:00,0832728-59.2026.8.14.0301,RETIFICAÇÃO OU SUPRIMENTO OU RESTAURAÇÃO DE REGISTRO CIVIL (1682),MARCIO NEIVA COELHO
CÍVEL,BELÉM,2ª DEFENSORIA PUBLICA DE DIREITOS HUMANOS,2026-03-26 11:40:17.214605-03:00,0833157-26.2026.8.14.0301,ALIMENTOS - LEI ESPECIAL Nº 5.478/68 (69),MARCIO NEIVA COELHO
CÍVEL,BELÉM,2ª DEFENSORIA PUBLICA DE DIREITOS HUMANOS,2026-03-26 11:46:08.717793-03:00,0833159-93.2026.8.14.0301,ALIMENTOS - LEI ESPECIAL Nº 5.478/68 (69),MARCIO NEIVA COELHO
CÍVEL,BELÉM,2ª DEFENSORIA PUBLICA DE DIREITOS HUMANOS,2026-03-26 12:40:32.386173-03:00,0801299-93.2026.8.14.0133,RETIFICAÇÃO OU SUPRIMENTO OU RESTAURAÇÃO DE REGISTRO CIVIL (1682),MARCIO NEIVA COELHO
CÍVEL,BELÉM,2ª DEFENSORIA PUBLICA DE DIREITOS HUMANOS,2026-03-27 09:53:35.855343-03:00,0833572-09.2026.8.14.0301,RETIFICAÇÃO OU SUPRIMENTO OU RESTAURAÇÃO DE REGISTRO CIVIL (1682),MARCIO NEIVA COELHO
CÍVEL,BELÉM,2ª DEFENSORIA PUBLICA DE DIREITOS HUMANOS,2026-04-06 10:03:29.117919-03:00,0836699-52.2026.8.14.0301,RETIFICAÇÃO OU SUPRIMENTO OU RESTAURAÇÃO DE REGISTRO CIVIL (1682),MARCIO NEIVA COELHO
CÍVEL,BELÉM,2ª DEFENSORIA PUBLICA DE DIREITOS HUMANOS,2026-04-06 10:46:15.906587-03:00,0836698-67.2026.8.14.0301,RETIFICAÇÃO OU SUPRIMENTO OU RESTAURAÇÃO DE REGISTRO CIVIL (1682),MARCIO NEIVA COELHO
CÍVEL,BELÉM,2ª DEFENSORIA PUBLICA DE DIREITOS HUMANOS,2026-04-09 10:43:52.499904-03:00,0800922-36.2026.8.14.0097,RETIFICAÇÃO OU SUPRIMENTO OU RESTAURAÇÃO DE REGISTRO CIVIL (1682),MARCIO NEIVA COELHO
CÍVEL,BELÉM,2ª DEFENSORIA PUBLICA DE DIREITOS HUMANOS,2026-04-10 09:32:47.325306-03:00,0808170-35.2026.8.14.0006,ALIMENTOS - LEI ESPECIAL Nº 5.478/68 (69),MARCIO NEIVA COELHO
CÍVEL,BELÉM,2ª DEFENSORIA PUBLICA DE DIREITOS HUMANOS,2026-04-10 10:41:21.075564-03:00,0840608-05.2026.8.14.0301,RETIFICAÇÃO OU SUPRIMENTO OU RESTAURAÇÃO DE REGISTRO CIVIL (1682),MARCIO NEIVA COELHO
CÍVEL,BELÉM,2ª DEFENSORIA PUBLICA DE DIREITOS HUMANOS,2026-04-10 11:21:23.703773-03:00,0840642-77.2026.8.14.0301,DIVÓRCIO LITIGIOSO (12541),MARCIO NEIVA COELHO
CÍVEL,BELÉM,2ª DEFENSORIA PUBLICA DE DIREITOS HUMANOS,2026-04-12 09:07:54.848131-03:00,0841047-16.2026.8.14.0301,RETIFICAÇÃO OU SUPRIMENTO OU RESTAURAÇÃO DE REGISTRO CIVIL (1682),MARCIO NEIVA COELHO
CÍVEL,BELÉM,2ª DEFENSORIA PUBLICA DE DIREITOS HUMANOS,2026-04-16 11:10:55.776731-03:00,0808683-03.2026.8.14.0006,RETIFICAÇÃO OU SUPRIMENTO OU RESTAURAÇÃO DE REGISTRO CIVIL (1682),MARCIO NEIVA COELHO
CÍVEL,BELÉM,2ª DEFENSORIA PUBLICA DE DIREITOS HUMANOS,2026-04-17 09:48:20.326057-03:00,0843115-36.2026.8.14.0301,ALIMENTOS - LEI ESPECIAL Nº 5.478/68 (69),MARCIO NEIVA COELHO
CÍVEL,BELÉM,2ª DEFENSORIA PUBLICA DE DIREITOS HUMANOS,2026-04-17 11:02:08.875226-03:00,0843157-85.2026.8.14.0301,RETIFICAÇÃO OU SUPRIMENTO OU RESTAURAÇÃO DE REGISTRO CIVIL (1682),MARCIO NEIVA COELHO
CÍVEL,BELÉM,2ª DEFENSORIA PUBLICA DE DIREITOS HUMANOS,2026-04-17 11:28:35.830658-03:00,0808827-74.2026.8.14.0006,RETIFICAÇÃO OU SUPRIMENTO OU RESTAURAÇÃO DE REGISTRO CIVIL (1682),MARCIO NEIVA COELHO
CÍVEL,BELÉM,2ª DEFENSORIA PUBLICA DE DIREITOS HUMANOS,2026-04-17 11:55:18.564396-03:00,0808834-66.2026.8.14.0006,RETIFICAÇÃO OU SUPRIMENTO OU RESTAURAÇÃO DE REGISTRO CIVIL (1682),MARCIO NEIVA COELHO
CÍVEL,BELÉM,2ª DEFENSORIA PUBLICA DE DIREITOS HUMANOS,2026-04-17 12:00:18.533450-03:00,0843197-67.2026.8.14.0301,RETIFICAÇÃO OU SUPRIMENTO OU RESTAURAÇÃO DE REGISTRO CIVIL (1682),MARCIO NEIVA COELHO
CÍVEL,BELÉM,2ª DEFENSORIA PUBLICA DE DIREITOS HUMANOS,2026-04-17 12:45:49.634202-03:00,0808838-06.2026.8.14.0006,RETIFICAÇÃO OU SUPRIMENTO OU RESTAURAÇÃO DE REGISTRO CIVIL (1682),MARCIO NEIVA COELHO
CÍVEL,BELÉM,2ª DEFENSORIA PUBLICA DE DIREITOS HUMANOS,2026-04-17 13:03:02.553791-03:00,0808841-58.2026.8.14.0006,RETIFICAÇÃO OU SUPRIMENTO OU RESTAURAÇÃO DE REGISTRO CIVIL (1682),MARCIO NEIVA COELHO
CÍVEL,BELÉM,2ª DEFENSORIA PUBLICA DE DIREITOS HUMANOS,2026-04-29 11:17:22.641484-03:00,0846883-67.2026.8.14.0301,RETIFICAÇÃO OU SUPRIMENTO OU RESTAURAÇÃO DE REGISTRO CIVIL (1682),MARCIO NEIVA COELHO
CÍVEL,BELÉM,2ª DEFENSORIA PUBLICA DE DIREITOS HUMANOS,2026-05-04 10:35:00.994022-03:00,0808161-52.2026.8.14.0401,MEDIDAS PROTETIVAS - ESTATUTO DO IDOSO CRIMINAL  (10967),MARCIO NEIVA COELHO
CÍVEL,BELÉM,2ª DEFENSORIA PUBLICA DE DIREITOS HUMANOS,2026-05-07 11:15:24.605895-03:00,0849018-52.2026.8.14.0301,RETIFICAÇÃO OU SUPRIMENTO OU RESTAURAÇÃO DE REGISTRO CIVIL (1682),MARCIO NEIVA COELHO
CÍVEL,BELÉM,2ª DEFENSORIA PUBLICA DE DIREITOS HUMANOS,2026-06-01 09:59:28.318116-03:00,0856974-22.2026.8.14.0301,RETIFICAÇÃO OU SUPRIMENTO OU RESTAURAÇÃO DE REGISTRO CIVIL (1682),MARCIO NEIVA COELHO
CÍVEL,BELÉM,2ª DEFENSORIA PUBLICA DE DIREITOS HUMANOS,2026-06-02 10:37:06.747055-03:00,0812842-86.2026.8.14.0006,RETIFICAÇÃO OU SUPRIMENTO OU RESTAURAÇÃO DE REGISTRO CIVIL (1682),MARCIO NEIVA COELHO
CÍVEL,BELÉM,2ª DEFENSORIA PUBLICA DE DIREITOS HUMANOS,2026-06-02 11:59:29.258483-03:00,0857497-34.2026.8.14.0301,RETIFICAÇÃO OU SUPRIMENTO OU RESTAURAÇÃO DE REGISTRO CIVIL (1682),MARCIO NEIVA COELHO
CÍVEL,BELÉM,2ª DEFENSORIA PUBLICA DE DIREITOS HUMANOS,2026-06-06 08:41:26.643899-03:00,0858421-45.2026.8.14.0301,PROCEDIMENTO COMUM INFÂNCIA E JUVENTUDE (1706),MARCIO NEIVA COELHO
CÍVEL,BELÉM,2ª DEFENSORIA PUBLICA DE DIREITOS HUMANOS,2026-06-06 12:52:01.417642-03:00,0858439-66.2026.8.14.0301,PROCEDIMENTO DO JUIZADO ESPECIAL CÍVEL (436),MARCIO NEIVA COELHO
CÍVEL,BELÉM,2ª DEFENSORIA PUBLICA DE DIREITOS HUMANOS,2026-06-08 10:23:53.519087-03:00,0813213-50.2026.8.14.0006,OUTROS PROCEDIMENTOS DE JURISDIÇÃO VOLUNTÁRIA (1294),MARCIO NEIVA COELHO
CÍVEL,BELÉM,2ª DEFENSORIA PUBLICA DE DIREITOS HUMANOS,2026-06-10 12:09:24.777037-03:00,0859529-12.2026.8.14.0301,RETIFICAÇÃO OU SUPRIMENTO OU RESTAURAÇÃO DE REGISTRO CIVIL (1682),MARCIO NEIVA COELHO
CÍVEL,BELÉM,2ª DEFENSORIA PUBLICA DE DIREITOS HUMANOS,2026-06-12 11:27:58.631455-03:00,0860399-57.2026.8.14.0301,TUTELA ANTECIPADA ANTECEDENTE (12135),MARCIO NEIVA COELHO
CÍVEL,BELÉM,2ª DEFENSORIA PUBLICA DE DIREITOS HUMANOS,2026-07-21 12:32:28.845843-03:00,0871679-25.2026.8.14.0301,RETIFICAÇÃO OU SUPRIMENTO OU RESTAURAÇÃO DE REGISTRO CIVIL (1682),MARCIO NEIVA COELHO
CÍVEL,BELÉM,2ª DEFENSORIA PUBLICA DE DIREITOS HUMANOS,2026-07-22 09:07:48.886684-03:00,0871981-54.2026.8.14.0301,ALIMENTOS - LEI ESPECIAL Nº 5.478/68 (69),MARCIO NEIVA COELHO
CÍVEL,BELÉM,2ª DEFENSORIA PUBLICA DE DIREITOS HUMANOS,2026-09-03 14:42:17.059154-03:00,0821148-44.2026.8.14.0006,RETIFICAÇÃO OU SUPRIMENTO OU RESTAURAÇÃO DE REGISTRO CIVIL (1682),MARCIO NEIVA COELHO
CÍVEL,BELÉM,2ª DEFENSORIA PUBLICA DE DIREITOS HUMANOS,2026-09-08 09:27:59.726190-03:00,0887037-30.2026.8.14.0301,RETIFICAÇÃO OU SUPRIMENTO OU RESTAURAÇÃO DE REGISTRO CIVIL (1682),MARCIO NEIVA COELHO
CÍVEL,BELÉM,2ª DEFENSORIA PUBLICA DE DIREITOS HUMANOS,2026-09-11 10:23:17.605819-03:00,0888474-09.2026.8.14.0301,RETIFICAÇÃO OU SUPRIMENTO OU RESTAURAÇÃO DE REGISTRO CIVIL (1682),MARCIO NEIVA COELHO
CÍVEL,BELÉM,2ª DEFENSORIA PUBLICA DE DIREITOS HUMANOS,2026-09-14 13:19:56.255337-03:00,0889130-63.2026.8.14.0301,PETIÇÃO CÍVEL (241),MARCIO NEIVA COELHO
CÍVEL,BELÉM,2ª DEFENSORIA PUBLICA DE DIREITOS HUMANOS,2026-09-14 13:40:57.846271-03:00,0889244-02.2026.8.14.0301,PROCEDIMENTO DO JUIZADO ESPECIAL CÍVEL (436),MARCIO NEIVA COELHO
CÍVEL,BELÉM,2ª DEFENSORIA PUBLICA DE DIREITOS HUMANOS,2026-09-16 12:24:47.956606-03:00,0890014-92.2026.8.14.0301,RETIFICAÇÃO OU SUPRIMENTO OU RESTAURAÇÃO DE REGISTRO CIVIL (1682),MARCIO NEIVA COELHO
CÍVEL,BELÉM,2ª  DEFENSORIA PUBLICA DE ENFRENTAMENTO A VIOLENCIA DE GENERO,2026-01-12 11:32:35.301439-03:00,0802004-72.2026.8.14.0301,PROCEDIMENTO COMUM CÍVEL (7),FLORIANO BARBOSA JUNIOR
CÍVEL,BELÉM,2ª  DEFENSORIA PUBLICA DE ENFRENTAMENTO A VIOLENCIA DE GENERO,2026-02-04 13:17:46.540360-03:00,0815463-44.2026.8.14.0301,PROCEDIMENTO COMUM CÍVEL (7),ANNALU MARINHO FERREIRA
CÍVEL,BELÉM,2ª  DEFENSORIA PUBLICA DE ENFRENTAMENTO A VIOLENCIA DE GENERO,2026-02-09 12:25:18.170752-03:00,0821697-42.2026.8.14.0301,GUARDA DE INFÂNCIA E JUVENTUDE (1420),ANNALU MARINHO FERREIRA
CÍVEL,BELÉM,2ª  DEFENSORIA PUBLICA DE ENFRENTAMENTO A VIOLENCIA DE GENERO,2026-02-10 12:17:32.649066-03:00,0820073-55.2026.8.14.0301,GUARDA DE INFÂNCIA E JUVENTUDE (1420),ANNALU MARINHO FERREIRA
CÍVEL,BELÉM,2ª  DEFENSORIA PUBLICA DE ENFRENTAMENTO A VIOLENCIA DE GENERO,2026-02-13 09:55:49.161549-03:00,0823817-58.2026.8.14.0301,AÇÃO DE ALIMENTOS DE INFÂNCIA E JUVENTUDE (1389),FLORIANO BARBOSA JUNIOR
CÍVEL,BELÉM,2ª  DEFENSORIA PUBLICA DE ENFRENTAMENTO A VIOLENCIA DE GENERO,2026-02-18 12:38:45.519976-03:00,0823803-74.2026.8.14.0301,DIVÓRCIO LITIGIOSO (12541),FLORIANO BARBOSA JUNIOR
CÍVEL,BELÉM,2ª  DEFENSORIA PUBLICA DE ENFRENTAMENTO A VIOLENCIA DE GENERO,2026-02-24 10:47:43.355926-03:00,0823833-12.2026.8.14.0301,ALIMENTOS - LEI ESPECIAL Nº 5.478/68 (69),FLORIANO BARBOSA JUNIOR
CÍVEL,BELÉM,2ª  DEFENSORIA PUBLICA DE ENFRENTAMENTO A VIOLENCIA DE GENERO,2026-02-24 11:40:23.967184-03:00,0823798-52.2026.8.14.0301,DIVÓRCIO LITIGIOSO (12541),FLORIANO BARBOSA JUNIOR
CÍVEL,BELÉM,2ª  DEFENSORIA PUBLICA DE ENFRENTAMENTO A VIOLENCIA DE GENERO,2026-03-02 10:42:18.292676-03:00,0827166-69.2026.8.14.0301,PROCEDIMENTO COMUM CÍVEL (7),FLORIANO BARBOSA JUNIOR
CÍVEL,BELÉM,2ª  DEFENSORIA PUBLICA DE ENFRENTAMENTO A VIOLENCIA DE GENERO,2026-03-02 11:08:15.948427-03:00,0825600-85.2026.8.14.0301,PROCEDIMENTO COMUM CÍVEL (7),ANNALU MARINHO FERREIRA
CÍVEL,BELÉM,2ª  DEFENSORIA PUBLICA DE ENFRENTAMENTO A VIOLENCIA DE GENERO,2026-03-02 11:42:38.000182-03:00,0829811-67.2026.8.14.0301,PROCEDIMENTO COMUM CÍVEL (7),FLORIANO BARBOSA JUNIOR
CÍVEL,BELÉM,2ª  DEFENSORIA PUBLICA DE ENFRENTAMENTO A VIOLENCIA DE GENERO,2026-03-04 11:31:41.058460-03:00,0827167-54.2026.8.14.0301,CUMPRIMENTO DE SENTENÇA (156),FLORIANO BARBOSA JUNIOR
CÍVEL,BELÉM,2ª  DEFENSORIA PUBLICA DE ENFRENTAMENTO A VIOLENCIA DE GENERO,2026-03-09 11:40:51.538059-03:00,0827267-09.2026.8.14.0301,ALIMENTOS - LEI ESPECIAL Nº 5.478/68 (69),FLORIANO BARBOSA JUNIOR
CÍVEL,BELÉM,2ª  DEFENSORIA PUBLICA DE ENFRENTAMENTO A VIOLENCIA DE GENERO,2026-03-11 08:53:13.479386-03:00,0828322-92.2026.8.14.0301,DIVÓRCIO LITIGIOSO (12541),FLORIANO BARBOSA JUNIOR
CÍVEL,BELÉM,2ª  DEFENSORIA PUBLICA DE ENFRENTAMENTO A VIOLENCIA DE GENERO,2026-03-12 16:33:11.592582-03:00,0829031-30.2026.8.14.0301,PEDIDO DE MEDIDA DE PROTEÇÃO,FLORIANO BARBOSA JUNIOR
CÍVEL,BELÉM,2ª  DEFENSORIA PUBLICA DE ENFRENTAMENTO A VIOLENCIA DE GENERO,2026-03-16 17:50:43.016700-03:00,0830157-18.2026.8.14.0301,ALIMENTOS - LEI ESPECIAL Nº 5.478/68 (69),FLORIANO BARBOSA JUNIOR
CÍVEL,BELÉM,2ª  DEFENSORIA PUBLICA DE ENFRENTAMENTO A VIOLENCIA DE GENERO,2026-03-16 18:28:33.081226-03:00,0830163-25.2026.8.14.0301,DIVÓRCIO LITIGIOSO (12541),FLORIANO BARBOSA JUNIOR
CÍVEL,BELÉM,2ª  DEFENSORIA PUBLICA DE ENFRENTAMENTO A VIOLENCIA DE GENERO,2026-04-01 10:31:18.676740-03:00,0835070-43.2026.8.14.0301,PROCEDIMENTO COMUM CÍVEL (7),FLORIANO BARBOSA JUNIOR
CÍVEL,BELÉM,2ª  DEFENSORIA PUBLICA DE ENFRENTAMENTO A VIOLENCIA DE GENERO,2026-04-07 10:29:01.008524-03:00,0840693-88.2026.8.14.0301,DIVÓRCIO CONSENSUAL (12372),FLORIANO BARBOSA JUNIOR
CÍVEL,BELÉM,2ª  DEFENSORIA PUBLICA DE ENFRENTAMENTO A VIOLENCIA DE GENERO,2026-04-15 09:07:40.020961-03:00,0842124-60.2026.8.14.0301,ALIMENTOS - LEI ESPECIAL Nº 5.478/68 (69),FLORIANO BARBOSA JUNIOR
CÍVEL,BELÉM,2ª  DEFENSORIA PUBLICA DE ENFRENTAMENTO A VIOLENCIA DE GENERO,2026-04-15 12:04:50.437569-03:00,0842627-81.2026.8.14.0301,ALIMENTOS - LEI ESPECIAL Nº 5.478/68 (69),FLORIANO BARBOSA JUNIOR
CÍVEL,BELÉM,2ª  DEFENSORIA PUBLICA DE ENFRENTAMENTO A VIOLENCIA DE GENERO,2026-04-16 09:09:46.672107-03:00,0842624-29.2026.8.14.0301,ALIMENTOS - LEI ESPECIAL Nº 5.478/68 (69),FLORIANO BARBOSA JUNIOR
CÍVEL,BELÉM,2ª  DEFENSORIA PUBLICA DE ENFRENTAMENTO A VIOLENCIA DE GENERO,2026-04-17 12:35:02.068409-03:00,0808912-60.2026.8.14.0006,PROCEDIMENTO COMUM CÍVEL (7),FLORIANO BARBOSA JUNIOR
CÍVEL,BELÉM,2ª  DEFENSORIA PUBLICA DE ENFRENTAMENTO A VIOLENCIA DE GENERO,2026-04-22 11:51:18.202399-03:00,0845633-96.2026.8.14.0301,CUMPRIMENTO DE SENTENÇA (156),FLORIANO BARBOSA JUNIOR
CÍVEL,BELÉM,2ª  DEFENSORIA PUBLICA DE ENFRENTAMENTO A VIOLENCIA DE GENERO,2026-04-28 12:24:51.903734-03:00,0846753-77.2026.8.14.0301,PROCEDIMENTO COMUM CÍVEL (7),FLORIANO BARBOSA JUNIOR
CÍVEL,BELÉM,2ª  DEFENSORIA PUBLICA DE ENFRENTAMENTO A VIOLENCIA DE GENERO,2026-05-05 12:43:10.580928-03:00,0848521-38.2026.8.14.0301,DIVÓRCIO LITIGIOSO (12541),FLORIANO BARBOSA JUNIOR
CÍVEL,BELÉM,2ª  DEFENSORIA PUBLICA DE ENFRENTAMENTO A VIOLENCIA DE GENERO,2026-05-11 12:10:30.459587-03:00,0850753-23.2026.8.14.0301,PROCEDIMENTO COMUM CÍVEL (7),FLORIANO BARBOSA JUNIOR
CÍVEL,BELÉM,2ª  DEFENSORIA PUBLICA DE ENFRENTAMENTO A VIOLENCIA DE GENERO,2026-05-11 12:28:27.830475-03:00,0850760-15.2026.8.14.0301,PROCEDIMENTO COMUM CÍVEL (7),FLORIANO BARBOSA JUNIOR
CÍVEL,BELÉM,2ª  DEFENSORIA PUBLICA DE ENFRENTAMENTO A VIOLENCIA DE GENERO,2026-05-28 16:36:59.931140-03:00,0857075-59.2026.8.14.0301,DIVÓRCIO LITIGIOSO (12541),FLORIANO BARBOSA JUNIOR
CÍVEL,BELÉM,2ª  DEFENSORIA PUBLICA DE ENFRENTAMENTO A VIOLENCIA DE GENERO,2026-06-02 15:03:41.009271-03:00,0857854-14.2026.8.14.0301,ALIMENTOS - LEI ESPECIAL Nº 5.478/68 (69),FLORIANO BARBOSA JUNIOR
CÍVEL,BELÉM,2ª  DEFENSORIA PUBLICA DE ENFRENTAMENTO A VIOLENCIA DE GENERO,2026-06-09 18:43:59.465297-03:00,0859922-34.2026.8.14.0301,DIVÓRCIO LITIGIOSO (12541),FLORIANO BARBOSA JUNIOR
CÍVEL,BELÉM,2ª  DEFENSORIA PUBLICA DE ENFRENTAMENTO A VIOLENCIA DE GENERO,2026-06-10 15:27:38.806392-03:00,0859925-86.2026.8.14.0301,PROCEDIMENTO COMUM CÍVEL (7),FLORIANO BARBOSA JUNIOR
CÍVEL,BELÉM,2ª  DEFENSORIA PUBLICA DE ENFRENTAMENTO A VIOLENCIA DE GENERO,2026-06-15 09:38:26.231387-03:00,0861218-91.2026.8.14.0301,AVERIGUAÇÃO DE PATERNIDADE (123),FLORIANO BARBOSA JUNIOR
CÍVEL,BELÉM,2ª  DEFENSORIA PUBLICA DE ENFRENTAMENTO A VIOLENCIA DE GENERO,2026-06-16 13:28:52.080531-03:00,0861645-88.2026.8.14.0301,ALIMENTOS - LEI ESPECIAL Nº 5.478/68 (69),FLORIANO BARBOSA JUNIOR
CÍVEL,BELÉM,2ª  DEFENSORIA PUBLICA DE ENFRENTAMENTO A VIOLENCIA DE GENERO,2026-06-19 11:58:25.328513-03:00,0862476-39.2026.8.14.0301,PROCEDIMENTO COMUM CÍVEL (7),FLORIANO BARBOSA JUNIOR
CÍVEL,BELÉM,2ª  DEFENSORIA PUBLICA DE ENFRENTAMENTO A VIOLENCIA DE GENERO,2026-06-22 11:07:22.165670-03:00,0863425-63.2026.8.14.0301,DIVÓRCIO LITIGIOSO (12541),FLORIANO BARBOSA JUNIOR
CÍVEL,BELÉM,2ª  DEFENSORIA PUBLICA DE ENFRENTAMENTO A VIOLENCIA DE GENERO,2026-06-23 18:54:51.691301-03:00,0863788-50.2026.8.14.0301,ALIMENTOS - LEI ESPECIAL Nº 5.478/68 (69),FLORIANO BARBOSA JUNIOR
CÍVEL,BELÉM,2ª  DEFENSORIA PUBLICA DE ENFRENTAMENTO A VIOLENCIA DE GENERO,2026-06-24 11:21:15.516290-03:00,0865557-93.2026.8.14.0301,DIVÓRCIO LITIGIOSO (12541),FLORIANO BARBOSA JUNIOR
CÍVEL,BELÉM,2ª  DEFENSORIA PUBLICA DE ENFRENTAMENTO A VIOLENCIA DE GENERO,2026-06-25 11:58:01.073689-03:00,0865558-78.2026.8.14.0301,PROCEDIMENTO COMUM CÍVEL (7),FLORIANO BARBOSA JUNIOR
CÍVEL,BELÉM,2ª  DEFENSORIA PUBLICA DE ENFRENTAMENTO A VIOLENCIA DE GENERO,2026-06-30 10:51:39.883944-03:00,0865556-11.2026.8.14.0301,PROCEDIMENTO COMUM CÍVEL (7),FLORIANO BARBOSA JUNIOR
CÍVEL,BELÉM,2ª  DEFENSORIA PUBLICA DE ENFRENTAMENTO A VIOLENCIA DE GENERO,2026-07-06 09:52:47.350464-03:00,0867403-48.2026.8.14.0301,PROCEDIMENTO COMUM CÍVEL (7),FLORIANO BARBOSA JUNIOR
CÍVEL,BELÉM,2ª  DEFENSORIA PUBLICA DE ENFRENTAMENTO A VIOLENCIA DE GENERO,2026-07-13 09:25:07.074734-03:00,0869675-15.2026.8.14.0301,ALIMENTOS - LEI ESPECIAL Nº 5.478/68 (69),FLORIANO BARBOSA JUNIOR
CÍVEL,BELÉM,2ª  DEFENSORIA PUBLICA DE ENFRENTAMENTO A VIOLENCIA DE GENERO,2026-07-31 16:19:23.838122-03:00,0874928-81.2026.8.14.0301,CUMPRIMENTO DE SENTENÇA (156),FLORIANO BARBOSA JUNIOR
CÍVEL,BELÉM,2ª  DEFENSORIA PUBLICA DE ENFRENTAMENTO A VIOLENCIA DE GENERO,2026-08-02 03:07:11.679513-03:00,0874929-66.2026.8.14.0301,PROCEDIMENTO COMUM CÍVEL (7),FLORIANO BARBOSA JUNIOR
CÍVEL,BELÉM,2ª  DEFENSORIA PUBLICA DE ENFRENTAMENTO A VIOLENCIA DE GENERO,2026-08-06 14:30:28.267836-03:00,0876560-45.2026.8.14.0301,PROCEDIMENTO COMUM CÍVEL (7),FLORIANO BARBOSA JUNIOR
CÍVEL,BELÉM,2ª  DEFENSORIA PUBLICA DE ENFRENTAMENTO A VIOLENCIA DE GENERO,2026-08-07 10:30:34.331862-03:00,0876558-75.2026.8.14.0301,GUARDA DE FAMÍLIA,FLORIANO BARBOSA JUNIOR
CÍVEL,BELÉM,2ª  DEFENSORIA PUBLICA DE ENFRENTAMENTO A VIOLENCIA DE GENERO,2026-08-17 11:57:17.302288-03:00,0879605-57.2026.8.14.0301,ALIMENTOS - LEI ESPECIAL Nº 5.478/68 (69),FLORIANO BARBOSA JUNIOR
CÍVEL,BELÉM,2ª  DEFENSORIA PUBLICA DE ENFRENTAMENTO A VIOLENCIA DE GENERO,2026-08-27 14:53:13.640747-03:00,0884423-52.2026.8.14.0301,DIVÓRCIO LITIGIOSO (12541),FLORIANO BARBOSA JUNIOR
CÍVEL,BELÉM,2ª  DEFENSORIA PUBLICA DE ENFRENTAMENTO A VIOLENCIA DE GENERO,2026-08-28 17:52:33.333959-03:00,0884424-37.2026.8.14.0301,GUARDA DE FAMÍLIA,FLORIANO BARBOSA JUNIOR
CÍVEL,BELÉM,2ª  DEFENSORIA PUBLICA DE ENFRENTAMENTO A VIOLENCIA DE GENERO,2026-09-02 11:15:59.150592-03:00,0886092-43.2026.8.14.0301,PROCEDIMENTO COMUM CÍVEL (7),FLORIANO BARBOSA JUNIOR
CÍVEL,BELÉM,2ª  DEFENSORIA PUBLICA DE ENFRENTAMENTO A VIOLENCIA DE GENERO,2026-09-18 12:10:30.922082-03:00,0890964-04.2026.8.14.0301,ALIMENTOS - LEI ESPECIAL Nº 5.478/68 (69),FLORIANO BARBOSA JUNIOR
CÍVEL,BELÉM,2ª DEFENSORIA PÚBLICA DE FAMÍLIA,2026-01-19 12:30:50.475471-03:00,0818371-74.2026.8.14.0301,CUMPRIMENTO DE SENTENÇA (156),PAULA MICHELLY MELO DE BRITO
CÍVEL,BELÉM,2ª DEFENSORIA PÚBLICA DE FAMÍLIA,2026-01-19 12:47:28.788453-03:00,0815848-89.2026.8.14.0301,CUMPRIMENTO DE SENTENÇA (156),PAULA MICHELLY MELO DE BRITO
CÍVEL,BELÉM,2ª DEFENSORIA PÚBLICA DE FAMÍLIA,2026-01-22 12:55:00.247415-03:00,0804798-66.2026.8.14.0301,ALIMENTOS - LEI ESPECIAL Nº 5.478/68 (69),PAULA MICHELLY MELO DE BRITO
CÍVEL,BELÉM,2ª DEFENSORIA PÚBLICA DE FAMÍLIA,2026-01-23 12:32:56.327160-03:00,0805240-32.2026.8.14.0301,DIVÓRCIO LITIGIOSO (12541),PAULA MICHELLY MELO DE BRITO
CÍVEL,BELÉM,2ª DEFENSORIA PÚBLICA DE FAMÍLIA,2026-01-26 12:37:54.382121-03:00,0818375-14.2026.8.14.0301,CUMPRIMENTO DE SENTENÇA (156),PAULA MICHELLY MELO DE BRITO
CÍVEL,BELÉM,2ª DEFENSORIA PÚBLICA DE FAMÍLIA,2026-01-28 12:03:31.041792-03:00,0806335-97.2026.8.14.0301,CUMPRIMENTO DE SENTENÇA (156),PAULA MICHELLY MELO DE BRITO
CÍVEL,BELÉM,2ª DEFENSORIA PÚBLICA DE FAMÍLIA,2026-02-04 14:41:48.244060-03:00,0815158-60.2026.8.14.0301,PROCEDIMENTO COMUM CÍVEL (7),PAULA MICHELLY MELO DE BRITO
CÍVEL,BELÉM,2ª DEFENSORIA PÚBLICA DE FAMÍLIA,2026-02-06 12:45:26.419835-03:00,0817940-40.2026.8.14.0301,ALIMENTOS - LEI ESPECIAL Nº 5.478/68 (69),PAULA MICHELLY MELO DE BRITO
CÍVEL,BELÉM,2ª DEFENSORIA PÚBLICA DE FAMÍLIA,2026-02-06 13:43:33.598244-03:00,0818000-13.2026.8.14.0301,DIVÓRCIO LITIGIOSO (12541),PAULA MICHELLY MELO DE BRITO
CÍVEL,BELÉM,2ª DEFENSORIA PÚBLICA DE FAMÍLIA,2026-02-08 17:16:43.631404-03:00,0818370-89.2026.8.14.0301,CUMPRIMENTO DE SENTENÇA (156),PAULA MICHELLY MELO DE BRITO
CÍVEL,BELÉM,2ª DEFENSORIA PÚBLICA DE FAMÍLIA,2026-02-09 12:57:00.312833-03:00,0822022-17.2026.8.14.0301,CUMPRIMENTO DE SENTENÇA (156),PAULA MICHELLY MELO DE BRITO
CÍVEL,BELÉM,2ª DEFENSORIA PÚBLICA DE FAMÍLIA,2026-02-11 12:29:59.065083-03:00,0822034-31.2026.8.14.0301,CUMPRIMENTO DE SENTENÇA (156),PAULA MICHELLY MELO DE BRITO
CÍVEL,BELÉM,2ª DEFENSORIA PÚBLICA DE FAMÍLIA,2026-02-12 11:30:13.938190-03:00,0820519-58.2026.8.14.0301,CUMPRIMENTO DE SENTENÇA (156),PAULA MICHELLY MELO DE BRITO
CÍVEL,BELÉM,2ª DEFENSORIA PÚBLICA DE FAMÍLIA,2026-02-13 10:25:44.988398-03:00,0824229-86.2026.8.14.0301,CUMPRIMENTO DE SENTENÇA (156),PAULA MICHELLY MELO DE BRITO
CÍVEL,BELÉM,2ª DEFENSORIA PÚBLICA DE FAMÍLIA,2026-02-13 12:10:37.847120-03:00,0824230-71.2026.8.14.0301,CUMPRIMENTO DE SENTENÇA (156),PAULA MICHELLY MELO DE BRITO
CÍVEL,BELÉM,2ª DEFENSORIA PÚBLICA DE FAMÍLIA,2026-02-13 13:49:38.945763-03:00,0822121-84.2026.8.14.0301,GUARDA DE INFÂNCIA E JUVENTUDE (1420),PAULA MICHELLY MELO DE BRITO
CÍVEL,BELÉM,2ª DEFENSORIA PÚBLICA DE FAMÍLIA,2026-02-13 14:02:12.408226-03:00,0822137-38.2026.8.14.0301,AÇÃO DE ALIMENTOS DE INFÂNCIA E JUVENTUDE (1389),PAULA MICHELLY MELO DE BRITO
CÍVEL,BELÉM,2ª DEFENSORIA PÚBLICA DE FAMÍLIA,2026-02-13 14:26:08.781062-03:00,0828089-95.2026.8.14.0301,ALIMENTOS - LEI ESPECIAL Nº 5.478/68 (69),PAULA MICHELLY MELO DE BRITO
CÍVEL,BELÉM,2ª DEFENSORIA PÚBLICA DE FAMÍLIA,2026-02-19 20:40:17.608612-03:00,0822144-30.2026.8.14.0301,PROCEDIMENTO COMUM CÍVEL (7),PAULA MICHELLY MELO DE BRITO
CÍVEL,BELÉM,2ª DEFENSORIA PÚBLICA DE FAMÍLIA,2026-02-25 11:30:34.262724-03:00,0823804-59.2026.8.14.0301,CUMPRIMENTO DE SENTENÇA (156),PAULA MICHELLY MELO DE BRITO
CÍVEL,BELÉM,2ª DEFENSORIA PÚBLICA DE FAMÍLIA,2026-02-25 12:56:42.399775-03:00,0829391-62.2026.8.14.0301,CUMPRIMENTO DE SENTENÇA (156),PAULA MICHELLY MELO DE BRITO
CÍVEL,BELÉM,2ª DEFENSORIA PÚBLICA DE FAMÍLIA,2026-02-27 11:45:14.004754-03:00,0831810-55.2026.8.14.0301,ALIMENTOS - LEI ESPECIAL Nº 5.478/68 (69),PAULA MICHELLY MELO DE BRITO
CÍVEL,BELÉM,2ª DEFENSORIA PÚBLICA DE FAMÍLIA,2026-03-13 09:01:06.883246-03:00,0831811-40.2026.8.14.0301,CUMPRIMENTO DE SENTENÇA (156),PAULA MICHELLY MELO DE BRITO
CÍVEL,BELÉM,2ª DEFENSORIA PÚBLICA DE FAMÍLIA,2026-03-13 09:05:21.546817-03:00,0831812-25.2026.8.14.0301,CUMPRIMENTO DE SENTENÇA (156),PAULA MICHELLY MELO DE BRITO
CÍVEL,BELÉM,2ª DEFENSORIA PÚBLICA DE FAMÍLIA,2026-03-13 12:17:05.844967-03:00,0831813-10.2026.8.14.0301,CUMPRIMENTO DE SENTENÇA (156),PAULA MICHELLY MELO DE BRITO
CÍVEL,BELÉM,2ª DEFENSORIA PÚBLICA DE FAMÍLIA,2026-03-17 09:34:38.896202-03:00,0831814-92.2026.8.14.0301,CUMPRIMENTO DE SENTENÇA (156),PAULA MICHELLY MELO DE BRITO
CÍVEL,BELÉM,2ª DEFENSORIA PÚBLICA DE FAMÍLIA,2026-03-17 15:14:18.564792-03:00,0830298-37.2026.8.14.0301,PROCEDIMENTO COMUM CÍVEL (7),PAULA MICHELLY MELO DE BRITO
CÍVEL,BELÉM,2ª DEFENSORIA PÚBLICA DE FAMÍLIA,2026-03-18 10:55:14.858058-03:00,0830552-10.2026.8.14.0301,DIVÓRCIO LITIGIOSO (12541),PAULA MICHELLY MELO DE BRITO
CÍVEL,BELÉM,2ª DEFENSORIA PÚBLICA DE FAMÍLIA,2026-03-18 12:27:48.674361-03:00,0830617-05.2026.8.14.0301,CUMPRIMENTO DE SENTENÇA (156),PAULA MICHELLY MELO DE BRITO
CÍVEL,BELÉM,2ª DEFENSORIA PÚBLICA DE FAMÍLIA,2026-03-18 13:58:21.891179-03:00,0831817-47.2026.8.14.0301,CUMPRIMENTO DE SENTENÇA (156),PAULA MICHELLY MELO DE BRITO
CÍVEL,BELÉM,2ª DEFENSORIA PÚBLICA DE FAMÍLIA,2026-03-18 14:02:54.477180-03:00,0831816-62.2026.8.14.0301,CUMPRIMENTO DE SENTENÇA (156),PAULA MICHELLY MELO DE BRITO
CÍVEL,BELÉM,2ª DEFENSORIA PÚBLICA DE FAMÍLIA,2026-03-21 16:11:40.655265-03:00,0831769-88.2026.8.14.0301,CUMPRIMENTO DE SENTENÇA (156),PAULA MICHELLY MELO DE BRITO
CÍVEL,BELÉM,2ª DEFENSORIA PÚBLICA DE FAMÍLIA,2026-03-22 12:11:08.125752-03:00,0831801-93.2026.8.14.0301,CUMPRIMENTO DE SENTENÇA (156),PAULA MICHELLY MELO DE BRITO
CÍVEL,BELÉM,2ª DEFENSORIA PÚBLICA DE FAMÍLIA,2026-03-24 14:05:16.310323-03:00,0832498-17.2026.8.14.0301,ALIMENTOS - LEI ESPECIAL Nº 5.478/68 (69),PAULA MICHELLY MELO DE BRITO
CÍVEL,BELÉM,2ª DEFENSORIA PÚBLICA DE FAMÍLIA,2026-03-25 12:11:59.641912-03:00,0836540-12.2026.8.14.0301,CUMPRIMENTO DE SENTENÇA (156),PAULA MICHELLY MELO DE BRITO
CÍVEL,BELÉM,2ª DEFENSORIA PÚBLICA DE FAMÍLIA,2026-03-26 14:16:10.217888-03:00,0833216-14.2026.8.14.0301,ALIMENTOS - LEI ESPECIAL Nº 5.478/68 (69),PAULA MICHELLY MELO DE BRITO
CÍVEL,BELÉM,2ª DEFENSORIA PÚBLICA DE FAMÍLIA,2026-03-27 14:07:24.539661-03:00,0836610-29.2026.8.14.0301,CUMPRIMENTO DE SENTENÇA (156),PAULA MICHELLY MELO DE BRITO
CÍVEL,BELÉM,2ª DEFENSORIA PÚBLICA DE FAMÍLIA,2026-04-04 13:01:10.352977-03:00,0836536-72.2026.8.14.0301,CUMPRIMENTO DE SENTENÇA (156),PAULA MICHELLY MELO DE BRITO
CÍVEL,BELÉM,2ª DEFENSORIA PÚBLICA DE FAMÍLIA,2026-04-04 13:25:14.399877-03:00,0836539-27.2026.8.14.0301,CUMPRIMENTO DE SENTENÇA (156),PAULA MICHELLY MELO DE BRITO
CÍVEL,BELÉM,2ª DEFENSORIA PÚBLICA DE FAMÍLIA,2026-04-04 13:49:50.897435-03:00,0836541-94.2026.8.14.0301,CUMPRIMENTO DE SENTENÇA (156),PAULA MICHELLY MELO DE BRITO
CÍVEL,BELÉM,2ª DEFENSORIA PÚBLICA DE FAMÍLIA,2026-04-05 12:44:23.881020-03:00,0836590-38.2026.8.14.0301,CUMPRIMENTO DE SENTENÇA (156),PAULA MICHELLY MELO DE BRITO
CÍVEL,BELÉM,2ª DEFENSORIA PÚBLICA DE FAMÍLIA,2026-04-05 20:22:08.344369-03:00,0836609-44.2026.8.14.0301,CUMPRIMENTO DE SENTENÇA (156),PAULA MICHELLY MELO DE BRITO
CÍVEL,BELÉM,2ª DEFENSORIA PÚBLICA DE FAMÍLIA,2026-05-05 09:45:54.975355-03:00,0848217-39.2026.8.14.0301,CUMPRIMENTO DE SENTENÇA (156),PAULA MICHELLY MELO DE BRITO
CÍVEL,BELÉM,2ª DEFENSORIA PÚBLICA DE FAMÍLIA,2026-05-05 11:38:16.280356-03:00,0848285-86.2026.8.14.0301,CUMPRIMENTO DE SENTENÇA (156),PAULA MICHELLY MELO DE BRITO
CÍVEL,BELÉM,2ª DEFENSORIA PÚBLICA DE FAMÍLIA,2026-05-06 12:01:14.927865-03:00,0849915-80.2026.8.14.0301,CUMPRIMENTO DE SENTENÇA (156),PAULA MICHELLY MELO DE BRITO
CÍVEL,BELÉM,2ª DEFENSORIA PÚBLICA DE FAMÍLIA,2026-05-06 12:26:11.401532-03:00,0849916-65.2026.8.14.0301,CUMPRIMENTO DE SENTENÇA (156),PAULA MICHELLY MELO DE BRITO
CÍVEL,BELÉM,2ª DEFENSORIA PÚBLICA DE FAMÍLIA,2026-05-07 12:39:02.891819-03:00,0849922-72.2026.8.14.0301,CUMPRIMENTO DE SENTENÇA (156),PAULA MICHELLY MELO DE BRITO
CÍVEL,BELÉM,2ª DEFENSORIA PÚBLICA DE FAMÍLIA,2026-05-14 13:21:53.263581-03:00,0851343-97.2026.8.14.0301,CUMPRIMENTO DE SENTENÇA (156),PAULA MICHELLY MELO DE BRITO
CÍVEL,BELÉM,2ª DEFENSORIA PÚBLICA DE FAMÍLIA,2026-05-14 13:47:41.055684-03:00,0851361-21.2026.8.14.0301,CUMPRIMENTO DE SENTENÇA (156),PAULA MICHELLY MELO DE BRITO
CÍVEL,BELÉM,2ª DEFENSORIA PÚBLICA DE FAMÍLIA,2026-05-20 19:28:49.425667-03:00,0853518-64.2026.8.14.0301,CUMPRIMENTO DE SENTENÇA (156),PAULA MICHELLY MELO DE BRITO
CÍVEL,BELÉM,2ª DEFENSORIA PÚBLICA DE FAMÍLIA,2026-06-02 12:09:53.641666-03:00,0858445-73.2026.8.14.0301,CUMPRIMENTO DE SENTENÇA DE OBRIGAÇÃO DE PRESTAR ALIMENTOS,KATIA HELENA COSTEIRA GOMES
CÍVEL,BELÉM,2ª DEFENSORIA PÚBLICA DE FAMÍLIA,2026-06-08 13:38:39.116690-03:00,0859979-52.2026.8.14.0301,CUMPRIMENTO DE SENTENÇA DE OBRIGAÇÃO DE PRESTAR ALIMENTOS,KATIA HELENA COSTEIRA GOMES
CÍVEL,BELÉM,2ª DEFENSORIA PÚBLICA DE FAMÍLIA,2026-06-08 13:57:01.227604-03:00,0859976-97.2026.8.14.0301,CUMPRIMENTO DE SENTENÇA DE OBRIGAÇÃO DE PRESTAR ALIMENTOS,KATIA HELENA COSTEIRA GOMES
CÍVEL,BELÉM,2ª DEFENSORIA PÚBLICA DE FAMÍLIA,2026-06-09 13:37:46.863729-03:00,0859992-51.2026.8.14.0301,CUMPRIMENTO DE SENTENÇA (156),KATIA HELENA COSTEIRA GOMES
CÍVEL,BELÉM,2ª DEFENSORIA PÚBLICA DE FAMÍLIA,2026-06-25 10:39:42.629903-03:00,0864555-88.2026.8.14.0301,CUMPRIMENTO DE SENTENÇA DE OBRIGAÇÃO DE PRESTAR ALIMENTOS,KATIA HELENA COSTEIRA GOMES
CÍVEL,BELÉM,2ª DEFENSORIA PÚBLICA DE FAMÍLIA,2026-07-09 12:05:32.743792-03:00,0868530-21.2026.8.14.0301,ALIMENTOS - LEI ESPECIAL Nº 5.478/68 (69),PAULA MICHELLY MELO DE BRITO
CÍVEL,BELÉM,2ª DEFENSORIA PÚBLICA DE FAMÍLIA,2026-07-21 10:52:47.829740-03:00,0873394-05.2026.8.14.0301,CUMPRIMENTO DE SENTENÇA (156),JACQUELINE BASTOS LOUREIRO
CÍVEL,BELÉM,2ª DEFENSORIA PÚBLICA DE FAMÍLIA,2026-08-08 10:40:25.317215-03:00,0876808-11.2026.8.14.0301,PROCEDIMENTO COMUM CÍVEL (7),ANNALU MARINHO FERREIRA
CÍVEL,BELÉM,2ª DEFENSORIA PÚBLICA DE FAMÍLIA,2026-08-08 11:37:30.095355-03:00,0877214-32.2026.8.14.0301,ALIMENTOS - LEI ESPECIAL Nº 5.478/68 (69),ANNALU MARINHO FERREIRA
CÍVEL,BELÉM,2ª DEFENSORIA PÚBLICA DE FAMÍLIA,2026-08-08 12:20:52.864567-03:00,0877175-35.2026.8.14.0301,ALIMENTOS - LEI ESPECIAL Nº 5.478/68 (69),ANNALU MARINHO FERREIRA
CÍVEL,BELÉM,2ª DEFENSORIA PÚBLICA DE FAMÍLIA,2026-08-08 13:10:09.945872-03:00,0877173-65.2026.8.14.0301,PROCEDIMENTO COMUM CÍVEL (7),ANNALU MARINHO FERREIRA
CÍVEL,BELÉM,2ª DEFENSORIA PÚBLICA DE FAMÍLIA,2026-08-08 13:15:23.318595-03:00,0877176-20.2026.8.14.0301,ALIMENTOS - LEI ESPECIAL Nº 5.478/68 (69),ANNALU MARINHO FERREIRA
CÍVEL,BELÉM,2ª DEFENSORIA PÚBLICA DE FAMÍLIA,2026-08-08 13:22:01.316955-03:00,0877178-87.2026.8.14.0301,ALIMENTOS - LEI ESPECIAL Nº 5.478/68 (69),ANNALU MARINHO FERREIRA
CÍVEL,BELÉM,2ª DEFENSORIA PÚBLICA DE FAMÍLIA,2026-08-24 11:58:52.585789-03:00,0882823-93.2026.8.14.0301,CUMPRIMENTO DE SENTENÇA (156),KATIA HELENA COSTEIRA GOMES
CÍVEL,BELÉM,2ª DEFENSORIA PÚBLICA DE FAMÍLIA,2026-08-31 13:17:22.599234-03:00,0885335-49.2026.8.14.0301,CUMPRIMENTO DE SENTENÇA (156),KATIA HELENA COSTEIRA GOMES
CÍVEL,BELÉM,2ª DEFENSORIA PÚBLICA DE FAMÍLIA,2026-09-02 12:11:27.460401-03:00,0886296-87.2026.8.14.0301,CUMPRIMENTO DE SENTENÇA DE OBRIGAÇÃO DE PRESTAR ALIMENTOS,KATIA HELENA COSTEIRA GOMES
CÍVEL,BELÉM,2ª DEFENSORIA PUBLICA DE FAZENDA PUBLICA,2026-01-07 09:30:31.642725-03:00,0800404-16.2026.8.14.0301,PROCEDIMENTO DO JUIZADO ESPECIAL DA FAZENDA PÚBLICA,GERMANA SERRA DE FREITAS BARROS
CÍVEL,BELÉM,2ª DEFENSORIA PUBLICA DE FAZENDA PUBLICA,2026-01-07 09:52:03.390199-03:00,0800405-98.2026.8.14.0301,PROCEDIMENTO DO JUIZADO ESPECIAL DA FAZENDA PÚBLICA,GERMANA SERRA DE FREITAS BARROS
CÍVEL,BELÉM,2ª DEFENSORIA PUBLICA DE FAZENDA PUBLICA,2026-01-07 13:12:10.405650-03:00,0800556-64.2026.8.14.0301,PROCEDIMENTO DO JUIZADO ESPECIAL DA FAZENDA PÚBLICA,GERMANA SERRA DE FREITAS BARROS
CÍVEL,BELÉM,2ª DEFENSORIA PUBLICA DE FAZENDA PUBLICA,2026-01-08 09:05:45.719996-03:00,0800763-63.2026.8.14.0301,PROCEDIMENTO DO JUIZADO ESPECIAL DA FAZENDA PÚBLICA,GERMANA SERRA DE FREITAS BARROS
CÍVEL,BELÉM,2ª DEFENSORIA PUBLICA DE FAZENDA PUBLICA,2026-01-08 12:49:30.952618-03:00,0800865-85.2026.8.14.0301,PROCEDIMENTO DO JUIZADO ESPECIAL DA FAZENDA PÚBLICA,GERMANA SERRA DE FREITAS BARROS
CÍVEL,BELÉM,2ª DEFENSORIA PUBLICA DE FAZENDA PUBLICA,2026-01-09 13:37:59.297660-03:00,0801230-42.2026.8.14.0301,PROCEDIMENTO DO JUIZADO ESPECIAL DA FAZENDA PÚBLICA,GERMANA SERRA DE FREITAS BARROS
CÍVEL,BELÉM,2ª DEFENSORIA PUBLICA DE FAZENDA PUBLICA,2026-01-09 13:48:17.229875-03:00,0801218-28.2026.8.14.0301,PETIÇÃO CÍVEL (241),GERMANA SERRA DE FREITAS BARROS
CÍVEL,BELÉM,2ª DEFENSORIA PUBLICA DE FAZENDA PUBLICA,2026-01-09 14:02:34.138265-03:00,0801229-57.2026.8.14.0301,PROCEDIMENTO DO JUIZADO ESPECIAL DA FAZENDA PÚBLICA,GERMANA SERRA DE FREITAS BARROS
CÍVEL,BELÉM,2ª DEFENSORIA PUBLICA DE FAZENDA PUBLICA,2026-01-09 15:15:57.144268-03:00,0801266-84.2026.8.14.0301,PROCEDIMENTO DO JUIZADO ESPECIAL DA FAZENDA PÚBLICA,GERMANA SERRA DE FREITAS BARROS
CÍVEL,BELÉM,2ª DEFENSORIA PUBLICA DE FAZENDA PUBLICA,2026-01-19 09:31:36.850249-03:00,0803429-37.2026.8.14.0301,PROCEDIMENTO DO JUIZADO ESPECIAL DA FAZENDA PÚBLICA,GERMANA SERRA DE FREITAS BARROS
CÍVEL,BELÉM,2ª DEFENSORIA PUBLICA DE FAZENDA PUBLICA,2026-01-19 10:07:25.012486-03:00,0803437-14.2026.8.14.0301,PROCEDIMENTO DO JUIZADO ESPECIAL DA FAZENDA PÚBLICA,GERMANA SERRA DE FREITAS BARROS
CÍVEL,BELÉM,2ª DEFENSORIA PUBLICA DE FAZENDA PUBLICA,2026-01-19 11:34:12.999325-03:00,0803518-60.2026.8.14.0301,PROCEDIMENTO DO JUIZADO ESPECIAL DA FAZENDA PÚBLICA,GERMANA SERRA DE FREITAS BARROS
CÍVEL,BELÉM,2ª DEFENSORIA PUBLICA DE FAZENDA PUBLICA,2026-01-19 12:24:37.316195-03:00,0803558-42.2026.8.14.0301,PROCEDIMENTO DO JUIZADO ESPECIAL DA FAZENDA PÚBLICA,GERMANA SERRA DE FREITAS BARROS
CÍVEL,BELÉM,2ª DEFENSORIA PUBLICA DE FAZENDA PUBLICA,2026-01-19 13:28:44.544109-03:00,0803628-59.2026.8.14.0301,PROCEDIMENTO DO JUIZADO ESPECIAL DA FAZENDA PÚBLICA,GERMANA SERRA DE FREITAS BARROS
CÍVEL,BELÉM,2ª DEFENSORIA PUBLICA DE FAZENDA PUBLICA,2026-01-20 09:36:28.943729-03:00,0803875-40.2026.8.14.0301,PROCEDIMENTO DO JUIZADO ESPECIAL DA FAZENDA PÚBLICA,GERMANA SERRA DE FREITAS BARROS
CÍVEL,BELÉM,2ª DEFENSORIA PUBLICA DE FAZENDA PUBLICA,2026-01-20 10:44:24.168828-03:00,0803923-96.2026.8.14.0301,PROCEDIMENTO DO JUIZADO ESPECIAL DA FAZENDA PÚBLICA,GERMANA SERRA DE FREITAS BARROS
CÍVEL,BELÉM,2ª DEFENSORIA PUBLICA DE FAZENDA PUBLICA,2026-01-20 12:46:42.177889-03:00,0804027-88.2026.8.14.0301,PROCEDIMENTO DO JUIZADO ESPECIAL DA FAZENDA PÚBLICA,GERMANA SERRA DE FREITAS BARROS
CÍVEL,BELÉM,2ª DEFENSORIA PUBLICA DE FAZENDA PUBLICA,2026-01-20 14:11:53.621919-03:00,0804065-03.2026.8.14.0301,PROCEDIMENTO DO JUIZADO ESPECIAL DA FAZENDA PÚBLICA,GERMANA SERRA DE FREITAS BARROS
CÍVEL,BELÉM,2ª DEFENSORIA PUBLICA DE FAZENDA PUBLICA,2026-01-21 11:16:34.288064-03:00,0804357-85.2026.8.14.0301,PROCEDIMENTO DO JUIZADO ESPECIAL DA FAZENDA PÚBLICA,GERMANA SERRA DE FREITAS BARROS
CÍVEL,BELÉM,2ª DEFENSORIA PUBLICA DE FAZENDA PUBLICA,2026-01-22 09:28:14.547803-03:00,0804688-67.2026.8.14.0301,PROCEDIMENTO DO JUIZADO ESPECIAL DA FAZENDA PÚBLICA,GERMANA SERRA DE FREITAS BARROS
CÍVEL,BELÉM,2ª DEFENSORIA PUBLICA DE FAZENDA PUBLICA,2026-01-22 09:51:06.906823-03:00,0804686-97.2026.8.14.0301,PROCEDIMENTO DO JUIZADO ESPECIAL DA FAZENDA PÚBLICA,GERMANA SERRA DE FREITAS BARROS
CÍVEL,BELÉM,2ª DEFENSORIA PUBLICA DE FAZENDA PUBLICA,2026-01-22 10:00:35.484141-03:00,0804687-82.2026.8.14.0301,PROCEDIMENTO DO JUIZADO ESPECIAL DA FAZENDA PÚBLICA,GERMANA SERRA DE FREITAS BARROS
CÍVEL,BELÉM,2ª DEFENSORIA PUBLICA DE FAZENDA PUBLICA,2026-01-22 11:09:42.165367-03:00,0804723-27.2026.8.14.0301,PROCEDIMENTO DO JUIZADO ESPECIAL DA FAZENDA PÚBLICA,GERMANA SERRA DE FREITAS BARROS
CÍVEL,BELÉM,2ª DEFENSORIA PUBLICA DE FAZENDA PUBLICA,2026-01-22 11:45:46.472052-03:00,0804773-53.2026.8.14.0301,PROCEDIMENTO DO JUIZADO ESPECIAL DA FAZENDA PÚBLICA,GERMANA SERRA DE FREITAS BARROS
CÍVEL,BELÉM,2ª DEFENSORIA PUBLICA DE FAZENDA PUBLICA,2026-01-22 11:59:32.924272-03:00,0804774-38.2026.8.14.0301,PROCEDIMENTO COMUM CÍVEL (7),GERMANA SERRA DE FREITAS BARROS
CÍVEL,BELÉM,2ª DEFENSORIA PUBLICA DE FAZENDA PUBLICA,2026-01-23 08:59:59.826883-03:00,0805087-96.2026.8.14.0301,PROCEDIMENTO DO JUIZADO ESPECIAL DA FAZENDA PÚBLICA,GERMANA SERRA DE FREITAS BARROS
CÍVEL,BELÉM,2ª DEFENSORIA PUBLICA DE FAZENDA PUBLICA,2026-01-23 09:03:18.114939-03:00,0805086-14.2026.8.14.0301,PROCEDIMENTO DO JUIZADO ESPECIAL DA FAZENDA PÚBLICA,GERMANA SERRA DE FREITAS BARROS
CÍVEL,BELÉM,2ª DEFENSORIA PUBLICA DE FAZENDA PUBLICA,2026-01-23 09:10:35.162656-03:00,0805096-58.2026.8.14.0301,PROCEDIMENTO DO JUIZADO ESPECIAL DA FAZENDA PÚBLICA,GERMANA SERRA DE FREITAS BARROS
CÍVEL,BELÉM,2ª DEFENSORIA PUBLICA DE FAZENDA PUBLICA,2026-01-23 10:04:44.520658-03:00,0805159-83.2026.8.14.0301,PROCEDIMENTO DO JUIZADO ESPECIAL DA FAZENDA PÚBLICA,GERMANA SERRA DE FREITAS BARROS
CÍVEL,BELÉM,2ª DEFENSORIA PUBLICA DE FAZENDA PUBLICA,2026-01-23 11:10:07.476459-03:00,0805160-68.2026.8.14.0301,PROCEDIMENTO DO JUIZADO ESPECIAL DA FAZENDA PÚBLICA,GERMANA SERRA DE FREITAS BARROS
CÍVEL,BELÉM,2ª DEFENSORIA PUBLICA DE FAZENDA PUBLICA,2026-01-23 11:34:52.131549-03:00,0805182-29.2026.8.14.0301,PROCEDIMENTO DO JUIZADO ESPECIAL DA FAZENDA PÚBLICA,GERMANA SERRA DE FREITAS BARROS
CÍVEL,BELÉM,2ª DEFENSORIA PUBLICA DE FAZENDA PUBLICA,2026-01-23 13:20:06.440817-03:00,0805262-90.2026.8.14.0301,PROCEDIMENTO DO JUIZADO ESPECIAL DA FAZENDA PÚBLICA,GERMANA SERRA DE FREITAS BARROS
CÍVEL,BELÉM,2ª DEFENSORIA PUBLICA DE FAZENDA PUBLICA,2026-01-30 09:55:09.785363-03:00,0807000-16.2026.8.14.0301,PROCEDIMENTO DO JUIZADO ESPECIAL DA FAZENDA PÚBLICA,GERMANA SERRA DE FREITAS BARROS
CÍVEL,BELÉM,2ª DEFENSORIA PUBLICA DE FAZENDA PUBLICA,2026-02-02 11:16:07.668531-03:00,0807631-57.2026.8.14.0301,PROCEDIMENTO DO JUIZADO ESPECIAL DA FAZENDA PÚBLICA,GERMANA SERRA DE FREITAS BARROS
CÍVEL,BELÉM,2ª DEFENSORIA PUBLICA DE FAZENDA PUBLICA,2026-02-02 11:19:15.560569-03:00,0807636-79.2026.8.14.0301,PROCEDIMENTO DO JUIZADO ESPECIAL DA FAZENDA PÚBLICA,GERMANA SERRA DE FREITAS BARROS
CÍVEL,BELÉM,2ª DEFENSORIA PUBLICA DE FAZENDA PUBLICA,2026-02-03 08:41:10.344852-03:00,0809993-32.2026.8.14.0301,PROCEDIMENTO DO JUIZADO ESPECIAL DA FAZENDA PÚBLICA,GERMANA SERRA DE FREITAS BARROS
CÍVEL,BELÉM,2ª DEFENSORIA PUBLICA DE FAZENDA PUBLICA,2026-02-03 09:05:48.759353-03:00,0809995-02.2026.8.14.0301,PROCEDIMENTO DO JUIZADO ESPECIAL DA FAZENDA PÚBLICA,GERMANA SERRA DE FREITAS BARROS
CÍVEL,BELÉM,2ª DEFENSORIA PUBLICA DE FAZENDA PUBLICA,2026-02-03 09:29:29.208349-03:00,0809994-17.2026.8.14.0301,PROCEDIMENTO DO JUIZADO ESPECIAL DA FAZENDA PÚBLICA,GERMANA SERRA DE FREITAS BARROS
CÍVEL,BELÉM,2ª DEFENSORIA PUBLICA DE FAZENDA PUBLICA,2026-02-03 11:54:44.461033-03:00,0811519-34.2026.8.14.0301,PROCEDIMENTO COMUM CÍVEL (7),GERMANA SERRA DE FREITAS BARROS
CÍVEL,BELÉM,2ª DEFENSORIA PUBLICA DE FAZENDA PUBLICA,2026-02-04 10:40:26.911705-03:00,0813899-30.2026.8.14.0301,PROCEDIMENTO DO JUIZADO ESPECIAL DA FAZENDA PÚBLICA,GERMANA SERRA DE FREITAS BARROS
CÍVEL,BELÉM,2ª DEFENSORIA PUBLICA DE FAZENDA PUBLICA,2026-02-04 11:04:42.293987-03:00,0815114-41.2026.8.14.0301,PROCEDIMENTO DO JUIZADO ESPECIAL DA FAZENDA PÚBLICA,GERMANA SERRA DE FREITAS BARROS
CÍVEL,BELÉM,2ª DEFENSORIA PUBLICA DE FAZENDA PUBLICA,2026-02-04 11:27:50.971731-03:00,0814112-36.2026.8.14.0301,PROCEDIMENTO DO JUIZADO ESPECIAL DA FAZENDA PÚBLICA,GERMANA SERRA DE FREITAS BARROS
CÍVEL,BELÉM,2ª DEFENSORIA PUBLICA DE FAZENDA PUBLICA,2026-02-04 12:19:08.171579-03:00,0815119-63.2026.8.14.0301,PROCEDIMENTO COMUM CÍVEL (7),GERMANA SERRA DE FREITAS BARROS
CÍVEL,BELÉM,2ª DEFENSORIA PUBLICA DE FAZENDA PUBLICA,2026-02-04 12:22:46.777683-03:00,0815117-93.2026.8.14.0301,PROCEDIMENTO DO JUIZADO ESPECIAL DA FAZENDA PÚBLICA,GERMANA SERRA DE FREITAS BARROS
CÍVEL,BELÉM,2ª DEFENSORIA PUBLICA DE FAZENDA PUBLICA,2026-02-04 13:42:28.579718-03:00,0815120-48.2026.8.14.0301,PROCEDIMENTO DO JUIZADO ESPECIAL DA FAZENDA PÚBLICA,GERMANA SERRA DE FREITAS BARROS
CÍVEL,BELÉM,2ª DEFENSORIA PUBLICA DE FAZENDA PUBLICA,2026-02-05 11:22:31.173333-03:00,0815458-22.2026.8.14.0301,PROCEDIMENTO DO JUIZADO ESPECIAL DA FAZENDA PÚBLICA,GERMANA SERRA DE FREITAS BARROS
CÍVEL,BELÉM,2ª DEFENSORIA PUBLICA DE FAZENDA PUBLICA,2026-02-05 11:37:44.037442-03:00,0815523-17.2026.8.14.0301,PROCEDIMENTO DO JUIZADO ESPECIAL DA FAZENDA PÚBLICA,GERMANA SERRA DE FREITAS BARROS
CÍVEL,BELÉM,2ª DEFENSORIA PUBLICA DE FAZENDA PUBLICA,2026-02-05 13:30:41.803686-03:00,0815952-81.2026.8.14.0301,PROCEDIMENTO DO JUIZADO ESPECIAL DA FAZENDA PÚBLICA,GERMANA SERRA DE FREITAS BARROS
CÍVEL,BELÉM,2ª DEFENSORIA PUBLICA DE FAZENDA PUBLICA,2026-02-06 10:04:41.568856-03:00,0817722-12.2026.8.14.0301,PROCEDIMENTO DO JUIZADO ESPECIAL DA FAZENDA PÚBLICA,GERMANA SERRA DE FREITAS BARROS
CÍVEL,BELÉM,2ª DEFENSORIA PUBLICA DE FAZENDA PUBLICA,2026-02-06 12:13:06.425325-03:00,0818082-44.2026.8.14.0301,PROCEDIMENTO DO JUIZADO ESPECIAL DA FAZENDA PÚBLICA,GERMANA SERRA DE FREITAS BARROS
CÍVEL,BELÉM,2ª DEFENSORIA PUBLICA DE FAZENDA PUBLICA,2026-02-06 12:40:07.259254-03:00,0818080-74.2026.8.14.0301,PROCEDIMENTO DO JUIZADO ESPECIAL DA FAZENDA PÚBLICA,GERMANA SERRA DE FREITAS BARROS
CÍVEL,BELÉM,2ª DEFENSORIA PUBLICA DE FAZENDA PUBLICA,2026-02-06 14:41:23.364278-03:00,0818126-63.2026.8.14.0301,PROCEDIMENTO DO JUIZADO ESPECIAL DA FAZENDA PÚBLICA,GERMANA SERRA DE FREITAS BARROS
CÍVEL,BELÉM,2ª DEFENSORIA PUBLICA DE FAZENDA PUBLICA,2026-02-11 14:26:28.724971-03:00,0820238-05.2026.8.14.0301,PROCEDIMENTO DO JUIZADO ESPECIAL DA FAZENDA PÚBLICA,GERMANA SERRA DE FREITAS BARROS
CÍVEL,BELÉM,2ª DEFENSORIA PUBLICA DE FAZENDA PUBLICA,2026-02-13 11:43:21.835632-03:00,0821710-41.2026.8.14.0301,PROCEDIMENTO DO JUIZADO ESPECIAL DA FAZENDA PÚBLICA,GERMANA SERRA DE FREITAS BARROS
CÍVEL,BELÉM,2ª DEFENSORIA PUBLICA DE FAZENDA PUBLICA,2026-02-19 09:04:11.219384-03:00,0821708-71.2026.8.14.0301,PROCEDIMENTO DO JUIZADO ESPECIAL DA FAZENDA PÚBLICA,GERMANA SERRA DE FREITAS BARROS
CÍVEL,BELÉM,2ª DEFENSORIA PUBLICA DE FAZENDA PUBLICA,2026-02-19 13:31:05.344346-03:00,0821921-77.2026.8.14.0301,PROCEDIMENTO DO JUIZADO ESPECIAL DA FAZENDA PÚBLICA,GERMANA SERRA DE FREITAS BARROS
CÍVEL,BELÉM,2ª DEFENSORIA PUBLICA DE FAZENDA PUBLICA,2026-02-19 13:38:10.461669-03:00,0821922-62.2026.8.14.0301,PROCEDIMENTO DO JUIZADO ESPECIAL DA FAZENDA PÚBLICA,GERMANA SERRA DE FREITAS BARROS
CÍVEL,BELÉM,2ª DEFENSORIA PUBLICA DE FAZENDA PUBLICA,2026-02-19 13:43:24.269172-03:00,0821925-17.2026.8.14.0301,PROCEDIMENTO DO JUIZADO ESPECIAL DA FAZENDA PÚBLICA,GERMANA SERRA DE FREITAS BARROS
CÍVEL,BELÉM,2ª DEFENSORIA PUBLICA DE FAZENDA PUBLICA,2026-02-19 13:45:56.650425-03:00,0821926-02.2026.8.14.0301,PROCEDIMENTO DO JUIZADO ESPECIAL DA FAZENDA PÚBLICA,GERMANA SERRA DE FREITAS BARROS
CÍVEL,BELÉM,2ª DEFENSORIA PUBLICA DE FAZENDA PUBLICA,2026-02-19 13:54:45.478395-03:00,0821929-54.2026.8.14.0301,PROCEDIMENTO DO JUIZADO ESPECIAL DA FAZENDA PÚBLICA,GERMANA SERRA DE FREITAS BARROS
CÍVEL,BELÉM,2ª DEFENSORIA PUBLICA DE FAZENDA PUBLICA,2026-02-20 11:16:50.034865-03:00,0822375-57.2026.8.14.0301,PROCEDIMENTO DO JUIZADO ESPECIAL DA FAZENDA PÚBLICA,GERMANA SERRA DE FREITAS BARROS
CÍVEL,BELÉM,2ª DEFENSORIA PUBLICA DE FAZENDA PUBLICA,2026-02-24 10:06:36.630961-03:00,0823284-02.2026.8.14.0301,PROCEDIMENTO DO JUIZADO ESPECIAL DA FAZENDA PÚBLICA,GERMANA SERRA DE FREITAS BARROS
CÍVEL,BELÉM,2ª DEFENSORIA PUBLICA DE FAZENDA PUBLICA,2026-02-24 10:39:39.408509-03:00,0823282-32.2026.8.14.0301,PROCEDIMENTO DO JUIZADO ESPECIAL DA FAZENDA PÚBLICA,GERMANA SERRA DE FREITAS BARROS
CÍVEL,BELÉM,2ª DEFENSORIA PUBLICA DE FAZENDA PUBLICA,2026-02-25 10:06:33.425222-03:00,0823759-55.2026.8.14.0301,PROCEDIMENTO DO JUIZADO ESPECIAL DA FAZENDA PÚBLICA,GERMANA SERRA DE FREITAS BARROS
CÍVEL,BELÉM,2ª DEFENSORIA PUBLICA DE FAZENDA PUBLICA,2026-02-25 10:35:18.509754-03:00,0823764-77.2026.8.14.0301,PROCEDIMENTO DO JUIZADO ESPECIAL DA FAZENDA PÚBLICA,GERMANA SERRA DE FREITAS BARROS
CÍVEL,BELÉM,2ª DEFENSORIA PUBLICA DE FAZENDA PUBLICA,2026-02-26 10:38:32.902714-03:00,0824240-18.2026.8.14.0301,PROCEDIMENTO DO JUIZADO ESPECIAL DA FAZENDA PÚBLICA,GERMANA SERRA DE FREITAS BARROS
CÍVEL,BELÉM,2ª DEFENSORIA PUBLICA DE FAZENDA PUBLICA,2026-02-26 12:30:20.837378-03:00,0824370-08.2026.8.14.0301,PROCEDIMENTO DO JUIZADO ESPECIAL DA FAZENDA PÚBLICA,GERMANA SERRA DE FREITAS BARROS
CÍVEL,BELÉM,2ª DEFENSORIA PUBLICA DE FAZENDA PUBLICA,2026-02-27 12:20:20.337637-03:00,0824800-57.2026.8.14.0301,PROCEDIMENTO DO JUIZADO ESPECIAL DA FAZENDA PÚBLICA,GERMANA SERRA DE FREITAS BARROS
CÍVEL,BELÉM,2ª DEFENSORIA PUBLICA DE FAZENDA PUBLICA,2026-02-27 13:59:17.865873-03:00,0825052-60.2026.8.14.0301,PROCEDIMENTO DO JUIZADO ESPECIAL DA FAZENDA PÚBLICA,GERMANA SERRA DE FREITAS BARROS
CÍVEL,BELÉM,2ª DEFENSORIA PUBLICA DE FAZENDA PUBLICA,2026-03-02 09:24:15.574561-03:00,0825252-67.2026.8.14.0301,PROCEDIMENTO DO JUIZADO ESPECIAL DA FAZENDA PÚBLICA,GERMANA SERRA DE FREITAS BARROS
CÍVEL,BELÉM,2ª DEFENSORIA PUBLICA DE FAZENDA PUBLICA,2026-03-02 10:06:02.217055-03:00,0825253-52.2026.8.14.0301,PROCEDIMENTO DO JUIZADO ESPECIAL DA FAZENDA PÚBLICA,GERMANA SERRA DE FREITAS BARROS
CÍVEL,BELÉM,2ª DEFENSORIA PUBLICA DE FAZENDA PUBLICA,2026-03-02 10:43:06.009229-03:00,0825270-88.2026.8.14.0301,PROCEDIMENTO DO JUIZADO ESPECIAL DA FAZENDA PÚBLICA,GERMANA SERRA DE FREITAS BARROS
CÍVEL,BELÉM,2ª DEFENSORIA PUBLICA DE FAZENDA PUBLICA,2026-03-02 12:39:41.844028-03:00,0825319-32.2026.8.14.0301,PROCEDIMENTO DO JUIZADO ESPECIAL DA FAZENDA PÚBLICA,GERMANA SERRA DE FREITAS BARROS
CÍVEL,BELÉM,2ª DEFENSORIA PUBLICA DE FAZENDA PUBLICA,2026-03-02 12:44:20.611494-03:00,0825336-68.2026.8.14.0301,PROCEDIMENTO DO JUIZADO ESPECIAL DA FAZENDA PÚBLICA,GERMANA SERRA DE FREITAS BARROS
CÍVEL,BELÉM,2ª DEFENSORIA PUBLICA DE FAZENDA PUBLICA,2026-03-02 14:11:22.928438-03:00,0825998-32.2026.8.14.0301,PROCEDIMENTO DO JUIZADO ESPECIAL DA FAZENDA PÚBLICA,GERMANA SERRA DE FREITAS BARROS
CÍVEL,BELÉM,2ª DEFENSORIA PUBLICA DE FAZENDA PUBLICA,2026-03-03 08:55:08.257742-03:00,0825617-24.2026.8.14.0301,PROCEDIMENTO DO JUIZADO ESPECIAL DA FAZENDA PÚBLICA,GERMANA SERRA DE FREITAS BARROS
CÍVEL,BELÉM,2ª DEFENSORIA PUBLICA DE FAZENDA PUBLICA,2026-03-03 11:19:12.912166-03:00,0825679-64.2026.8.14.0301,PROCEDIMENTO DO JUIZADO ESPECIAL DA FAZENDA PÚBLICA,GERMANA SERRA DE FREITAS BARROS
CÍVEL,BELÉM,2ª DEFENSORIA PUBLICA DE FAZENDA PUBLICA,2026-03-03 11:59:58.415180-03:00,0825723-83.2026.8.14.0301,PROCEDIMENTO DO JUIZADO ESPECIAL DA FAZENDA PÚBLICA,GERMANA SERRA DE FREITAS BARROS
CÍVEL,BELÉM,2ª DEFENSORIA PUBLICA DE FAZENDA PUBLICA,2026-03-03 12:19:23.542265-03:00,0825722-98.2026.8.14.0301,PROCEDIMENTO DO JUIZADO ESPECIAL DA FAZENDA PÚBLICA,GERMANA SERRA DE FREITAS BARROS
CÍVEL,BELÉM,2ª DEFENSORIA PUBLICA DE FAZENDA PUBLICA,2026-03-03 12:38:00.523991-03:00,0825724-68.2026.8.14.0301,PROCEDIMENTO DO JUIZADO ESPECIAL DA FAZENDA PÚBLICA,GERMANA SERRA DE FREITAS BARROS
CÍVEL,BELÉM,2ª DEFENSORIA PUBLICA DE FAZENDA PUBLICA,2026-03-03 13:29:58.818925-03:00,0825731-60.2026.8.14.0301,PROCEDIMENTO DO JUIZADO ESPECIAL DA FAZENDA PÚBLICA,GERMANA SERRA DE FREITAS BARROS
CÍVEL,BELÉM,2ª DEFENSORIA PUBLICA DE FAZENDA PUBLICA,2026-03-04 09:39:29.438468-03:00,0826006-09.2026.8.14.0301,PROCEDIMENTO DO JUIZADO ESPECIAL DA FAZENDA PÚBLICA,GERMANA SERRA DE FREITAS BARROS
CÍVEL,BELÉM,2ª DEFENSORIA PUBLICA DE FAZENDA PUBLICA,2026-03-04 10:50:45.198540-03:00,0826039-96.2026.8.14.0301,PROCEDIMENTO DO JUIZADO ESPECIAL DA FAZENDA PÚBLICA,GERMANA SERRA DE FREITAS BARROS
CÍVEL,BELÉM,2ª DEFENSORIA PUBLICA DE FAZENDA PUBLICA,2026-03-04 11:43:35.568350-03:00,0826063-27.2026.8.14.0301,PROCEDIMENTO DO JUIZADO ESPECIAL DA FAZENDA PÚBLICA,GERMANA SERRA DE FREITAS BARROS
CÍVEL,BELÉM,2ª DEFENSORIA PUBLICA DE FAZENDA PUBLICA,2026-03-04 13:24:22.039338-03:00,0826105-76.2026.8.14.0301,PROCEDIMENTO DO JUIZADO ESPECIAL DA FAZENDA PÚBLICA,GERMANA SERRA DE FREITAS BARROS
CÍVEL,BELÉM,2ª DEFENSORIA PUBLICA DE FAZENDA PUBLICA,2026-03-05 08:55:54.290321-03:00,0826375-03.2026.8.14.0301,PROCEDIMENTO DO JUIZADO ESPECIAL DA FAZENDA PÚBLICA,GERMANA SERRA DE FREITAS BARROS
CÍVEL,BELÉM,2ª DEFENSORIA PUBLICA DE FAZENDA PUBLICA,2026-03-06 12:27:42.625065-03:00,0826897-30.2026.8.14.0301,PROCEDIMENTO DO JUIZADO ESPECIAL DA FAZENDA PÚBLICA,GERMANA SERRA DE FREITAS BARROS
CÍVEL,BELÉM,2ª DEFENSORIA PUBLICA DE FAZENDA PUBLICA,2026-03-06 12:44:56.717008-03:00,0826896-45.2026.8.14.0301,PROCEDIMENTO DO JUIZADO ESPECIAL DA FAZENDA PÚBLICA,GERMANA SERRA DE FREITAS BARROS
CÍVEL,BELÉM,2ª DEFENSORIA PUBLICA DE FAZENDA PUBLICA,2026-03-09 10:00:05.587125-03:00,0827205-66.2026.8.14.0301,PROCEDIMENTO DO JUIZADO ESPECIAL DA FAZENDA PÚBLICA,GERMANA SERRA DE FREITAS BARROS
CÍVEL,BELÉM,2ª DEFENSORIA PUBLICA DE FAZENDA PUBLICA,2026-03-12 09:57:53.605001-03:00,0828835-60.2026.8.14.0301,PROCEDIMENTO DO JUIZADO ESPECIAL DA FAZENDA PÚBLICA,GERMANA SERRA DE FREITAS BARROS
CÍVEL,BELÉM,2ª DEFENSORIA PUBLICA DE FAZENDA PUBLICA,2026-03-16 08:52:57.970990-03:00,0829761-41.2026.8.14.0301,PROCEDIMENTO DO JUIZADO ESPECIAL DA FAZENDA PÚBLICA,GERMANA SERRA DE FREITAS BARROS
CÍVEL,BELÉM,2ª DEFENSORIA PUBLICA DE FAZENDA PUBLICA,2026-03-16 09:21:14.992476-03:00,0829762-26.2026.8.14.0301,PROCEDIMENTO DO JUIZADO ESPECIAL DA FAZENDA PÚBLICA,GERMANA SERRA DE FREITAS BARROS
CÍVEL,BELÉM,2ª DEFENSORIA PUBLICA DE FAZENDA PUBLICA,2026-03-16 10:05:48.219128-03:00,0829815-07.2026.8.14.0301,PROCEDIMENTO DO JUIZADO ESPECIAL DA FAZENDA PÚBLICA,GERMANA SERRA DE FREITAS BARROS
CÍVEL,BELÉM,2ª DEFENSORIA PUBLICA DE FAZENDA PUBLICA,2026-03-16 12:09:40.268959-03:00,0829853-19.2026.8.14.0301,PROCEDIMENTO DO JUIZADO ESPECIAL DA FAZENDA PÚBLICA,GERMANA SERRA DE FREITAS BARROS
CÍVEL,BELÉM,2ª DEFENSORIA PUBLICA DE FAZENDA PUBLICA,2026-03-17 08:55:52.664925-03:00,0830138-12.2026.8.14.0301,PROCEDIMENTO DO JUIZADO ESPECIAL DA FAZENDA PÚBLICA,GERMANA SERRA DE FREITAS BARROS
CÍVEL,BELÉM,2ª DEFENSORIA PUBLICA DE FAZENDA PUBLICA,2026-03-17 10:36:01.385774-03:00,0830166-77.2026.8.14.0301,PROCEDIMENTO DO JUIZADO ESPECIAL DA FAZENDA PÚBLICA,GERMANA SERRA DE FREITAS BARROS
CÍVEL,BELÉM,2ª DEFENSORIA PUBLICA DE FAZENDA PUBLICA,2026-03-17 11:13:48.838679-03:00,0830184-98.2026.8.14.0301,PROCEDIMENTO DO JUIZADO ESPECIAL DA FAZENDA PÚBLICA,GERMANA SERRA DE FREITAS BARROS
CÍVEL,BELÉM,2ª DEFENSORIA PUBLICA DE FAZENDA PUBLICA,2026-03-17 11:20:34.088810-03:00,0830190-08.2026.8.14.0301,PROCEDIMENTO DO JUIZADO ESPECIAL DA FAZENDA PÚBLICA,GERMANA SERRA DE FREITAS BARROS
CÍVEL,BELÉM,2ª DEFENSORIA PUBLICA DE FAZENDA PUBLICA,2026-03-17 11:22:19.139760-03:00,0830189-23.2026.8.14.0301,PROCEDIMENTO DO JUIZADO ESPECIAL DA FAZENDA PÚBLICA,GERMANA SERRA DE FREITAS BARROS
CÍVEL,BELÉM,2ª DEFENSORIA PUBLICA DE FAZENDA PUBLICA,2026-03-17 11:42:40.534828-03:00,0830207-44.2026.8.14.0301,PROCEDIMENTO DO JUIZADO ESPECIAL DA FAZENDA PÚBLICA,GERMANA SERRA DE FREITAS BARROS
CÍVEL,BELÉM,2ª DEFENSORIA PUBLICA DE FAZENDA PUBLICA,2026-03-17 12:41:29.055505-03:00,0830230-87.2026.8.14.0301,PROCEDIMENTO DO JUIZADO ESPECIAL DA FAZENDA PÚBLICA,GERMANA SERRA DE FREITAS BARROS
CÍVEL,BELÉM,2ª DEFENSORIA PUBLICA DE FAZENDA PUBLICA,2026-03-18 11:52:08.695924-03:00,0830664-76.2026.8.14.0301,PROCEDIMENTO DO JUIZADO ESPECIAL DA FAZENDA PÚBLICA,GERMANA SERRA DE FREITAS BARROS
CÍVEL,BELÉM,2ª DEFENSORIA PUBLICA DE FAZENDA PUBLICA,2026-03-19 08:32:51.897594-03:00,0830904-65.2026.8.14.0301,PROCEDIMENTO DO JUIZADO ESPECIAL DA FAZENDA PÚBLICA,GERMANA SERRA DE FREITAS BARROS
CÍVEL,BELÉM,2ª DEFENSORIA PUBLICA DE FAZENDA PUBLICA,2026-03-19 10:27:57.227697-03:00,0830926-26.2026.8.14.0301,PROCEDIMENTO DO JUIZADO ESPECIAL DA FAZENDA PÚBLICA,GERMANA SERRA DE FREITAS BARROS
CÍVEL,BELÉM,2ª DEFENSORIA PUBLICA DE FAZENDA PUBLICA,2026-03-19 11:01:54.488971-03:00,0830982-59.2026.8.14.0301,PROCEDIMENTO DO JUIZADO ESPECIAL DA FAZENDA PÚBLICA,GERMANA SERRA DE FREITAS BARROS
CÍVEL,BELÉM,2ª DEFENSORIA PUBLICA DE FAZENDA PUBLICA,2026-03-19 11:15:45.295509-03:00,0830981-74.2026.8.14.0301,PROCEDIMENTO DO JUIZADO ESPECIAL DA FAZENDA PÚBLICA,GERMANA SERRA DE FREITAS BARROS
CÍVEL,BELÉM,2ª DEFENSORIA PUBLICA DE FAZENDA PUBLICA,2026-03-19 11:28:51.858236-03:00,0830983-44.2026.8.14.0301,PROCEDIMENTO DO JUIZADO ESPECIAL DA FAZENDA PÚBLICA,GERMANA SERRA DE FREITAS BARROS
CÍVEL,BELÉM,2ª DEFENSORIA PUBLICA DE FAZENDA PUBLICA,2026-03-19 11:56:24.804959-03:00,0831009-42.2026.8.14.0301,PROCEDIMENTO DO JUIZADO ESPECIAL DA FAZENDA PÚBLICA,GERMANA SERRA DE FREITAS BARROS
CÍVEL,BELÉM,2ª DEFENSORIA PUBLICA DE FAZENDA PUBLICA,2026-03-20 10:02:33.275044-03:00,0831345-46.2026.8.14.0301,PROCEDIMENTO DO JUIZADO ESPECIAL DA FAZENDA PÚBLICA,GERMANA SERRA DE FREITAS BARROS
CÍVEL,BELÉM,2ª DEFENSORIA PUBLICA DE FAZENDA PUBLICA,2026-03-20 11:11:10.230280-03:00,0831391-35.2026.8.14.0301,PROCEDIMENTO DO JUIZADO ESPECIAL DA FAZENDA PÚBLICA,GERMANA SERRA DE FREITAS BARROS
CÍVEL,BELÉM,2ª DEFENSORIA PUBLICA DE FAZENDA PUBLICA,2026-03-23 10:51:28.608156-03:00,0831964-73.2026.8.14.0301,PETIÇÃO CÍVEL (241),GERMANA SERRA DE FREITAS BARROS
CÍVEL,BELÉM,2ª DEFENSORIA PUBLICA DE FAZENDA PUBLICA,2026-03-30 12:33:54.642517-03:00,0834171-45.2026.8.14.0301,PROCEDIMENTO DO JUIZADO ESPECIAL DA FAZENDA PÚBLICA,GERMANA SERRA DE FREITAS BARROS
CÍVEL,BELÉM,2ª DEFENSORIA PUBLICA DE FAZENDA PUBLICA,2026-03-30 12:47:31.702755-03:00,0834179-22.2026.8.14.0301,PROCEDIMENTO DO JUIZADO ESPECIAL DA FAZENDA PÚBLICA,GERMANA SERRA DE FREITAS BARROS
CÍVEL,BELÉM,2ª DEFENSORIA PUBLICA DE FAZENDA PUBLICA,2026-03-31 11:39:10.748818-03:00,0834643-46.2026.8.14.0301,PROCEDIMENTO DO JUIZADO ESPECIAL DA FAZENDA PÚBLICA,GERMANA SERRA DE FREITAS BARROS
CÍVEL,BELÉM,2ª DEFENSORIA PUBLICA DE FAZENDA PUBLICA,2026-03-31 11:40:57.957299-03:00,0834644-31.2026.8.14.0301,PROCEDIMENTO DO JUIZADO ESPECIAL DA FAZENDA PÚBLICA,GERMANA SERRA DE FREITAS BARROS
CÍVEL,BELÉM,2ª DEFENSORIA PUBLICA DE FAZENDA PUBLICA,2026-03-31 11:54:08.846715-03:00,0834659-97.2026.8.14.0301,PROCEDIMENTO DO JUIZADO ESPECIAL DA FAZENDA PÚBLICA,GERMANA SERRA DE FREITAS BARROS
CÍVEL,BELÉM,2ª DEFENSORIA PUBLICA DE FAZENDA PUBLICA,2026-03-31 12:20:22.396760-03:00,0834681-58.2026.8.14.0301,PROCEDIMENTO DO JUIZADO ESPECIAL DA FAZENDA PÚBLICA,GERMANA SERRA DE FREITAS BARROS
CÍVEL,BELÉM,2ª DEFENSORIA PUBLICA DE FAZENDA PUBLICA,2026-03-31 13:01:31.034614-03:00,0834732-69.2026.8.14.0301,PROCEDIMENTO DO JUIZADO ESPECIAL DA FAZENDA PÚBLICA,GERMANA SERRA DE FREITAS BARROS
CÍVEL,BELÉM,2ª DEFENSORIA PUBLICA DE FAZENDA PUBLICA,2026-03-31 13:01:40.476230-03:00,0834715-33.2026.8.14.0301,PROCEDIMENTO DO JUIZADO ESPECIAL DA FAZENDA PÚBLICA,GERMANA SERRA DE FREITAS BARROS
CÍVEL,BELÉM,2ª DEFENSORIA PUBLICA DE FAZENDA PUBLICA,2026-04-01 10:05:50.563117-03:00,0835058-29.2026.8.14.0301,PROCEDIMENTO DO JUIZADO ESPECIAL DA FAZENDA PÚBLICA,GERMANA SERRA DE FREITAS BARROS
CÍVEL,BELÉM,2ª DEFENSORIA PUBLICA DE FAZENDA PUBLICA,2026-04-06 10:28:40.004299-03:00,0837244-25.2026.8.14.0301,PROCEDIMENTO DO JUIZADO ESPECIAL DA FAZENDA PÚBLICA,GERMANA SERRA DE FREITAS BARROS
CÍVEL,BELÉM,2ª DEFENSORIA PUBLICA DE FAZENDA PUBLICA,2026-04-06 10:41:20.988812-03:00,0837151-62.2026.8.14.0301,PROCEDIMENTO DO JUIZADO ESPECIAL DA FAZENDA PÚBLICA,GERMANA SERRA DE FREITAS BARROS
CÍVEL,BELÉM,2ª DEFENSORIA PUBLICA DE FAZENDA PUBLICA,2026-04-06 10:56:25.143325-03:00,0837728-40.2026.8.14.0301,PROCEDIMENTO DO JUIZADO ESPECIAL DA FAZENDA PÚBLICA,GERMANA SERRA DE FREITAS BARROS
CÍVEL,BELÉM,2ª DEFENSORIA PUBLICA DE FAZENDA PUBLICA,2026-04-06 11:49:54.489781-03:00,0837155-02.2026.8.14.0301,PROCEDIMENTO DO JUIZADO ESPECIAL DA FAZENDA PÚBLICA,GERMANA SERRA DE FREITAS BARROS
CÍVEL,BELÉM,2ª DEFENSORIA PUBLICA DE FAZENDA PUBLICA,2026-04-06 12:00:24.178901-03:00,0837154-17.2026.8.14.0301,PROCEDIMENTO DO JUIZADO ESPECIAL DA FAZENDA PÚBLICA,GERMANA SERRA DE FREITAS BARROS
CÍVEL,BELÉM,2ª DEFENSORIA PUBLICA DE FAZENDA PUBLICA,2026-04-06 12:19:22.200398-03:00,0837731-92.2026.8.14.0301,PROCEDIMENTO DO JUIZADO ESPECIAL DA FAZENDA PÚBLICA,GERMANA SERRA DE FREITAS BARROS
CÍVEL,BELÉM,2ª DEFENSORIA PUBLICA DE FAZENDA PUBLICA,2026-04-06 13:03:45.649519-03:00,0837733-62.2026.8.14.0301,PROCEDIMENTO DO JUIZADO ESPECIAL DA FAZENDA PÚBLICA,GERMANA SERRA DE FREITAS BARROS
CÍVEL,BELÉM,2ª DEFENSORIA PUBLICA DE FAZENDA PUBLICA,2026-04-06 13:09:23.689185-03:00,0837729-25.2026.8.14.0301,PROCEDIMENTO DO JUIZADO ESPECIAL DA FAZENDA PÚBLICA,GERMANA SERRA DE FREITAS BARROS
CÍVEL,BELÉM,2ª DEFENSORIA PUBLICA DE FAZENDA PUBLICA,2026-04-07 11:12:08.644401-03:00,0839039-66.2026.8.14.0301,PROCEDIMENTO DO JUIZADO ESPECIAL DA FAZENDA PÚBLICA,GERMANA SERRA DE FREITAS BARROS
CÍVEL,BELÉM,2ª DEFENSORIA PUBLICA DE FAZENDA PUBLICA,2026-04-07 11:33:37.708592-03:00,0839065-64.2026.8.14.0301,PROCEDIMENTO DO JUIZADO ESPECIAL DA FAZENDA PÚBLICA,GERMANA SERRA DE FREITAS BARROS
CÍVEL,BELÉM,2ª DEFENSORIA PUBLICA DE FAZENDA PUBLICA,2026-04-07 12:53:28.263517-03:00,0839098-54.2026.8.14.0301,PROCEDIMENTO DO JUIZADO ESPECIAL DA FAZENDA PÚBLICA,GERMANA SERRA DE FREITAS BARROS
CÍVEL,BELÉM,2ª DEFENSORIA PUBLICA DE FAZENDA PUBLICA,2026-04-13 09:36:21.349082-03:00,0841132-02.2026.8.14.0301,PROCEDIMENTO DO JUIZADO ESPECIAL DA FAZENDA PÚBLICA,GERMANA SERRA DE FREITAS BARROS
CÍVEL,BELÉM,2ª DEFENSORIA PUBLICA DE FAZENDA PUBLICA,2026-04-13 12:20:24.700734-03:00,0841251-60.2026.8.14.0301,PROCEDIMENTO DO JUIZADO ESPECIAL DA FAZENDA PÚBLICA,GERMANA SERRA DE FREITAS BARROS
CÍVEL,BELÉM,2ª DEFENSORIA PUBLICA DE FAZENDA PUBLICA,2026-04-13 13:00:35.925414-03:00,0841285-35.2026.8.14.0301,PROCEDIMENTO DO JUIZADO ESPECIAL DA FAZENDA PÚBLICA,GERMANA SERRA DE FREITAS BARROS
CÍVEL,BELÉM,2ª DEFENSORIA PUBLICA DE FAZENDA PUBLICA,2026-04-13 14:12:23.038475-03:00,0841294-94.2026.8.14.0301,PROCEDIMENTO DO JUIZADO ESPECIAL DA FAZENDA PÚBLICA,GERMANA SERRA DE FREITAS BARROS
CÍVEL,BELÉM,2ª DEFENSORIA PUBLICA DE FAZENDA PUBLICA,2026-04-14 11:13:49.175680-03:00,0841681-12.2026.8.14.0301,PROCEDIMENTO DO JUIZADO ESPECIAL DA FAZENDA PÚBLICA,GERMANA SERRA DE FREITAS BARROS
CÍVEL,BELÉM,2ª DEFENSORIA PUBLICA DE FAZENDA PUBLICA,2026-04-14 11:20:21.065460-03:00,0841692-41.2026.8.14.0301,PROCEDIMENTO DO JUIZADO ESPECIAL DA FAZENDA PÚBLICA,GERMANA SERRA DE FREITAS BARROS
CÍVEL,BELÉM,2ª DEFENSORIA PUBLICA DE FAZENDA PUBLICA,2026-04-14 12:00:38.661447-03:00,0841725-31.2026.8.14.0301,PROCEDIMENTO DO JUIZADO ESPECIAL DA FAZENDA PÚBLICA,GERMANA SERRA DE FREITAS BARROS
CÍVEL,BELÉM,2ª DEFENSORIA PUBLICA DE FAZENDA PUBLICA,2026-04-15 10:59:49.578067-03:00,0842133-22.2026.8.14.0301,PROCEDIMENTO DO JUIZADO ESPECIAL DA FAZENDA PÚBLICA,GERMANA SERRA DE FREITAS BARROS
CÍVEL,BELÉM,2ª DEFENSORIA PUBLICA DE FAZENDA PUBLICA,2026-04-15 11:36:00.742650-03:00,0842266-64.2026.8.14.0301,PROCEDIMENTO DO JUIZADO ESPECIAL DA FAZENDA PÚBLICA,GERMANA SERRA DE FREITAS BARROS
CÍVEL,BELÉM,2ª DEFENSORIA PUBLICA DE FAZENDA PUBLICA,2026-04-15 11:39:31.662286-03:00,0842171-34.2026.8.14.0301,PROCEDIMENTO DO JUIZADO ESPECIAL DA FAZENDA PÚBLICA,GERMANA SERRA DE FREITAS BARROS
CÍVEL,BELÉM,2ª DEFENSORIA PUBLICA DE FAZENDA PUBLICA,2026-04-15 11:53:30.250652-03:00,0842216-38.2026.8.14.0301,PROCEDIMENTO DO JUIZADO ESPECIAL DA FAZENDA PÚBLICA,GERMANA SERRA DE FREITAS BARROS
CÍVEL,BELÉM,2ª DEFENSORIA PUBLICA DE FAZENDA PUBLICA,2026-04-15 12:04:11.055771-03:00,0842217-23.2026.8.14.0301,PROCEDIMENTO DO JUIZADO ESPECIAL DA FAZENDA PÚBLICA,GERMANA SERRA DE FREITAS BARROS
CÍVEL,BELÉM,2ª DEFENSORIA PUBLICA DE FAZENDA PUBLICA,2026-04-15 12:13:27.138971-03:00,0842218-08.2026.8.14.0301,PROCEDIMENTO DO JUIZADO ESPECIAL DA FAZENDA PÚBLICA,GERMANA SERRA DE FREITAS BARROS
CÍVEL,BELÉM,2ª DEFENSORIA PUBLICA DE FAZENDA PUBLICA,2026-04-16 11:55:16.653688-03:00,0842845-12.2026.8.14.0301,PROCEDIMENTO DO JUIZADO ESPECIAL DA FAZENDA PÚBLICA,GERMANA SERRA DE FREITAS BARROS
CÍVEL,BELÉM,2ª DEFENSORIA PUBLICA DE FAZENDA PUBLICA,2026-04-16 12:04:45.248658-03:00,0842846-94.2026.8.14.0301,PROCEDIMENTO DO JUIZADO ESPECIAL DA FAZENDA PÚBLICA,GERMANA SERRA DE FREITAS BARROS
CÍVEL,BELÉM,2ª DEFENSORIA PUBLICA DE FAZENDA PUBLICA,2026-04-16 12:22:07.754470-03:00,0842844-27.2026.8.14.0301,PROCEDIMENTO DO JUIZADO ESPECIAL DA FAZENDA PÚBLICA,GERMANA SERRA DE FREITAS BARROS
CÍVEL,BELÉM,2ª DEFENSORIA PUBLICA DE FAZENDA PUBLICA,2026-04-17 12:23:24.042343-03:00,0843256-55.2026.8.14.0301,PROCEDIMENTO DO JUIZADO ESPECIAL DA FAZENDA PÚBLICA,GERMANA SERRA DE FREITAS BARROS
CÍVEL,BELÉM,2ª DEFENSORIA PUBLICA DE FAZENDA PUBLICA,2026-04-17 12:49:31.847245-03:00,0843257-40.2026.8.14.0301,PROCEDIMENTO DO JUIZADO ESPECIAL DA FAZENDA PÚBLICA,GERMANA SERRA DE FREITAS BARROS
CÍVEL,BELÉM,2ª DEFENSORIA PUBLICA DE FAZENDA PUBLICA,2026-04-17 12:54:26.011803-03:00,0843272-09.2026.8.14.0301,PROCEDIMENTO DO JUIZADO ESPECIAL DA FAZENDA PÚBLICA,GERMANA SERRA DE FREITAS BARROS
CÍVEL,BELÉM,2ª DEFENSORIA PUBLICA DE FAZENDA PUBLICA,2026-04-17 13:13:20.255504-03:00,0843268-69.2026.8.14.0301,PROCEDIMENTO DO JUIZADO ESPECIAL DA FAZENDA PÚBLICA,GERMANA SERRA DE FREITAS BARROS
CÍVEL,BELÉM,2ª DEFENSORIA PUBLICA DE FAZENDA PUBLICA,2026-04-24 10:40:32.982814-03:00,0845103-92.2026.8.14.0301,PROCEDIMENTO DO JUIZADO ESPECIAL DA FAZENDA PÚBLICA,GERMANA SERRA DE FREITAS BARROS
CÍVEL,BELÉM,2ª DEFENSORIA PUBLICA DE FAZENDA PUBLICA,2026-04-27 14:16:09.537799-03:00,0845859-04.2026.8.14.0301,PROCEDIMENTO DO JUIZADO ESPECIAL DA FAZENDA PÚBLICA,GERMANA SERRA DE FREITAS BARROS
CÍVEL,BELÉM,2ª DEFENSORIA PUBLICA DE FAZENDA PUBLICA,2026-04-28 09:57:41.309120-03:00,0846227-13.2026.8.14.0301,PROCEDIMENTO DO JUIZADO ESPECIAL DA FAZENDA PÚBLICA,GERMANA SERRA DE FREITAS BARROS
CÍVEL,BELÉM,2ª DEFENSORIA PUBLICA DE FAZENDA PUBLICA,2026-04-28 11:53:04.490613-03:00,0846403-89.2026.8.14.0301,PROCEDIMENTO DO JUIZADO ESPECIAL DA FAZENDA PÚBLICA,GERMANA SERRA DE FREITAS BARROS
CÍVEL,BELÉM,2ª DEFENSORIA PUBLICA DE FAZENDA PUBLICA,2026-04-28 12:33:24.661101-03:00,0846466-17.2026.8.14.0301,PROCEDIMENTO DO JUIZADO ESPECIAL DA FAZENDA PÚBLICA,GERMANA SERRA DE FREITAS BARROS
CÍVEL,BELÉM,2ª DEFENSORIA PUBLICA DE FAZENDA PUBLICA,2026-04-28 12:39:29.735924-03:00,0846467-02.2026.8.14.0301,PROCEDIMENTO DO JUIZADO ESPECIAL DA FAZENDA PÚBLICA,GERMANA SERRA DE FREITAS BARROS
CÍVEL,BELÉM,2ª DEFENSORIA PUBLICA DE FAZENDA PUBLICA,2026-04-28 13:11:08.482669-03:00,0846468-84.2026.8.14.0301,PROCEDIMENTO DO JUIZADO ESPECIAL DA FAZENDA PÚBLICA,GERMANA SERRA DE FREITAS BARROS
CÍVEL,BELÉM,2ª DEFENSORIA PUBLICA DE FAZENDA PUBLICA,2026-04-29 11:44:54.344443-03:00,0846874-08.2026.8.14.0301,PROCEDIMENTO DO JUIZADO ESPECIAL DA FAZENDA PÚBLICA,GERMANA SERRA DE FREITAS BARROS
CÍVEL,BELÉM,2ª DEFENSORIA PUBLICA DE FAZENDA PUBLICA,2026-04-29 12:09:11.544147-03:00,0846875-90.2026.8.14.0301,PROCEDIMENTO DO JUIZADO ESPECIAL DA FAZENDA PÚBLICA,GERMANA SERRA DE FREITAS BARROS
CÍVEL,BELÉM,2ª DEFENSORIA PUBLICA DE FAZENDA PUBLICA,2026-04-29 13:05:15.685995-03:00,0846905-28.2026.8.14.0301,PROCEDIMENTO DO JUIZADO ESPECIAL DA FAZENDA PÚBLICA,GERMANA SERRA DE FREITAS BARROS
CÍVEL,BELÉM,2ª DEFENSORIA PUBLICA DE FAZENDA PUBLICA,2026-04-30 08:55:44.384017-03:00,0847429-25.2026.8.14.0301,PROCEDIMENTO DO JUIZADO ESPECIAL DA FAZENDA PÚBLICA,GERMANA SERRA DE FREITAS BARROS
CÍVEL,BELÉM,2ª DEFENSORIA PUBLICA DE FAZENDA PUBLICA,2026-04-30 09:52:28.340591-03:00,0847259-53.2026.8.14.0301,PROCEDIMENTO DO JUIZADO ESPECIAL DA FAZENDA PÚBLICA,GERMANA SERRA DE FREITAS BARROS
CÍVEL,BELÉM,2ª DEFENSORIA PUBLICA DE FAZENDA PUBLICA,2026-04-30 11:23:02.733095-03:00,0847428-40.2026.8.14.0301,PROCEDIMENTO DO JUIZADO ESPECIAL DA FAZENDA PÚBLICA,GERMANA SERRA DE FREITAS BARROS
CÍVEL,BELÉM,2ª DEFENSORIA PUBLICA DE FAZENDA PUBLICA,2026-04-30 14:17:22.562937-03:00,0847525-40.2026.8.14.0301,PROCEDIMENTO DO JUIZADO ESPECIAL DA FAZENDA PÚBLICA,GERMANA SERRA DE FREITAS BARROS
CÍVEL,BELÉM,2ª DEFENSORIA PUBLICA DE FAZENDA PUBLICA,2026-05-06 14:28:14.113416-03:00,0848722-30.2026.8.14.0301,PROCEDIMENTO DO JUIZADO ESPECIAL DA FAZENDA PÚBLICA,GERMANA SERRA DE FREITAS BARROS
CÍVEL,BELÉM,2ª DEFENSORIA PUBLICA DE FAZENDA PUBLICA,2026-05-11 08:43:47.050298-03:00,0849741-71.2026.8.14.0301,PROCEDIMENTO DO JUIZADO ESPECIAL DA FAZENDA PÚBLICA,GERMANA SERRA DE FREITAS BARROS
CÍVEL,BELÉM,2ª DEFENSORIA PUBLICA DE FAZENDA PUBLICA,2026-05-11 10:07:32.818538-03:00,0849787-60.2026.8.14.0301,PROCEDIMENTO DO JUIZADO ESPECIAL DA FAZENDA PÚBLICA,GERMANA SERRA DE FREITAS BARROS
CÍVEL,BELÉM,2ª DEFENSORIA PUBLICA DE FAZENDA PUBLICA,2026-05-11 14:37:22.620943-03:00,0849917-50.2026.8.14.0301,PROCEDIMENTO DO JUIZADO ESPECIAL DA FAZENDA PÚBLICA,GERMANA SERRA DE FREITAS BARROS
CÍVEL,BELÉM,2ª DEFENSORIA PUBLICA DE FAZENDA PUBLICA,2026-05-11 14:52:40.200681-03:00,0849926-12.2026.8.14.0301,PROCEDIMENTO DO JUIZADO ESPECIAL DA FAZENDA PÚBLICA,GERMANA SERRA DE FREITAS BARROS
CÍVEL,BELÉM,2ª DEFENSORIA PUBLICA DE FAZENDA PUBLICA,2026-05-12 10:55:28.199538-03:00,0850268-23.2026.8.14.0301,PROCEDIMENTO DO JUIZADO ESPECIAL DA FAZENDA PÚBLICA,GERMANA SERRA DE FREITAS BARROS
CÍVEL,BELÉM,2ª DEFENSORIA PUBLICA DE FAZENDA PUBLICA,2026-05-12 12:08:25.885194-03:00,0850345-32.2026.8.14.0301,PROCEDIMENTO DO JUIZADO ESPECIAL DA FAZENDA PÚBLICA,GERMANA SERRA DE FREITAS BARROS
CÍVEL,BELÉM,2ª DEFENSORIA PUBLICA DE FAZENDA PUBLICA,2026-05-13 10:51:57.323133-03:00,0850810-41.2026.8.14.0301,PROCEDIMENTO DO JUIZADO ESPECIAL DA FAZENDA PÚBLICA,GERMANA SERRA DE FREITAS BARROS
CÍVEL,BELÉM,2ª DEFENSORIA PUBLICA DE FAZENDA PUBLICA,2026-05-13 11:14:04.000250-03:00,0850809-56.2026.8.14.0301,PROCEDIMENTO DO JUIZADO ESPECIAL DA FAZENDA PÚBLICA,GERMANA SERRA DE FREITAS BARROS
CÍVEL,BELÉM,2ª DEFENSORIA PUBLICA DE FAZENDA PUBLICA,2026-05-14 09:30:40.488145-03:00,0851152-52.2026.8.14.0301,PROCEDIMENTO DO JUIZADO ESPECIAL DA FAZENDA PÚBLICA,GERMANA SERRA DE FREITAS BARROS
CÍVEL,BELÉM,2ª DEFENSORIA PUBLICA DE FAZENDA PUBLICA,2026-05-14 10:31:06.458858-03:00,0851196-71.2026.8.14.0301,PROCEDIMENTO DO JUIZADO ESPECIAL DA FAZENDA PÚBLICA,GERMANA SERRA DE FREITAS BARROS
CÍVEL,BELÉM,2ª DEFENSORIA PUBLICA DE FAZENDA PUBLICA,2026-05-14 11:29:56.091962-03:00,0851249-52.2026.8.14.0301,PROCEDIMENTO DO JUIZADO ESPECIAL DA FAZENDA PÚBLICA,GERMANA SERRA DE FREITAS BARROS
CÍVEL,BELÉM,2ª DEFENSORIA PUBLICA DE FAZENDA PUBLICA,2026-05-14 12:15:14.207835-03:00,0851364-73.2026.8.14.0301,PROCEDIMENTO DO JUIZADO ESPECIAL DA FAZENDA PÚBLICA,GERMANA SERRA DE FREITAS BARROS
CÍVEL,BELÉM,2ª DEFENSORIA PUBLICA DE FAZENDA PUBLICA,2026-05-14 12:25:07.535827-03:00,0851365-58.2026.8.14.0301,PROCEDIMENTO DO JUIZADO ESPECIAL DA FAZENDA PÚBLICA,GERMANA SERRA DE FREITAS BARROS
CÍVEL,BELÉM,2ª DEFENSORIA PUBLICA DE FAZENDA PUBLICA,2026-05-14 13:58:33.995318-03:00,0851379-42.2026.8.14.0301,PROCEDIMENTO DO JUIZADO ESPECIAL DA FAZENDA PÚBLICA,GERMANA SERRA DE FREITAS BARROS
CÍVEL,BELÉM,2ª DEFENSORIA PUBLICA DE FAZENDA PUBLICA,2026-05-15 08:56:24.779916-03:00,0851653-06.2026.8.14.0301,PROCEDIMENTO DO JUIZADO ESPECIAL DA FAZENDA PÚBLICA,GERMANA SERRA DE FREITAS BARROS
CÍVEL,BELÉM,2ª DEFENSORIA PUBLICA DE FAZENDA PUBLICA,2026-05-15 10:52:09.958334-03:00,0851675-64.2026.8.14.0301,PROCEDIMENTO DO JUIZADO ESPECIAL DA FAZENDA PÚBLICA,GERMANA SERRA DE FREITAS BARROS
CÍVEL,BELÉM,2ª DEFENSORIA PUBLICA DE FAZENDA PUBLICA,2026-05-15 12:47:54.887404-03:00,0851753-58.2026.8.14.0301,PROCEDIMENTO DO JUIZADO ESPECIAL DA FAZENDA PÚBLICA,GERMANA SERRA DE FREITAS BARROS
CÍVEL,BELÉM,2ª DEFENSORIA PUBLICA DE FAZENDA PUBLICA,2026-05-15 12:50:31.353269-03:00,0851754-43.2026.8.14.0301,PROCEDIMENTO DO JUIZADO ESPECIAL DA FAZENDA PÚBLICA,GERMANA SERRA DE FREITAS BARROS
CÍVEL,BELÉM,2ª DEFENSORIA PUBLICA DE FAZENDA PUBLICA,2026-05-15 13:39:26.292770-03:00,0851784-78.2026.8.14.0301,PROCEDIMENTO DO JUIZADO ESPECIAL DA FAZENDA PÚBLICA,GERMANA SERRA DE FREITAS BARROS
CÍVEL,BELÉM,2ª DEFENSORIA PUBLICA DE FAZENDA PUBLICA,2026-05-18 10:07:16.325985-03:00,0852152-87.2026.8.14.0301,PROCEDIMENTO DO JUIZADO ESPECIAL DA FAZENDA PÚBLICA,GERMANA SERRA DE FREITAS BARROS
CÍVEL,BELÉM,2ª DEFENSORIA PUBLICA DE FAZENDA PUBLICA,2026-05-22 12:20:57.223216-03:00,0854263-44.2026.8.14.0301,PROCEDIMENTO DO JUIZADO ESPECIAL DA FAZENDA PÚBLICA,GERMANA SERRA DE FREITAS BARROS
CÍVEL,BELÉM,2ª DEFENSORIA PUBLICA DE FAZENDA PUBLICA,2026-05-25 09:56:26.677554-03:00,0854608-10.2026.8.14.0301,PROCEDIMENTO DO JUIZADO ESPECIAL DA FAZENDA PÚBLICA,GERMANA SERRA DE FREITAS BARROS
CÍVEL,BELÉM,2ª DEFENSORIA PUBLICA DE FAZENDA PUBLICA,2026-05-25 11:00:19.206808-03:00,0854647-07.2026.8.14.0301,PROCEDIMENTO DO JUIZADO ESPECIAL DA FAZENDA PÚBLICA,GERMANA SERRA DE FREITAS BARROS
CÍVEL,BELÉM,2ª DEFENSORIA PUBLICA DE FAZENDA PUBLICA,2026-05-25 11:06:56.873681-03:00,0854800-40.2026.8.14.0301,PROCEDIMENTO DO JUIZADO ESPECIAL DA FAZENDA PÚBLICA,GERMANA SERRA DE FREITAS BARROS
CÍVEL,BELÉM,2ª DEFENSORIA PUBLICA DE FAZENDA PUBLICA,2026-05-26 09:44:15.989409-03:00,0855026-45.2026.8.14.0301,PROCEDIMENTO DO JUIZADO ESPECIAL DA FAZENDA PÚBLICA,GERMANA SERRA DE FREITAS BARROS
CÍVEL,BELÉM,2ª DEFENSORIA PUBLICA DE FAZENDA PUBLICA,2026-05-26 10:11:03.516685-03:00,0855041-14.2026.8.14.0301,PROCEDIMENTO DO JUIZADO ESPECIAL DA FAZENDA PÚBLICA,GERMANA SERRA DE FREITAS BARROS
CÍVEL,BELÉM,2ª DEFENSORIA PUBLICA DE FAZENDA PUBLICA,2026-05-26 10:54:36.009551-03:00,0855076-71.2026.8.14.0301,PROCEDIMENTO DO JUIZADO ESPECIAL DA FAZENDA PÚBLICA,GERMANA SERRA DE FREITAS BARROS
CÍVEL,BELÉM,2ª DEFENSORIA PUBLICA DE FAZENDA PUBLICA,2026-05-26 11:00:14.311402-03:00,0855080-11.2026.8.14.0301,PROCEDIMENTO DO JUIZADO ESPECIAL DA FAZENDA PÚBLICA,GERMANA SERRA DE FREITAS BARROS
CÍVEL,BELÉM,2ª DEFENSORIA PUBLICA DE FAZENDA PUBLICA,2026-05-26 12:13:40.798733-03:00,0855148-58.2026.8.14.0301,PROCEDIMENTO DO JUIZADO ESPECIAL DA FAZENDA PÚBLICA,GERMANA SERRA DE FREITAS BARROS
CÍVEL,BELÉM,2ª DEFENSORIA PUBLICA DE FAZENDA PUBLICA,2026-05-26 12:18:47.744265-03:00,0855147-73.2026.8.14.0301,PROCEDIMENTO DO JUIZADO ESPECIAL DA FAZENDA PÚBLICA,GERMANA SERRA DE FREITAS BARROS
CÍVEL,BELÉM,2ª DEFENSORIA PUBLICA DE FAZENDA PUBLICA,2026-05-27 09:26:54.393819-03:00,0855497-61.2026.8.14.0301,PROCEDIMENTO DO JUIZADO ESPECIAL DA FAZENDA PÚBLICA,GERMANA SERRA DE FREITAS BARROS
CÍVEL,BELÉM,2ª DEFENSORIA PUBLICA DE FAZENDA PUBLICA,2026-05-27 10:51:03.977121-03:00,0855538-28.2026.8.14.0301,PROCEDIMENTO DO JUIZADO ESPECIAL DA FAZENDA PÚBLICA,GERMANA SERRA DE FREITAS BARROS
CÍVEL,BELÉM,2ª DEFENSORIA PUBLICA DE FAZENDA PUBLICA,2026-05-27 11:07:23.573975-03:00,0855552-12.2026.8.14.0301,PROCEDIMENTO DO JUIZADO ESPECIAL DA FAZENDA PÚBLICA,GERMANA SERRA DE FREITAS BARROS
CÍVEL,BELÉM,2ª DEFENSORIA PUBLICA DE FAZENDA PUBLICA,2026-05-27 11:25:48.606472-03:00,0855558-19.2026.8.14.0301,PROCEDIMENTO DO JUIZADO ESPECIAL DA FAZENDA PÚBLICA,GERMANA SERRA DE FREITAS BARROS
CÍVEL,BELÉM,2ª DEFENSORIA PUBLICA DE FAZENDA PUBLICA,2026-05-27 11:50:11.096936-03:00,0855581-62.2026.8.14.0301,PROCEDIMENTO DO JUIZADO ESPECIAL DA FAZENDA PÚBLICA,GERMANA SERRA DE FREITAS BARROS
CÍVEL,BELÉM,2ª DEFENSORIA PUBLICA DE FAZENDA PUBLICA,2026-05-27 12:36:01.217322-03:00,0855638-80.2026.8.14.0301,PROCEDIMENTO DO JUIZADO ESPECIAL DA FAZENDA PÚBLICA,GERMANA SERRA DE FREITAS BARROS
CÍVEL,BELÉM,2ª DEFENSORIA PUBLICA DE FAZENDA PUBLICA,2026-05-28 09:28:48.560757-03:00,0855910-74.2026.8.14.0301,PROCEDIMENTO DO JUIZADO ESPECIAL DA FAZENDA PÚBLICA,GERMANA SERRA DE FREITAS BARROS
CÍVEL,BELÉM,2ª DEFENSORIA PUBLICA DE FAZENDA PUBLICA,2026-05-28 09:45:47.039252-03:00,0855902-97.2026.8.14.0301,PROCEDIMENTO DO JUIZADO ESPECIAL DA FAZENDA PÚBLICA,GERMANA SERRA DE FREITAS BARROS
CÍVEL,BELÉM,2ª DEFENSORIA PUBLICA DE FAZENDA PUBLICA,2026-05-28 13:15:54.662872-03:00,0856069-17.2026.8.14.0301,PROCEDIMENTO DO JUIZADO ESPECIAL DA FAZENDA PÚBLICA,GERMANA SERRA DE FREITAS BARROS
CÍVEL,BELÉM,2ª DEFENSORIA PUBLICA DE FAZENDA PUBLICA,2026-05-28 13:22:02.944054-03:00,0856067-47.2026.8.14.0301,PROCEDIMENTO DO JUIZADO ESPECIAL DA FAZENDA PÚBLICA,GERMANA SERRA DE FREITAS BARROS
CÍVEL,BELÉM,2ª DEFENSORIA PUBLICA DE FAZENDA PUBLICA,2026-05-29 09:00:31.975474-03:00,0856378-38.2026.8.14.0301,PROCEDIMENTO DO JUIZADO ESPECIAL DA FAZENDA PÚBLICA,GERMANA SERRA DE FREITAS BARROS
CÍVEL,BELÉM,2ª DEFENSORIA PUBLICA DE FAZENDA PUBLICA,2026-05-29 09:35:02.178306-03:00,0856426-94.2026.8.14.0301,PROCEDIMENTO DO JUIZADO ESPECIAL DA FAZENDA PÚBLICA,GERMANA SERRA DE FREITAS BARROS
CÍVEL,BELÉM,2ª DEFENSORIA PUBLICA DE FAZENDA PUBLICA,2026-06-02 10:39:45.486461-03:00,0857553-67.2026.8.14.0301,PROCEDIMENTO DO JUIZADO ESPECIAL DA FAZENDA PÚBLICA,GERMANA SERRA DE FREITAS BARROS
CÍVEL,BELÉM,2ª DEFENSORIA PUBLICA DE FAZENDA PUBLICA,2026-06-08 08:47:43.930534-03:00,0858576-48.2026.8.14.0301,PROCEDIMENTO DO JUIZADO ESPECIAL DA FAZENDA PÚBLICA,GERMANA SERRA DE FREITAS BARROS
CÍVEL,BELÉM,2ª DEFENSORIA PUBLICA DE FAZENDA PUBLICA,2026-06-08 10:08:18.553149-03:00,0858590-32.2026.8.14.0301,PROCEDIMENTO DO JUIZADO ESPECIAL DA FAZENDA PÚBLICA,GERMANA SERRA DE FREITAS BARROS
CÍVEL,BELÉM,2ª DEFENSORIA PUBLICA DE FAZENDA PUBLICA,2026-06-08 10:48:56.653234-03:00,0858654-42.2026.8.14.0301,PROCEDIMENTO DO JUIZADO ESPECIAL DA FAZENDA PÚBLICA,GERMANA SERRA DE FREITAS BARROS
CÍVEL,BELÉM,2ª DEFENSORIA PUBLICA DE FAZENDA PUBLICA,2026-06-08 11:03:08.156627-03:00,0858661-34.2026.8.14.0301,PROCEDIMENTO DO JUIZADO ESPECIAL DA FAZENDA PÚBLICA,GERMANA SERRA DE FREITAS BARROS
CÍVEL,BELÉM,2ª DEFENSORIA PUBLICA DE FAZENDA PUBLICA,2026-06-08 12:08:56.456870-03:00,0858720-22.2026.8.14.0301,PROCEDIMENTO DO JUIZADO ESPECIAL DA FAZENDA PÚBLICA,GERMANA SERRA DE FREITAS BARROS
CÍVEL,BELÉM,2ª DEFENSORIA PUBLICA DE FAZENDA PUBLICA,2026-06-08 12:20:51.228363-03:00,0858719-37.2026.8.14.0301,PROCEDIMENTO DO JUIZADO ESPECIAL DA FAZENDA PÚBLICA,GERMANA SERRA DE FREITAS BARROS
CÍVEL,BELÉM,2ª DEFENSORIA PUBLICA DE FAZENDA PUBLICA,2026-06-08 12:28:32.015635-03:00,0858723-74.2026.8.14.0301,PROCEDIMENTO DO JUIZADO ESPECIAL DA FAZENDA PÚBLICA,GERMANA SERRA DE FREITAS BARROS
CÍVEL,BELÉM,2ª DEFENSORIA PUBLICA DE FAZENDA PUBLICA,2026-06-08 13:17:22.754660-03:00,0858718-52.2026.8.14.0301,PROCEDIMENTO DO JUIZADO ESPECIAL DA FAZENDA PÚBLICA,GERMANA SERRA DE FREITAS BARROS
CÍVEL,BELÉM,2ª DEFENSORIA PUBLICA DE FAZENDA PUBLICA,2026-06-12 10:19:09.378785-03:00,0860312-04.2026.8.14.0301,PROCEDIMENTO DO JUIZADO ESPECIAL DA FAZENDA PÚBLICA,GERMANA SERRA DE FREITAS BARROS
CÍVEL,BELÉM,2ª DEFENSORIA PUBLICA DE FAZENDA PUBLICA,2026-06-12 10:25:04.164325-03:00,0860331-10.2026.8.14.0301,PROCEDIMENTO DO JUIZADO ESPECIAL DA FAZENDA PÚBLICA,GERMANA SERRA DE FREITAS BARROS
CÍVEL,BELÉM,2ª DEFENSORIA PUBLICA DE FAZENDA PUBLICA,2026-06-12 11:11:37.013815-03:00,0860467-07.2026.8.14.0301,PROCEDIMENTO DO JUIZADO ESPECIAL DA FAZENDA PÚBLICA,GERMANA SERRA DE FREITAS BARROS
CÍVEL,BELÉM,2ª DEFENSORIA PUBLICA DE FAZENDA PUBLICA,2026-06-12 11:22:18.609256-03:00,0860469-74.2026.8.14.0301,PROCEDIMENTO DO JUIZADO ESPECIAL DA FAZENDA PÚBLICA,GERMANA SERRA DE FREITAS BARROS
CÍVEL,BELÉM,2ª DEFENSORIA PUBLICA DE FAZENDA PUBLICA,2026-06-12 11:44:11.428756-03:00,0860470-59.2026.8.14.0301,PROCEDIMENTO DO JUIZADO ESPECIAL DA FAZENDA PÚBLICA,GERMANA SERRA DE FREITAS BARROS
CÍVEL,BELÉM,2ª DEFENSORIA PUBLICA DE FAZENDA PUBLICA,2026-06-12 11:54:27.346358-03:00,0860466-22.2026.8.14.0301,PROCEDIMENTO DO JUIZADO ESPECIAL DA FAZENDA PÚBLICA,GERMANA SERRA DE FREITAS BARROS
CÍVEL,BELÉM,2ª DEFENSORIA PUBLICA DE FAZENDA PUBLICA,2026-06-22 10:33:06.929524-03:00,0862936-26.2026.8.14.0301,PROCEDIMENTO DO JUIZADO ESPECIAL DA FAZENDA PÚBLICA,GERMANA SERRA DE FREITAS BARROS
CÍVEL,BELÉM,2ª DEFENSORIA PUBLICA DE FAZENDA PUBLICA,2026-06-22 10:38:05.774907-03:00,0862945-85.2026.8.14.0301,PROCEDIMENTO DO JUIZADO ESPECIAL DA FAZENDA PÚBLICA,GERMANA SERRA DE FREITAS BARROS
CÍVEL,BELÉM,2ª DEFENSORIA PUBLICA DE FAZENDA PUBLICA,2026-06-22 10:52:20.597008-03:00,0862940-63.2026.8.14.0301,PROCEDIMENTO DO JUIZADO ESPECIAL DA FAZENDA PÚBLICA,GERMANA SERRA DE FREITAS BARROS
CÍVEL,BELÉM,2ª DEFENSORIA PUBLICA DE FAZENDA PUBLICA,2026-06-22 11:01:44.632222-03:00,0862939-78.2026.8.14.0301,PROCEDIMENTO DO JUIZADO ESPECIAL DA FAZENDA PÚBLICA,GERMANA SERRA DE FREITAS BARROS
CÍVEL,BELÉM,2ª DEFENSORIA PUBLICA DE FAZENDA PUBLICA,2026-06-22 11:10:07.781514-03:00,0862938-93.2026.8.14.0301,PROCEDIMENTO DO JUIZADO ESPECIAL DA FAZENDA PÚBLICA,GERMANA SERRA DE FREITAS BARROS
CÍVEL,BELÉM,2ª DEFENSORIA PUBLICA DE FAZENDA PUBLICA,2026-06-22 11:11:48.774746-03:00,0862937-11.2026.8.14.0301,PROCEDIMENTO DO JUIZADO ESPECIAL DA FAZENDA PÚBLICA,GERMANA SERRA DE FREITAS BARROS
CÍVEL,BELÉM,2ª DEFENSORIA PUBLICA DE FAZENDA PUBLICA,2026-06-22 11:41:15.031393-03:00,0863000-36.2026.8.14.0301,PROCEDIMENTO DO JUIZADO ESPECIAL DA FAZENDA PÚBLICA,GERMANA SERRA DE FREITAS BARROS
CÍVEL,BELÉM,2ª DEFENSORIA PUBLICA DE FAZENDA PUBLICA,2026-06-22 12:28:53.149993-03:00,0862999-51.2026.8.14.0301,PROCEDIMENTO DO JUIZADO ESPECIAL DA FAZENDA PÚBLICA,GERMANA SERRA DE FREITAS BARROS
CÍVEL,BELÉM,2ª DEFENSORIA PUBLICA DE FAZENDA PUBLICA,2026-06-22 13:40:59.316378-03:00,0863036-78.2026.8.14.0301,PROCEDIMENTO DO JUIZADO ESPECIAL DA FAZENDA PÚBLICA,GERMANA SERRA DE FREITAS BARROS
CÍVEL,BELÉM,2ª DEFENSORIA PUBLICA DE FAZENDA PUBLICA,2026-06-23 09:34:29.969034-03:00,0863330-33.2026.8.14.0301,PROCEDIMENTO DO JUIZADO ESPECIAL DA FAZENDA PÚBLICA,GERMANA SERRA DE FREITAS BARROS
CÍVEL,BELÉM,2ª DEFENSORIA PUBLICA DE FAZENDA PUBLICA,2026-06-23 09:41:32.700448-03:00,0863340-77.2026.8.14.0301,PROCEDIMENTO DO JUIZADO ESPECIAL DA FAZENDA PÚBLICA,GERMANA SERRA DE FREITAS BARROS
CÍVEL,BELÉM,2ª DEFENSORIA PUBLICA DE FAZENDA PUBLICA,2026-06-23 11:40:04.902349-03:00,0863459-38.2026.8.14.0301,PROCEDIMENTO DO JUIZADO ESPECIAL DA FAZENDA PÚBLICA,GERMANA SERRA DE FREITAS BARROS
CÍVEL,BELÉM,2ª DEFENSORIA PUBLICA DE FAZENDA PUBLICA,2026-06-24 08:49:57.510392-03:00,0863782-43.2026.8.14.0301,PROCEDIMENTO DO JUIZADO ESPECIAL DA FAZENDA PÚBLICA,GERMANA SERRA DE FREITAS BARROS
CÍVEL,BELÉM,2ª DEFENSORIA PUBLICA DE FAZENDA PUBLICA,2026-06-24 09:24:57.557246-03:00,0863787-65.2026.8.14.0301,PROCEDIMENTO DO JUIZADO ESPECIAL DA FAZENDA PÚBLICA,GERMANA SERRA DE FREITAS BARROS
CÍVEL,BELÉM,2ª DEFENSORIA PUBLICA DE FAZENDA PUBLICA,2026-06-24 11:15:51.168412-03:00,0863876-88.2026.8.14.0301,PROCEDIMENTO DO JUIZADO ESPECIAL DA FAZENDA PÚBLICA,GERMANA SERRA DE FREITAS BARROS
CÍVEL,BELÉM,2ª DEFENSORIA PUBLICA DE FAZENDA PUBLICA,2026-06-24 11:25:24.225835-03:00,0863877-73.2026.8.14.0301,PROCEDIMENTO DO JUIZADO ESPECIAL DA FAZENDA PÚBLICA,GERMANA SERRA DE FREITAS BARROS
CÍVEL,BELÉM,2ª DEFENSORIA PUBLICA DE FAZENDA PUBLICA,2026-06-25 10:40:18.036219-03:00,0864259-66.2026.8.14.0301,PROCEDIMENTO DO JUIZADO ESPECIAL DA FAZENDA PÚBLICA,GERMANA SERRA DE FREITAS BARROS
CÍVEL,BELÉM,2ª DEFENSORIA PUBLICA DE FAZENDA PUBLICA,2026-06-25 14:04:43.265266-03:00,0864340-15.2026.8.14.0301,PROCEDIMENTO COMUM CÍVEL (7),GERMANA SERRA DE FREITAS BARROS
CÍVEL,BELÉM,2ª DEFENSORIA PUBLICA DE FAZENDA PUBLICA,2026-06-26 12:20:29.257753-03:00,0864772-34.2026.8.14.0301,PROCEDIMENTO DO JUIZADO ESPECIAL DA FAZENDA PÚBLICA,GERMANA SERRA DE FREITAS BARROS
CÍVEL,BELÉM,2ª DEFENSORIA PUBLICA DE FAZENDA PUBLICA,2026-07-01 12:23:01.282398-03:00,0866142-48.2026.8.14.0301,PROCEDIMENTO COMUM CÍVEL (7),GERMANA SERRA DE FREITAS BARROS
CÍVEL,BELÉM,2ª DEFENSORIA PUBLICA DE FAZENDA PUBLICA,2026-07-02 10:48:44.404969-03:00,0866468-08.2026.8.14.0301,PROCEDIMENTO COMUM CÍVEL (7),GERMANA SERRA DE FREITAS BARROS
CÍVEL,BELÉM,2ª DEFENSORIA PUBLICA DE FAZENDA PUBLICA,2026-07-06 11:10:33.204171-03:00,0867366-21.2026.8.14.0301,PROCEDIMENTO DO JUIZADO ESPECIAL DA FAZENDA PÚBLICA,GERMANA SERRA DE FREITAS BARROS
CÍVEL,BELÉM,2ª DEFENSORIA PUBLICA DE FAZENDA PUBLICA,2026-07-06 11:36:55.898695-03:00,0867367-06.2026.8.14.0301,PROCEDIMENTO DO JUIZADO ESPECIAL DA FAZENDA PÚBLICA,GERMANA SERRA DE FREITAS BARROS
CÍVEL,BELÉM,2ª DEFENSORIA PUBLICA DE FAZENDA PUBLICA,2026-07-06 12:06:32.877614-03:00,0867374-95.2026.8.14.0301,PROCEDIMENTO DO JUIZADO ESPECIAL DA FAZENDA PÚBLICA,GERMANA SERRA DE FREITAS BARROS
CÍVEL,BELÉM,2ª DEFENSORIA PUBLICA DE FAZENDA PUBLICA,2026-07-06 15:28:50.120952-03:00,0867492-71.2026.8.14.0301,PROCEDIMENTO DO JUIZADO ESPECIAL DA FAZENDA PÚBLICA,GERMANA SERRA DE FREITAS BARROS
CÍVEL,BELÉM,2ª DEFENSORIA PUBLICA DE FAZENDA PUBLICA,2026-07-07 10:21:10.504769-03:00,0867709-17.2026.8.14.0301,PROCEDIMENTO DO JUIZADO ESPECIAL DA FAZENDA PÚBLICA,GERMANA SERRA DE FREITAS BARROS
CÍVEL,BELÉM,2ª DEFENSORIA PUBLICA DE FAZENDA PUBLICA,2026-07-07 10:29:42.081300-03:00,0867706-62.2026.8.14.0301,PROCEDIMENTO DO JUIZADO ESPECIAL DA FAZENDA PÚBLICA,GERMANA SERRA DE FREITAS BARROS
CÍVEL,BELÉM,2ª DEFENSORIA PUBLICA DE FAZENDA PUBLICA,2026-07-07 10:59:30.753086-03:00,0867759-43.2026.8.14.0301,PROCEDIMENTO DO JUIZADO ESPECIAL DA FAZENDA PÚBLICA,GERMANA SERRA DE FREITAS BARROS
CÍVEL,BELÉM,2ª DEFENSORIA PUBLICA DE FAZENDA PUBLICA,2026-07-07 13:10:15.920849-03:00,0867794-03.2026.8.14.0301,PROCEDIMENTO DO JUIZADO ESPECIAL DA FAZENDA PÚBLICA,GERMANA SERRA DE FREITAS BARROS
CÍVEL,BELÉM,2ª DEFENSORIA PUBLICA DE FAZENDA PUBLICA,2026-07-07 13:29:22.530030-03:00,0867797-55.2026.8.14.0301,PROCEDIMENTO DO JUIZADO ESPECIAL DA FAZENDA PÚBLICA,GERMANA SERRA DE FREITAS BARROS
CÍVEL,BELÉM,2ª DEFENSORIA PUBLICA DE FAZENDA PUBLICA,2026-07-07 13:59:15.090288-03:00,0867839-07.2026.8.14.0301,PROCEDIMENTO DO JUIZADO ESPECIAL DA FAZENDA PÚBLICA,GERMANA SERRA DE FREITAS BARROS
CÍVEL,BELÉM,2ª DEFENSORIA PUBLICA DE FAZENDA PUBLICA,2026-07-08 12:23:28.508959-03:00,0868168-19.2026.8.14.0301,PROCEDIMENTO DO JUIZADO ESPECIAL DA FAZENDA PÚBLICA,GERMANA SERRA DE FREITAS BARROS
CÍVEL,BELÉM,2ª DEFENSORIA PUBLICA DE FAZENDA PUBLICA,2026-07-09 09:02:01.348474-03:00,0868455-79.2026.8.14.0301,PROCEDIMENTO DO JUIZADO ESPECIAL DA FAZENDA PÚBLICA,ANDERSON DA SILVA PEREIRA
CÍVEL,BELÉM,2ª DEFENSORIA PUBLICA DE FAZENDA PUBLICA,2026-07-09 21:50:58.714071-03:00,0868811-74.2026.8.14.0301,PROCEDIMENTO COMUM CÍVEL (7),GERMANA SERRA DE FREITAS BARROS
CÍVEL,BELÉM,2ª DEFENSORIA PUBLICA DE FAZENDA PUBLICA,2026-07-13 09:41:00.193916-03:00,0869326-12.2026.8.14.0301,PROCEDIMENTO DO JUIZADO ESPECIAL DA FAZENDA PÚBLICA,ANDERSON DA SILVA PEREIRA
CÍVEL,BELÉM,2ª DEFENSORIA PUBLICA DE FAZENDA PUBLICA,2026-07-13 10:02:27.568735-03:00,0869320-05.2026.8.14.0301,PROCEDIMENTO DO JUIZADO ESPECIAL DA FAZENDA PÚBLICA,ANDERSON DA SILVA PEREIRA
CÍVEL,BELÉM,2ª DEFENSORIA PUBLICA DE FAZENDA PUBLICA,2026-07-13 11:15:28.318814-03:00,0869322-72.2026.8.14.0301,PROCEDIMENTO DO JUIZADO ESPECIAL DA FAZENDA PÚBLICA,ANDERSON DA SILVA PEREIRA
CÍVEL,BELÉM,2ª DEFENSORIA PUBLICA DE FAZENDA PUBLICA,2026-07-13 12:57:38.574894-03:00,0869394-59.2026.8.14.0301,PROCEDIMENTO DO JUIZADO ESPECIAL DA FAZENDA PÚBLICA,ANDERSON DA SILVA PEREIRA
CÍVEL,BELÉM,2ª DEFENSORIA PUBLICA DE FAZENDA PUBLICA,2026-07-14 10:33:12.182202-03:00,0869742-77.2026.8.14.0301,PROCEDIMENTO DO JUIZADO ESPECIAL DA FAZENDA PÚBLICA,ANDERSON DA SILVA PEREIRA
CÍVEL,BELÉM,2ª DEFENSORIA PUBLICA DE FAZENDA PUBLICA,2026-07-14 10:35:06.662899-03:00,0869743-62.2026.8.14.0301,PROCEDIMENTO DO JUIZADO ESPECIAL DA FAZENDA PÚBLICA,ANDERSON DA SILVA PEREIRA
CÍVEL,BELÉM,2ª DEFENSORIA PUBLICA DE FAZENDA PUBLICA,2026-07-14 10:55:32.099956-03:00,0869744-47.2026.8.14.0301,PROCEDIMENTO DO JUIZADO ESPECIAL DA FAZENDA PÚBLICA,ANDERSON DA SILVA PEREIRA
CÍVEL,BELÉM,2ª DEFENSORIA PUBLICA DE FAZENDA PUBLICA,2026-07-14 11:06:21.169616-03:00,0869745-32.2026.8.14.0301,PROCEDIMENTO DO JUIZADO ESPECIAL DA FAZENDA PÚBLICA,ANDERSON DA SILVA PEREIRA
CÍVEL,BELÉM,2ª DEFENSORIA PUBLICA DE FAZENDA PUBLICA,2026-07-15 11:25:31.885268-03:00,0870114-26.2026.8.14.0301,PROCEDIMENTO DO JUIZADO ESPECIAL DA FAZENDA PÚBLICA,ANDERSON DA SILVA PEREIRA
CÍVEL,BELÉM,2ª DEFENSORIA PUBLICA DE FAZENDA PUBLICA,2026-07-15 12:35:47.014680-03:00,0870170-59.2026.8.14.0301,PROCEDIMENTO DO JUIZADO ESPECIAL DA FAZENDA PÚBLICA,ANDERSON DA SILVA PEREIRA
CÍVEL,BELÉM,2ª DEFENSORIA PUBLICA DE FAZENDA PUBLICA,2026-07-15 12:51:20.569235-03:00,0870171-44.2026.8.14.0301,PROCEDIMENTO DO JUIZADO ESPECIAL DA FAZENDA PÚBLICA,ANDERSON DA SILVA PEREIRA
CÍVEL,BELÉM,2ª DEFENSORIA PUBLICA DE FAZENDA PUBLICA,2026-07-15 13:12:52.732340-03:00,0870167-07.2026.8.14.0301,PROCEDIMENTO DO JUIZADO ESPECIAL DA FAZENDA PÚBLICA,ANDERSON DA SILVA PEREIRA
CÍVEL,BELÉM,2ª DEFENSORIA PUBLICA DE FAZENDA PUBLICA,2026-07-16 09:44:21.846504-03:00,0870384-50.2026.8.14.0301,PROCEDIMENTO DO JUIZADO ESPECIAL DA FAZENDA PÚBLICA,ANDERSON DA SILVA PEREIRA
CÍVEL,BELÉM,2ª DEFENSORIA PUBLICA DE FAZENDA PUBLICA,2026-07-16 23:09:04.284878-03:00,0870766-43.2026.8.14.0301,PROCEDIMENTO DO JUIZADO ESPECIAL DA FAZENDA PÚBLICA,ANDERSON DA SILVA PEREIRA
CÍVEL,BELÉM,2ª DEFENSORIA PUBLICA DE FAZENDA PUBLICA,2026-07-16 23:36:38.633985-03:00,0870767-28.2026.8.14.0301,PROCEDIMENTO DO JUIZADO ESPECIAL DA FAZENDA PÚBLICA,ANDERSON DA SILVA PEREIRA
CÍVEL,BELÉM,2ª DEFENSORIA PUBLICA DE FAZENDA PUBLICA,2026-07-17 10:48:47.032785-03:00,0870764-73.2026.8.14.0301,PROCEDIMENTO DO JUIZADO ESPECIAL DA FAZENDA PÚBLICA,ANDERSON DA SILVA PEREIRA
CÍVEL,BELÉM,2ª DEFENSORIA PUBLICA DE FAZENDA PUBLICA,2026-07-17 11:45:55.350139-03:00,0870816-69.2026.8.14.0301,PROCEDIMENTO DO JUIZADO ESPECIAL DA FAZENDA PÚBLICA,ANDERSON DA SILVA PEREIRA
CÍVEL,BELÉM,2ª DEFENSORIA PUBLICA DE FAZENDA PUBLICA,2026-07-20 09:51:37.433863-03:00,0871118-98.2026.8.14.0301,PROCEDIMENTO DO JUIZADO ESPECIAL DA FAZENDA PÚBLICA,ANDERSON DA SILVA PEREIRA
CÍVEL,BELÉM,2ª DEFENSORIA PUBLICA DE FAZENDA PUBLICA,2026-07-20 09:53:22.508921-03:00,0871117-16.2026.8.14.0301,PROCEDIMENTO DO JUIZADO ESPECIAL DA FAZENDA PÚBLICA,ANDERSON DA SILVA PEREIRA
CÍVEL,BELÉM,2ª DEFENSORIA PUBLICA DE FAZENDA PUBLICA,2026-07-20 10:00:08.007568-03:00,0871130-15.2026.8.14.0301,PROCEDIMENTO DO JUIZADO ESPECIAL DA FAZENDA PÚBLICA,ANDERSON DA SILVA PEREIRA
CÍVEL,BELÉM,2ª DEFENSORIA PUBLICA DE FAZENDA PUBLICA,2026-07-20 10:16:54.306362-03:00,0871129-30.2026.8.14.0301,PROCEDIMENTO DO JUIZADO ESPECIAL DA FAZENDA PÚBLICA,ANDERSON DA SILVA PEREIRA
CÍVEL,BELÉM,2ª DEFENSORIA PUBLICA DE FAZENDA PUBLICA,2026-07-28 10:19:14.003990-03:00,0873436-54.2026.8.14.0301,PROCEDIMENTO DO JUIZADO ESPECIAL DA FAZENDA PÚBLICA,ANDERSON DA SILVA PEREIRA
CÍVEL,BELÉM,2ª DEFENSORIA PUBLICA DE FAZENDA PUBLICA,2026-07-28 10:23:48.598093-03:00,0873437-39.2026.8.14.0301,PROCEDIMENTO DO JUIZADO ESPECIAL DA FAZENDA PÚBLICA,ANDERSON DA SILVA PEREIRA
CÍVEL,BELÉM,2ª DEFENSORIA PUBLICA DE FAZENDA PUBLICA,2026-07-28 12:44:13.873240-03:00,0873535-24.2026.8.14.0301,PROCEDIMENTO DO JUIZADO ESPECIAL DA FAZENDA PÚBLICA,ANDERSON DA SILVA PEREIRA
CÍVEL,BELÉM,2ª DEFENSORIA PUBLICA DE FAZENDA PUBLICA,2026-07-28 13:27:57.533283-03:00,0873533-54.2026.8.14.0301,PROCEDIMENTO DO JUIZADO ESPECIAL DA FAZENDA PÚBLICA,ANDERSON DA SILVA PEREIRA
CÍVEL,BELÉM,2ª DEFENSORIA PUBLICA DE FAZENDA PUBLICA,2026-07-28 14:04:01.726173-03:00,0873534-39.2026.8.14.0301,PROCEDIMENTO DO JUIZADO ESPECIAL DA FAZENDA PÚBLICA,ANDERSON DA SILVA PEREIRA
CÍVEL,BELÉM,2ª DEFENSORIA PUBLICA DE FAZENDA PUBLICA,2026-07-29 10:50:19.337653-03:00,0873834-98.2026.8.14.0301,PROCEDIMENTO DO JUIZADO ESPECIAL DA FAZENDA PÚBLICA,ANDERSON DA SILVA PEREIRA
CÍVEL,BELÉM,2ª DEFENSORIA PUBLICA DE FAZENDA PUBLICA,2026-07-29 10:57:23.263972-03:00,0873840-08.2026.8.14.0301,PROCEDIMENTO DO JUIZADO ESPECIAL DA FAZENDA PÚBLICA,ANDERSON DA SILVA PEREIRA
CÍVEL,BELÉM,2ª DEFENSORIA PUBLICA DE FAZENDA PUBLICA,2026-07-29 11:08:01.712797-03:00,0873847-97.2026.8.14.0301,PROCEDIMENTO DO JUIZADO ESPECIAL DA FAZENDA PÚBLICA,ANDERSON DA SILVA PEREIRA
CÍVEL,BELÉM,2ª DEFENSORIA PUBLICA DE FAZENDA PUBLICA,2026-07-29 11:51:21.889694-03:00,0873934-53.2026.8.14.0301,PROCEDIMENTO DO JUIZADO ESPECIAL DA FAZENDA PÚBLICA,ANDERSON DA SILVA PEREIRA
CÍVEL,BELÉM,2ª DEFENSORIA PUBLICA DE FAZENDA PUBLICA,2026-07-30 09:34:41.996153-03:00,0874313-91.2026.8.14.0301,PROCEDIMENTO DO JUIZADO ESPECIAL DA FAZENDA PÚBLICA,ANDERSON DA SILVA PEREIRA
CÍVEL,BELÉM,2ª DEFENSORIA PUBLICA DE FAZENDA PUBLICA,2026-07-31 09:50:24.672224-03:00,0874553-80.2026.8.14.0301,PROCEDIMENTO DO JUIZADO ESPECIAL DA FAZENDA PÚBLICA,ANDERSON DA SILVA PEREIRA
CÍVEL,BELÉM,2ª DEFENSORIA PUBLICA DE FAZENDA PUBLICA,2026-08-10 10:20:27.044773-03:00,0877019-47.2026.8.14.0301,PROCEDIMENTO DO JUIZADO ESPECIAL DA FAZENDA PÚBLICA,GERMANA SERRA DE FREITAS BARROS
CÍVEL,BELÉM,2ª DEFENSORIA PUBLICA DE FAZENDA PUBLICA,2026-08-10 10:55:25.273455-03:00,0877069-73.2026.8.14.0301,PROCEDIMENTO DO JUIZADO ESPECIAL DA FAZENDA PÚBLICA,GERMANA SERRA DE FREITAS BARROS
CÍVEL,BELÉM,2ª DEFENSORIA PUBLICA DE FAZENDA PUBLICA,2026-08-10 12:01:38.412223-03:00,0877169-28.2026.8.14.0301,PROCEDIMENTO DO JUIZADO ESPECIAL DA FAZENDA PÚBLICA,GERMANA SERRA DE FREITAS BARROS
CÍVEL,BELÉM,2ª DEFENSORIA PUBLICA DE FAZENDA PUBLICA,2026-08-10 13:00:56.608764-03:00,0877162-36.2026.8.14.0301,PROCEDIMENTO DO JUIZADO ESPECIAL DA FAZENDA PÚBLICA,GERMANA SERRA DE FREITAS BARROS
CÍVEL,BELÉM,2ª DEFENSORIA PUBLICA DE FAZENDA PUBLICA,2026-08-10 13:51:10.364446-03:00,0877163-21.2026.8.14.0301,PROCEDIMENTO DO JUIZADO ESPECIAL DA FAZENDA PÚBLICA,GERMANA SERRA DE FREITAS BARROS
CÍVEL,BELÉM,2ª DEFENSORIA PUBLICA DE FAZENDA PUBLICA,2026-08-11 10:19:59.659286-03:00,0877494-03.2026.8.14.0301,PROCEDIMENTO DO JUIZADO ESPECIAL DA FAZENDA PÚBLICA,GERMANA SERRA DE FREITAS BARROS
CÍVEL,BELÉM,2ª DEFENSORIA PUBLICA DE FAZENDA PUBLICA,2026-08-11 12:18:12.625574-03:00,0877525-23.2026.8.14.0301,PROCEDIMENTO DO JUIZADO ESPECIAL DA FAZENDA PÚBLICA,GERMANA SERRA DE FREITAS BARROS
CÍVEL,BELÉM,2ª DEFENSORIA PUBLICA DE FAZENDA PUBLICA,2026-08-11 13:07:17.378931-03:00,0877524-38.2026.8.14.0301,PROCEDIMENTO DO JUIZADO ESPECIAL DA FAZENDA PÚBLICA,GERMANA SERRA DE FREITAS BARROS
CÍVEL,BELÉM,2ª DEFENSORIA PUBLICA DE FAZENDA PUBLICA,2026-08-12 11:11:29.038672-03:00,0877869-04.2026.8.14.0301,PROCEDIMENTO DO JUIZADO ESPECIAL DA FAZENDA PÚBLICA,GERMANA SERRA DE FREITAS BARROS
CÍVEL,BELÉM,2ª DEFENSORIA PUBLICA DE FAZENDA PUBLICA,2026-08-12 11:33:39.251546-03:00,0877982-55.2026.8.14.0301,PROCEDIMENTO DO JUIZADO ESPECIAL DA FAZENDA PÚBLICA,GERMANA SERRA DE FREITAS BARROS
CÍVEL,BELÉM,2ª DEFENSORIA PUBLICA DE FAZENDA PUBLICA,2026-08-12 13:09:53.992937-03:00,0877976-48.2026.8.14.0301,PROCEDIMENTO DO JUIZADO ESPECIAL DA FAZENDA PÚBLICA,GERMANA SERRA DE FREITAS BARROS
CÍVEL,BELÉM,2ª DEFENSORIA PUBLICA DE FAZENDA PUBLICA,2026-08-13 10:36:52.232058-03:00,0878238-95.2026.8.14.0301,PROCEDIMENTO DO JUIZADO ESPECIAL DA FAZENDA PÚBLICA,GERMANA SERRA DE FREITAS BARROS
CÍVEL,BELÉM,2ª DEFENSORIA PUBLICA DE FAZENDA PUBLICA,2026-08-13 11:34:21.200390-03:00,0878327-21.2026.8.14.0301,PROCEDIMENTO DO JUIZADO ESPECIAL DA FAZENDA PÚBLICA,GERMANA SERRA DE FREITAS BARROS
CÍVEL,BELÉM,2ª DEFENSORIA PUBLICA DE FAZENDA PUBLICA,2026-08-13 11:50:36.172636-03:00,0878328-06.2026.8.14.0301,PROCEDIMENTO DO JUIZADO ESPECIAL DA FAZENDA PÚBLICA,GERMANA SERRA DE FREITAS BARROS
CÍVEL,BELÉM,2ª DEFENSORIA PUBLICA DE FAZENDA PUBLICA,2026-08-14 09:30:52.323137-03:00,0878681-46.2026.8.14.0301,PROCEDIMENTO DO JUIZADO ESPECIAL DA FAZENDA PÚBLICA,GERMANA SERRA DE FREITAS BARROS
CÍVEL,BELÉM,2ª DEFENSORIA PUBLICA DE FAZENDA PUBLICA,2026-08-14 10:51:19.399436-03:00,0878720-43.2026.8.14.0301,PROCEDIMENTO DO JUIZADO ESPECIAL DA FAZENDA PÚBLICA,GERMANA SERRA DE FREITAS BARROS
CÍVEL,BELÉM,2ª DEFENSORIA PUBLICA DE FAZENDA PUBLICA,2026-08-14 13:28:25.127776-03:00,0878859-92.2026.8.14.0301,PROCEDIMENTO DO JUIZADO ESPECIAL DA FAZENDA PÚBLICA,GERMANA SERRA DE FREITAS BARROS
CÍVEL,BELÉM,2ª DEFENSORIA PUBLICA DE FAZENDA PUBLICA,2026-08-17 10:09:05.970373-03:00,0879157-84.2026.8.14.0301,PROCEDIMENTO COMUM CÍVEL (7),GERMANA SERRA DE FREITAS BARROS
CÍVEL,BELÉM,2ª DEFENSORIA PUBLICA DE FAZENDA PUBLICA,2026-08-24 09:51:25.658567-03:00,0881667-70.2026.8.14.0301,PROCEDIMENTO DO JUIZADO ESPECIAL DA FAZENDA PÚBLICA,GERMANA SERRA DE FREITAS BARROS
CÍVEL,BELÉM,2ª DEFENSORIA PUBLICA DE FAZENDA PUBLICA,2026-08-24 09:52:32.403131-03:00,0881666-85.2026.8.14.0301,PROCEDIMENTO DO JUIZADO ESPECIAL DA FAZENDA PÚBLICA,GERMANA SERRA DE FREITAS BARROS
CÍVEL,BELÉM,2ª DEFENSORIA PUBLICA DE FAZENDA PUBLICA,2026-08-24 10:07:51.821765-03:00,0881697-08.2026.8.14.0301,PROCEDIMENTO DO JUIZADO ESPECIAL DA FAZENDA PÚBLICA,GERMANA SERRA DE FREITAS BARROS
CÍVEL,BELÉM,2ª DEFENSORIA PUBLICA DE FAZENDA PUBLICA,2026-08-24 10:50:22.213362-03:00,0881715-29.2026.8.14.0301,PROCEDIMENTO DO JUIZADO ESPECIAL DA FAZENDA PÚBLICA,GERMANA SERRA DE FREITAS BARROS
CÍVEL,BELÉM,2ª DEFENSORIA PUBLICA DE FAZENDA PUBLICA,2026-08-24 11:06:35.707843-03:00,0881723-06.2026.8.14.0301,PROCEDIMENTO DO JUIZADO ESPECIAL DA FAZENDA PÚBLICA,GERMANA SERRA DE FREITAS BARROS
CÍVEL,BELÉM,2ª DEFENSORIA PUBLICA DE FAZENDA PUBLICA,2026-08-24 11:41:04.193250-03:00,0881756-93.2026.8.14.0301,PROCEDIMENTO DO JUIZADO ESPECIAL DA FAZENDA PÚBLICA,GERMANA SERRA DE FREITAS BARROS
CÍVEL,BELÉM,2ª DEFENSORIA PUBLICA DE FAZENDA PUBLICA,2026-08-24 13:01:15.630873-03:00,0881805-37.2026.8.14.0301,PROCEDIMENTO DO JUIZADO ESPECIAL DA FAZENDA PÚBLICA,GERMANA SERRA DE FREITAS BARROS
CÍVEL,BELÉM,2ª DEFENSORIA PUBLICA DE FAZENDA PUBLICA,2026-08-24 13:05:09.614111-03:00,0881806-22.2026.8.14.0301,PROCEDIMENTO DO JUIZADO ESPECIAL DA FAZENDA PÚBLICA,GERMANA SERRA DE FREITAS BARROS
CÍVEL,BELÉM,2ª DEFENSORIA PUBLICA DE FAZENDA PUBLICA,2026-08-25 09:17:34.657754-03:00,0882117-13.2026.8.14.0301,PROCEDIMENTO DO JUIZADO ESPECIAL DA FAZENDA PÚBLICA,GERMANA SERRA DE FREITAS BARROS
CÍVEL,BELÉM,2ª DEFENSORIA PUBLICA DE FAZENDA PUBLICA,2026-08-25 11:29:07.894858-03:00,0882221-05.2026.8.14.0301,PROCEDIMENTO DO JUIZADO ESPECIAL DA FAZENDA PÚBLICA,GERMANA SERRA DE FREITAS BARROS
CÍVEL,BELÉM,2ª DEFENSORIA PUBLICA DE FAZENDA PUBLICA,2026-08-25 11:50:47.775654-03:00,0882246-18.2026.8.14.0301,PROCEDIMENTO DO JUIZADO ESPECIAL DA FAZENDA PÚBLICA,GERMANA SERRA DE FREITAS BARROS
CÍVEL,BELÉM,2ª DEFENSORIA PUBLICA DE FAZENDA PUBLICA,2026-08-25 13:40:41.581022-03:00,0882348-40.2026.8.14.0301,PROCEDIMENTO DO JUIZADO ESPECIAL DA FAZENDA PÚBLICA,GERMANA SERRA DE FREITAS BARROS
CÍVEL,BELÉM,2ª DEFENSORIA PUBLICA DE FAZENDA PUBLICA,2026-08-25 13:57:27.176895-03:00,0882354-47.2026.8.14.0301,PROCEDIMENTO DO JUIZADO ESPECIAL DA FAZENDA PÚBLICA,GERMANA SERRA DE FREITAS BARROS
CÍVEL,BELÉM,2ª DEFENSORIA PUBLICA DE FAZENDA PUBLICA,2026-08-25 14:09:50.466968-03:00,0882363-09.2026.8.14.0301,PROCEDIMENTO DO JUIZADO ESPECIAL DA FAZENDA PÚBLICA,GERMANA SERRA DE FREITAS BARROS
CÍVEL,BELÉM,2ª DEFENSORIA PUBLICA DE FAZENDA PUBLICA,2026-08-26 10:03:44.037097-03:00,0882692-21.2026.8.14.0301,PROCEDIMENTO DO JUIZADO ESPECIAL DA FAZENDA PÚBLICA,GERMANA SERRA DE FREITAS BARROS
CÍVEL,BELÉM,2ª DEFENSORIA PUBLICA DE FAZENDA PUBLICA,2026-08-26 11:21:47.790498-03:00,0882741-62.2026.8.14.0301,PROCEDIMENTO DO JUIZADO ESPECIAL DA FAZENDA PÚBLICA,GERMANA SERRA DE FREITAS BARROS
CÍVEL,BELÉM,2ª DEFENSORIA PUBLICA DE FAZENDA PUBLICA,2026-08-26 12:18:00.238727-03:00,0882811-79.2026.8.14.0301,PROCEDIMENTO DO JUIZADO ESPECIAL DA FAZENDA PÚBLICA,GERMANA SERRA DE FREITAS BARROS
CÍVEL,BELÉM,2ª DEFENSORIA PUBLICA DE FAZENDA PUBLICA,2026-08-27 10:30:31.518200-03:00,0883227-47.2026.8.14.0301,PROCEDIMENTO DO JUIZADO ESPECIAL DA FAZENDA PÚBLICA,GERMANA SERRA DE FREITAS BARROS
CÍVEL,BELÉM,2ª DEFENSORIA PUBLICA DE FAZENDA PUBLICA,2026-08-28 10:06:11.085220-03:00,0884011-24.2026.8.14.0301,PROCEDIMENTO DO JUIZADO ESPECIAL DA FAZENDA PÚBLICA,GERMANA SERRA DE FREITAS BARROS
CÍVEL,BELÉM,2ª DEFENSORIA PUBLICA DE FAZENDA PUBLICA,2026-08-28 10:41:37.394319-03:00,0884010-39.2026.8.14.0301,PROCEDIMENTO DO JUIZADO ESPECIAL DA FAZENDA PÚBLICA,GERMANA SERRA DE FREITAS BARROS
CÍVEL,BELÉM,2ª DEFENSORIA PUBLICA DE FAZENDA PUBLICA,2026-08-28 11:23:35.450148-03:00,0884017-31.2026.8.14.0301,PROCEDIMENTO DO JUIZADO ESPECIAL DA FAZENDA PÚBLICA,GERMANA SERRA DE FREITAS BARROS
CÍVEL,BELÉM,2ª DEFENSORIA PUBLICA DE FAZENDA PUBLICA,2026-09-01 10:36:37.283582-03:00,0884940-57.2026.8.14.0301,PROCEDIMENTO DO JUIZADO ESPECIAL DA FAZENDA PÚBLICA,GERMANA SERRA DE FREITAS BARROS
CÍVEL,BELÉM,2ª DEFENSORIA PUBLICA DE FAZENDA PUBLICA,2026-09-01 12:10:36.845534-03:00,0885047-04.2026.8.14.0301,PROCEDIMENTO DO JUIZADO ESPECIAL DA FAZENDA PÚBLICA,GERMANA SERRA DE FREITAS BARROS
CÍVEL,BELÉM,2ª DEFENSORIA PUBLICA DE FAZENDA PUBLICA,2026-09-01 12:43:44.922509-03:00,0885105-07.2026.8.14.0301,PROCEDIMENTO DO JUIZADO ESPECIAL DA FAZENDA PÚBLICA,GERMANA SERRA DE FREITAS BARROS
CÍVEL,BELÉM,2ª DEFENSORIA PUBLICA DE FAZENDA PUBLICA,2026-09-02 11:58:41.406192-03:00,0885522-57.2026.8.14.0301,PROCEDIMENTO DO JUIZADO ESPECIAL DA FAZENDA PÚBLICA,GERMANA SERRA DE FREITAS BARROS
CÍVEL,BELÉM,2ª DEFENSORIA PUBLICA DE FAZENDA PUBLICA,2026-09-03 12:43:35.312322-03:00,0886058-68.2026.8.14.0301,PROCEDIMENTO DO JUIZADO ESPECIAL DA FAZENDA PÚBLICA,GERMANA SERRA DE FREITAS BARROS
CÍVEL,BELÉM,2ª DEFENSORIA PUBLICA DE FAZENDA PUBLICA,2026-09-08 10:50:16.485598-03:00,0887102-25.2026.8.14.0301,PROCEDIMENTO DO JUIZADO ESPECIAL DA FAZENDA PÚBLICA,GERMANA SERRA DE FREITAS BARROS
CÍVEL,BELÉM,2ª DEFENSORIA PUBLICA DE FAZENDA PUBLICA,2026-09-08 10:58:51.977944-03:00,0887103-10.2026.8.14.0301,PROCEDIMENTO DO JUIZADO ESPECIAL DA FAZENDA PÚBLICA,GERMANA SERRA DE FREITAS BARROS
CÍVEL,BELÉM,2ª DEFENSORIA PUBLICA DE FAZENDA PUBLICA,2026-09-08 11:03:54.571428-03:00,0887101-40.2026.8.14.0301,PROCEDIMENTO DO JUIZADO ESPECIAL DA FAZENDA PÚBLICA,GERMANA SERRA DE FREITAS BARROS
CÍVEL,BELÉM,2ª DEFENSORIA PUBLICA DE FAZENDA PUBLICA,2026-09-08 11:25:11.839301-03:00,0887108-32.2026.8.14.0301,PROCEDIMENTO DO JUIZADO ESPECIAL DA FAZENDA PÚBLICA,GERMANA SERRA DE FREITAS BARROS
CÍVEL,BELÉM,2ª DEFENSORIA PUBLICA DE FAZENDA PUBLICA,2026-09-08 11:47:01.533216-03:00,0887149-96.2026.8.14.0301,PROCEDIMENTO DO JUIZADO ESPECIAL DA FAZENDA PÚBLICA,GERMANA SERRA DE FREITAS BARROS
CÍVEL,BELÉM,2ª DEFENSORIA PUBLICA DE FAZENDA PUBLICA,2026-09-08 12:28:52.225847-03:00,0887150-81.2026.8.14.0301,PROCEDIMENTO DO JUIZADO ESPECIAL DA FAZENDA PÚBLICA,GERMANA SERRA DE FREITAS BARROS
CÍVEL,BELÉM,2ª DEFENSORIA PUBLICA DE FAZENDA PUBLICA,2026-09-08 12:43:13.721287-03:00,0887156-88.2026.8.14.0301,PROCEDIMENTO DO JUIZADO ESPECIAL DA FAZENDA PÚBLICA,GERMANA SERRA DE FREITAS BARROS
CÍVEL,BELÉM,2ª DEFENSORIA PUBLICA DE FAZENDA PUBLICA,2026-09-08 12:51:18.854935-03:00,0887148-14.2026.8.14.0301,PROCEDIMENTO DO JUIZADO ESPECIAL DA FAZENDA PÚBLICA,GERMANA SERRA DE FREITAS BARROS
CÍVEL,BELÉM,2ª DEFENSORIA PUBLICA DE FAZENDA PUBLICA,2026-09-08 12:59:47.158848-03:00,0887160-28.2026.8.14.0301,PROCEDIMENTO DO JUIZADO ESPECIAL DA FAZENDA PÚBLICA,GERMANA SERRA DE FREITAS BARROS
CÍVEL,BELÉM,2ª DEFENSORIA PUBLICA DE FAZENDA PUBLICA,2026-09-08 13:30:00.767704-03:00,0887260-80.2026.8.14.0301,PROCEDIMENTO DO JUIZADO ESPECIAL DA FAZENDA PÚBLICA,GERMANA SERRA DE FREITAS BARROS
CÍVEL,BELÉM,2ª DEFENSORIA PUBLICA DE FAZENDA PUBLICA,2026-09-08 15:26:12.536536-03:00,0887325-75.2026.8.14.0301,PROCEDIMENTO DO JUIZADO ESPECIAL DA FAZENDA PÚBLICA,GERMANA SERRA DE FREITAS BARROS
CÍVEL,BELÉM,2ª DEFENSORIA PUBLICA DE FAZENDA PUBLICA,2026-09-09 10:38:03.702775-03:00,0887581-18.2026.8.14.0301,PROCEDIMENTO DO JUIZADO ESPECIAL DA FAZENDA PÚBLICA,GERMANA SERRA DE FREITAS BARROS
CÍVEL,BELÉM,2ª DEFENSORIA PUBLICA DE FAZENDA PUBLICA,2026-09-09 11:41:40.539767-03:00,0887640-06.2026.8.14.0301,PROCEDIMENTO DO JUIZADO ESPECIAL DA FAZENDA PÚBLICA,GERMANA SERRA DE FREITAS BARROS
CÍVEL,BELÉM,2ª DEFENSORIA PUBLICA DE FAZENDA PUBLICA,2026-09-09 11:53:56.123853-03:00,0887646-13.2026.8.14.0301,PROCEDIMENTO DO JUIZADO ESPECIAL DA FAZENDA PÚBLICA,GERMANA SERRA DE FREITAS BARROS
CÍVEL,BELÉM,2ª DEFENSORIA PUBLICA DE FAZENDA PUBLICA,2026-09-10 10:24:48.771942-03:00,0888022-96.2026.8.14.0301,PROCEDIMENTO DO JUIZADO ESPECIAL DA FAZENDA PÚBLICA,GERMANA SERRA DE FREITAS BARROS
CÍVEL,BELÉM,2ª DEFENSORIA PUBLICA DE FAZENDA PUBLICA,2026-09-10 11:27:37.712815-03:00,0888058-41.2026.8.14.0301,PROCEDIMENTO DO JUIZADO ESPECIAL DA FAZENDA PÚBLICA,GERMANA SERRA DE FREITAS BARROS
CÍVEL,BELÉM,2ª DEFENSORIA PUBLICA DE FAZENDA PUBLICA,2026-09-10 11:55:21.141194-03:00,0888087-91.2026.8.14.0301,PROCEDIMENTO DO JUIZADO ESPECIAL DA FAZENDA PÚBLICA,GERMANA SERRA DE FREITAS BARROS
CÍVEL,BELÉM,2ª DEFENSORIA PUBLICA DE FAZENDA PUBLICA,2026-09-10 13:47:31.891780-03:00,0888155-41.2026.8.14.0301,PROCEDIMENTO DO JUIZADO ESPECIAL DA FAZENDA PÚBLICA,GERMANA SERRA DE FREITAS BARROS
CÍVEL,BELÉM,2ª DEFENSORIA PUBLICA DE FAZENDA PUBLICA,2026-09-11 09:19:57.172523-03:00,0888446-41.2026.8.14.0301,PROCEDIMENTO DO JUIZADO ESPECIAL DA FAZENDA PÚBLICA,GERMANA SERRA DE FREITAS BARROS
CÍVEL,BELÉM,2ª DEFENSORIA PUBLICA DE FAZENDA PUBLICA,2026-09-11 09:23:36.348655-03:00,0888445-56.2026.8.14.0301,PROCEDIMENTO DO JUIZADO ESPECIAL DA FAZENDA PÚBLICA,GERMANA SERRA DE FREITAS BARROS
CÍVEL,BELÉM,2ª DEFENSORIA PUBLICA DE FAZENDA PUBLICA,2026-09-11 10:06:43.541823-03:00,0888470-69.2026.8.14.0301,PROCEDIMENTO DO JUIZADO ESPECIAL DA FAZENDA PÚBLICA,GERMANA SERRA DE FREITAS BARROS
CÍVEL,BELÉM,2ª DEFENSORIA PUBLICA DE FAZENDA PUBLICA,2026-09-11 12:20:48.102172-03:00,0888582-38.2026.8.14.0301,PROCEDIMENTO DO JUIZADO ESPECIAL DA FAZENDA PÚBLICA,GERMANA SERRA DE FREITAS BARROS
CÍVEL,BELÉM,2ª DEFENSORIA PUBLICA DE FAZENDA PUBLICA,2026-09-11 12:25:54.388727-03:00,0888583-23.2026.8.14.0301,PROCEDIMENTO DO JUIZADO ESPECIAL DA FAZENDA PÚBLICA,GERMANA SERRA DE FREITAS BARROS
CÍVEL,BELÉM,2ª DEFENSORIA PUBLICA DE FAZENDA PUBLICA,2026-09-11 14:36:23.275438-03:00,0888650-85.2026.8.14.0301,PROCEDIMENTO DO JUIZADO ESPECIAL DA FAZENDA PÚBLICA,GERMANA SERRA DE FREITAS BARROS
CÍVEL,BELÉM,2ª DEFENSORIA PUBLICA DE FAZENDA PUBLICA,2026-09-21 09:49:29.143653-03:00,0891520-06.2026.8.14.0301,PROCEDIMENTO DO JUIZADO ESPECIAL DA FAZENDA PÚBLICA,GERMANA SERRA DE FREITAS BARROS
CÍVEL,BELÉM,2ª DEFENSORIA PUBLICA DE FAZENDA PUBLICA,2026-09-21 10:29:05.251487-03:00,0891531-35.2026.8.14.0301,PROCEDIMENTO DO JUIZADO ESPECIAL DA FAZENDA PÚBLICA,GERMANA SERRA DE FREITAS BARROS
CÍVEL,BELÉM,2ª DEFENSORIA PUBLICA DE FAZENDA PUBLICA,2026-09-21 10:38:53.542206-03:00,0891544-34.2026.8.14.0301,PROCEDIMENTO DO JUIZADO ESPECIAL DA FAZENDA PÚBLICA,GERMANA SERRA DE FREITAS BARROS
CÍVEL,BELÉM,2ª DEFENSORIA PUBLICA DE FAZENDA PUBLICA,2026-09-21 10:52:29.919891-03:00,0891555-63.2026.8.14.0301,PROCEDIMENTO DO JUIZADO ESPECIAL DA FAZENDA PÚBLICA,GERMANA SERRA DE FREITAS BARROS
CÍVEL,BELÉM,2ª DEFENSORIA PUBLICA DE FAZENDA PUBLICA,2026-09-21 11:05:55.867376-03:00,0891564-25.2026.8.14.0301,PROCEDIMENTO DO JUIZADO ESPECIAL DA FAZENDA PÚBLICA,GERMANA SERRA DE FREITAS BARROS
CÍVEL,BELÉM,2ª DEFENSORIA PUBLICA DE FAZENDA PUBLICA,2026-09-21 12:28:49.525860-03:00,0891625-80.2026.8.14.0301,PROCEDIMENTO DO JUIZADO ESPECIAL DA FAZENDA PÚBLICA,GERMANA SERRA DE FREITAS BARROS
CÍVEL,BELÉM,2ª DEFENSORIA PUBLICA DE FAZENDA PUBLICA,2026-09-21 12:36:14.414914-03:00,0891667-32.2026.8.14.0301,PROCEDIMENTO DO JUIZADO ESPECIAL DA FAZENDA PÚBLICA,GERMANA SERRA DE FREITAS BARROS
CÍVEL,BELÉM,2ª DEFENSORIA PUBLICA DE FAZENDA PUBLICA,2026-09-22 09:38:00.777973-03:00,0891938-41.2026.8.14.0301,PROCEDIMENTO DO JUIZADO ESPECIAL DA FAZENDA PÚBLICA,GERMANA SERRA DE FREITAS BARROS
CÍVEL,BELÉM,2ª DEFENSORIA PUBLICA DE FAZENDA PUBLICA,2026-09-22 10:10:05.537846-03:00,0891956-62.2026.8.14.0301,PROCEDIMENTO DO JUIZADO ESPECIAL DA FAZENDA PÚBLICA,GERMANA SERRA DE FREITAS BARROS
CÍVEL,BELÉM,2ª DEFENSORIA PUBLICA DE FAZENDA PUBLICA,2026-09-22 10:50:22.656788-03:00,0891996-44.2026.8.14.0301,PROCEDIMENTO DO JUIZADO ESPECIAL DA FAZENDA PÚBLICA,GERMANA SERRA DE FREITAS BARROS
CÍVEL,BELÉM,2ª DEFENSORIA PUBLICA DE FAZENDA PUBLICA,2026-09-22 12:22:33.585795-03:00,0892044-03.2026.8.14.0301,PROCEDIMENTO DO JUIZADO ESPECIAL DA FAZENDA PÚBLICA,GERMANA SERRA DE FREITAS BARROS
CÍVEL,BELÉM,2ª DEFENSORIA PUBLICA DE FAZENDA PUBLICA,2026-09-22 14:44:54.452290-03:00,0892178-30.2026.8.14.0301,PROCEDIMENTO DO JUIZADO ESPECIAL DA FAZENDA PÚBLICA,GERMANA SERRA DE FREITAS BARROS
CÍVEL,BELÉM,2ª DEFENSORIA PUBLICA DE FAZENDA PUBLICA,2026-09-23 09:34:58.640080-03:00,0892509-12.2026.8.14.0301,PROCEDIMENTO DO JUIZADO ESPECIAL DA FAZENDA PÚBLICA,GERMANA SERRA DE FREITAS BARROS
CÍVEL,BELÉM,2ª DEFENSORIA PUBLICA DE FAZENDA PUBLICA,2026-09-23 10:04:14.051911-03:00,0892606-12.2026.8.14.0301,PROCEDIMENTO DO JUIZADO ESPECIAL DA FAZENDA PÚBLICA,GERMANA SERRA DE FREITAS BARROS
CÍVEL,BELÉM,2ª DEFENSORIA PUBLICA DE FAZENDA PUBLICA,2026-09-23 11:11:07.764927-03:00,0892616-56.2026.8.14.0301,PROCEDIMENTO DO JUIZADO ESPECIAL DA FAZENDA PÚBLICA,GERMANA SERRA DE FREITAS BARROS
CÍVEL,BELÉM,2ª DEFENSORIA PUBLICA DE FAZENDA PUBLICA,2026-09-23 13:16:42.790872-03:00,0892632-10.2026.8.14.0301,PROCEDIMENTO DO JUIZADO ESPECIAL DA FAZENDA PÚBLICA,GERMANA SERRA DE FREITAS BARROS
CÍVEL,BELÉM,2ª DEFENSORIA PÚBLICA DE PROTEÇÃO DA INFÂNCIA E DA JUVENTUDE DA CAPITAL,2026-01-08 01:08:09.761281-03:00,0800746-27.2026.8.14.0301,TUTELA INFÂNCIA E JUVENTUDE (1396),MARUCIA CONDE MAUÉS LINS
CÍVEL,BELÉM,2ª DEFENSORIA PÚBLICA DE PROTEÇÃO DA INFÂNCIA E DA JUVENTUDE DA CAPITAL,2026-01-28 14:20:27.422113-03:00,0806384-41.2026.8.14.0301,PETIÇÃO INFÂNCIA E JUVENTUDE CÍVEL (11026),MARUCIA CONDE MAUÉS LINS
CÍVEL,BELÉM,2ª DEFENSORIA PÚBLICA DE PROTEÇÃO DA INFÂNCIA E DA JUVENTUDE DA CAPITAL,2026-03-05 10:31:16.147674-03:00,0826424-44.2026.8.14.0301,GUARDA DE INFÂNCIA E JUVENTUDE (1420),MARUCIA CONDE MAUÉS LINS
CÍVEL,BELÉM,2ª DEFENSORIA PÚBLICA DE PROTEÇÃO DA INFÂNCIA E DA JUVENTUDE DA CAPITAL,2026-03-10 14:03:54.079702-03:00,0827822-26.2026.8.14.0301,PROCEDIMENTO COMUM INFÂNCIA E JUVENTUDE (1706),MARUCIA CONDE MAUÉS LINS
CÍVEL,BELÉM,2ª DEFENSORIA PÚBLICA DE PROTEÇÃO DA INFÂNCIA E DA JUVENTUDE DA CAPITAL,2026-03-12 10:45:46.799544-03:00,0828825-16.2026.8.14.0301,GUARDA DE INFÂNCIA E JUVENTUDE (1420),MARUCIA CONDE MAUÉS LINS
CÍVEL,BELÉM,2ª DEFENSORIA PÚBLICA DE PROTEÇÃO DA INFÂNCIA E DA JUVENTUDE DA CAPITAL,2026-03-17 21:23:19.406529-03:00,0830458-62.2026.8.14.0301,PROCEDIMENTO COMUM INFÂNCIA E JUVENTUDE (1706),MARUCIA CONDE MAUÉS LINS
CÍVEL,BELÉM,2ª DEFENSORIA PÚBLICA DE PROTEÇÃO DA INFÂNCIA E DA JUVENTUDE DA CAPITAL,2026-03-26 14:37:45.620980-03:00,0833237-87.2026.8.14.0301,PROCEDIMENTO COMUM INFÂNCIA E JUVENTUDE (1706),MARUCIA CONDE MAUÉS LINS
CÍVEL,BELÉM,2ª DEFENSORIA PÚBLICA DE PROTEÇÃO DA INFÂNCIA E DA JUVENTUDE DA CAPITAL,2026-03-31 13:06:22.569902-03:00,0834701-49.2026.8.14.0301,AUTORIZAÇÃO JUDICIAL (1703),MARUCIA CONDE MAUÉS LINS
CÍVEL,BELÉM,2ª DEFENSORIA PÚBLICA DE PROTEÇÃO DA INFÂNCIA E DA JUVENTUDE DA CAPITAL,2026-04-01 14:34:22.670154-03:00,0836649-26.2026.8.14.0301,AUTORIZAÇÃO JUDICIAL (1703),MARUCIA CONDE MAUÉS LINS
CÍVEL,BELÉM,2ª DEFENSORIA PÚBLICA DE PROTEÇÃO DA INFÂNCIA E DA JUVENTUDE DA CAPITAL,2026-04-01 15:16:06.759607-03:00,0836069-93.2026.8.14.0301,AUTORIZAÇÃO JUDICIAL (1703),MARUCIA CONDE MAUÉS LINS
CÍVEL,BELÉM,2ª DEFENSORIA PÚBLICA DE PROTEÇÃO DA INFÂNCIA E DA JUVENTUDE DA CAPITAL,2026-04-15 14:08:27.872503-03:00,0842272-71.2026.8.14.0301,PROCEDIMENTO COMUM INFÂNCIA E JUVENTUDE (1706),MARUCIA CONDE MAUÉS LINS
CÍVEL,BELÉM,2ª DEFENSORIA PÚBLICA DE PROTEÇÃO DA INFÂNCIA E DA JUVENTUDE DA CAPITAL,2026-04-16 14:50:34.380581-03:00,0842870-25.2026.8.14.0301,GUARDA DE INFÂNCIA E JUVENTUDE (1420),MARUCIA CONDE MAUÉS LINS
CÍVEL,BELÉM,2ª DEFENSORIA PÚBLICA DE PROTEÇÃO DA INFÂNCIA E DA JUVENTUDE DA CAPITAL,2026-04-28 08:48:01.329170-03:00,0846149-19.2026.8.14.0301,PROCEDIMENTO COMUM INFÂNCIA E JUVENTUDE (1706),MARUCIA CONDE MAUÉS LINS
CÍVEL,BELÉM,2ª DEFENSORIA PÚBLICA DE PROTEÇÃO DA INFÂNCIA E DA JUVENTUDE DA CAPITAL,2026-04-28 17:05:21.470086-03:00,0846613-43.2026.8.14.0301,PROCEDIMENTO COMUM INFÂNCIA E JUVENTUDE (1706),CLIVIA RENATA LOUREIRO CROELHAS
CÍVEL,BELÉM,2ª DEFENSORIA PÚBLICA DE PROTEÇÃO DA INFÂNCIA E DA JUVENTUDE DA CAPITAL,2026-04-30 12:35:31.281018-03:00,0847487-28.2026.8.14.0301,PROCEDIMENTO COMUM INFÂNCIA E JUVENTUDE (1706),CLIVIA RENATA LOUREIRO CROELHAS
CÍVEL,BELÉM,2ª DEFENSORIA PÚBLICA DE PROTEÇÃO DA INFÂNCIA E DA JUVENTUDE DA CAPITAL,2026-05-05 11:50:55.717734-03:00,0848386-26.2026.8.14.0301,GUARDA DE INFÂNCIA E JUVENTUDE (1420),CLIVIA RENATA LOUREIRO CROELHAS
CÍVEL,BELÉM,2ª DEFENSORIA PÚBLICA DE PROTEÇÃO DA INFÂNCIA E DA JUVENTUDE DA CAPITAL,2026-05-05 14:11:54.450283-03:00,0848355-06.2026.8.14.0301,GUARDA DE INFÂNCIA E JUVENTUDE (1420),MARUCIA CONDE MAUÉS LINS
CÍVEL,BELÉM,2ª DEFENSORIA PÚBLICA DE PROTEÇÃO DA INFÂNCIA E DA JUVENTUDE DA CAPITAL,2026-05-06 09:42:02.832205-03:00,0848556-95.2026.8.14.0301,GUARDA DE INFÂNCIA E JUVENTUDE (1420),MARUCIA CONDE MAUÉS LINS
CÍVEL,BELÉM,2ª DEFENSORIA PÚBLICA DE PROTEÇÃO DA INFÂNCIA E DA JUVENTUDE DA CAPITAL,2026-05-07 10:38:07.524415-03:00,0849017-67.2026.8.14.0301,GUARDA DE INFÂNCIA E JUVENTUDE (1420),CLIVIA RENATA LOUREIRO CROELHAS
CÍVEL,BELÉM,2ª DEFENSORIA PÚBLICA DE PROTEÇÃO DA INFÂNCIA E DA JUVENTUDE DA CAPITAL,2026-05-08 15:31:30.690022-03:00,0849504-37.2026.8.14.0301,GUARDA DE INFÂNCIA E JUVENTUDE (1420),MARUCIA CONDE MAUÉS LINS
CÍVEL,BELÉM,2ª DEFENSORIA PÚBLICA DE PROTEÇÃO DA INFÂNCIA E DA JUVENTUDE DA CAPITAL,2026-05-11 08:43:12.397233-03:00,0849730-42.2026.8.14.0301,EXECUÇÃO DE MEDIDA DE PROTEÇÃO À CRIANÇA E ADOLESCENTE (1434),MARUCIA CONDE MAUÉS LINS
CÍVEL,BELÉM,2ª DEFENSORIA PÚBLICA DE PROTEÇÃO DA INFÂNCIA E DA JUVENTUDE DA CAPITAL,2026-05-21 14:06:59.975828-03:00,0853796-65.2026.8.14.0301,PROCEDIMENTO COMUM INFÂNCIA E JUVENTUDE (1706),MARUCIA CONDE MAUÉS LINS
CÍVEL,BELÉM,2ª DEFENSORIA PÚBLICA DE PROTEÇÃO DA INFÂNCIA E DA JUVENTUDE DA CAPITAL,2026-05-21 14:14:28.615062-03:00,0853801-87.2026.8.14.0301,ADOÇÃO FORA DO CADASTRO C/C DESTITUIÇÃO DO PODER FAMILIAR,MARUCIA CONDE MAUÉS LINS
CÍVEL,BELÉM,2ª DEFENSORIA PÚBLICA DE PROTEÇÃO DA INFÂNCIA E DA JUVENTUDE DA CAPITAL,2026-05-28 10:24:57.090857-03:00,0855930-65.2026.8.14.0301,PROCEDIMENTO COMUM INFÂNCIA E JUVENTUDE (1706),MARUCIA CONDE MAUÉS LINS
CÍVEL,BELÉM,2ª DEFENSORIA PÚBLICA DE PROTEÇÃO DA INFÂNCIA E DA JUVENTUDE DA CAPITAL,2026-05-28 12:36:34.911733-03:00,0856040-64.2026.8.14.0301,GUARDA DE INFÂNCIA E JUVENTUDE (1420),MARUCIA CONDE MAUÉS LINS
CÍVEL,BELÉM,2ª DEFENSORIA PÚBLICA DE PROTEÇÃO DA INFÂNCIA E DA JUVENTUDE DA CAPITAL,2026-06-03 12:16:03.547229-03:00,0857910-47.2026.8.14.0301,GUARDA DE INFÂNCIA E JUVENTUDE (1420),MARUCIA CONDE MAUÉS LINS
CÍVEL,BELÉM,2ª DEFENSORIA PÚBLICA DE PROTEÇÃO DA INFÂNCIA E DA JUVENTUDE DA CAPITAL,2026-06-03 13:56:46.236096-03:00,0859014-74.2026.8.14.0301,PROCEDIMENTO COMUM INFÂNCIA E JUVENTUDE (1706),MARUCIA CONDE MAUÉS LINS
CÍVEL,BELÉM,2ª DEFENSORIA PÚBLICA DE PROTEÇÃO DA INFÂNCIA E DA JUVENTUDE DA CAPITAL,2026-06-08 14:59:21.114554-03:00,0858776-55.2026.8.14.0301,PROCEDIMENTO COMUM INFÂNCIA E JUVENTUDE (1706),MARUCIA CONDE MAUÉS LINS
CÍVEL,BELÉM,2ª DEFENSORIA PÚBLICA DE PROTEÇÃO DA INFÂNCIA E DA JUVENTUDE DA CAPITAL,2026-06-09 14:46:22.248685-03:00,0859220-88.2026.8.14.0301,PROCEDIMENTO COMUM INFÂNCIA E JUVENTUDE (1706),MARUCIA CONDE MAUÉS LINS
CÍVEL,BELÉM,2ª DEFENSORIA PÚBLICA DE PROTEÇÃO DA INFÂNCIA E DA JUVENTUDE DA CAPITAL,2026-06-16 14:21:28.070767-03:00,0861386-93.2026.8.14.0301,GUARDA DE INFÂNCIA E JUVENTUDE (1420),MARUCIA CONDE MAUÉS LINS
CÍVEL,BELÉM,2ª DEFENSORIA PÚBLICA DE PROTEÇÃO DA INFÂNCIA E DA JUVENTUDE DA CAPITAL,2026-06-16 14:27:15.795495-03:00,0861388-63.2026.8.14.0301,TUTELA INFÂNCIA E JUVENTUDE (1396),MARUCIA CONDE MAUÉS LINS
CÍVEL,BELÉM,2ª DEFENSORIA PÚBLICA DE PROTEÇÃO DA INFÂNCIA E DA JUVENTUDE DA CAPITAL,2026-06-19 13:35:33.080205-03:00,0862511-96.2026.8.14.0301,PROCEDIMENTO COMUM INFÂNCIA E JUVENTUDE (1706),MARUCIA CONDE MAUÉS LINS
CÍVEL,BELÉM,2ª DEFENSORIA PÚBLICA DE PROTEÇÃO DA INFÂNCIA E DA JUVENTUDE DA CAPITAL,2026-06-19 14:04:56.624927-03:00,0862528-35.2026.8.14.0301,GUARDA DE INFÂNCIA E JUVENTUDE (1420),MARUCIA CONDE MAUÉS LINS
CÍVEL,BELÉM,2ª DEFENSORIA PÚBLICA DE PROTEÇÃO DA INFÂNCIA E DA JUVENTUDE DA CAPITAL,2026-06-19 14:37:40.806847-03:00,0862554-33.2026.8.14.0301,GUARDA DE INFÂNCIA E JUVENTUDE (1420),MARUCIA CONDE MAUÉS LINS
CÍVEL,BELÉM,2ª DEFENSORIA PÚBLICA DE PROTEÇÃO DA INFÂNCIA E DA JUVENTUDE DA CAPITAL,2026-06-25 13:48:47.554689-03:00,0864330-68.2026.8.14.0301,PROCEDIMENTO COMUM INFÂNCIA E JUVENTUDE (1706),MARUCIA CONDE MAUÉS LINS
CÍVEL,BELÉM,2ª DEFENSORIA PÚBLICA DE PROTEÇÃO DA INFÂNCIA E DA JUVENTUDE DA CAPITAL,2026-06-26 12:20:51.260427-03:00,0864708-24.2026.8.14.0301,PROCEDIMENTO COMUM INFÂNCIA E JUVENTUDE (1706),MARUCIA CONDE MAUÉS LINS
CÍVEL,BELÉM,2ª DEFENSORIA PÚBLICA DE PROTEÇÃO DA INFÂNCIA E DA JUVENTUDE DA CAPITAL,2026-06-26 13:01:08.041066-03:00,0864750-73.2026.8.14.0301,GUARDA DE INFÂNCIA E JUVENTUDE (1420),MARUCIA CONDE MAUÉS LINS
CÍVEL,BELÉM,2ª DEFENSORIA PÚBLICA DE PROTEÇÃO DA INFÂNCIA E DA JUVENTUDE DA CAPITAL,2026-06-26 13:03:48.216307-03:00,0864746-36.2026.8.14.0301,PROCEDIMENTO COMUM INFÂNCIA E JUVENTUDE (1706),MARUCIA CONDE MAUÉS LINS
CÍVEL,BELÉM,2ª DEFENSORIA PÚBLICA DE PROTEÇÃO DA INFÂNCIA E DA JUVENTUDE DA CAPITAL,2026-06-30 08:32:11.866684-03:00,0865405-45.2026.8.14.0301,PROCEDIMENTO COMUM INFÂNCIA E JUVENTUDE (1706),MARUCIA CONDE MAUÉS LINS
CÍVEL,BELÉM,2ª DEFENSORIA PÚBLICA DE PROTEÇÃO DA INFÂNCIA E DA JUVENTUDE DA CAPITAL,2026-06-30 08:45:17.679784-03:00,0865407-15.2026.8.14.0301,GUARDA DE INFÂNCIA E JUVENTUDE (1420),MARUCIA CONDE MAUÉS LINS
CÍVEL,BELÉM,2ª DEFENSORIA PÚBLICA DE PROTEÇÃO DA INFÂNCIA E DA JUVENTUDE DA CAPITAL,2026-07-01 12:31:55.706383-03:00,0866109-58.2026.8.14.0301,GUARDA DE INFÂNCIA E JUVENTUDE (1420),CLIVIA RENATA LOUREIRO CROELHAS
CÍVEL,BELÉM,2ª DEFENSORIA PÚBLICA DE PROTEÇÃO DA INFÂNCIA E DA JUVENTUDE DA CAPITAL,2026-07-10 10:19:42.737722-03:00,0869074-09.2026.8.14.0301,PROCEDIMENTO COMUM INFÂNCIA E JUVENTUDE (1706),CLIVIA RENATA LOUREIRO CROELHAS
CÍVEL,BELÉM,2ª DEFENSORIA PÚBLICA DE PROTEÇÃO DA INFÂNCIA E DA JUVENTUDE DA CAPITAL,2026-07-22 11:25:37.528464-03:00,0872000-60.2026.8.14.0301,TUTELA INFÂNCIA E JUVENTUDE (1396),CLIVIA RENATA LOUREIRO CROELHAS
CÍVEL,BELÉM,2ª DEFENSORIA PÚBLICA DE PROTEÇÃO DA INFÂNCIA E DA JUVENTUDE DA CAPITAL,2026-07-22 12:40:30.277444-03:00,0872307-14.2026.8.14.0301,GUARDA DE INFÂNCIA E JUVENTUDE (1420),CLIVIA RENATA LOUREIRO CROELHAS
CÍVEL,BELÉM,2ª DEFENSORIA PÚBLICA DE PROTEÇÃO DA INFÂNCIA E DA JUVENTUDE DA CAPITAL,2026-07-22 14:17:38.868554-03:00,0872301-07.2026.8.14.0301,GUARDA DE INFÂNCIA E JUVENTUDE (1420),CLIVIA RENATA LOUREIRO CROELHAS
CÍVEL,BELÉM,2ª DEFENSORIA PÚBLICA DE PROTEÇÃO DA INFÂNCIA E DA JUVENTUDE DA CAPITAL,2026-07-23 11:15:43.194103-03:00,0872342-71.2026.8.14.0301,AUTORIZAÇÃO JUDICIAL (1703),CLIVIA RENATA LOUREIRO CROELHAS
CÍVEL,BELÉM,2ª DEFENSORIA PÚBLICA DE PROTEÇÃO DA INFÂNCIA E DA JUVENTUDE DA CAPITAL,2026-07-27 11:55:37.052079-03:00,0873146-39.2026.8.14.0301,ADOÇÃO PELO CADASTRO,CLIVIA RENATA LOUREIRO CROELHAS
CÍVEL,BELÉM,2ª DEFENSORIA PÚBLICA DE PROTEÇÃO DA INFÂNCIA E DA JUVENTUDE DA CAPITAL,2026-07-31 11:41:47.950478-03:00,0874824-89.2026.8.14.0301,BUSCA E APREENSÃO INFÂNCIA E JUVENTUDE (1438),CLIVIA RENATA LOUREIRO CROELHAS
CÍVEL,BELÉM,2ª DEFENSORIA PÚBLICA DE PROTEÇÃO DA INFÂNCIA E DA JUVENTUDE DA CAPITAL,2026-08-14 15:16:23.855781-03:00,0878872-91.2026.8.14.0301,PROCEDIMENTO COMUM INFÂNCIA E JUVENTUDE (1706),MARUCIA CONDE MAUÉS LINS
CÍVEL,BELÉM,2ª DEFENSORIA PÚBLICA DE PROTEÇÃO DA INFÂNCIA E DA JUVENTUDE DA CAPITAL,2026-08-14 15:23:17.762481-03:00,0878874-61.2026.8.14.0301,PROCEDIMENTO COMUM INFÂNCIA E JUVENTUDE (1706),MARUCIA CONDE MAUÉS LINS
CÍVEL,BELÉM,2ª DEFENSORIA PÚBLICA DE PROTEÇÃO DA INFÂNCIA E DA JUVENTUDE DA CAPITAL,2026-08-19 14:49:00.111163-03:00,0880365-06.2026.8.14.0301,PROCEDIMENTO COMUM INFÂNCIA E JUVENTUDE (1706),MARUCIA CONDE MAUÉS LINS
CÍVEL,BELÉM,2ª DEFENSORIA PÚBLICA DE PROTEÇÃO DA INFÂNCIA E DA JUVENTUDE DA CAPITAL,2026-08-31 13:58:37.828398-03:00,0884601-98.2026.8.14.0301,PROCEDIMENTO COMUM INFÂNCIA E JUVENTUDE (1706),MARUCIA CONDE MAUÉS LINS
CÍVEL,BELÉM,2ª DEFENSORIA PÚBLICA DE PROTEÇÃO DA INFÂNCIA E DA JUVENTUDE DA CAPITAL,2026-09-02 14:37:27.028328-03:00,0885704-43.2026.8.14.0301,PROCEDIMENTO COMUM INFÂNCIA E JUVENTUDE (1706),MARUCIA CONDE MAUÉS LINS
CÍVEL,BELÉM,2ª DEFENSORIA PÚBLICA DE PROTEÇÃO DA INFÂNCIA E DA JUVENTUDE DA CAPITAL,2026-09-08 15:04:43.764261-03:00,0887263-35.2026.8.14.0301,PROCEDIMENTO COMUM INFÂNCIA E JUVENTUDE (1706),MARUCIA CONDE MAUÉS LINS
CÍVEL,BELÉM,2ª DEFENSORIA PÚBLICA DE PROTEÇÃO DA INFÂNCIA E DA JUVENTUDE DA CAPITAL,2026-09-15 10:00:11.477173-03:00,0889405-12.2026.8.14.0301,GUARDA DE INFÂNCIA E JUVENTUDE (1420),MARUCIA CONDE MAUÉS LINS
CÍVEL,BELÉM,2ª DEFENSORIA PÚBLICA DE PROTEÇÃO DA INFÂNCIA E DA JUVENTUDE DA CAPITAL,2026-09-15 10:42:47.130941-03:00,0889433-77.2026.8.14.0301,PROCEDIMENTO COMUM INFÂNCIA E JUVENTUDE (1706),MARUCIA CONDE MAUÉS LINS
CÍVEL,BELÉM,2ª DEFENSORIA PÚBLICA DE PROTEÇÃO DA INFÂNCIA E DA JUVENTUDE DA CAPITAL,2026-09-15 11:08:16.566179-03:00,0889458-90.2026.8.14.0301,PROCEDIMENTO COMUM INFÂNCIA E JUVENTUDE (1706),MARUCIA CONDE MAUÉS LINS
CÍVEL,BELÉM,2ª DEFENSORIA PUBLICA DOS JUIZADOS ESPECIAIS CIVEIS,2026-01-04 13:42:31.830707-03:00,0800140-96.2026.8.14.0301,PROCEDIMENTO DO JUIZADO ESPECIAL CÍVEL (436),DYEGO AZEVEDO MAIA
CÍVEL,BELÉM,2ª DEFENSORIA PUBLICA DOS JUIZADOS ESPECIAIS CIVEIS,2026-01-05 14:22:34.005080-03:00,0800137-44.2026.8.14.0301,REINTEGRAÇÃO / MANUTENÇÃO DE POSSE (1707),DYEGO AZEVEDO MAIA
CÍVEL,BELÉM,2ª DEFENSORIA PUBLICA DOS JUIZADOS ESPECIAIS CIVEIS,2026-03-09 12:03:44.555605-03:00,0827265-39.2026.8.14.0301,PROCEDIMENTO DO JUIZADO ESPECIAL CÍVEL (436),DYEGO AZEVEDO MAIA
CÍVEL,BELÉM,2ª DEFENSORIA PUBLICA DOS JUIZADOS ESPECIAIS CIVEIS,2026-04-07 21:45:57.825207-03:00,0839389-54.2026.8.14.0301,PROCEDIMENTO DO JUIZADO ESPECIAL CÍVEL (436),DYEGO AZEVEDO MAIA
CÍVEL,BELÉM,2ª DEFENSORIA PUBLICA DOS JUIZADOS ESPECIAIS CIVEIS,2026-06-20 16:46:49.944844-03:00,0862739-71.2026.8.14.0301,PROCEDIMENTO DO JUIZADO ESPECIAL CÍVEL (436),DYEGO AZEVEDO MAIA
CÍVEL,BELÉM,2ª DEFENSORIA PUBLICA DOS JUIZADOS ESPECIAIS CIVEIS,2026-06-20 18:34:47.465646-03:00,0862751-85.2026.8.14.0301,PROCEDIMENTO DO JUIZADO ESPECIAL CÍVEL (436),DYEGO AZEVEDO MAIA
CÍVEL,BELÉM,2ª DEFENSORIA PUBLICA DOS JUIZADOS ESPECIAIS CIVEIS,2026-06-21 11:10:06.409493-03:00,0862796-89.2026.8.14.0301,PROCEDIMENTO DO JUIZADO ESPECIAL CÍVEL (436),DYEGO AZEVEDO MAIA
CÍVEL,BELÉM,2ª DEFENSORIA PUBLICA DOS JUIZADOS ESPECIAIS CIVEIS,2026-06-28 18:43:14.109142-03:00,0865109-23.2026.8.14.0301,PROCEDIMENTO DO JUIZADO ESPECIAL CÍVEL (436),DYEGO AZEVEDO MAIA
CÍVEL,BELÉM,2ª DEFENSORIA PUBLICA DOS JUIZADOS ESPECIAIS CIVEIS,2026-09-10 20:35:10.774558-03:00,0888370-17.2026.8.14.0301,PROCEDIMENTO DO JUIZADO ESPECIAL CÍVEL (436),DYEGO AZEVEDO MAIA
CÍVEL,BELÉM,3ª DEFENSORIA DE DEFESA DO CONSUMIDOR,2026-01-13 09:44:33.576476-03:00,0802042-84.2026.8.14.0301,PROCEDIMENTO COMUM CÍVEL (7),CASSIO BITAR VASCONCELOS
CÍVEL,BELÉM,3ª DEFENSORIA DE DEFESA DO CONSUMIDOR,2026-01-14 12:02:44.049690-03:00,0802585-87.2026.8.14.0301,PROCEDIMENTO COMUM CÍVEL (7),CASSIO BITAR VASCONCELOS
CÍVEL,BELÉM,3ª DEFENSORIA DE DEFESA DO CONSUMIDOR,2026-01-16 08:15:17.070720-03:00,0806203-40.2026.8.14.0301,PROCEDIMENTO COMUM CÍVEL (7),CASSIO BITAR VASCONCELOS
CÍVEL,BELÉM,3ª DEFENSORIA DE DEFESA DO CONSUMIDOR,2026-01-21 09:16:54.015020-03:00,0805615-33.2026.8.14.0301,PROCEDIMENTO COMUM CÍVEL (7),CASSIO BITAR VASCONCELOS
CÍVEL,BELÉM,3ª DEFENSORIA DE DEFESA DO CONSUMIDOR,2026-01-28 12:14:53.236832-03:00,0806373-12.2026.8.14.0301,PROCEDIMENTO COMUM CÍVEL (7),CASSIO BITAR VASCONCELOS
CÍVEL,BELÉM,3ª DEFENSORIA DE DEFESA DO CONSUMIDOR,2026-02-05 10:36:05.189017-03:00,0815963-13.2026.8.14.0301,PROCEDIMENTO COMUM CÍVEL (7),CASSIO BITAR VASCONCELOS
CÍVEL,BELÉM,3ª DEFENSORIA DE DEFESA DO CONSUMIDOR,2026-02-09 11:18:18.594560-03:00,0819116-54.2026.8.14.0301,PROCEDIMENTO COMUM CÍVEL (7),CASSIO BITAR VASCONCELOS
CÍVEL,BELÉM,3ª DEFENSORIA DE DEFESA DO CONSUMIDOR,2026-02-10 10:54:10.887693-03:00,0819662-12.2026.8.14.0301,PROCEDIMENTO COMUM CÍVEL (7),CASSIO BITAR VASCONCELOS
CÍVEL,BELÉM,3ª DEFENSORIA DE DEFESA DO CONSUMIDOR,2026-02-12 13:02:26.880995-03:00,0821002-88.2026.8.14.0301,PROCEDIMENTO COMUM CÍVEL (7),CASSIO BITAR VASCONCELOS
CÍVEL,BELÉM,3ª DEFENSORIA DE DEFESA DO CONSUMIDOR,2026-03-06 10:57:55.414780-03:00,0827338-11.2026.8.14.0301,PROCEDIMENTO COMUM CÍVEL (7),CASSIO BITAR VASCONCELOS
CÍVEL,BELÉM,3ª DEFENSORIA DE DEFESA DO CONSUMIDOR,2026-03-06 14:34:22.333720-03:00,0826920-73.2026.8.14.0301,PROCEDIMENTO COMUM CÍVEL (7),CASSIO BITAR VASCONCELOS
CÍVEL,BELÉM,3ª DEFENSORIA DE DEFESA DO CONSUMIDOR,2026-03-13 11:38:57.381436-03:00,0829340-51.2026.8.14.0301,PROCEDIMENTO COMUM CÍVEL (7),CASSIO BITAR VASCONCELOS
CÍVEL,BELÉM,3ª DEFENSORIA DE DEFESA DO CONSUMIDOR,2026-03-13 13:19:05.909421-03:00,0829363-94.2026.8.14.0301,EMBARGOS À EXECUÇÃO (172),CASSIO BITAR VASCONCELOS
CÍVEL,BELÉM,3ª DEFENSORIA DE DEFESA DO CONSUMIDOR,2026-03-13 13:22:45.855173-03:00,0829362-12.2026.8.14.0301,EMBARGOS À EXECUÇÃO (172),CASSIO BITAR VASCONCELOS
CÍVEL,BELÉM,3ª DEFENSORIA DE DEFESA DO CONSUMIDOR,2026-03-16 09:43:58.055581-03:00,0829857-56.2026.8.14.0301,PROCEDIMENTO COMUM CÍVEL (7),CASSIO BITAR VASCONCELOS
CÍVEL,BELÉM,3ª DEFENSORIA DE DEFESA DO CONSUMIDOR,2026-03-16 09:50:40.493007-03:00,0829855-86.2026.8.14.0301,PROCEDIMENTO COMUM CÍVEL (7),CASSIO BITAR VASCONCELOS
CÍVEL,BELÉM,3ª DEFENSORIA DE DEFESA DO CONSUMIDOR,2026-03-20 09:37:10.595148-03:00,0831334-17.2026.8.14.0301,PROCEDIMENTO COMUM CÍVEL (7),CASSIO BITAR VASCONCELOS
CÍVEL,BELÉM,3ª DEFENSORIA DE DEFESA DO CONSUMIDOR,2026-03-30 11:23:56.719597-03:00,0834532-62.2026.8.14.0301,PROCEDIMENTO COMUM CÍVEL (7),CASSIO BITAR VASCONCELOS
CÍVEL,BELÉM,3ª DEFENSORIA DE DEFESA DO CONSUMIDOR,2026-03-30 13:45:23.227003-03:00,0834545-61.2026.8.14.0301,EMBARGOS À EXECUÇÃO (172),CASSIO BITAR VASCONCELOS
CÍVEL,BELÉM,3ª DEFENSORIA DE DEFESA DO CONSUMIDOR,2026-04-01 10:21:12.687412-03:00,0839133-14.2026.8.14.0301,PROCEDIMENTO COMUM CÍVEL (7),CASSIO BITAR VASCONCELOS
CÍVEL,BELÉM,3ª DEFENSORIA DE DEFESA DO CONSUMIDOR,2026-04-08 13:45:26.364675-03:00,0839685-76.2026.8.14.0301,EMBARGOS À EXECUÇÃO (172),CASSIO BITAR VASCONCELOS
CÍVEL,BELÉM,3ª DEFENSORIA DE DEFESA DO CONSUMIDOR,2026-04-10 10:00:40.611068-03:00,0841168-44.2026.8.14.0301,PROCEDIMENTO COMUM CÍVEL (7),CASSIO BITAR VASCONCELOS
CÍVEL,BELÉM,3ª DEFENSORIA DE DEFESA DO CONSUMIDOR,2026-04-28 12:46:36.859376-03:00,0846442-86.2026.8.14.0301,PROCEDIMENTO COMUM CÍVEL (7),CASSIO BITAR VASCONCELOS
CÍVEL,BELÉM,3ª DEFENSORIA DE DEFESA DO CONSUMIDOR,2026-05-06 14:15:52.227260-03:00,0848699-84.2026.8.14.0301,PROCEDIMENTO COMUM CÍVEL (7),CASSIO BITAR VASCONCELOS
CÍVEL,BELÉM,3ª DEFENSORIA DE DEFESA DO CONSUMIDOR,2026-05-07 11:10:42.892113-03:00,0849127-66.2026.8.14.0301,PROCEDIMENTO COMUM CÍVEL (7),CASSIO BITAR VASCONCELOS
CÍVEL,BELÉM,3ª DEFENSORIA DE DEFESA DO CONSUMIDOR,2026-05-07 13:20:52.398584-03:00,0849124-14.2026.8.14.0301,PROCEDIMENTO COMUM CÍVEL (7),CASSIO BITAR VASCONCELOS
CÍVEL,BELÉM,3ª DEFENSORIA DE DEFESA DO CONSUMIDOR,2026-05-13 09:44:17.369072-03:00,0850888-35.2026.8.14.0301,PROCEDIMENTO COMUM CÍVEL (7),CASSIO BITAR VASCONCELOS
CÍVEL,BELÉM,3ª DEFENSORIA DE DEFESA DO CONSUMIDOR,2026-05-15 13:47:51.747891-03:00,0852113-90.2026.8.14.0301,PROCEDIMENTO COMUM CÍVEL (7),CASSIO BITAR VASCONCELOS
CÍVEL,BELÉM,3ª DEFENSORIA DE DEFESA DO CONSUMIDOR,2026-05-18 10:27:18.437295-03:00,0853121-05.2026.8.14.0301,PROCEDIMENTO COMUM CÍVEL (7),CASSIO BITAR VASCONCELOS
CÍVEL,BELÉM,3ª DEFENSORIA DE DEFESA DO CONSUMIDOR,2026-06-15 17:03:16.032229-03:00,0861068-13.2026.8.14.0301,PROCEDIMENTO COMUM CÍVEL (7),PAULA MICHELLY MELO DE BRITO
CÍVEL,BELÉM,3ª DEFENSORIA DE DEFESA DO CONSUMIDOR,2026-06-17 13:58:35.928962-03:00,0861765-34.2026.8.14.0301,PROCEDIMENTO COMUM CÍVEL (7),PAULA MICHELLY MELO DE BRITO
CÍVEL,BELÉM,3ª DEFENSORIA DE DEFESA DO CONSUMIDOR,2026-07-08 21:06:50.119339-03:00,0868378-70.2026.8.14.0301,PROCEDIMENTO COMUM CÍVEL (7),PAULA MICHELLY MELO DE BRITO
CÍVEL,BELÉM,3ª DEFENSORIA DE DEFESA DO CONSUMIDOR,2026-07-13 19:45:00.102650-03:00,0869552-17.2026.8.14.0301,PROCEDIMENTO COMUM CÍVEL (7),PAULA MICHELLY MELO DE BRITO
CÍVEL,BELÉM,3ª DEFENSORIA DE DEFESA DO CONSUMIDOR,2026-07-23 18:22:48.658838-03:00,0872566-09.2026.8.14.0301,PROCEDIMENTO COMUM CÍVEL (7),PAULA MICHELLY MELO DE BRITO
CÍVEL,BELÉM,3ª DEFENSORIA DE DEFESA DO CONSUMIDOR,2026-07-31 15:39:18.470006-03:00,0874809-23.2026.8.14.0301,PROCEDIMENTO COMUM CÍVEL (7),PAULA MICHELLY MELO DE BRITO
CÍVEL,BELÉM,3ª DEFENSORIA DE DEFESA DO CONSUMIDOR,2026-07-31 16:49:57.932759-03:00,0874745-13.2026.8.14.0301,PROCEDIMENTO COMUM CÍVEL (7),PAULA MICHELLY MELO DE BRITO
CÍVEL,BELÉM,3ª DEFENSORIA DE DEFESA DO CONSUMIDOR,2026-07-31 18:16:36.412677-03:00,0874793-69.2026.8.14.0301,PROCEDIMENTO COMUM CÍVEL (7),PAULA MICHELLY MELO DE BRITO
CÍVEL,BELÉM,3ª DEFENSORIA DE DEFESA DO CONSUMIDOR,2026-08-04 12:51:00.091515-03:00,0875431-05.2026.8.14.0301,CUMPRIMENTO DE SENTENÇA (156),PAULA MICHELLY MELO DE BRITO
CÍVEL,BELÉM,3ª DEFENSORIA DE DEFESA DO CONSUMIDOR,2026-08-05 15:12:22.861172-03:00,0875888-37.2026.8.14.0301,PROCEDIMENTO COMUM CÍVEL (7),PAULA MICHELLY MELO DE BRITO
CÍVEL,BELÉM,3ª DEFENSORIA DE DEFESA DO CONSUMIDOR,2026-08-05 16:14:11.661255-03:00,0875930-86.2026.8.14.0301,PROCEDIMENTO COMUM CÍVEL (7),PAULA MICHELLY MELO DE BRITO
CÍVEL,BELÉM,3ª DEFENSORIA DE DEFESA DO CONSUMIDOR,2026-08-06 15:09:54.848382-03:00,0876290-21.2026.8.14.0301,PROCEDIMENTO COMUM CÍVEL (7),PAULA MICHELLY MELO DE BRITO
CÍVEL,BELÉM,3ª DEFENSORIA DE DEFESA DO CONSUMIDOR,2026-08-06 15:17:11.443951-03:00,0876299-80.2026.8.14.0301,CUMPRIMENTO DE SENTENÇA (156),PAULA MICHELLY MELO DE BRITO
CÍVEL,BELÉM,3ª DEFENSORIA DE DEFESA DO CONSUMIDOR,2026-08-06 15:27:30.926218-03:00,0876298-95.2026.8.14.0301,CUMPRIMENTO PROVISÓRIO DE SENTENÇA (157),PAULA MICHELLY MELO DE BRITO
CÍVEL,BELÉM,3ª DEFENSORIA DE DEFESA DO CONSUMIDOR,2026-08-14 19:11:39.947563-03:00,0878962-02.2026.8.14.0301,PROCEDIMENTO COMUM CÍVEL (7),PAULA MICHELLY MELO DE BRITO
CÍVEL,BELÉM,3ª DEFENSORIA DE DEFESA DO CONSUMIDOR,2026-08-17 21:18:36.404609-03:00,0879465-23.2026.8.14.0301,EXECUÇÃO DE TÍTULO EXTRAJUDICIAL,PAULA MICHELLY MELO DE BRITO
CÍVEL,BELÉM,3ª DEFENSORIA DE DEFESA DO CONSUMIDOR,2026-08-20 19:06:37.586027-03:00,0881068-34.2026.8.14.0301,PROCEDIMENTO COMUM CÍVEL (7),PAULA MICHELLY MELO DE BRITO
CÍVEL,BELÉM,3ª DEFENSORIA DE DEFESA DO CONSUMIDOR,2026-08-31 16:56:56.157111-03:00,0884713-67.2026.8.14.0301,CUMPRIMENTO DE SENTENÇA (156),PAULA MICHELLY MELO DE BRITO
CÍVEL,BELÉM,3ª DEFENSORIA DE DEFESA DO CONSUMIDOR,2026-08-31 19:37:39.588867-03:00,0884771-70.2026.8.14.0301,EMBARGOS À EXECUÇÃO (172),PAULA MICHELLY MELO DE BRITO
CÍVEL,BELÉM,3ª DEFENSORIA DE DEFESA DO CONSUMIDOR,2026-09-10 14:53:46.322256-03:00,0888247-19.2026.8.14.0301,PROCEDIMENTO COMUM CÍVEL (7),PAULA MICHELLY MELO DE BRITO
CÍVEL,BELÉM,3ª DEFENSORIA PÚBLICA CÍVEL,2026-05-27 21:35:20.226583-03:00,0856942-17.2026.8.14.0301,PROCEDIMENTO COMUM CÍVEL (7),ANA PAULA PEREIRA MARQUES VIEIRA
CÍVEL,BELÉM,3ª DEFENSORIA PÚBLICA CÍVEL,2026-08-10 10:57:29.307826-03:00,0877576-34.2026.8.14.0301,INVENTÁRIO (39),ANA PAULA PEREIRA MARQUES VIEIRA
CÍVEL,BELÉM,3ª DEFENSORIA PÚBLICA CÍVEL,2026-09-08 11:53:26.165894-03:00,0889689-20.2026.8.14.0301,INVENTÁRIO (39),ANA PAULA PEREIRA MARQUES VIEIRA
CÍVEL,BELÉM,3ª DEFENSORIA PÚBLICA CÍVEL,2026-09-17 13:12:41.732384-03:00,0891315-74.2026.8.14.0301,PROCEDIMENTO COMUM CÍVEL (7),ANA PAULA PEREIRA MARQUES VIEIRA
CÍVEL,BELÉM,3ª DEFENSORIA PUBLICA DE DEFESA DA MORADIA,2026-01-23 10:06:20.107046-03:00,0805567-74.2026.8.14.0301,USUCAPIÃO (49),ADRIANO SOUTO OLIVEIRA
CÍVEL,BELÉM,3ª DEFENSORIA PUBLICA DE DEFESA DA MORADIA,2026-03-02 13:50:48.117717-03:00,0825352-22.2026.8.14.0301,USUCAPIÃO (49),ADRIANO SOUTO OLIVEIRA
CÍVEL,BELÉM,3ª DEFENSORIA PUBLICA DE DEFESA DA MORADIA,2026-03-12 12:07:53.726203-03:00,0828882-34.2026.8.14.0301,USUCAPIÃO (49),ADRIANO SOUTO OLIVEIRA
CÍVEL,BELÉM,3ª DEFENSORIA PUBLICA DE DEFESA DA MORADIA,2026-04-19 20:19:52.702596-03:00,0843567-46.2026.8.14.0301,USUCAPIÃO (49),ADRIANO SOUTO OLIVEIRA
CÍVEL,BELÉM,3ª DEFENSORIA PUBLICA DE DEFESA DA MORADIA,2026-04-21 09:36:04.259828-03:00,0843936-40.2026.8.14.0301,USUCAPIÃO (49),ADRIANO SOUTO OLIVEIRA
CÍVEL,BELÉM,3ª DEFENSORIA PUBLICA DE DEFESA DA MORADIA,2026-05-27 13:11:39.467310-03:00,0855628-36.2026.8.14.0301,USUCAPIÃO (49),ADRIANO SOUTO OLIVEIRA
CÍVEL,BELÉM,3ª DEFENSORIA PUBLICA DE DEFESA DA MORADIA,2026-06-19 12:31:22.909664-03:00,0862488-53.2026.8.14.0301,USUCAPIÃO (49),ADRIANO SOUTO OLIVEIRA
CÍVEL,BELÉM,3ª DEFENSORIA PUBLICA DE DEFESA DA MORADIA,2026-06-22 00:11:54.032490-03:00,0862847-03.2026.8.14.0301,USUCAPIÃO (49),ADRIANO SOUTO OLIVEIRA
CÍVEL,BELÉM,3ª DEFENSORIA PUBLICA DE DEFESA DA MORADIA,2026-07-09 10:46:42.361217-03:00,0868471-33.2026.8.14.0301,USUCAPIÃO (49),ADRIANO SOUTO OLIVEIRA
CÍVEL,BELÉM,3ª DEFENSORIA PUBLICA DE DIREITOS HUMANOS,2026-01-26 13:44:01.229029-03:00,0830790-29.2026.8.14.0301,RETIFICAÇÃO OU SUPRIMENTO OU RESTAURAÇÃO DE REGISTRO CIVIL (1682),JULIA GRACIELLE REZENDE DE SOUSA
CÍVEL,BELÉM,3ª DEFENSORIA PUBLICA DE DIREITOS HUMANOS,2026-01-26 15:18:29.705758-03:00,0813174-41.2026.8.14.0301,RETIFICAÇÃO OU SUPRIMENTO OU RESTAURAÇÃO DE REGISTRO CIVIL (1682),JULIA GRACIELLE REZENDE DE SOUSA
CÍVEL,BELÉM,3ª DEFENSORIA PUBLICA DE DIREITOS HUMANOS,2026-03-12 10:12:29.553177-03:00,0830791-14.2026.8.14.0301,RETIFICAÇÃO OU SUPRIMENTO OU RESTAURAÇÃO DE REGISTRO CIVIL (1682),JULIA GRACIELLE REZENDE DE SOUSA
CÍVEL,BELÉM,3ª DEFENSORIA PUBLICA DE DIREITOS HUMANOS,2026-03-12 11:26:06.777835-03:00,0830792-96.2026.8.14.0301,RETIFICAÇÃO OU SUPRIMENTO OU RESTAURAÇÃO DE REGISTRO CIVIL (1682),JULIA GRACIELLE REZENDE DE SOUSA
CÍVEL,BELÉM,3ª DEFENSORIA PUBLICA DE DIREITOS HUMANOS,2026-03-31 11:59:51.711493-03:00,0834711-93.2026.8.14.0301,RETIFICAÇÃO OU SUPRIMENTO OU RESTAURAÇÃO DE REGISTRO CIVIL (1682),JULIA GRACIELLE REZENDE DE SOUSA
CÍVEL,BELÉM,3ª DEFENSORIA PUBLICA DE DIREITOS HUMANOS,2026-04-17 13:40:05.774176-03:00,0843250-48.2026.8.14.0301,RETIFICAÇÃO OU SUPRIMENTO OU RESTAURAÇÃO DE REGISTRO CIVIL (1682),JULIA GRACIELLE REZENDE DE SOUSA
CÍVEL,BELÉM,3ª DEFENSORIA PUBLICA DE DIREITOS HUMANOS,2026-05-29 11:52:49.200558-03:00,0856475-38.2026.8.14.0301,RETIFICAÇÃO OU SUPRIMENTO OU RESTAURAÇÃO DE REGISTRO CIVIL (1682),JULIA GRACIELLE REZENDE DE SOUSA
CÍVEL,BELÉM,3ª DEFENSORIA PUBLICA DE DIREITOS HUMANOS,2026-06-08 10:37:53.921889-03:00,0813576-37.2026.8.14.0006,RETIFICAÇÃO OU SUPRIMENTO OU RESTAURAÇÃO DE REGISTRO CIVIL (1682),JULIA GRACIELLE REZENDE DE SOUSA
CÍVEL,BELÉM,3ª DEFENSORIA PUBLICA DE DIREITOS HUMANOS,2026-06-10 10:09:40.589606-03:00,0810566-16.2026.8.14.0028,RETIFICAÇÃO OU SUPRIMENTO OU RESTAURAÇÃO DE REGISTRO CIVIL (1682),JULIA GRACIELLE REZENDE DE SOUSA
CÍVEL,BELÉM,3ª DEFENSORIA PUBLICA DE DIREITOS HUMANOS,2026-06-10 10:17:17.386412-03:00,0810569-68.2026.8.14.0028,RETIFICAÇÃO OU SUPRIMENTO OU RESTAURAÇÃO DE REGISTRO CIVIL (1682),JULIA GRACIELLE REZENDE DE SOUSA
CÍVEL,BELÉM,3ª DEFENSORIA PUBLICA DE DIREITOS HUMANOS,2026-06-10 10:27:39.045126-03:00,0810567-98.2026.8.14.0028,RETIFICAÇÃO OU SUPRIMENTO OU RESTAURAÇÃO DE REGISTRO CIVIL (1682),JULIA GRACIELLE REZENDE DE SOUSA
CÍVEL,BELÉM,3ª DEFENSORIA PUBLICA DE DIREITOS HUMANOS,2026-06-21 19:22:50.930934-03:00,0862823-72.2026.8.14.0301,PROCEDIMENTO COMUM CÍVEL (7),JULIA GRACIELLE REZENDE DE SOUSA
CÍVEL,BELÉM,3ª DEFENSORIA PUBLICA DE DIREITOS HUMANOS,2026-07-08 22:49:28.291666-03:00,0868393-39.2026.8.14.0301,PROCEDIMENTO COMUM CÍVEL (7),JULIA GRACIELLE REZENDE DE SOUSA
CÍVEL,BELÉM,3ª DEFENSORIA PUBLICA DE DIREITOS HUMANOS,2026-07-28 12:34:56.026698-03:00,0873496-27.2026.8.14.0301,RETIFICAÇÃO OU SUPRIMENTO OU RESTAURAÇÃO DE REGISTRO CIVIL (1682),MARCIO NEIVA COELHO
CÍVEL,BELÉM,3ª DEFENSORIA PUBLICA DE DIREITOS HUMANOS,2026-08-31 13:20:24.397060-03:00,0885378-83.2026.8.14.0301,RETIFICAÇÃO OU SUPRIMENTO OU RESTAURAÇÃO DE REGISTRO CIVIL (1682),LUCIANA SILVA RASSY PALÁCIOS
CÍVEL,BELÉM,3ª  DEFENSORIA PUBLICA DE ENFRENTAMENTO A VIOLENCIA DE GENERO,2026-01-14 13:45:46.015126-03:00,0804753-62.2026.8.14.0301,DIVÓRCIO LITIGIOSO (12541),JOSEANE ROCHA GODOY SANTANA
CÍVEL,BELÉM,3ª  DEFENSORIA PUBLICA DE ENFRENTAMENTO A VIOLENCIA DE GENERO,2026-01-30 11:54:12.236971-03:00,0809964-79.2026.8.14.0301,DIVÓRCIO CONSENSUAL (12372),ANNALU MARINHO FERREIRA
CÍVEL,BELÉM,3ª  DEFENSORIA PUBLICA DE ENFRENTAMENTO A VIOLENCIA DE GENERO,2026-02-10 14:00:15.069891-03:00,0820086-54.2026.8.14.0301,PROCEDIMENTO COMUM CÍVEL (7),ANNALU MARINHO FERREIRA
CÍVEL,BELÉM,3ª  DEFENSORIA PUBLICA DE ENFRENTAMENTO A VIOLENCIA DE GENERO,2026-02-12 12:29:35.136525-03:00,0821702-64.2026.8.14.0301,GUARDA DE INFÂNCIA E JUVENTUDE (1420),ANNALU MARINHO FERREIRA
CÍVEL,BELÉM,3ª  DEFENSORIA PUBLICA DE ENFRENTAMENTO A VIOLENCIA DE GENERO,2026-02-13 10:20:30.450805-03:00,0803703-13.2026.8.14.0006,GUARDA DE INFÂNCIA E JUVENTUDE (1420),ANNALU MARINHO FERREIRA
CÍVEL,BELÉM,3ª  DEFENSORIA PUBLICA DE ENFRENTAMENTO A VIOLENCIA DE GENERO,2026-03-02 12:49:24.623785-03:00,0826423-59.2026.8.14.0301,PROCEDIMENTO COMUM CÍVEL (7),ANNALU MARINHO FERREIRA
CÍVEL,BELÉM,3ª  DEFENSORIA PUBLICA DE ENFRENTAMENTO A VIOLENCIA DE GENERO,2026-03-05 10:21:18.973156-03:00,0826445-20.2026.8.14.0301,PROCEDIMENTO COMUM CÍVEL (7),ANNALU MARINHO FERREIRA
CÍVEL,BELÉM,3ª  DEFENSORIA PUBLICA DE ENFRENTAMENTO A VIOLENCIA DE GENERO,2026-03-05 12:29:55.880110-03:00,0827639-55.2026.8.14.0301,PROCEDIMENTO COMUM CÍVEL (7),ANNALU MARINHO FERREIRA
CÍVEL,BELÉM,3ª  DEFENSORIA PUBLICA DE ENFRENTAMENTO A VIOLENCIA DE GENERO,2026-03-06 09:43:37.367497-03:00,0827590-14.2026.8.14.0301,CUMPRIMENTO DE SENTENÇA (156),ANNALU MARINHO FERREIRA
CÍVEL,BELÉM,3ª  DEFENSORIA PUBLICA DE ENFRENTAMENTO A VIOLENCIA DE GENERO,2026-03-06 11:20:58.674517-03:00,0829583-92.2026.8.14.0301,PROCEDIMENTO COMUM CÍVEL (7),ANNALU MARINHO FERREIRA
CÍVEL,BELÉM,3ª  DEFENSORIA PUBLICA DE ENFRENTAMENTO A VIOLENCIA DE GENERO,2026-03-12 09:54:04.509337-03:00,0829582-10.2026.8.14.0301,ALIMENTOS - LEI ESPECIAL Nº 5.478/68 (69),ANNALU MARINHO FERREIRA
CÍVEL,BELÉM,3ª  DEFENSORIA PUBLICA DE ENFRENTAMENTO A VIOLENCIA DE GENERO,2026-03-12 11:26:22.029364-03:00,0829581-25.2026.8.14.0301,PROCEDIMENTO COMUM CÍVEL (7),ANNALU MARINHO FERREIRA
CÍVEL,BELÉM,3ª  DEFENSORIA PUBLICA DE ENFRENTAMENTO A VIOLENCIA DE GENERO,2026-03-18 12:21:16.003543-03:00,0831380-06.2026.8.14.0301,DIVÓRCIO LITIGIOSO (12541),ANNALU MARINHO FERREIRA
CÍVEL,BELÉM,3ª  DEFENSORIA PUBLICA DE ENFRENTAMENTO A VIOLENCIA DE GENERO,2026-03-30 12:00:16.311390-03:00,0834500-57.2026.8.14.0301,DIVÓRCIO CONSENSUAL (12372),ANNALU MARINHO FERREIRA
CÍVEL,BELÉM,3ª  DEFENSORIA PUBLICA DE ENFRENTAMENTO A VIOLENCIA DE GENERO,2026-04-01 11:05:07.121841-03:00,0838967-79.2026.8.14.0301,PROCEDIMENTO COMUM CÍVEL (7),ANNALU MARINHO FERREIRA
CÍVEL,BELÉM,3ª  DEFENSORIA PUBLICA DE ENFRENTAMENTO A VIOLENCIA DE GENERO,2026-04-07 14:47:29.690004-03:00,0840004-44.2026.8.14.0301,PROCEDIMENTO COMUM CÍVEL (7),ANNALU MARINHO FERREIRA
CÍVEL,BELÉM,3ª  DEFENSORIA PUBLICA DE ENFRENTAMENTO A VIOLENCIA DE GENERO,2026-04-10 09:38:52.360277-03:00,0841494-04.2026.8.14.0301,PROCEDIMENTO COMUM CÍVEL (7),ANNALU MARINHO FERREIRA
CÍVEL,BELÉM,3ª  DEFENSORIA PUBLICA DE ENFRENTAMENTO A VIOLENCIA DE GENERO,2026-04-14 15:21:54.294259-03:00,0841853-51.2026.8.14.0301,CUMPRIMENTO DE SENTENÇA (156),ANNALU MARINHO FERREIRA
CÍVEL,BELÉM,3ª  DEFENSORIA PUBLICA DE ENFRENTAMENTO A VIOLENCIA DE GENERO,2026-04-16 09:31:56.338110-03:00,0842636-43.2026.8.14.0301,CUMPRIMENTO DE SENTENÇA (156),ANNALU MARINHO FERREIRA
CÍVEL,BELÉM,3ª  DEFENSORIA PUBLICA DE ENFRENTAMENTO A VIOLENCIA DE GENERO,2026-04-23 10:02:25.438722-03:00,0844625-84.2026.8.14.0301,PROCEDIMENTO COMUM CÍVEL (7),ANNALU MARINHO FERREIRA
CÍVEL,BELÉM,3ª  DEFENSORIA PUBLICA DE ENFRENTAMENTO A VIOLENCIA DE GENERO,2026-04-23 11:21:59.953897-03:00,0844635-31.2026.8.14.0301,PROCEDIMENTO COMUM CÍVEL (7),ANNALU MARINHO FERREIRA
CÍVEL,BELÉM,3ª  DEFENSORIA PUBLICA DE ENFRENTAMENTO A VIOLENCIA DE GENERO,2026-05-05 10:10:06.583162-03:00,0848609-76.2026.8.14.0301,ALIMENTOS - LEI ESPECIAL Nº 5.478/68 (69),ANNALU MARINHO FERREIRA
CÍVEL,BELÉM,3ª  DEFENSORIA PUBLICA DE ENFRENTAMENTO A VIOLENCIA DE GENERO,2026-05-11 22:57:56.455119-03:00,0855349-50.2026.8.14.0301,PROCEDIMENTO COMUM CÍVEL (7),JOSEANE ROCHA GODOY SANTANA
CÍVEL,BELÉM,3ª  DEFENSORIA PUBLICA DE ENFRENTAMENTO A VIOLENCIA DE GENERO,2026-05-14 10:55:55.967539-03:00,0855389-32.2026.8.14.0301,DIVÓRCIO LITIGIOSO (12541),JOSEANE ROCHA GODOY SANTANA
CÍVEL,BELÉM,3ª  DEFENSORIA PUBLICA DE ENFRENTAMENTO A VIOLENCIA DE GENERO,2026-06-09 14:59:50.048905-03:00,0861661-42.2026.8.14.0301,PROCEDIMENTO COMUM CÍVEL (7),ANNALU MARINHO FERREIRA
CÍVEL,BELÉM,3ª  DEFENSORIA PUBLICA DE ENFRENTAMENTO A VIOLENCIA DE GENERO,2026-06-11 11:30:59.561843-03:00,0860082-59.2026.8.14.0301,ALIMENTOS - LEI ESPECIAL Nº 5.478/68 (69),ANNALU MARINHO FERREIRA
CÍVEL,BELÉM,3ª  DEFENSORIA PUBLICA DE ENFRENTAMENTO A VIOLENCIA DE GENERO,2026-06-15 23:24:57.572551-03:00,0861423-23.2026.8.14.0301,ALIMENTOS - LEI ESPECIAL Nº 5.478/68 (69),ANNALU MARINHO FERREIRA
CÍVEL,BELÉM,3ª  DEFENSORIA PUBLICA DE ENFRENTAMENTO A VIOLENCIA DE GENERO,2026-06-24 09:37:38.641237-03:00,0864308-10.2026.8.14.0301,PROCEDIMENTO COMUM CÍVEL (7),ANNALU MARINHO FERREIRA
CÍVEL,BELÉM,3ª  DEFENSORIA PUBLICA DE ENFRENTAMENTO A VIOLENCIA DE GENERO,2026-06-24 10:40:38.559790-03:00,0864311-62.2026.8.14.0301,CUMPRIMENTO DE SENTENÇA (156),ANNALU MARINHO FERREIRA
CÍVEL,BELÉM,3ª  DEFENSORIA PUBLICA DE ENFRENTAMENTO A VIOLENCIA DE GENERO,2026-07-01 18:35:03.228642-03:00,0866309-65.2026.8.14.0301,PROCEDIMENTO COMUM CÍVEL (7),JOSEANE ROCHA GODOY SANTANA
CÍVEL,BELÉM,3ª  DEFENSORIA PUBLICA DE ENFRENTAMENTO A VIOLENCIA DE GENERO,2026-07-12 13:36:57.325910-03:00,0869445-70.2026.8.14.0301,PROCEDIMENTO COMUM CÍVEL (7),ANNALU MARINHO FERREIRA
CÍVEL,BELÉM,3ª  DEFENSORIA PUBLICA DE ENFRENTAMENTO A VIOLENCIA DE GENERO,2026-07-13 17:57:49.766865-03:00,0869616-27.2026.8.14.0301,CUMPRIMENTO DE SENTENÇA (156),ANNALU MARINHO FERREIRA
CÍVEL,BELÉM,3ª  DEFENSORIA PUBLICA DE ENFRENTAMENTO A VIOLENCIA DE GENERO,2026-07-14 01:15:53.502331-03:00,0869617-12.2026.8.14.0301,PROCEDIMENTO COMUM CÍVEL (7),ANNALU MARINHO FERREIRA
CÍVEL,BELÉM,3ª  DEFENSORIA PUBLICA DE ENFRENTAMENTO A VIOLENCIA DE GENERO,2026-07-29 16:41:37.355956-03:00,0874642-06.2026.8.14.0301,GUARDA DE FAMÍLIA,DAIANE LIMA DOS SANTOS
CÍVEL,BELÉM,3ª  DEFENSORIA PUBLICA DE ENFRENTAMENTO A VIOLENCIA DE GENERO,2026-08-11 14:37:42.542199-03:00,0880340-90.2026.8.14.0301,CUMPRIMENTO DE SENTENÇA (156),DAIANE LIMA DOS SANTOS
CÍVEL,BELÉM,3ª  DEFENSORIA PUBLICA DE ENFRENTAMENTO A VIOLENCIA DE GENERO,2026-08-12 10:44:30.393970-03:00,0880377-20.2026.8.14.0301,PROCEDIMENTO COMUM CÍVEL (7),DAIANE LIMA DOS SANTOS
CÍVEL,BELÉM,3ª  DEFENSORIA PUBLICA DE ENFRENTAMENTO A VIOLENCIA DE GENERO,2026-08-24 11:27:57.666256-03:00,0881741-27.2026.8.14.0301,PROCEDIMENTO COMUM CÍVEL (7),ANNALU MARINHO FERREIRA
CÍVEL,BELÉM,3ª  DEFENSORIA PUBLICA DE ENFRENTAMENTO A VIOLENCIA DE GENERO,2026-08-31 11:38:26.788131-03:00,0884586-32.2026.8.14.0301,GUARDA DE FAMÍLIA,ANNALU MARINHO FERREIRA
CÍVEL,BELÉM,3ª  DEFENSORIA PUBLICA DE ENFRENTAMENTO A VIOLENCIA DE GENERO,2026-08-31 16:21:59.072193-03:00,0887060-73.2026.8.14.0301,GUARDA DE FAMÍLIA,ANNALU MARINHO FERREIRA
CÍVEL,BELÉM,3ª  DEFENSORIA PUBLICA DE ENFRENTAMENTO A VIOLENCIA DE GENERO,2026-09-07 17:57:56.622101-03:00,0887016-54.2026.8.14.0301,ALIMENTOS - LEI ESPECIAL Nº 5.478/68 (69),ANNALU MARINHO FERREIRA
CÍVEL,BELÉM,3ª  DEFENSORIA PUBLICA DE ENFRENTAMENTO A VIOLENCIA DE GENERO,2026-09-08 09:58:14.165159-03:00,0887228-75.2026.8.14.0301,CUMPRIMENTO DE SENTENÇA (156),ANNALU MARINHO FERREIRA
CÍVEL,BELÉM,3ª  DEFENSORIA PUBLICA DE ENFRENTAMENTO A VIOLENCIA DE GENERO,2026-09-08 13:35:05.600908-03:00,0887231-30.2026.8.14.0301,PROCEDIMENTO COMUM CÍVEL (7),ANNALU MARINHO FERREIRA
CÍVEL,BELÉM,3ª  DEFENSORIA PUBLICA DE ENFRENTAMENTO A VIOLENCIA DE GENERO,2026-09-14 11:57:47.656043-03:00,0889869-36.2026.8.14.0301,PROCEDIMENTO COMUM CÍVEL (7),ANNALU MARINHO FERREIRA
CÍVEL,BELÉM,3ª  DEFENSORIA PUBLICA DE ENFRENTAMENTO A VIOLENCIA DE GENERO,2026-09-15 19:06:02.569085-03:00,0889862-44.2026.8.14.0301,ALIMENTOS - LEI ESPECIAL Nº 5.478/68 (69),ANNALU MARINHO FERREIRA
CÍVEL,BELÉM,3ª  DEFENSORIA PUBLICA DE ENFRENTAMENTO A VIOLENCIA DE GENERO,2026-09-17 09:37:46.783306-03:00,0890524-08.2026.8.14.0301,PROCEDIMENTO COMUM CÍVEL (7),ANNALU MARINHO FERREIRA
CÍVEL,BELÉM,3ª  DEFENSORIA PUBLICA DE ENFRENTAMENTO A VIOLENCIA DE GENERO,2026-09-21 23:46:19.824440-03:00,0891902-96.2026.8.14.0301,ALIMENTOS - LEI ESPECIAL Nº 5.478/68 (69),ANNALU MARINHO FERREIRA
CÍVEL,BELÉM,3ª DEFENSORIA PÚBLICA DE FAMÍLIA,2026-08-08 11:35:22.397859-03:00,0876876-58.2026.8.14.0301,ALIMENTOS - LEI ESPECIAL Nº 5.478/68 (69),FLAVIA CHRISTINA MARANHAO CAMPOS
CÍVEL,BELÉM,3ª DEFENSORIA PÚBLICA DE FAMÍLIA,2026-08-08 12:10:16.564118-03:00,0876875-73.2026.8.14.0301,ALIMENTOS - LEI ESPECIAL Nº 5.478/68 (69),FLAVIA CHRISTINA MARANHAO CAMPOS
CÍVEL,BELÉM,3ª DEFENSORIA PÚBLICA DE FAMÍLIA,2026-08-08 12:54:01.372641-03:00,0876881-80.2026.8.14.0301,ALIMENTOS - LEI ESPECIAL Nº 5.478/68 (69),FLAVIA CHRISTINA MARANHAO CAMPOS
CÍVEL,BELÉM,3ª DEFENSORIA PÚBLICA DE FAMÍLIA,2026-08-08 13:16:40.480484-03:00,0876880-95.2026.8.14.0301,ALIMENTOS - LEI ESPECIAL Nº 5.478/68 (69),FLAVIA CHRISTINA MARANHAO CAMPOS
CÍVEL,BELÉM,3ª DEFENSORIA PÚBLICA DE FAMÍLIA,2026-08-08 13:29:41.033392-03:00,0876878-28.2026.8.14.0301,ALIMENTOS - LEI ESPECIAL Nº 5.478/68 (69),FLAVIA CHRISTINA MARANHAO CAMPOS
CÍVEL,BELÉM,3ª DEFENSORIA PÚBLICA DE FAMÍLIA,2026-08-08 13:37:29.109879-03:00,0876877-43.2026.8.14.0301,DIVÓRCIO CONSENSUAL (12372),FLAVIA CHRISTINA MARANHAO CAMPOS
CÍVEL,BELÉM,3ª DEFENSORIA PÚBLICA DE FAMÍLIA,2026-08-08 14:26:33.554916-03:00,0876887-87.2026.8.14.0301,ALIMENTOS - LEI ESPECIAL Nº 5.478/68 (69),FLAVIA CHRISTINA MARANHAO CAMPOS
CÍVEL,BELÉM,3ª DEFENSORIA PUBLICA DE FAZENDA PUBLICA,2026-02-03 11:59:34.459042-03:00,0811208-43.2026.8.14.0301,PROCEDIMENTO DO JUIZADO ESPECIAL DA FAZENDA PÚBLICA,ANDREA BARRETO RICARTE DE OLIVEIRA FARIAS
CÍVEL,BELÉM,3ª DEFENSORIA PUBLICA DE FAZENDA PUBLICA,2026-02-06 10:08:44.542130-03:00,0817617-35.2026.8.14.0301,PROCEDIMENTO DO JUIZADO ESPECIAL DA FAZENDA PÚBLICA,ANDREA BARRETO RICARTE DE OLIVEIRA FARIAS
CÍVEL,BELÉM,3ª DEFENSORIA PUBLICA DE FAZENDA PUBLICA,2026-02-06 10:38:52.673124-03:00,0817818-27.2026.8.14.0301,PROCEDIMENTO DO JUIZADO ESPECIAL DA FAZENDA PÚBLICA,ANDREA BARRETO RICARTE DE OLIVEIRA FARIAS
CÍVEL,BELÉM,3ª DEFENSORIA PUBLICA DE FAZENDA PUBLICA,2026-02-13 10:39:34.805105-03:00,0820926-64.2026.8.14.0301,TUTELA CAUTELAR ANTECEDENTE (12134),ANDREA BARRETO RICARTE DE OLIVEIRA FARIAS
CÍVEL,BELÉM,3ª DEFENSORIA PUBLICA DE FAZENDA PUBLICA,2026-02-24 11:54:55.295570-03:00,0823318-74.2026.8.14.0301,PROCEDIMENTO COMUM CÍVEL (7),ANDREA BARRETO RICARTE DE OLIVEIRA FARIAS
CÍVEL,BELÉM,3ª DEFENSORIA PUBLICA DE FAZENDA PUBLICA,2026-03-05 09:07:00.091404-03:00,0826380-25.2026.8.14.0301,PROCEDIMENTO COMUM CÍVEL (7),ANDREA BARRETO RICARTE DE OLIVEIRA FARIAS
CÍVEL,BELÉM,3ª DEFENSORIA PUBLICA DE FAZENDA PUBLICA,2026-05-05 11:40:32.922556-03:00,0848287-56.2026.8.14.0301,PROCEDIMENTO DO JUIZADO ESPECIAL DA FAZENDA PÚBLICA,ANDREA BARRETO RICARTE DE OLIVEIRA FARIAS
CÍVEL,BELÉM,3ª DEFENSORIA PUBLICA DE FAZENDA PUBLICA,2026-05-11 11:05:57.096218-03:00,0849801-44.2026.8.14.0301,PROCEDIMENTO COMUM CÍVEL (7),ANDREA BARRETO RICARTE DE OLIVEIRA FARIAS
CÍVEL,BELÉM,3ª DEFENSORIA PUBLICA DE FAZENDA PUBLICA,2026-05-11 11:32:19.472997-03:00,0849817-95.2026.8.14.0301,PROCEDIMENTO DO JUIZADO ESPECIAL DA FAZENDA PÚBLICA,ANDREA BARRETO RICARTE DE OLIVEIRA FARIAS
CÍVEL,BELÉM,3ª DEFENSORIA PUBLICA DE FAZENDA PUBLICA,2026-05-20 11:03:25.367478-03:00,0853188-67.2026.8.14.0301,PROCEDIMENTO DO JUIZADO ESPECIAL DA FAZENDA PÚBLICA,ANDREA BARRETO RICARTE DE OLIVEIRA FARIAS
CÍVEL,BELÉM,3ª DEFENSORIA PUBLICA DE FAZENDA PUBLICA,2026-05-20 16:23:45.802685-03:00,0853414-72.2026.8.14.0301,PROCEDIMENTO DO JUIZADO ESPECIAL DA FAZENDA PÚBLICA,ANDREA BARRETO RICARTE DE OLIVEIRA FARIAS
CÍVEL,BELÉM,3ª DEFENSORIA PUBLICA DE FAZENDA PUBLICA,2026-05-28 10:16:33.096883-03:00,0856009-44.2026.8.14.0301,PROCEDIMENTO DO JUIZADO ESPECIAL DA FAZENDA PÚBLICA,ANDREA BARRETO RICARTE DE OLIVEIRA FARIAS
CÍVEL,BELÉM,3ª DEFENSORIA PUBLICA DE FAZENDA PUBLICA,2026-05-28 12:21:48.930557-03:00,0856029-35.2026.8.14.0301,PROCEDIMENTO DO JUIZADO ESPECIAL DA FAZENDA PÚBLICA,ANDREA BARRETO RICARTE DE OLIVEIRA FARIAS
CÍVEL,BELÉM,3ª DEFENSORIA PUBLICA DE FAZENDA PUBLICA,2026-05-28 12:48:41.360082-03:00,0856047-56.2026.8.14.0301,PROCEDIMENTO DO JUIZADO ESPECIAL DA FAZENDA PÚBLICA,ANDREA BARRETO RICARTE DE OLIVEIRA FARIAS
CÍVEL,BELÉM,3ª DEFENSORIA PUBLICA DE FAZENDA PUBLICA,2026-06-02 11:08:04.674307-03:00,0857439-31.2026.8.14.0301,PROCEDIMENTO DO JUIZADO ESPECIAL DA FAZENDA PÚBLICA,ANDREA BARRETO RICARTE DE OLIVEIRA FARIAS
CÍVEL,BELÉM,3ª DEFENSORIA PUBLICA DE FAZENDA PUBLICA,2026-06-09 10:39:53.375429-03:00,0859032-95.2026.8.14.0301,PROCEDIMENTO DO JUIZADO ESPECIAL DA FAZENDA PÚBLICA,ANDREA BARRETO RICARTE DE OLIVEIRA FARIAS
CÍVEL,BELÉM,3ª DEFENSORIA PUBLICA DE FAZENDA PUBLICA,2026-06-09 10:49:16.487110-03:00,0859043-27.2026.8.14.0301,PROCEDIMENTO DO JUIZADO ESPECIAL DA FAZENDA PÚBLICA,ANDREA BARRETO RICARTE DE OLIVEIRA FARIAS
CÍVEL,BELÉM,3ª DEFENSORIA PUBLICA DE FAZENDA PUBLICA,2026-06-09 11:41:25.302364-03:00,0859095-23.2026.8.14.0301,PROCEDIMENTO DO JUIZADO ESPECIAL DA FAZENDA PÚBLICA,ANDREA BARRETO RICARTE DE OLIVEIRA FARIAS
CÍVEL,BELÉM,3ª DEFENSORIA PUBLICA DE FAZENDA PUBLICA,2026-06-12 09:34:48.364056-03:00,0860285-21.2026.8.14.0301,PROCEDIMENTO DO JUIZADO ESPECIAL DA FAZENDA PÚBLICA,ANDREA BARRETO RICARTE DE OLIVEIRA FARIAS
CÍVEL,BELÉM,3ª DEFENSORIA PUBLICA DE FAZENDA PUBLICA,2026-06-12 10:36:46.333938-03:00,0860328-55.2026.8.14.0301,PROCEDIMENTO DO JUIZADO ESPECIAL DA FAZENDA PÚBLICA,ANDREA BARRETO RICARTE DE OLIVEIRA FARIAS
CÍVEL,BELÉM,3ª DEFENSORIA PUBLICA DE FAZENDA PUBLICA,2026-06-12 11:14:15.666882-03:00,0860356-23.2026.8.14.0301,PROCEDIMENTO DO JUIZADO ESPECIAL DA FAZENDA PÚBLICA,ANDREA BARRETO RICARTE DE OLIVEIRA FARIAS
CÍVEL,BELÉM,3ª DEFENSORIA PUBLICA DE FAZENDA PUBLICA,2026-06-15 10:22:41.745348-03:00,0860790-12.2026.8.14.0301,PROCEDIMENTO COMUM CÍVEL (7),ANDREA BARRETO RICARTE DE OLIVEIRA FARIAS
CÍVEL,BELÉM,3ª DEFENSORIA PUBLICA DE FAZENDA PUBLICA,2026-06-18 10:50:49.018789-03:00,0862079-77.2026.8.14.0301,MANDADO DE SEGURANÇA CÍVEL (120),ANDREA BARRETO RICARTE DE OLIVEIRA FARIAS
CÍVEL,BELÉM,3ª DEFENSORIA PUBLICA DE FAZENDA PUBLICA,2026-06-24 11:29:54.156392-03:00,0863885-50.2026.8.14.0301,PROCEDIMENTO DO JUIZADO ESPECIAL DA FAZENDA PÚBLICA,ANDREA BARRETO RICARTE DE OLIVEIRA FARIAS
CÍVEL,BELÉM,3ª DEFENSORIA PUBLICA DE FAZENDA PUBLICA,2026-06-24 12:02:32.008485-03:00,0863920-10.2026.8.14.0301,PROCEDIMENTO DO JUIZADO ESPECIAL DA FAZENDA PÚBLICA,ANDREA BARRETO RICARTE DE OLIVEIRA FARIAS
CÍVEL,BELÉM,3ª DEFENSORIA PUBLICA DE FAZENDA PUBLICA,2026-07-09 18:39:14.871395-03:00,0868759-78.2026.8.14.0301,PROCEDIMENTO DO JUIZADO ESPECIAL DA FAZENDA PÚBLICA,ANDREA BARRETO RICARTE DE OLIVEIRA FARIAS
CÍVEL,BELÉM,3ª DEFENSORIA PUBLICA DE FAZENDA PUBLICA,2026-07-13 11:07:19.443681-03:00,0869318-35.2026.8.14.0301,PROCEDIMENTO DO JUIZADO ESPECIAL DA FAZENDA PÚBLICA,ANDREA BARRETO RICARTE DE OLIVEIRA FARIAS
CÍVEL,BELÉM,3ª DEFENSORIA PUBLICA DE FAZENDA PUBLICA,2026-07-14 14:04:51.683850-03:00,0869837-10.2026.8.14.0301,PROCEDIMENTO DO JUIZADO ESPECIAL DA FAZENDA PÚBLICA,ANDREA BARRETO RICARTE DE OLIVEIRA FARIAS
CÍVEL,BELÉM,3ª DEFENSORIA PUBLICA DE FAZENDA PUBLICA,2026-07-16 20:35:03.190688-03:00,0870872-05.2026.8.14.0301,PROCEDIMENTO COMUM CÍVEL (7),ANDREA BARRETO RICARTE DE OLIVEIRA FARIAS
CÍVEL,BELÉM,3ª DEFENSORIA PUBLICA DE FAZENDA PUBLICA,2026-08-05 11:35:19.497557-03:00,0875773-16.2026.8.14.0301,PROCEDIMENTO DO JUIZADO ESPECIAL DA FAZENDA PÚBLICA,ANDREA BARRETO RICARTE DE OLIVEIRA FARIAS
CÍVEL,BELÉM,3ª DEFENSORIA PUBLICA DE FAZENDA PUBLICA,2026-08-07 10:59:51.020767-03:00,0876534-47.2026.8.14.0301,PROCEDIMENTO COMUM CÍVEL (7),ANDREA BARRETO RICARTE DE OLIVEIRA FARIAS
CÍVEL,BELÉM,3ª DEFENSORIA PUBLICA DE FAZENDA PUBLICA,2026-08-08 11:58:55.013049-03:00,0876834-09.2026.8.14.0301,PROCEDIMENTO COMUM CÍVEL (7),ANDREA BARRETO RICARTE DE OLIVEIRA FARIAS
CÍVEL,BELÉM,3ª DEFENSORIA PÚBLICA DE PROTEÇÃO DA INFÂNCIA E DA JUVENTUDE DA CAPITAL,2026-01-07 10:23:59.964015-03:00,0800419-82.2026.8.14.0301,GUARDA DE INFÂNCIA E JUVENTUDE (1420),CARLOS EDUARDO BARROS DA SILVA
CÍVEL,BELÉM,3ª DEFENSORIA PÚBLICA DE PROTEÇÃO DA INFÂNCIA E DA JUVENTUDE DA CAPITAL,2026-01-08 11:54:23.828217-03:00,0800826-88.2026.8.14.0301,ADOÇÃO FORA DO CADASTRO C/C DESTITUIÇÃO DO PODER FAMILIAR,CARLOS EDUARDO BARROS DA SILVA
CÍVEL,BELÉM,3ª DEFENSORIA PÚBLICA DE PROTEÇÃO DA INFÂNCIA E DA JUVENTUDE DA CAPITAL,2026-01-13 14:07:05.519763-03:00,0802006-42.2026.8.14.0301,PETIÇÃO INFÂNCIA E JUVENTUDE CÍVEL (11026),CARLOS EDUARDO BARROS DA SILVA
CÍVEL,BELÉM,3ª DEFENSORIA PÚBLICA DE PROTEÇÃO DA INFÂNCIA E DA JUVENTUDE DA CAPITAL,2026-01-14 09:34:34.650160-03:00,0802207-34.2026.8.14.0301,GUARDA DE INFÂNCIA E JUVENTUDE (1420),CARLOS EDUARDO BARROS DA SILVA
CÍVEL,BELÉM,3ª DEFENSORIA PÚBLICA DE PROTEÇÃO DA INFÂNCIA E DA JUVENTUDE DA CAPITAL,2026-01-14 10:07:40.165361-03:00,0802221-18.2026.8.14.0301,PETIÇÃO INFÂNCIA E JUVENTUDE CÍVEL (11026),CARLOS EDUARDO BARROS DA SILVA
CÍVEL,BELÉM,3ª DEFENSORIA PÚBLICA DE PROTEÇÃO DA INFÂNCIA E DA JUVENTUDE DA CAPITAL,2026-01-15 14:09:14.809442-03:00,0802778-05.2026.8.14.0301,PETIÇÃO CÍVEL (241),CARLOS EDUARDO BARROS DA SILVA
CÍVEL,BELÉM,3ª DEFENSORIA PÚBLICA DE PROTEÇÃO DA INFÂNCIA E DA JUVENTUDE DA CAPITAL,2026-01-19 13:23:20.426275-03:00,0803573-11.2026.8.14.0301,GUARDA DE INFÂNCIA E JUVENTUDE (1420),CARLOS EDUARDO BARROS DA SILVA
CÍVEL,BELÉM,3ª DEFENSORIA PÚBLICA DE PROTEÇÃO DA INFÂNCIA E DA JUVENTUDE DA CAPITAL,2026-02-02 14:02:12.393251-03:00,0809072-73.2026.8.14.0301,PETIÇÃO INFÂNCIA E JUVENTUDE CÍVEL (11026),CARLOS EDUARDO BARROS DA SILVA
CÍVEL,BELÉM,3ª DEFENSORIA PÚBLICA DE PROTEÇÃO DA INFÂNCIA E DA JUVENTUDE DA CAPITAL,2026-02-03 12:33:26.907172-03:00,0811324-49.2026.8.14.0301,TUTELA INFÂNCIA E JUVENTUDE (1396),CARLOS EDUARDO BARROS DA SILVA
CÍVEL,BELÉM,3ª DEFENSORIA PÚBLICA DE PROTEÇÃO DA INFÂNCIA E DA JUVENTUDE DA CAPITAL,2026-02-03 14:08:28.250184-03:00,0812108-26.2026.8.14.0301,PROCEDIMENTO COMUM INFÂNCIA E JUVENTUDE (1706),CARLOS EDUARDO BARROS DA SILVA
CÍVEL,BELÉM,3ª DEFENSORIA PÚBLICA DE PROTEÇÃO DA INFÂNCIA E DA JUVENTUDE DA CAPITAL,2026-02-05 12:14:31.020489-03:00,0815510-18.2026.8.14.0301,PETIÇÃO INFÂNCIA E JUVENTUDE CÍVEL (11026),CARLOS EDUARDO BARROS DA SILVA
CÍVEL,BELÉM,3ª DEFENSORIA PÚBLICA DE PROTEÇÃO DA INFÂNCIA E DA JUVENTUDE DA CAPITAL,2026-02-05 14:03:10.939164-03:00,0816111-24.2026.8.14.0301,PETIÇÃO INFÂNCIA E JUVENTUDE CÍVEL (11026),CARLOS EDUARDO BARROS DA SILVA
CÍVEL,BELÉM,3ª DEFENSORIA PÚBLICA DE PROTEÇÃO DA INFÂNCIA E DA JUVENTUDE DA CAPITAL,2026-02-06 11:15:57.356929-03:00,0817862-46.2026.8.14.0301,PROCEDIMENTO COMUM INFÂNCIA E JUVENTUDE (1706),CARLOS EDUARDO BARROS DA SILVA
CÍVEL,BELÉM,3ª DEFENSORIA PÚBLICA DE PROTEÇÃO DA INFÂNCIA E DA JUVENTUDE DA CAPITAL,2026-02-13 12:10:38.411193-03:00,0820998-51.2026.8.14.0301,PETIÇÃO CÍVEL (241),CARLOS EDUARDO BARROS DA SILVA
CÍVEL,BELÉM,3ª DEFENSORIA PÚBLICA DE PROTEÇÃO DA INFÂNCIA E DA JUVENTUDE DA CAPITAL,2026-02-25 09:35:53.898834-03:00,0823712-81.2026.8.14.0301,PETIÇÃO INFÂNCIA E JUVENTUDE CÍVEL (11026),CARLOS EDUARDO BARROS DA SILVA
CÍVEL,BELÉM,3ª DEFENSORIA PÚBLICA DE PROTEÇÃO DA INFÂNCIA E DA JUVENTUDE DA CAPITAL,2026-03-03 10:37:48.930968-03:00,0825646-74.2026.8.14.0301,PETIÇÃO INFÂNCIA E JUVENTUDE CÍVEL (11026),CARLOS EDUARDO BARROS DA SILVA
CÍVEL,BELÉM,3ª DEFENSORIA PÚBLICA DE PROTEÇÃO DA INFÂNCIA E DA JUVENTUDE DA CAPITAL,2026-03-10 12:55:35.340567-03:00,0827792-88.2026.8.14.0301,PETIÇÃO INFÂNCIA E JUVENTUDE CÍVEL (11026),CARLOS EDUARDO BARROS DA SILVA
CÍVEL,BELÉM,3ª DEFENSORIA PÚBLICA DE PROTEÇÃO DA INFÂNCIA E DA JUVENTUDE DA CAPITAL,2026-03-11 14:41:08.099092-03:00,0828821-76.2026.8.14.0301,EXECUÇÃO DE MEDIDA DE PROTEÇÃO À CRIANÇA E ADOLESCENTE (1434),CARLOS EDUARDO BARROS DA SILVA
CÍVEL,BELÉM,3ª DEFENSORIA PÚBLICA DE PROTEÇÃO DA INFÂNCIA E DA JUVENTUDE DA CAPITAL,2026-03-11 14:52:59.947894-03:00,0828479-65.2026.8.14.0301,PETIÇÃO INFÂNCIA E JUVENTUDE CÍVEL (11026),CARLOS EDUARDO BARROS DA SILVA
CÍVEL,BELÉM,3ª DEFENSORIA PÚBLICA DE PROTEÇÃO DA INFÂNCIA E DA JUVENTUDE DA CAPITAL,2026-03-12 13:58:07.452479-03:00,0828937-82.2026.8.14.0301,PETIÇÃO INFÂNCIA E JUVENTUDE CÍVEL (11026),CARLOS EDUARDO BARROS DA SILVA
CÍVEL,BELÉM,3ª DEFENSORIA PÚBLICA DE PROTEÇÃO DA INFÂNCIA E DA JUVENTUDE DA CAPITAL,2026-03-16 13:44:48.055490-03:00,0829918-14.2026.8.14.0301,PETIÇÃO INFÂNCIA E JUVENTUDE CÍVEL (11026),CARLOS EDUARDO BARROS DA SILVA
CÍVEL,BELÉM,3ª DEFENSORIA PÚBLICA DE PROTEÇÃO DA INFÂNCIA E DA JUVENTUDE DA CAPITAL,2026-03-17 12:01:59.820996-03:00,0830213-51.2026.8.14.0301,AUTORIZAÇÃO JUDICIAL (1703),CARLOS EDUARDO BARROS DA SILVA
CÍVEL,BELÉM,3ª DEFENSORIA PÚBLICA DE PROTEÇÃO DA INFÂNCIA E DA JUVENTUDE DA CAPITAL,2026-03-18 11:50:18.923217-03:00,0830597-14.2026.8.14.0301,AÇÃO CIVIL PÚBLICA INFÂNCIA E JUVENTUDE (1690),CARLOS EDUARDO BARROS DA SILVA
CÍVEL,BELÉM,3ª DEFENSORIA PÚBLICA DE PROTEÇÃO DA INFÂNCIA E DA JUVENTUDE DA CAPITAL,2026-03-18 13:48:30.440921-03:00,0830660-39.2026.8.14.0301,PROCEDIMENTO COMUM INFÂNCIA E JUVENTUDE (1706),CARLOS EDUARDO BARROS DA SILVA
CÍVEL,BELÉM,3ª DEFENSORIA PÚBLICA DE PROTEÇÃO DA INFÂNCIA E DA JUVENTUDE DA CAPITAL,2026-03-20 14:19:08.014773-03:00,0831525-62.2026.8.14.0301,PROCEDIMENTO COMUM INFÂNCIA E JUVENTUDE (1706),CARLOS EDUARDO BARROS DA SILVA
CÍVEL,BELÉM,3ª DEFENSORIA PÚBLICA DE PROTEÇÃO DA INFÂNCIA E DA JUVENTUDE DA CAPITAL,2026-03-23 12:13:44.181312-03:00,0832027-98.2026.8.14.0301,PETIÇÃO INFÂNCIA E JUVENTUDE CÍVEL (11026),CARLOS EDUARDO BARROS DA SILVA
CÍVEL,BELÉM,3ª DEFENSORIA PÚBLICA DE PROTEÇÃO DA INFÂNCIA E DA JUVENTUDE DA CAPITAL,2026-03-24 12:26:01.507882-03:00,0832445-36.2026.8.14.0301,TUTELA INFÂNCIA E JUVENTUDE (1396),CARLOS EDUARDO BARROS DA SILVA
CÍVEL,BELÉM,3ª DEFENSORIA PÚBLICA DE PROTEÇÃO DA INFÂNCIA E DA JUVENTUDE DA CAPITAL,2026-03-24 12:58:01.963605-03:00,0832713-90.2026.8.14.0301,GUARDA DE INFÂNCIA E JUVENTUDE (1420),CARLOS EDUARDO BARROS DA SILVA
CÍVEL,BELÉM,3ª DEFENSORIA PÚBLICA DE PROTEÇÃO DA INFÂNCIA E DA JUVENTUDE DA CAPITAL,2026-03-26 09:12:24.121958-03:00,0833074-10.2026.8.14.0301,AUTORIZAÇÃO JUDICIAL (1703),CARLOS EDUARDO BARROS DA SILVA
CÍVEL,BELÉM,3ª DEFENSORIA PÚBLICA DE PROTEÇÃO DA INFÂNCIA E DA JUVENTUDE DA CAPITAL,2026-03-27 08:58:23.053343-03:00,0833454-33.2026.8.14.0301,TUTELA INFÂNCIA E JUVENTUDE (1396),CARLOS EDUARDO BARROS DA SILVA
CÍVEL,BELÉM,3ª DEFENSORIA PÚBLICA DE PROTEÇÃO DA INFÂNCIA E DA JUVENTUDE DA CAPITAL,2026-03-31 09:32:28.907656-03:00,0834523-03.2026.8.14.0301,ADOÇÃO FORA DO CADASTRO C/C DESTITUIÇÃO DO PODER FAMILIAR,CARLOS EDUARDO BARROS DA SILVA
CÍVEL,BELÉM,3ª DEFENSORIA PÚBLICA DE PROTEÇÃO DA INFÂNCIA E DA JUVENTUDE DA CAPITAL,2026-04-06 14:15:50.691966-03:00,0837737-02.2026.8.14.0301,PETIÇÃO CÍVEL (241),CARLOS EDUARDO BARROS DA SILVA
CÍVEL,BELÉM,3ª DEFENSORIA PÚBLICA DE PROTEÇÃO DA INFÂNCIA E DA JUVENTUDE DA CAPITAL,2026-04-06 14:17:55.119791-03:00,0837739-69.2026.8.14.0301,PETIÇÃO CÍVEL (241),CARLOS EDUARDO BARROS DA SILVA
CÍVEL,BELÉM,3ª DEFENSORIA PÚBLICA DE PROTEÇÃO DA INFÂNCIA E DA JUVENTUDE DA CAPITAL,2026-04-07 13:59:33.628730-03:00,0839153-05.2026.8.14.0301,PETIÇÃO INFÂNCIA E JUVENTUDE CÍVEL (11026),CARLOS EDUARDO BARROS DA SILVA
CÍVEL,BELÉM,3ª DEFENSORIA PÚBLICA DE PROTEÇÃO DA INFÂNCIA E DA JUVENTUDE DA CAPITAL,2026-04-08 14:04:28.793357-03:00,0840291-07.2026.8.14.0301,PETIÇÃO INFÂNCIA E JUVENTUDE CÍVEL (11026),CARLOS EDUARDO BARROS DA SILVA
CÍVEL,BELÉM,3ª DEFENSORIA PÚBLICA DE PROTEÇÃO DA INFÂNCIA E DA JUVENTUDE DA CAPITAL,2026-04-09 14:18:51.948977-03:00,0840290-22.2026.8.14.0301,PROCEDIMENTO COMUM INFÂNCIA E JUVENTUDE (1706),CARLOS EDUARDO BARROS DA SILVA
CÍVEL,BELÉM,3ª DEFENSORIA PÚBLICA DE PROTEÇÃO DA INFÂNCIA E DA JUVENTUDE DA CAPITAL,2026-04-13 12:29:06.002528-03:00,0841236-91.2026.8.14.0301,ADOÇÃO FORA DO CADASTRO,CARLOS EDUARDO BARROS DA SILVA
CÍVEL,BELÉM,3ª DEFENSORIA PÚBLICA DE PROTEÇÃO DA INFÂNCIA E DA JUVENTUDE DA CAPITAL,2026-04-14 11:40:33.877429-03:00,0841700-18.2026.8.14.0301,AUTORIZAÇÃO JUDICIAL (1703),CARLOS EDUARDO BARROS DA SILVA
CÍVEL,BELÉM,3ª DEFENSORIA PÚBLICA DE PROTEÇÃO DA INFÂNCIA E DA JUVENTUDE DA CAPITAL,2026-04-15 11:09:04.876935-03:00,0842140-14.2026.8.14.0301,GUARDA DE INFÂNCIA E JUVENTUDE (1420),CARLOS EDUARDO BARROS DA SILVA
CÍVEL,BELÉM,3ª DEFENSORIA PÚBLICA DE PROTEÇÃO DA INFÂNCIA E DA JUVENTUDE DA CAPITAL,2026-04-16 13:55:51.011282-03:00,0842832-13.2026.8.14.0301,PROCEDIMENTO COMUM INFÂNCIA E JUVENTUDE (1706),CARLOS EDUARDO BARROS DA SILVA
CÍVEL,BELÉM,3ª DEFENSORIA PÚBLICA DE PROTEÇÃO DA INFÂNCIA E DA JUVENTUDE DA CAPITAL,2026-04-22 12:18:26.508055-03:00,0844170-22.2026.8.14.0301,PETIÇÃO INFÂNCIA E JUVENTUDE CÍVEL (11026),CARLOS EDUARDO BARROS DA SILVA
CÍVEL,BELÉM,3ª DEFENSORIA PÚBLICA DE PROTEÇÃO DA INFÂNCIA E DA JUVENTUDE DA CAPITAL,2026-04-24 14:12:55.497210-03:00,0845240-74.2026.8.14.0301,GUARDA DE INFÂNCIA E JUVENTUDE (1420),CARLOS EDUARDO BARROS DA SILVA
CÍVEL,BELÉM,3ª DEFENSORIA PÚBLICA DE PROTEÇÃO DA INFÂNCIA E DA JUVENTUDE DA CAPITAL,2026-05-04 14:07:39.483084-03:00,0847986-12.2026.8.14.0301,PETIÇÃO INFÂNCIA E JUVENTUDE CÍVEL (11026),CARLOS EDUARDO BARROS DA SILVA
CÍVEL,BELÉM,3ª DEFENSORIA PÚBLICA DE PROTEÇÃO DA INFÂNCIA E DA JUVENTUDE DA CAPITAL,2026-05-07 10:43:10.862939-03:00,0848992-54.2026.8.14.0301,PETIÇÃO INFÂNCIA E JUVENTUDE CÍVEL (11026),CARLOS EDUARDO BARROS DA SILVA
CÍVEL,BELÉM,3ª DEFENSORIA PÚBLICA DE PROTEÇÃO DA INFÂNCIA E DA JUVENTUDE DA CAPITAL,2026-05-07 13:55:13.061115-03:00,0849106-90.2026.8.14.0301,PETIÇÃO INFÂNCIA E JUVENTUDE CÍVEL (11026),CARLOS EDUARDO BARROS DA SILVA
CÍVEL,BELÉM,3ª DEFENSORIA PÚBLICA DE PROTEÇÃO DA INFÂNCIA E DA JUVENTUDE DA CAPITAL,2026-05-07 13:56:36.894220-03:00,0849107-75.2026.8.14.0301,PROCEDIMENTO COMUM INFÂNCIA E JUVENTUDE (1706),CARLOS EDUARDO BARROS DA SILVA
CÍVEL,BELÉM,3ª DEFENSORIA PÚBLICA DE PROTEÇÃO DA INFÂNCIA E DA JUVENTUDE DA CAPITAL,2026-05-08 10:28:12.205060-03:00,0849368-40.2026.8.14.0301,PETIÇÃO INFÂNCIA E JUVENTUDE CÍVEL (11026),CARLOS EDUARDO BARROS DA SILVA
CÍVEL,BELÉM,3ª DEFENSORIA PÚBLICA DE PROTEÇÃO DA INFÂNCIA E DA JUVENTUDE DA CAPITAL,2026-05-20 13:19:10.064360-03:00,0853277-90.2026.8.14.0301,GUARDA DE INFÂNCIA E JUVENTUDE (1420),CARLOS EDUARDO BARROS DA SILVA
CÍVEL,BELÉM,3ª DEFENSORIA PÚBLICA DE PROTEÇÃO DA INFÂNCIA E DA JUVENTUDE DA CAPITAL,2026-05-20 13:36:54.109746-03:00,0853288-22.2026.8.14.0301,PETIÇÃO INFÂNCIA E JUVENTUDE CÍVEL (11026),CARLOS EDUARDO BARROS DA SILVA
CÍVEL,BELÉM,3ª DEFENSORIA PÚBLICA DE PROTEÇÃO DA INFÂNCIA E DA JUVENTUDE DA CAPITAL,2026-05-26 09:58:00.661393-03:00,0855028-15.2026.8.14.0301,AUTORIZAÇÃO JUDICIAL (1703),CARLOS EDUARDO BARROS DA SILVA
CÍVEL,BELÉM,3ª DEFENSORIA PÚBLICA DE PROTEÇÃO DA INFÂNCIA E DA JUVENTUDE DA CAPITAL,2026-06-01 13:43:01.837884-03:00,0857082-51.2026.8.14.0301,GUARDA DE INFÂNCIA E JUVENTUDE (1420),CARLOS EDUARDO BARROS DA SILVA
CÍVEL,BELÉM,3ª DEFENSORIA PÚBLICA DE PROTEÇÃO DA INFÂNCIA E DA JUVENTUDE DA CAPITAL,2026-06-01 14:09:44.946508-03:00,0857094-65.2026.8.14.0301,GUARDA DE INFÂNCIA E JUVENTUDE (1420),CARLOS EDUARDO BARROS DA SILVA
CÍVEL,BELÉM,3ª DEFENSORIA PÚBLICA DE PROTEÇÃO DA INFÂNCIA E DA JUVENTUDE DA CAPITAL,2026-06-30 10:21:48.283165-03:00,0865455-71.2026.8.14.0301,PETIÇÃO INFÂNCIA E JUVENTUDE CÍVEL (11026),CARLOS EDUARDO BARROS DA SILVA
CÍVEL,BELÉM,3ª DEFENSORIA PÚBLICA DE PROTEÇÃO DA INFÂNCIA E DA JUVENTUDE DA CAPITAL,2026-07-01 13:21:55.504634-03:00,0866115-65.2026.8.14.0301,AUTORIZAÇÃO JUDICIAL (1703),CARLOS EDUARDO BARROS DA SILVA
CÍVEL,BELÉM,3ª DEFENSORIA PÚBLICA DE PROTEÇÃO DA INFÂNCIA E DA JUVENTUDE DA CAPITAL,2026-07-01 13:55:59.076579-03:00,0866149-40.2026.8.14.0301,AÇÃO CIVIL PÚBLICA INFÂNCIA E JUVENTUDE (1690),CARLOS EDUARDO BARROS DA SILVA
CÍVEL,BELÉM,3ª DEFENSORIA PÚBLICA DE PROTEÇÃO DA INFÂNCIA E DA JUVENTUDE DA CAPITAL,2026-07-03 10:12:22.921845-03:00,0866800-72.2026.8.14.0301,GUARDA DE INFÂNCIA E JUVENTUDE (1420),CARLOS EDUARDO BARROS DA SILVA
CÍVEL,BELÉM,3ª DEFENSORIA PÚBLICA DE PROTEÇÃO DA INFÂNCIA E DA JUVENTUDE DA CAPITAL,2026-07-03 12:18:31.766047-03:00,0815596-98.2026.8.14.0006,PETIÇÃO INFÂNCIA E JUVENTUDE CÍVEL (11026),CARLOS EDUARDO BARROS DA SILVA
CÍVEL,BELÉM,3ª DEFENSORIA PÚBLICA DE PROTEÇÃO DA INFÂNCIA E DA JUVENTUDE DA CAPITAL,2026-07-08 14:09:56.613694-03:00,0868206-31.2026.8.14.0301,AÇÃO CIVIL PÚBLICA (65),CARLOS EDUARDO BARROS DA SILVA
CÍVEL,BELÉM,3ª DEFENSORIA PÚBLICA DE PROTEÇÃO DA INFÂNCIA E DA JUVENTUDE DA CAPITAL,2026-07-09 10:57:06.362825-03:00,0868484-32.2026.8.14.0301,ADOÇÃO FORA DO CADASTRO,CARLOS EDUARDO BARROS DA SILVA
CÍVEL,BELÉM,3ª DEFENSORIA PÚBLICA DE PROTEÇÃO DA INFÂNCIA E DA JUVENTUDE DA CAPITAL,2026-07-13 11:02:05.618168-03:00,0869314-95.2026.8.14.0301,PETIÇÃO INFÂNCIA E JUVENTUDE CÍVEL (11026),CARLOS EDUARDO BARROS DA SILVA
CÍVEL,BELÉM,3ª DEFENSORIA PÚBLICA DE PROTEÇÃO DA INFÂNCIA E DA JUVENTUDE DA CAPITAL,2026-07-15 11:03:05.222479-03:00,0870096-05.2026.8.14.0301,GUARDA DE INFÂNCIA E JUVENTUDE (1420),CARLOS EDUARDO BARROS DA SILVA
CÍVEL,BELÉM,3ª DEFENSORIA PÚBLICA DE PROTEÇÃO DA INFÂNCIA E DA JUVENTUDE DA CAPITAL,2026-07-15 11:28:38.726315-03:00,0870112-56.2026.8.14.0301,GUARDA DE INFÂNCIA E JUVENTUDE (1420),CARLOS EDUARDO BARROS DA SILVA
CÍVEL,BELÉM,3ª DEFENSORIA PÚBLICA DE PROTEÇÃO DA INFÂNCIA E DA JUVENTUDE DA CAPITAL,2026-07-16 11:06:01.873092-03:00,0870422-62.2026.8.14.0301,PETIÇÃO INFÂNCIA E JUVENTUDE CÍVEL (11026),CARLOS EDUARDO BARROS DA SILVA
CÍVEL,BELÉM,3ª DEFENSORIA PÚBLICA DE PROTEÇÃO DA INFÂNCIA E DA JUVENTUDE DA CAPITAL,2026-07-16 11:36:16.290039-03:00,0870435-61.2026.8.14.0301,ADOÇÃO PELO CADASTRO,CARLOS EDUARDO BARROS DA SILVA
CÍVEL,BELÉM,3ª DEFENSORIA PÚBLICA DE PROTEÇÃO DA INFÂNCIA E DA JUVENTUDE DA CAPITAL,2026-07-16 11:52:19.029409-03:00,0870447-75.2026.8.14.0301,PROCEDIMENTO COMUM INFÂNCIA E JUVENTUDE (1706),CARLOS EDUARDO BARROS DA SILVA
CÍVEL,BELÉM,3ª DEFENSORIA PÚBLICA DE PROTEÇÃO DA INFÂNCIA E DA JUVENTUDE DA CAPITAL,2026-07-16 13:28:56.864854-03:00,0870501-41.2026.8.14.0301,AUTORIZAÇÃO JUDICIAL (1703),CARLOS EDUARDO BARROS DA SILVA
CÍVEL,BELÉM,3ª DEFENSORIA PÚBLICA DE PROTEÇÃO DA INFÂNCIA E DA JUVENTUDE DA CAPITAL,2026-07-21 11:26:22.202526-03:00,0805448-25.2026.8.14.0201,GUARDA DE INFÂNCIA E JUVENTUDE (1420),CARLOS EDUARDO BARROS DA SILVA
CÍVEL,BELÉM,3ª DEFENSORIA PÚBLICA DE PROTEÇÃO DA INFÂNCIA E DA JUVENTUDE DA CAPITAL,2026-07-22 09:48:38.478261-03:00,0871921-81.2026.8.14.0301,GUARDA DE INFÂNCIA E JUVENTUDE (1420),CARLOS EDUARDO BARROS DA SILVA
CÍVEL,BELÉM,3ª DEFENSORIA PÚBLICA DE PROTEÇÃO DA INFÂNCIA E DA JUVENTUDE DA CAPITAL,2026-07-28 10:28:23.047577-03:00,0873426-10.2026.8.14.0301,AUTORIZAÇÃO JUDICIAL (1703),CARLOS EDUARDO BARROS DA SILVA
CÍVEL,BELÉM,3ª DEFENSORIA PÚBLICA DE PROTEÇÃO DA INFÂNCIA E DA JUVENTUDE DA CAPITAL,2026-08-03 14:00:11.317908-03:00,0875100-23.2026.8.14.0301,GUARDA DE INFÂNCIA E JUVENTUDE (1420),CARLOS EDUARDO BARROS DA SILVA
CÍVEL,BELÉM,3ª DEFENSORIA PÚBLICA DE PROTEÇÃO DA INFÂNCIA E DA JUVENTUDE DA CAPITAL,2026-08-06 12:26:51.504460-03:00,0876195-88.2026.8.14.0301,GUARDA DE INFÂNCIA E JUVENTUDE (1420),CARLOS EDUARDO BARROS DA SILVA
CÍVEL,BELÉM,3ª DEFENSORIA PÚBLICA DE PROTEÇÃO DA INFÂNCIA E DA JUVENTUDE DA CAPITAL,2026-08-07 09:44:33.210615-03:00,0876476-44.2026.8.14.0301,TUTELA INFÂNCIA E JUVENTUDE (1396),CARLOS EDUARDO BARROS DA SILVA
CÍVEL,BELÉM,3ª DEFENSORIA PÚBLICA DE PROTEÇÃO DA INFÂNCIA E DA JUVENTUDE DA CAPITAL,2026-08-07 11:18:56.617653-03:00,0803675-52.2026.8.14.0133,PETIÇÃO INFÂNCIA E JUVENTUDE CÍVEL (11026),CARLOS EDUARDO BARROS DA SILVA
CÍVEL,BELÉM,3ª DEFENSORIA PÚBLICA DE PROTEÇÃO DA INFÂNCIA E DA JUVENTUDE DA CAPITAL,2026-08-11 13:45:35.353727-03:00,0877536-52.2026.8.14.0301,GUARDA DE INFÂNCIA E JUVENTUDE (1420),CARLOS EDUARDO BARROS DA SILVA
CÍVEL,BELÉM,3ª DEFENSORIA PÚBLICA DE PROTEÇÃO DA INFÂNCIA E DA JUVENTUDE DA CAPITAL,2026-08-25 14:13:46.685306-03:00,0882365-76.2026.8.14.0301,PROCEDIMENTO COMUM INFÂNCIA E JUVENTUDE (1706),CLIVIA RENATA LOUREIRO CROELHAS
CÍVEL,BELÉM,3ª DEFENSORIA PÚBLICA DE PROTEÇÃO DA INFÂNCIA E DA JUVENTUDE DA CAPITAL,2026-08-27 13:05:12.476717-03:00,0883465-66.2026.8.14.0301,PROCEDIMENTO COMUM INFÂNCIA E JUVENTUDE (1706),CLIVIA RENATA LOUREIRO CROELHAS
CÍVEL,BELÉM,3ª DEFENSORIA PÚBLICA DE PROTEÇÃO DA INFÂNCIA E DA JUVENTUDE DA CAPITAL,2026-08-31 13:47:51.326040-03:00,0884705-90.2026.8.14.0301,PROCEDIMENTO COMUM INFÂNCIA E JUVENTUDE (1706),CLIVIA RENATA LOUREIRO CROELHAS
CÍVEL,BELÉM,3ª DEFENSORIA PÚBLICA DE PROTEÇÃO DA INFÂNCIA E DA JUVENTUDE DA CAPITAL,2026-09-09 09:41:27.509777-03:00,0887623-67.2026.8.14.0301,GUARDA DE FAMÍLIA,CLIVIA RENATA LOUREIRO CROELHAS
CÍVEL,BELÉM,3ª DEFENSORIA PÚBLICA DE PROTEÇÃO DA INFÂNCIA E DA JUVENTUDE DA CAPITAL,2026-09-14 10:25:02.941605-03:00,0889002-43.2026.8.14.0301,PROCEDIMENTO COMUM INFÂNCIA E JUVENTUDE (1706),CLIVIA RENATA LOUREIRO CROELHAS
CÍVEL,BELÉM,3ª DEFENSORIA PÚBLICA DE PROTEÇÃO DA INFÂNCIA E DA JUVENTUDE DA CAPITAL,2026-09-22 11:35:52.233630-03:00,0892162-76.2026.8.14.0301,ADOÇÃO FORA DO CADASTRO C/C DESTITUIÇÃO DO PODER FAMILIAR,CLIVIA RENATA LOUREIRO CROELHAS
CÍVEL,BELÉM,4ª DEFENSORIA DE DEFESA DO CONSUMIDOR,2026-01-09 14:56:25.598871-03:00,0801261-62.2026.8.14.0301,PROCEDIMENTO COMUM CÍVEL (7),BERNARDO BRITO DE MORAES
CÍVEL,BELÉM,4ª DEFENSORIA DE DEFESA DO CONSUMIDOR,2026-02-01 10:17:39.284450-03:00,0807377-84.2026.8.14.0301,EMBARGOS À EXECUÇÃO (172),BERNARDO BRITO DE MORAES
CÍVEL,BELÉM,4ª DEFENSORIA DE DEFESA DO CONSUMIDOR,2026-04-08 10:12:28.413408-03:00,0839488-24.2026.8.14.0301,EMBARGOS À EXECUÇÃO (172),BERNARDO BRITO DE MORAES
CÍVEL,BELÉM,4ª DEFENSORIA DE DEFESA DO CONSUMIDOR,2026-04-08 14:01:14.137116-03:00,0839683-09.2026.8.14.0301,PROCEDIMENTO COMUM CÍVEL (7),BERNARDO BRITO DE MORAES
CÍVEL,BELÉM,4ª DEFENSORIA DE DEFESA DO CONSUMIDOR,2026-04-13 10:40:30.129660-03:00,0841175-36.2026.8.14.0301,PROCEDIMENTO COMUM CÍVEL (7),BERNARDO BRITO DE MORAES
CÍVEL,BELÉM,4ª DEFENSORIA DE DEFESA DO CONSUMIDOR,2026-04-13 14:31:36.674727-03:00,0841371-06.2026.8.14.0301,EMBARGOS À EXECUÇÃO (172),BERNARDO BRITO DE MORAES
CÍVEL,BELÉM,4ª DEFENSORIA DE DEFESA DO CONSUMIDOR,2026-04-13 15:56:22.957662-03:00,0841339-98.2026.8.14.0301,PROCEDIMENTO COMUM CÍVEL (7),BERNARDO BRITO DE MORAES
CÍVEL,BELÉM,4ª DEFENSORIA DE DEFESA DO CONSUMIDOR,2026-04-13 16:40:19.211995-03:00,0841366-81.2026.8.14.0301,PROCEDIMENTO COMUM CÍVEL (7),BERNARDO BRITO DE MORAES
CÍVEL,BELÉM,4ª DEFENSORIA DE DEFESA DO CONSUMIDOR,2026-05-04 11:25:28.210274-03:00,0847910-85.2026.8.14.0301,PROCEDIMENTO COMUM CÍVEL (7),BERNARDO BRITO DE MORAES
CÍVEL,BELÉM,4ª DEFENSORIA DE DEFESA DO CONSUMIDOR,2026-05-04 12:52:02.469901-03:00,0847959-29.2026.8.14.0301,PROCEDIMENTO COMUM CÍVEL (7),BERNARDO BRITO DE MORAES
CÍVEL,BELÉM,4ª DEFENSORIA DE DEFESA DO CONSUMIDOR,2026-05-04 15:38:11.545779-03:00,0848031-16.2026.8.14.0301,PROCEDIMENTO COMUM CÍVEL (7),BERNARDO BRITO DE MORAES
CÍVEL,BELÉM,4ª DEFENSORIA DE DEFESA DO CONSUMIDOR,2026-05-08 14:12:23.896416-03:00,0849484-46.2026.8.14.0301,PROCEDIMENTO COMUM CÍVEL (7),BERNARDO BRITO DE MORAES
CÍVEL,BELÉM,4ª DEFENSORIA DE DEFESA DO CONSUMIDOR,2026-05-12 00:04:44.741421-03:00,0850103-73.2026.8.14.0301,PROCEDIMENTO COMUM CÍVEL (7),BERNARDO BRITO DE MORAES
CÍVEL,BELÉM,4ª DEFENSORIA DE DEFESA DO CONSUMIDOR,2026-05-12 21:31:32.532020-03:00,0871693-09.2026.8.14.0301,EMBARGOS À EXECUÇÃO (172),BERNARDO BRITO DE MORAES
CÍVEL,BELÉM,4ª DEFENSORIA DE DEFESA DO CONSUMIDOR,2026-05-15 11:42:42.184241-03:00,0851702-47.2026.8.14.0301,PROCEDIMENTO COMUM CÍVEL (7),BERNARDO BRITO DE MORAES
CÍVEL,BELÉM,4ª DEFENSORIA DE DEFESA DO CONSUMIDOR,2026-05-16 09:00:18.906051-03:00,0851970-04.2026.8.14.0301,PROCEDIMENTO COMUM CÍVEL (7),BERNARDO BRITO DE MORAES
CÍVEL,BELÉM,4ª DEFENSORIA DE DEFESA DO CONSUMIDOR,2026-05-16 10:08:58.563691-03:00,0851978-78.2026.8.14.0301,PROCEDIMENTO COMUM CÍVEL (7),BERNARDO BRITO DE MORAES
CÍVEL,BELÉM,4ª DEFENSORIA DE DEFESA DO CONSUMIDOR,2026-05-16 11:35:03.719890-03:00,0851987-40.2026.8.14.0301,PROCEDIMENTO COMUM CÍVEL (7),BERNARDO BRITO DE MORAES
CÍVEL,BELÉM,4ª DEFENSORIA DE DEFESA DO CONSUMIDOR,2026-05-20 13:39:57.048961-03:00,0853291-74.2026.8.14.0301,PROCEDIMENTO COMUM CÍVEL (7),BERNARDO BRITO DE MORAES
CÍVEL,BELÉM,4ª DEFENSORIA DE DEFESA DO CONSUMIDOR,2026-05-20 13:57:24.235523-03:00,0853304-73.2026.8.14.0301,PROCEDIMENTO COMUM CÍVEL (7),BERNARDO BRITO DE MORAES
CÍVEL,BELÉM,4ª DEFENSORIA DE DEFESA DO CONSUMIDOR,2026-05-21 14:15:37.840316-03:00,0853802-72.2026.8.14.0301,PROCEDIMENTO COMUM CÍVEL (7),BERNARDO BRITO DE MORAES
CÍVEL,BELÉM,4ª DEFENSORIA DE DEFESA DO CONSUMIDOR,2026-06-21 22:34:39.919379-03:00,0862841-93.2026.8.14.0301,PROCEDIMENTO COMUM CÍVEL (7),BERNARDO BRITO DE MORAES
CÍVEL,BELÉM,4ª DEFENSORIA DE DEFESA DO CONSUMIDOR,2026-06-21 23:01:11.622586-03:00,0862843-63.2026.8.14.0301,PROCEDIMENTO COMUM CÍVEL (7),BERNARDO BRITO DE MORAES
CÍVEL,BELÉM,4ª DEFENSORIA DE DEFESA DO CONSUMIDOR,2026-06-25 22:38:35.997430-03:00,0864544-59.2026.8.14.0301,PROCEDIMENTO COMUM CÍVEL (7),BERNARDO BRITO DE MORAES
CÍVEL,BELÉM,4ª DEFENSORIA DE DEFESA DO CONSUMIDOR,2026-06-26 12:33:04.053270-03:00,0864713-46.2026.8.14.0301,PROCEDIMENTO COMUM CÍVEL (7),BERNARDO BRITO DE MORAES
CÍVEL,BELÉM,4ª DEFENSORIA DE DEFESA DO CONSUMIDOR,2026-07-07 22:07:25.749168-03:00,0867999-32.2026.8.14.0301,PROCEDIMENTO COMUM CÍVEL (7),BERNARDO BRITO DE MORAES
CÍVEL,BELÉM,4ª DEFENSORIA DE DEFESA DO CONSUMIDOR,2026-07-08 11:04:05.095248-03:00,0868107-61.2026.8.14.0301,PROCEDIMENTO COMUM CÍVEL (7),BERNARDO BRITO DE MORAES
CÍVEL,BELÉM,4ª DEFENSORIA DE DEFESA DO CONSUMIDOR,2026-07-10 10:16:15.565619-03:00,0876795-12.2026.8.14.0301,PROCEDIMENTO COMUM CÍVEL (7),BERNARDO BRITO DE MORAES
CÍVEL,BELÉM,4ª DEFENSORIA DE DEFESA DO CONSUMIDOR,2026-07-15 13:28:48.210223-03:00,0870174-96.2026.8.14.0301,PROCEDIMENTO COMUM CÍVEL (7),BERNARDO BRITO DE MORAES
CÍVEL,BELÉM,4ª DEFENSORIA DE DEFESA DO CONSUMIDOR,2026-07-15 15:03:38.102992-03:00,0870221-70.2026.8.14.0301,PROCEDIMENTO COMUM CÍVEL (7),BERNARDO BRITO DE MORAES
CÍVEL,BELÉM,4ª DEFENSORIA DE DEFESA DO CONSUMIDOR,2026-07-16 13:34:22.522054-03:00,0870508-33.2026.8.14.0301,PROCEDIMENTO COMUM CÍVEL (7),BERNARDO BRITO DE MORAES
CÍVEL,BELÉM,4ª DEFENSORIA DE DEFESA DO CONSUMIDOR,2026-07-16 15:57:33.017290-03:00,0870582-87.2026.8.14.0301,PROCEDIMENTO COMUM CÍVEL (7),BERNARDO BRITO DE MORAES
CÍVEL,BELÉM,4ª DEFENSORIA DE DEFESA DO CONSUMIDOR,2026-07-17 09:57:45.507157-03:00,0870737-90.2026.8.14.0301,PROCEDIMENTO COMUM CÍVEL (7),BERNARDO BRITO DE MORAES
CÍVEL,BELÉM,4ª DEFENSORIA DE DEFESA DO CONSUMIDOR,2026-07-17 12:08:07.495808-03:00,0870803-70.2026.8.14.0301,PROCEDIMENTO COMUM CÍVEL (7),BERNARDO BRITO DE MORAES
CÍVEL,BELÉM,4ª DEFENSORIA DE DEFESA DO CONSUMIDOR,2026-07-17 14:54:51.749631-03:00,0870897-18.2026.8.14.0301,PROCEDIMENTO COMUM CÍVEL (7),BERNARDO BRITO DE MORAES
CÍVEL,BELÉM,4ª DEFENSORIA DE DEFESA DO CONSUMIDOR,2026-08-14 10:53:28.286664-03:00,0878721-28.2026.8.14.0301,PROCEDIMENTO COMUM CÍVEL (7),BERNARDO BRITO DE MORAES
CÍVEL,BELÉM,4ª DEFENSORIA DE DEFESA DO CONSUMIDOR,2026-08-21 13:35:10.945040-03:00,0881332-51.2026.8.14.0301,PROCEDIMENTO COMUM CÍVEL (7),BERNARDO BRITO DE MORAES
CÍVEL,BELÉM,4ª DEFENSORIA DE DEFESA DO CONSUMIDOR,2026-08-21 15:22:21.239158-03:00,0881399-16.2026.8.14.0301,PROCEDIMENTO COMUM CÍVEL (7),BERNARDO BRITO DE MORAES
CÍVEL,BELÉM,4ª DEFENSORIA DE DEFESA DO CONSUMIDOR,2026-09-11 12:08:09.643208-03:00,0888548-63.2026.8.14.0301,PROCEDIMENTO COMUM CÍVEL (7),BERNARDO BRITO DE MORAES
CÍVEL,BELÉM,4ª DEFENSORIA DE DEFESA DO CONSUMIDOR,2026-09-11 12:54:29.896737-03:00,0888577-16.2026.8.14.0301,PROCEDIMENTO COMUM CÍVEL (7),BERNARDO BRITO DE MORAES
CÍVEL,BELÉM,4ª DEFENSORIA DE DEFESA DO CONSUMIDOR,2026-09-15 11:24:11.812221-03:00,0889472-74.2026.8.14.0301,PROCEDIMENTO COMUM CÍVEL (7),BERNARDO BRITO DE MORAES
CÍVEL,BELÉM,4ª DEFENSORIA DE DEFESA DO CONSUMIDOR,2026-09-15 14:33:48.686555-03:00,0889604-34.2026.8.14.0301,PROCEDIMENTO COMUM CÍVEL (7),BERNARDO BRITO DE MORAES
CÍVEL,BELÉM,4ª DEFENSORIA DE DEFESA DO CONSUMIDOR,2026-09-21 23:40:42.808385-03:00,0891881-23.2026.8.14.0301,EMBARGOS À EXECUÇÃO (172),BERNARDO BRITO DE MORAES
CÍVEL,BELÉM,4ª DEFENSORIA PÚBLICA CÍVEL,2026-01-12 08:57:00.947036-03:00,0801432-19.2026.8.14.0301,EMBARGOS À EXECUÇÃO (172),REINALDO MARTINS JUNIOR
CÍVEL,BELÉM,4ª DEFENSORIA PÚBLICA CÍVEL,2026-01-12 09:14:18.598638-03:00,0801439-11.2026.8.14.0301,PROCEDIMENTO COMUM CÍVEL (7),REINALDO MARTINS JUNIOR
CÍVEL,BELÉM,4ª DEFENSORIA PÚBLICA CÍVEL,2026-01-14 10:49:58.215663-03:00,0802244-61.2026.8.14.0301,INVENTÁRIO (39),REINALDO MARTINS JUNIOR
CÍVEL,BELÉM,4ª DEFENSORIA PÚBLICA CÍVEL,2026-01-16 10:32:33.277083-03:00,0803957-71.2026.8.14.0301,INVENTÁRIO (39),REINALDO MARTINS JUNIOR
CÍVEL,BELÉM,4ª DEFENSORIA PÚBLICA CÍVEL,2026-01-22 10:38:26.246760-03:00,0804696-44.2026.8.14.0301,PROCEDIMENTO COMUM CÍVEL (7),REINALDO MARTINS JUNIOR
CÍVEL,BELÉM,4ª DEFENSORIA PÚBLICA CÍVEL,2026-01-23 15:29:23.356864-03:00,0805329-55.2026.8.14.0301,EXIBIÇÃO DE DOCUMENTO OU COISA CÍVEL (228),REINALDO MARTINS JUNIOR
CÍVEL,BELÉM,4ª DEFENSORIA PÚBLICA CÍVEL,2026-01-31 13:43:18.478361-03:00,0807328-43.2026.8.14.0301,PROCEDIMENTO COMUM CÍVEL (7),REINALDO MARTINS JUNIOR
CÍVEL,BELÉM,4ª DEFENSORIA PÚBLICA CÍVEL,2026-02-04 14:31:33.437050-03:00,0815143-91.2026.8.14.0301,REINTEGRAÇÃO / MANUTENÇÃO DE POSSE (1707),REINALDO MARTINS JUNIOR
CÍVEL,BELÉM,4ª DEFENSORIA PÚBLICA CÍVEL,2026-02-05 17:01:13.978731-03:00,0817487-45.2026.8.14.0301,INVENTÁRIO (39),REINALDO MARTINS JUNIOR
CÍVEL,BELÉM,4ª DEFENSORIA PÚBLICA CÍVEL,2026-02-06 12:28:29.229822-03:00,0817930-93.2026.8.14.0301,PROCEDIMENTO COMUM CÍVEL (7),REINALDO MARTINS JUNIOR
CÍVEL,BELÉM,4ª DEFENSORIA PÚBLICA CÍVEL,2026-03-10 09:27:48.820226-03:00,0827633-48.2026.8.14.0301,PROCEDIMENTO COMUM CÍVEL (7),REINALDO MARTINS JUNIOR
CÍVEL,BELÉM,4ª DEFENSORIA PÚBLICA CÍVEL,2026-03-20 10:13:54.319746-03:00,0801161-13.2026.8.14.0009,REINTEGRAÇÃO / MANUTENÇÃO DE POSSE (1707),REINALDO MARTINS JUNIOR
CÍVEL,BELÉM,4ª DEFENSORIA PÚBLICA CÍVEL,2026-03-30 09:52:48.257401-03:00,0834997-71.2026.8.14.0301,INVENTÁRIO (39),REINALDO MARTINS JUNIOR
CÍVEL,BELÉM,4ª DEFENSORIA PÚBLICA CÍVEL,2026-03-30 14:13:04.286893-03:00,0834229-48.2026.8.14.0301,PROCEDIMENTO COMUM CÍVEL (7),REINALDO MARTINS JUNIOR
CÍVEL,BELÉM,4ª DEFENSORIA PÚBLICA CÍVEL,2026-04-23 08:51:56.470796-03:00,0844499-34.2026.8.14.0301,INVENTÁRIO (39),REINALDO MARTINS JUNIOR
CÍVEL,BELÉM,4ª DEFENSORIA PÚBLICA CÍVEL,2026-04-23 09:48:04.595904-03:00,0844497-64.2026.8.14.0301,INVENTÁRIO (39),REINALDO MARTINS JUNIOR
CÍVEL,BELÉM,4ª DEFENSORIA PÚBLICA CÍVEL,2026-04-26 17:04:55.276477-03:00,0845599-24.2026.8.14.0301,INVENTÁRIO (39),REINALDO MARTINS JUNIOR
CÍVEL,BELÉM,4ª DEFENSORIA PÚBLICA CÍVEL,2026-04-28 09:12:54.504747-03:00,0846161-33.2026.8.14.0301,REINTEGRAÇÃO / MANUTENÇÃO DE POSSE (1707),REINALDO MARTINS JUNIOR
CÍVEL,BELÉM,4ª DEFENSORIA PÚBLICA CÍVEL,2026-05-05 09:03:23.596444-03:00,0848202-70.2026.8.14.0301,LIQUIDAÇÃO DE SENTENÇA PELO PROCEDIMENTO COMUM (152),REINALDO MARTINS JUNIOR
CÍVEL,BELÉM,4ª DEFENSORIA PÚBLICA CÍVEL,2026-05-05 09:09:26.421804-03:00,0848193-11.2026.8.14.0301,LIQUIDAÇÃO DE SENTENÇA PELO PROCEDIMENTO COMUM (152),REINALDO MARTINS JUNIOR
CÍVEL,BELÉM,4ª DEFENSORIA PÚBLICA CÍVEL,2026-05-07 09:44:29.980921-03:00,0848973-48.2026.8.14.0301,INVENTÁRIO (39),REINALDO MARTINS JUNIOR
CÍVEL,BELÉM,4ª DEFENSORIA PÚBLICA CÍVEL,2026-05-19 10:30:42.772240-03:00,0852666-40.2026.8.14.0301,INVENTÁRIO (39),REINALDO MARTINS JUNIOR
CÍVEL,BELÉM,4ª DEFENSORIA PÚBLICA CÍVEL,2026-05-29 10:24:43.411868-03:00,0856492-74.2026.8.14.0301,INVENTÁRIO (39),REINALDO MARTINS JUNIOR
CÍVEL,BELÉM,4ª DEFENSORIA PÚBLICA CÍVEL,2026-05-29 11:28:30.769519-03:00,0856491-89.2026.8.14.0301,INVENTÁRIO (39),REINALDO MARTINS JUNIOR
CÍVEL,BELÉM,4ª DEFENSORIA PÚBLICA CÍVEL,2026-06-08 10:54:19.477400-03:00,0858616-30.2026.8.14.0301,INVENTÁRIO (39),REINALDO MARTINS JUNIOR
CÍVEL,BELÉM,4ª DEFENSORIA PÚBLICA CÍVEL,2026-06-10 13:24:14.610056-03:00,0859750-92.2026.8.14.0301,INVENTÁRIO (39),REINALDO MARTINS JUNIOR
CÍVEL,BELÉM,4ª DEFENSORIA PÚBLICA CÍVEL,2026-06-12 10:30:17.688320-03:00,0860322-48.2026.8.14.0301,INVENTÁRIO (39),REINALDO MARTINS JUNIOR
CÍVEL,BELÉM,4ª DEFENSORIA PÚBLICA CÍVEL,2026-06-24 11:58:50.895155-03:00,0864012-85.2026.8.14.0301,INVENTÁRIO (39),REINALDO MARTINS JUNIOR
CÍVEL,BELÉM,4ª DEFENSORIA PÚBLICA CÍVEL,2026-08-21 11:15:45.727653-03:00,0881230-29.2026.8.14.0301,PROCEDIMENTO COMUM CÍVEL (7),REINALDO MARTINS JUNIOR
CÍVEL,BELÉM,4ª DEFENSORIA PÚBLICA CÍVEL,2026-08-27 12:47:27.951217-03:00,0883345-23.2026.8.14.0301,PROCEDIMENTO COMUM CÍVEL (7),REINALDO MARTINS JUNIOR
CÍVEL,BELÉM,4ª DEFENSORIA PÚBLICA CÍVEL,2026-09-16 10:42:22.296458-03:00,0890022-69.2026.8.14.0301,INVENTÁRIO (39),REINALDO MARTINS JUNIOR
CÍVEL,BELÉM,4ª DEFENSORIA PUBLICA DE DEFESA DA MORADIA,2026-03-27 12:49:09.040892-03:00,0807118-04.2026.8.14.0006,DIVÓRCIO CONSENSUAL (12372),CLAUDINE RIBEIRO DE OLIVEIRA MARTINS BECKMAN
CÍVEL,BELÉM,4ª DEFENSORIA PUBLICA DE DEFESA DA MORADIA,2026-06-08 11:41:13.819959-03:00,0858646-65.2026.8.14.0301,USUCAPIÃO (49),CLAUDINE RIBEIRO DE OLIVEIRA MARTINS BECKMAN
CÍVEL,BELÉM,4ª DEFENSORIA PUBLICA DE DEFESA DA MORADIA,2026-06-17 13:48:43.491833-03:00,0862184-54.2026.8.14.0301,USUCAPIÃO (49),CLAUDINE RIBEIRO DE OLIVEIRA MARTINS BECKMAN
CÍVEL,BELÉM,4ª DEFENSORIA PUBLICA DE DEFESA DA MORADIA,2026-07-08 11:53:14.638492-03:00,0868146-58.2026.8.14.0301,USUCAPIÃO (49),CLAUDINE RIBEIRO DE OLIVEIRA MARTINS BECKMAN
CÍVEL,BELÉM,4ª DEFENSORIA PUBLICA DE DEFESA DA MORADIA,2026-08-03 20:23:44.470553-03:00,0875259-63.2026.8.14.0301,USUCAPIÃO (49),CLAUDINE RIBEIRO DE OLIVEIRA MARTINS BECKMAN
CÍVEL,BELÉM,4ª DEFENSORIA PUBLICA DE DEFESA DA MORADIA,2026-08-28 11:51:15.579431-03:00,0884868-70.2026.8.14.0301,USUCAPIÃO (49),CLAUDINE RIBEIRO DE OLIVEIRA MARTINS BECKMAN
CÍVEL,BELÉM,4ª DEFENSORIA PUBLICA DE DEFESA DA MORADIA,2026-09-09 14:20:38.521858-03:00,0888567-69.2026.8.14.0301,USUCAPIÃO (49),CLAUDINE RIBEIRO DE OLIVEIRA MARTINS BECKMAN
CÍVEL,BELÉM,4ª  DEFENSORIA PUBLICA DE ENFRENTAMENTO A VIOLENCIA DE GENERO,2026-01-27 11:36:44.347574-03:00,0806277-94.2026.8.14.0301,DIVÓRCIO LITIGIOSO (12541),JOSEANE ROCHA GODOY SANTANA
CÍVEL,BELÉM,4ª  DEFENSORIA PUBLICA DE ENFRENTAMENTO A VIOLENCIA DE GENERO,2026-01-27 13:07:09.375256-03:00,0806298-70.2026.8.14.0301,GUARDA DE INFÂNCIA E JUVENTUDE (1420),JOSEANE ROCHA GODOY SANTANA
CÍVEL,BELÉM,4ª  DEFENSORIA PUBLICA DE ENFRENTAMENTO A VIOLENCIA DE GENERO,2026-02-02 09:48:45.434840-03:00,0813910-59.2026.8.14.0301,PROCEDIMENTO COMUM CÍVEL (7),JOSEANE ROCHA GODOY SANTANA
CÍVEL,BELÉM,4ª  DEFENSORIA PUBLICA DE ENFRENTAMENTO A VIOLENCIA DE GENERO,2026-02-02 11:22:38.830082-03:00,0813574-55.2026.8.14.0301,PROCEDIMENTO COMUM CÍVEL (7),JOSEANE ROCHA GODOY SANTANA
CÍVEL,BELÉM,4ª  DEFENSORIA PUBLICA DE ENFRENTAMENTO A VIOLENCIA DE GENERO,2026-02-06 11:25:04.130939-03:00,0817874-60.2026.8.14.0301,GUARDA DE INFÂNCIA E JUVENTUDE (1420),JOSEANE ROCHA GODOY SANTANA
CÍVEL,BELÉM,4ª  DEFENSORIA PUBLICA DE ENFRENTAMENTO A VIOLENCIA DE GENERO,2026-02-09 11:49:29.029458-03:00,0819642-21.2026.8.14.0301,GUARDA DE INFÂNCIA E JUVENTUDE (1420),JOSEANE ROCHA GODOY SANTANA
CÍVEL,BELÉM,4ª  DEFENSORIA PUBLICA DE ENFRENTAMENTO A VIOLENCIA DE GENERO,2026-02-09 11:49:47.057427-03:00,0819898-61.2026.8.14.0301,ALIMENTOS - LEI ESPECIAL Nº 5.478/68 (69),JOSEANE ROCHA GODOY SANTANA
CÍVEL,BELÉM,4ª  DEFENSORIA PUBLICA DE ENFRENTAMENTO A VIOLENCIA DE GENERO,2026-02-09 13:50:35.123039-03:00,0819912-45.2026.8.14.0301,PROCEDIMENTO COMUM CÍVEL (7),JOSEANE ROCHA GODOY SANTANA
CÍVEL,BELÉM,4ª  DEFENSORIA PUBLICA DE ENFRENTAMENTO A VIOLENCIA DE GENERO,2026-02-27 12:21:28.891067-03:00,0824792-80.2026.8.14.0301,PROCEDIMENTO COMUM CÍVEL (7),JOSEANE ROCHA GODOY SANTANA
CÍVEL,BELÉM,4ª  DEFENSORIA PUBLICA DE ENFRENTAMENTO A VIOLENCIA DE GENERO,2026-03-06 11:26:29.581590-03:00,0827715-79.2026.8.14.0301,PROCEDIMENTO COMUM CÍVEL (7),JOSEANE ROCHA GODOY SANTANA
CÍVEL,BELÉM,4ª  DEFENSORIA PUBLICA DE ENFRENTAMENTO A VIOLENCIA DE GENERO,2026-03-18 17:03:42.255782-03:00,0831265-82.2026.8.14.0301,PROCEDIMENTO COMUM CÍVEL (7),JOSEANE ROCHA GODOY SANTANA
CÍVEL,BELÉM,4ª  DEFENSORIA PUBLICA DE ENFRENTAMENTO A VIOLENCIA DE GENERO,2026-04-06 11:18:37.595406-03:00,0841864-80.2026.8.14.0301,PROCEDIMENTO COMUM CÍVEL (7),JOSEANE ROCHA GODOY SANTANA
CÍVEL,BELÉM,4ª  DEFENSORIA PUBLICA DE ENFRENTAMENTO A VIOLENCIA DE GENERO,2026-04-10 17:53:19.938649-03:00,0840931-10.2026.8.14.0301,PROCEDIMENTO COMUM CÍVEL (7),JOSEANE ROCHA GODOY SANTANA
CÍVEL,BELÉM,4ª  DEFENSORIA PUBLICA DE ENFRENTAMENTO A VIOLENCIA DE GENERO,2026-04-13 11:42:56.862831-03:00,0841880-34.2026.8.14.0301,PROCEDIMENTO COMUM CÍVEL (7),JOSEANE ROCHA GODOY SANTANA
CÍVEL,BELÉM,4ª  DEFENSORIA PUBLICA DE ENFRENTAMENTO A VIOLENCIA DE GENERO,2026-04-14 12:07:44.015254-03:00,0841723-61.2026.8.14.0301,PROCEDIMENTO COMUM CÍVEL (7),JOSEANE ROCHA GODOY SANTANA
CÍVEL,BELÉM,4ª  DEFENSORIA PUBLICA DE ENFRENTAMENTO A VIOLENCIA DE GENERO,2026-04-29 11:37:47.482559-03:00,0854649-74.2026.8.14.0301,CUMPRIMENTO DE SENTENÇA (156),JOSEANE ROCHA GODOY SANTANA
CÍVEL,BELÉM,4ª  DEFENSORIA PUBLICA DE ENFRENTAMENTO A VIOLENCIA DE GENERO,2026-05-07 11:44:11.188825-03:00,0851924-15.2026.8.14.0301,ALIMENTOS - LEI ESPECIAL Nº 5.478/68 (69),JOSEANE ROCHA GODOY SANTANA
CÍVEL,BELÉM,4ª  DEFENSORIA PUBLICA DE ENFRENTAMENTO A VIOLENCIA DE GENERO,2026-05-26 11:49:25.752367-03:00,0858696-91.2026.8.14.0301,PROCEDIMENTO COMUM CÍVEL (7),JOSEANE ROCHA GODOY SANTANA
CÍVEL,BELÉM,4ª  DEFENSORIA PUBLICA DE ENFRENTAMENTO A VIOLENCIA DE GENERO,2026-05-28 11:06:52.443405-03:00,0856108-14.2026.8.14.0301,PROCEDIMENTO COMUM CÍVEL (7),JOSEANE ROCHA GODOY SANTANA
CÍVEL,BELÉM,4ª  DEFENSORIA PUBLICA DE ENFRENTAMENTO A VIOLENCIA DE GENERO,2026-06-01 11:08:44.251643-03:00,0858709-90.2026.8.14.0301,DIVÓRCIO LITIGIOSO (12541),JOSEANE ROCHA GODOY SANTANA
CÍVEL,BELÉM,4ª  DEFENSORIA PUBLICA DE ENFRENTAMENTO A VIOLENCIA DE GENERO,2026-06-03 13:02:31.347316-03:00,0859021-66.2026.8.14.0301,PROCEDIMENTO DO JUIZADO ESPECIAL CÍVEL (436),JOSEANE ROCHA GODOY SANTANA
CÍVEL,BELÉM,4ª  DEFENSORIA PUBLICA DE ENFRENTAMENTO A VIOLENCIA DE GENERO,2026-06-08 11:43:51.951467-03:00,0858648-35.2026.8.14.0301,PROCEDIMENTO COMUM CÍVEL (7),JOSEANE ROCHA GODOY SANTANA
CÍVEL,BELÉM,4ª  DEFENSORIA PUBLICA DE ENFRENTAMENTO A VIOLENCIA DE GENERO,2026-06-11 13:08:31.022359-03:00,0861314-09.2026.8.14.0301,PROCEDIMENTO COMUM CÍVEL (7),JOSEANE ROCHA GODOY SANTANA
CÍVEL,BELÉM,4ª  DEFENSORIA PUBLICA DE ENFRENTAMENTO A VIOLENCIA DE GENERO,2026-06-25 09:10:27.034073-03:00,0865649-71.2026.8.14.0301,PROCEDIMENTO COMUM CÍVEL (7),JOSEANE ROCHA GODOY SANTANA
CÍVEL,BELÉM,4ª  DEFENSORIA PUBLICA DE ENFRENTAMENTO A VIOLENCIA DE GENERO,2026-06-25 17:47:47.123438-03:00,0865695-60.2026.8.14.0301,DIVÓRCIO LITIGIOSO (12541),JOSEANE ROCHA GODOY SANTANA
CÍVEL,BELÉM,4ª  DEFENSORIA PUBLICA DE ENFRENTAMENTO A VIOLENCIA DE GENERO,2026-06-30 11:53:21.657698-03:00,0865816-88.2026.8.14.0301,PROCEDIMENTO COMUM CÍVEL (7),JOSEANE ROCHA GODOY SANTANA
CÍVEL,BELÉM,4ª  DEFENSORIA PUBLICA DE ENFRENTAMENTO A VIOLENCIA DE GENERO,2026-07-01 12:07:56.168538-03:00,0866267-16.2026.8.14.0301,DIVÓRCIO LITIGIOSO (12541),JOSEANE ROCHA GODOY SANTANA
CÍVEL,BELÉM,4ª  DEFENSORIA PUBLICA DE ENFRENTAMENTO A VIOLENCIA DE GENERO,2026-07-02 20:33:25.855902-03:00,0868553-64.2026.8.14.0301,ALIMENTOS - LEI ESPECIAL Nº 5.478/68 (69),DAIANE LIMA DOS SANTOS
CÍVEL,BELÉM,4ª  DEFENSORIA PUBLICA DE ENFRENTAMENTO A VIOLENCIA DE GENERO,2026-07-09 09:51:46.126989-03:00,0869713-27.2026.8.14.0301,PROCEDIMENTO COMUM CÍVEL (7),DAIANE LIMA DOS SANTOS
CÍVEL,BELÉM,4ª  DEFENSORIA PUBLICA DE ENFRENTAMENTO A VIOLENCIA DE GENERO,2026-07-09 23:59:27.099841-03:00,0870480-65.2026.8.14.0301,ALIMENTOS - LEI ESPECIAL Nº 5.478/68 (69),DAIANE LIMA DOS SANTOS
CÍVEL,BELÉM,4ª  DEFENSORIA PUBLICA DE ENFRENTAMENTO A VIOLENCIA DE GENERO,2026-07-15 11:21:17.748626-03:00,0870824-46.2026.8.14.0301,PROCEDIMENTO COMUM CÍVEL (7),JOSEANE ROCHA GODOY SANTANA
CÍVEL,BELÉM,4ª  DEFENSORIA PUBLICA DE ENFRENTAMENTO A VIOLENCIA DE GENERO,2026-07-15 12:18:13.047609-03:00,0871152-73.2026.8.14.0301,ALIMENTOS - LEI ESPECIAL Nº 5.478/68 (69),JOSEANE ROCHA GODOY SANTANA
CÍVEL,BELÉM,4ª  DEFENSORIA PUBLICA DE ENFRENTAMENTO A VIOLENCIA DE GENERO,2026-07-16 19:28:40.170959-03:00,0871231-52.2026.8.14.0301,DIVÓRCIO LITIGIOSO (12541),DAIANE LIMA DOS SANTOS
CÍVEL,BELÉM,4ª  DEFENSORIA PUBLICA DE ENFRENTAMENTO A VIOLENCIA DE GENERO,2026-07-23 10:17:47.003080-03:00,0873499-79.2026.8.14.0301,PROCEDIMENTO COMUM CÍVEL (7),JOSEANE ROCHA GODOY SANTANA
CÍVEL,BELÉM,4ª  DEFENSORIA PUBLICA DE ENFRENTAMENTO A VIOLENCIA DE GENERO,2026-08-04 10:07:44.406042-03:00,0877063-66.2026.8.14.0301,ALIMENTOS - LEI ESPECIAL Nº 5.478/68 (69),JOSEANE ROCHA GODOY SANTANA
CÍVEL,BELÉM,4ª  DEFENSORIA PUBLICA DE ENFRENTAMENTO A VIOLENCIA DE GENERO,2026-08-04 18:48:37.578648-03:00,0875636-34.2026.8.14.0301,DIVÓRCIO LITIGIOSO (12541),JOSEANE ROCHA GODOY SANTANA
CÍVEL,BELÉM,4ª  DEFENSORIA PUBLICA DE ENFRENTAMENTO A VIOLENCIA DE GENERO,2026-08-07 12:50:11.267272-03:00,0877094-86.2026.8.14.0301,PROCEDIMENTO COMUM CÍVEL (7),JOSEANE ROCHA GODOY SANTANA
CÍVEL,BELÉM,4ª  DEFENSORIA PUBLICA DE ENFRENTAMENTO A VIOLENCIA DE GENERO,2026-08-21 11:07:16.220678-03:00,0881720-51.2026.8.14.0301,DIVÓRCIO LITIGIOSO (12541),JOSEANE ROCHA GODOY SANTANA
CÍVEL,BELÉM,4ª  DEFENSORIA PUBLICA DE ENFRENTAMENTO A VIOLENCIA DE GENERO,2026-08-26 12:58:57.446853-03:00,0882832-55.2026.8.14.0301,DIVÓRCIO LITIGIOSO (12541),JOSEANE ROCHA GODOY SANTANA
CÍVEL,BELÉM,4ª  DEFENSORIA PUBLICA DE ENFRENTAMENTO A VIOLENCIA DE GENERO,2026-08-31 09:05:11.514912-03:00,0888764-24.2026.8.14.0301,DIVÓRCIO LITIGIOSO (12541),JOSEANE ROCHA GODOY SANTANA
CÍVEL,BELÉM,4ª  DEFENSORIA PUBLICA DE ENFRENTAMENTO A VIOLENCIA DE GENERO,2026-09-07 11:25:56.835702-03:00,0888775-53.2026.8.14.0301,PROCEDIMENTO COMUM CÍVEL (7),JOSEANE ROCHA GODOY SANTANA
CÍVEL,BELÉM,4ª  DEFENSORIA PUBLICA DE ENFRENTAMENTO A VIOLENCIA DE GENERO,2026-09-07 22:40:42.297058-03:00,0888801-51.2026.8.14.0301,PROCEDIMENTO COMUM CÍVEL (7),JOSEANE ROCHA GODOY SANTANA
CÍVEL,BELÉM,4ª  DEFENSORIA PUBLICA DE ENFRENTAMENTO A VIOLENCIA DE GENERO,2026-09-08 11:42:29.382573-03:00,0889267-45.2026.8.14.0301,DIVÓRCIO LITIGIOSO (12541),JOSEANE ROCHA GODOY SANTANA
CÍVEL,BELÉM,4ª  DEFENSORIA PUBLICA DE ENFRENTAMENTO A VIOLENCIA DE GENERO,2026-09-10 18:53:03.857353-03:00,0889335-92.2026.8.14.0301,ALIMENTOS - LEI ESPECIAL Nº 5.478/68 (69),JOSEANE ROCHA GODOY SANTANA
CÍVEL,BELÉM,4ª  DEFENSORIA PUBLICA DE ENFRENTAMENTO A VIOLENCIA DE GENERO,2026-09-11 12:09:58.058597-03:00,0889339-32.2026.8.14.0301,PROCEDIMENTO COMUM CÍVEL (7),JOSEANE ROCHA GODOY SANTANA
CÍVEL,BELÉM,4ª  DEFENSORIA PUBLICA DE ENFRENTAMENTO A VIOLENCIA DE GENERO,2026-09-11 14:22:41.945360-03:00,0889341-02.2026.8.14.0301,PROCEDIMENTO COMUM CÍVEL (7),JOSEANE ROCHA GODOY SANTANA
CÍVEL,BELÉM,4ª  DEFENSORIA PUBLICA DE ENFRENTAMENTO A VIOLENCIA DE GENERO,2026-09-15 11:03:38.941975-03:00,0890465-20.2026.8.14.0301,ALIMENTOS - LEI ESPECIAL Nº 5.478/68 (69),DAIANE LIMA DOS SANTOS
CÍVEL,BELÉM,4ª  DEFENSORIA PUBLICA DE ENFRENTAMENTO A VIOLENCIA DE GENERO,2026-09-16 09:14:28.529211-03:00,0891605-89.2026.8.14.0301,CUMPRIMENTO DE SENTENÇA (156),DAIANE LIMA DOS SANTOS
CÍVEL,BELÉM,4ª  DEFENSORIA PUBLICA DE ENFRENTAMENTO A VIOLENCIA DE GENERO,2026-09-16 12:39:47.073165-03:00,0891649-11.2026.8.14.0301,ALIMENTOS - LEI ESPECIAL Nº 5.478/68 (69),DAIANE LIMA DOS SANTOS
CÍVEL,BELÉM,4ª  DEFENSORIA PUBLICA DE ENFRENTAMENTO A VIOLENCIA DE GENERO,2026-09-18 11:27:57.814522-03:00,0891687-23.2026.8.14.0301,GUARDA DE FAMÍLIA,DAIANE LIMA DOS SANTOS
CÍVEL,BELÉM,4ª DEFENSORIA PÚBLICA DE FAMÍLIA,2026-03-06 13:51:06.920481-03:00,0827717-49.2026.8.14.0301,CUMPRIMENTO DE SENTENÇA (156),ROSEMARY DOS REIS SILVA
CÍVEL,BELÉM,4ª DEFENSORIA PÚBLICA DE FAMÍLIA,2026-03-30 12:25:43.503616-03:00,0840523-19.2026.8.14.0301,CUMPRIMENTO DE SENTENÇA (156),ROSEMARY DOS REIS SILVA
CÍVEL,BELÉM,4ª DEFENSORIA PÚBLICA DE FAMÍLIA,2026-03-30 21:09:49.542580-03:00,0840957-08.2026.8.14.0301,CUMPRIMENTO DE SENTENÇA (156),ROSEMARY DOS REIS SILVA
CÍVEL,BELÉM,4ª DEFENSORIA PÚBLICA DE FAMÍLIA,2026-03-31 13:49:08.128813-03:00,0840526-71.2026.8.14.0301,CUMPRIMENTO DE SENTENÇA (156),ROSEMARY DOS REIS SILVA
CÍVEL,BELÉM,4ª DEFENSORIA PÚBLICA DE FAMÍLIA,2026-04-10 11:17:47.187446-03:00,0840958-90.2026.8.14.0301,CUMPRIMENTO DE SENTENÇA (156),ROSEMARY DOS REIS SILVA
CÍVEL,BELÉM,4ª DEFENSORIA PÚBLICA DE FAMÍLIA,2026-04-14 13:32:29.935162-03:00,0841975-64.2026.8.14.0301,CUMPRIMENTO DE SENTENÇA (156),ROSEMARY DOS REIS SILVA
CÍVEL,BELÉM,4ª DEFENSORIA PÚBLICA DE FAMÍLIA,2026-05-20 11:07:54.783962-03:00,0853558-46.2026.8.14.0301,CUMPRIMENTO DE SENTENÇA (156),ROSEMARY DOS REIS SILVA
CÍVEL,BELÉM,4ª DEFENSORIA PÚBLICA DE FAMÍLIA,2026-05-26 08:40:00.339648-03:00,0855407-53.2026.8.14.0301,CUMPRIMENTO DE SENTENÇA DE OBRIGAÇÃO DE PRESTAR ALIMENTOS,ROSEMARY DOS REIS SILVA
CÍVEL,BELÉM,4ª DEFENSORIA PÚBLICA DE FAMÍLIA,2026-05-28 18:29:37.409821-03:00,0857262-67.2026.8.14.0301,CUMPRIMENTO DE SENTENÇA (156),ROSEMARY DOS REIS SILVA
CÍVEL,BELÉM,4ª DEFENSORIA PÚBLICA DE FAMÍLIA,2026-05-28 19:52:32.596232-03:00,0857261-82.2026.8.14.0301,CUMPRIMENTO DE SENTENÇA (156),ROSEMARY DOS REIS SILVA
CÍVEL,BELÉM,4ª DEFENSORIA PÚBLICA DE FAMÍLIA,2026-05-28 20:09:19.168700-03:00,0857260-97.2026.8.14.0301,CUMPRIMENTO DE SENTENÇA (156),ROSEMARY DOS REIS SILVA
CÍVEL,BELÉM,4ª DEFENSORIA PÚBLICA DE FAMÍLIA,2026-07-21 10:27:30.559680-03:00,0872005-82.2026.8.14.0301,CUMPRIMENTO DE SENTENÇA (156),ROSEMARY DOS REIS SILVA
CÍVEL,BELÉM,4ª DEFENSORIA PÚBLICA DE FAMÍLIA,2026-07-21 10:39:54.553632-03:00,0872008-37.2026.8.14.0301,CUMPRIMENTO DE SENTENÇA (156),ROSEMARY DOS REIS SILVA
CÍVEL,BELÉM,4ª DEFENSORIA PÚBLICA DE FAMÍLIA,2026-07-23 16:34:13.452933-03:00,0873421-85.2026.8.14.0301,CUMPRIMENTO DE SENTENÇA (156),ROSEMARY DOS REIS SILVA
CÍVEL,BELÉM,4ª DEFENSORIA PÚBLICA DE FAMÍLIA,2026-07-23 16:39:37.757245-03:00,0873420-03.2026.8.14.0301,CUMPRIMENTO DE SENTENÇA (156),ROSEMARY DOS REIS SILVA
CÍVEL,BELÉM,4ª DEFENSORIA PÚBLICA DE FAMÍLIA,2026-07-29 09:59:53.973807-03:00,0873861-81.2026.8.14.0301,CUMPRIMENTO DE SENTENÇA (156),ROSEMARY DOS REIS SILVA
CÍVEL,BELÉM,4ª DEFENSORIA PÚBLICA DE FAMÍLIA,2026-07-29 12:14:20.332270-03:00,0874678-48.2026.8.14.0301,CUMPRIMENTO DE SENTENÇA (156),ROSEMARY DOS REIS SILVA
CÍVEL,BELÉM,4ª DEFENSORIA PÚBLICA DE FAMÍLIA,2026-07-29 12:23:57.997165-03:00,0874218-61.2026.8.14.0301,CUMPRIMENTO DE SENTENÇA (156),ROSEMARY DOS REIS SILVA
CÍVEL,BELÉM,4ª DEFENSORIA PÚBLICA DE FAMÍLIA,2026-07-31 21:54:47.126442-03:00,0874910-60.2026.8.14.0301,CUMPRIMENTO DE SENTENÇA (156),ROSEMARY DOS REIS SILVA
CÍVEL,BELÉM,4ª DEFENSORIA PÚBLICA DE FAMÍLIA,2026-08-06 09:47:35.784787-03:00,0879610-79.2026.8.14.0301,CUMPRIMENTO DE SENTENÇA (156),ROSEMARY DOS REIS SILVA
CÍVEL,BELÉM,4ª DEFENSORIA PÚBLICA DE FAMÍLIA,2026-08-06 10:49:20.216951-03:00,0877504-47.2026.8.14.0301,CUMPRIMENTO DE SENTENÇA (156),ROSEMARY DOS REIS SILVA
CÍVEL,BELÉM,4ª DEFENSORIA PÚBLICA DE FAMÍLIA,2026-08-06 14:15:51.093535-03:00,0878804-44.2026.8.14.0301,CUMPRIMENTO DE SENTENÇA (156),ROSEMARY DOS REIS SILVA
CÍVEL,BELÉM,4ª DEFENSORIA PÚBLICA DE FAMÍLIA,2026-08-07 11:24:24.169242-03:00,0878424-21.2026.8.14.0301,CUMPRIMENTO DE SENTENÇA (156),ROSEMARY DOS REIS SILVA
CÍVEL,BELÉM,4ª DEFENSORIA PÚBLICA DE FAMÍLIA,2026-08-12 11:02:46.085496-03:00,0879631-55.2026.8.14.0301,CUMPRIMENTO DE SENTENÇA (156),ROSEMARY DOS REIS SILVA
CÍVEL,BELÉM,4ª DEFENSORIA PÚBLICA DE FAMÍLIA,2026-08-12 11:05:42.327659-03:00,0878130-66.2026.8.14.0301,CUMPRIMENTO DE SENTENÇA (156),ROSEMARY DOS REIS SILVA
CÍVEL,BELÉM,4ª DEFENSORIA PÚBLICA DE FAMÍLIA,2026-08-13 14:00:15.930703-03:00,0878759-40.2026.8.14.0301,CUMPRIMENTO DE SENTENÇA (156),ROSEMARY DOS REIS SILVA
CÍVEL,BELÉM,4ª DEFENSORIA PÚBLICA DE FAMÍLIA,2026-08-14 12:40:17.493973-03:00,0879621-11.2026.8.14.0301,CUMPRIMENTO DE SENTENÇA (156),ROSEMARY DOS REIS SILVA
CÍVEL,BELÉM,4ª DEFENSORIA PÚBLICA DE FAMÍLIA,2026-08-14 14:19:22.603696-03:00,0878977-68.2026.8.14.0301,CUMPRIMENTO DE SENTENÇA (156),ROSEMARY DOS REIS SILVA
CÍVEL,BELÉM,4ª DEFENSORIA PÚBLICA DE FAMÍLIA,2026-08-14 14:21:29.014172-03:00,0878976-83.2026.8.14.0301,CUMPRIMENTO DE SENTENÇA (156),ROSEMARY DOS REIS SILVA
CÍVEL,BELÉM,4ª DEFENSORIA PÚBLICA DE FAMÍLIA,2026-08-20 11:04:37.936303-03:00,0881022-45.2026.8.14.0301,CUMPRIMENTO DE SENTENÇA (156),ROSEMARY DOS REIS SILVA
CÍVEL,BELÉM,4ª DEFENSORIA PÚBLICA DE FAMÍLIA,2026-08-20 11:20:02.230578-03:00,0881289-17.2026.8.14.0301,CUMPRIMENTO DE SENTENÇA (156),ROSEMARY DOS REIS SILVA
CÍVEL,BELÉM,4ª DEFENSORIA PÚBLICA DE FAMÍLIA,2026-08-20 11:32:17.236435-03:00,0881603-60.2026.8.14.0301,CUMPRIMENTO DE SENTENÇA (156),ROSEMARY DOS REIS SILVA
CÍVEL,BELÉM,4ª DEFENSORIA PÚBLICA DE FAMÍLIA,2026-08-24 09:18:19.287813-03:00,0882008-96.2026.8.14.0301,CUMPRIMENTO DE SENTENÇA (156),ROSEMARY DOS REIS SILVA
CÍVEL,BELÉM,4ª DEFENSORIA PÚBLICA DE FAMÍLIA,2026-08-24 09:21:02.478253-03:00,0882007-14.2026.8.14.0301,CUMPRIMENTO DE SENTENÇA (156),ROSEMARY DOS REIS SILVA
CÍVEL,BELÉM,4ª DEFENSORIA PÚBLICA DE FAMÍLIA,2026-08-25 10:31:44.981100-03:00,0882525-04.2026.8.14.0301,CUMPRIMENTO DE SENTENÇA (156),ROSEMARY DOS REIS SILVA
CÍVEL,BELÉM,4ª DEFENSORIA PÚBLICA DE FAMÍLIA,2026-08-25 10:36:14.476906-03:00,0882523-34.2026.8.14.0301,CUMPRIMENTO DE SENTENÇA (156),ROSEMARY DOS REIS SILVA
CÍVEL,BELÉM,4ª DEFENSORIA PÚBLICA DE FAMÍLIA,2026-08-26 11:52:39.292142-03:00,0883082-88.2026.8.14.0301,CUMPRIMENTO DE SENTENÇA (156),ROSEMARY DOS REIS SILVA
CÍVEL,BELÉM,4ª DEFENSORIA PÚBLICA DE FAMÍLIA,2026-08-26 12:15:34.798237-03:00,0883083-73.2026.8.14.0301,CUMPRIMENTO DE SENTENÇA (156),ROSEMARY DOS REIS SILVA
CÍVEL,BELÉM,4ª DEFENSORIA PÚBLICA DE FAMÍLIA,2026-08-27 12:42:20.232346-03:00,0883692-56.2026.8.14.0301,CUMPRIMENTO DE SENTENÇA (156),ROSEMARY DOS REIS SILVA
CÍVEL,BELÉM,4ª DEFENSORIA PÚBLICA DE FAMÍLIA,2026-08-27 12:44:50.697590-03:00,0883691-71.2026.8.14.0301,CUMPRIMENTO DE SENTENÇA (156),ROSEMARY DOS REIS SILVA
CÍVEL,BELÉM,4ª DEFENSORIA PÚBLICA DE FAMÍLIA,2026-08-27 14:21:42.587041-03:00,0883672-65.2026.8.14.0301,CUMPRIMENTO DE SENTENÇA (156),ROSEMARY DOS REIS SILVA
CÍVEL,BELÉM,4ª DEFENSORIA PÚBLICA DE FAMÍLIA,2026-08-31 15:46:56.258206-03:00,0884756-04.2026.8.14.0301,CUMPRIMENTO DE SENTENÇA (156),ROSEMARY DOS REIS SILVA
CÍVEL,BELÉM,4ª DEFENSORIA PÚBLICA DE FAMÍLIA,2026-09-05 13:54:51.417473-03:00,0886810-40.2026.8.14.0301,CUMPRIMENTO DE SENTENÇA (156),ROSEMARY DOS REIS SILVA
CÍVEL,BELÉM,4ª DEFENSORIA PÚBLICA DE FAMÍLIA,2026-09-05 14:00:46.828946-03:00,0886809-55.2026.8.14.0301,CUMPRIMENTO DE SENTENÇA (156),ROSEMARY DOS REIS SILVA
CÍVEL,BELÉM,4ª DEFENSORIA PUBLICA DE FAZENDA PUBLICA,2026-02-10 15:31:11.722451-03:00,0819933-21.2026.8.14.0301,PROCEDIMENTO COMUM CÍVEL (7),JOSÉ ANIJAR FRAGOSO REI
CÍVEL,BELÉM,4ª DEFENSORIA PUBLICA DE FAZENDA PUBLICA,2026-02-18 09:41:34.437636-03:00,0821493-95.2026.8.14.0301,PROCEDIMENTO DO JUIZADO ESPECIAL DA FAZENDA PÚBLICA,JOSÉ ANIJAR FRAGOSO REI
CÍVEL,BELÉM,4ª DEFENSORIA PUBLICA DE FAZENDA PUBLICA,2026-06-11 11:55:10.014080-03:00,0860022-86.2026.8.14.0301,PROCEDIMENTO COMUM CÍVEL (7),LUIS CARLOS DE AGUIAR PORTELA
CÍVEL,BELÉM,4ª DEFENSORIA PUBLICA DE FAZENDA PUBLICA,2026-06-11 12:26:42.426532-03:00,0860023-71.2026.8.14.0301,PROCEDIMENTO DO JUIZADO ESPECIAL DA FAZENDA PÚBLICA,LUIS CARLOS DE AGUIAR PORTELA
CÍVEL,BELÉM,4ª DEFENSORIA PUBLICA DE FAZENDA PUBLICA,2026-06-18 15:37:08.851555-03:00,0862454-78.2026.8.14.0301,PROCEDIMENTO DO JUIZADO ESPECIAL DA FAZENDA PÚBLICA,LUIS CARLOS DE AGUIAR PORTELA
CÍVEL,BELÉM,4ª DEFENSORIA PUBLICA DE FAZENDA PUBLICA,2026-06-19 10:06:03.410812-03:00,0862458-18.2026.8.14.0301,PROCEDIMENTO DO JUIZADO ESPECIAL DA FAZENDA PÚBLICA,LUIS CARLOS DE AGUIAR PORTELA
CÍVEL,BELÉM,4ª DEFENSORIA PUBLICA DE FAZENDA PUBLICA,2026-06-22 09:52:43.405196-03:00,0863247-17.2026.8.14.0301,PROCEDIMENTO DO JUIZADO ESPECIAL DA FAZENDA PÚBLICA,LUIS CARLOS DE AGUIAR PORTELA
CÍVEL,BELÉM,4ª DEFENSORIA PUBLICA DE FAZENDA PUBLICA,2026-06-22 11:50:33.365442-03:00,0863250-69.2026.8.14.0301,PROCEDIMENTO DO JUIZADO ESPECIAL DA FAZENDA PÚBLICA,LUIS CARLOS DE AGUIAR PORTELA
CÍVEL,BELÉM,4ª DEFENSORIA PUBLICA DE FAZENDA PUBLICA,2026-06-29 10:39:08.266794-03:00,0865235-73.2026.8.14.0301,PROCEDIMENTO DO JUIZADO ESPECIAL DA FAZENDA PÚBLICA,LUIS CARLOS DE AGUIAR PORTELA
CÍVEL,BELÉM,4ª DEFENSORIA PUBLICA DE FAZENDA PUBLICA,2026-06-29 10:41:39.438761-03:00,0865236-58.2026.8.14.0301,PROCEDIMENTO DO JUIZADO ESPECIAL DA FAZENDA PÚBLICA,LUIS CARLOS DE AGUIAR PORTELA
CÍVEL,BELÉM,4ª DEFENSORIA PUBLICA DE FAZENDA PUBLICA,2026-07-09 15:37:16.133629-03:00,0868857-63.2026.8.14.0301,PROCEDIMENTO DO JUIZADO ESPECIAL DA FAZENDA PÚBLICA,LUIS CARLOS DE AGUIAR PORTELA
CÍVEL,BELÉM,4ª DEFENSORIA PUBLICA DE FAZENDA PUBLICA,2026-07-15 11:18:11.524767-03:00,0870122-03.2026.8.14.0301,CUMPRIMENTO DE SENTENÇA CONTRA A FAZENDA PÚBLICA,LUIS CARLOS DE AGUIAR PORTELA
CÍVEL,BELÉM,4ª DEFENSORIA PUBLICA DE FAZENDA PUBLICA,2026-07-20 20:42:43.777955-03:00,0871521-67.2026.8.14.0301,PROCEDIMENTO COMUM CÍVEL (7),LUIS CARLOS DE AGUIAR PORTELA
CÍVEL,BELÉM,4ª DEFENSORIA PUBLICA DE FAZENDA PUBLICA,2026-08-03 09:45:01.451211-03:00,0874949-57.2026.8.14.0301,PROCEDIMENTO DO JUIZADO ESPECIAL DA FAZENDA PÚBLICA,LUIS CARLOS DE AGUIAR PORTELA
CÍVEL,BELÉM,4ª DEFENSORIA PUBLICA DE FAZENDA PUBLICA,2026-08-03 13:31:45.988487-03:00,0875084-69.2026.8.14.0301,PROCEDIMENTO DO JUIZADO ESPECIAL DA FAZENDA PÚBLICA,LUIS CARLOS DE AGUIAR PORTELA
CÍVEL,BELÉM,4ª DEFENSORIA PUBLICA DE FAZENDA PUBLICA,2026-08-03 14:17:51.361544-03:00,0875235-35.2026.8.14.0301,PROCEDIMENTO DO JUIZADO ESPECIAL DA FAZENDA PÚBLICA,LUIS CARLOS DE AGUIAR PORTELA
CÍVEL,BELÉM,4ª DEFENSORIA PUBLICA DE FAZENDA PUBLICA,2026-08-07 11:02:25.497149-03:00,0876985-72.2026.8.14.0301,PROCEDIMENTO COMUM CÍVEL (7),LUIS CARLOS DE AGUIAR PORTELA
CÍVEL,BELÉM,5ª DEFENSORIA DE DEFESA DO CONSUMIDOR,2026-01-09 11:16:51.976386-03:00,0801108-29.2026.8.14.0301,PROCEDIMENTO COMUM CÍVEL (7),BRENDA DA COSTA SANTOS MONTEIRO
CÍVEL,BELÉM,5ª DEFENSORIA DE DEFESA DO CONSUMIDOR,2026-01-21 15:47:58.488662-03:00,0804506-81.2026.8.14.0301,PROCEDIMENTO COMUM CÍVEL (7),BRENDA DA COSTA SANTOS MONTEIRO
CÍVEL,BELÉM,5ª DEFENSORIA DE DEFESA DO CONSUMIDOR,2026-02-10 14:15:28.117370-03:00,0819661-27.2026.8.14.0301,PRODUÇÃO ANTECIPADA DA PROVA (193),BRENDA DA COSTA SANTOS MONTEIRO
CÍVEL,BELÉM,5ª DEFENSORIA DE DEFESA DO CONSUMIDOR,2026-02-13 09:47:29.199126-03:00,0820893-74.2026.8.14.0301,PROCEDIMENTO COMUM CÍVEL (7),BRENDA DA COSTA SANTOS MONTEIRO
CÍVEL,BELÉM,5ª DEFENSORIA DE DEFESA DO CONSUMIDOR,2026-02-13 09:52:13.341688-03:00,0820894-59.2026.8.14.0301,PROCEDIMENTO COMUM CÍVEL (7),BRENDA DA COSTA SANTOS MONTEIRO
CÍVEL,BELÉM,5ª DEFENSORIA DE DEFESA DO CONSUMIDOR,2026-02-13 10:02:31.243847-03:00,0820898-96.2026.8.14.0301,PROCEDIMENTO COMUM CÍVEL (7),BRENDA DA COSTA SANTOS MONTEIRO
CÍVEL,BELÉM,5ª DEFENSORIA DE DEFESA DO CONSUMIDOR,2026-02-13 11:43:21.372990-03:00,0820981-15.2026.8.14.0301,PROCEDIMENTO COMUM CÍVEL (7),BRENDA DA COSTA SANTOS MONTEIRO
CÍVEL,BELÉM,5ª DEFENSORIA DE DEFESA DO CONSUMIDOR,2026-02-26 11:34:04.480045-03:00,0824286-07.2026.8.14.0301,PROCEDIMENTO COMUM CÍVEL (7),BRENDA DA COSTA SANTOS MONTEIRO
CÍVEL,BELÉM,5ª DEFENSORIA DE DEFESA DO CONSUMIDOR,2026-02-27 11:13:02.730265-03:00,0824743-39.2026.8.14.0301,PROCEDIMENTO COMUM CÍVEL (7),BRENDA DA COSTA SANTOS MONTEIRO
CÍVEL,BELÉM,5ª DEFENSORIA DE DEFESA DO CONSUMIDOR,2026-02-27 11:49:50.846565-03:00,0824772-89.2026.8.14.0301,PROCEDIMENTO COMUM CÍVEL (7),BRENDA DA COSTA SANTOS MONTEIRO
CÍVEL,BELÉM,5ª DEFENSORIA DE DEFESA DO CONSUMIDOR,2026-03-05 11:56:54.764771-03:00,0826488-54.2026.8.14.0301,PROCEDIMENTO COMUM CÍVEL (7),BRENDA DA COSTA SANTOS MONTEIRO
CÍVEL,BELÉM,5ª DEFENSORIA DE DEFESA DO CONSUMIDOR,2026-03-11 10:57:55.872524-03:00,0828255-30.2026.8.14.0301,PROCEDIMENTO COMUM CÍVEL (7),BRENDA DA COSTA SANTOS MONTEIRO
CÍVEL,BELÉM,5ª DEFENSORIA DE DEFESA DO CONSUMIDOR,2026-03-11 11:53:25.951453-03:00,0828315-03.2026.8.14.0301,PROCEDIMENTO COMUM CÍVEL (7),BRENDA DA COSTA SANTOS MONTEIRO
CÍVEL,BELÉM,5ª DEFENSORIA DE DEFESA DO CONSUMIDOR,2026-03-14 18:31:52.189543-03:00,0829615-97.2026.8.14.0301,EMBARGOS À EXECUÇÃO (172),BRENDA DA COSTA SANTOS MONTEIRO
CÍVEL,BELÉM,5ª DEFENSORIA DE DEFESA DO CONSUMIDOR,2026-03-20 16:02:03.349782-03:00,0831607-93.2026.8.14.0301,CUMPRIMENTO DE SENTENÇA (156),BRENDA DA COSTA SANTOS MONTEIRO
CÍVEL,BELÉM,5ª DEFENSORIA DE DEFESA DO CONSUMIDOR,2026-03-23 10:24:44.155035-03:00,0831941-30.2026.8.14.0301,PROCEDIMENTO COMUM CÍVEL (7),BRENDA DA COSTA SANTOS MONTEIRO
CÍVEL,BELÉM,5ª DEFENSORIA DE DEFESA DO CONSUMIDOR,2026-03-23 17:13:29.514705-03:00,0832203-77.2026.8.14.0301,PROCEDIMENTO COMUM CÍVEL (7),BRENDA DA COSTA SANTOS MONTEIRO
CÍVEL,BELÉM,5ª DEFENSORIA DE DEFESA DO CONSUMIDOR,2026-03-27 15:23:33.542126-03:00,0833690-82.2026.8.14.0301,PROCEDIMENTO COMUM CÍVEL (7),BRENDA DA COSTA SANTOS MONTEIRO
CÍVEL,BELÉM,5ª DEFENSORIA DE DEFESA DO CONSUMIDOR,2026-03-27 15:33:08.244320-03:00,0833697-74.2026.8.14.0301,PROCEDIMENTO COMUM CÍVEL (7),BRENDA DA COSTA SANTOS MONTEIRO
CÍVEL,BELÉM,5ª DEFENSORIA DE DEFESA DO CONSUMIDOR,2026-03-27 15:40:41.657697-03:00,0833703-81.2026.8.14.0301,PROCEDIMENTO COMUM CÍVEL (7),BRENDA DA COSTA SANTOS MONTEIRO
CÍVEL,BELÉM,5ª DEFENSORIA DE DEFESA DO CONSUMIDOR,2026-03-27 15:44:36.338202-03:00,0833705-51.2026.8.14.0301,PROCEDIMENTO COMUM CÍVEL (7),BRENDA DA COSTA SANTOS MONTEIRO
CÍVEL,BELÉM,5ª DEFENSORIA DE DEFESA DO CONSUMIDOR,2026-03-27 15:55:43.122944-03:00,0833716-80.2026.8.14.0301,PROCEDIMENTO COMUM CÍVEL (7),BRENDA DA COSTA SANTOS MONTEIRO
CÍVEL,BELÉM,5ª DEFENSORIA DE DEFESA DO CONSUMIDOR,2026-03-30 10:08:03.655275-03:00,0834057-09.2026.8.14.0301,PROCEDIMENTO COMUM CÍVEL (7),BRENDA DA COSTA SANTOS MONTEIRO
CÍVEL,BELÉM,5ª DEFENSORIA DE DEFESA DO CONSUMIDOR,2026-03-30 11:32:03.373537-03:00,0834116-94.2026.8.14.0301,PROCEDIMENTO COMUM CÍVEL (7),BRENDA DA COSTA SANTOS MONTEIRO
CÍVEL,BELÉM,5ª DEFENSORIA DE DEFESA DO CONSUMIDOR,2026-04-01 09:43:54.110052-03:00,0835036-68.2026.8.14.0301,PROCEDIMENTO COMUM CÍVEL (7),BRENDA DA COSTA SANTOS MONTEIRO
CÍVEL,BELÉM,5ª DEFENSORIA DE DEFESA DO CONSUMIDOR,2026-04-23 10:03:26.602497-03:00,0844487-20.2026.8.14.0301,PROCEDIMENTO COMUM CÍVEL (7),BRENDA DA COSTA SANTOS MONTEIRO
CÍVEL,BELÉM,5ª DEFENSORIA DE DEFESA DO CONSUMIDOR,2026-04-23 10:11:38.274928-03:00,0844494-12.2026.8.14.0301,PROCEDIMENTO COMUM CÍVEL (7),BRENDA DA COSTA SANTOS MONTEIRO
CÍVEL,BELÉM,5ª DEFENSORIA DE DEFESA DO CONSUMIDOR,2026-04-23 10:29:36.460794-03:00,0844509-78.2026.8.14.0301,PROCEDIMENTO COMUM CÍVEL (7),BRENDA DA COSTA SANTOS MONTEIRO
CÍVEL,BELÉM,5ª DEFENSORIA DE DEFESA DO CONSUMIDOR,2026-04-24 11:00:29.740640-03:00,0845121-16.2026.8.14.0301,PROCEDIMENTO COMUM CÍVEL (7),BRENDA DA COSTA SANTOS MONTEIRO
CÍVEL,BELÉM,5ª DEFENSORIA DE DEFESA DO CONSUMIDOR,2026-05-05 15:13:38.407195-03:00,0848382-86.2026.8.14.0301,PROCEDIMENTO COMUM CÍVEL (7),BRENDA DA COSTA SANTOS MONTEIRO
CÍVEL,BELÉM,5ª DEFENSORIA DE DEFESA DO CONSUMIDOR,2026-05-05 15:21:17.919587-03:00,0848390-63.2026.8.14.0301,PROCEDIMENTO COMUM CÍVEL (7),BRENDA DA COSTA SANTOS MONTEIRO
CÍVEL,BELÉM,5ª DEFENSORIA DE DEFESA DO CONSUMIDOR,2026-05-05 15:31:22.147348-03:00,0848396-70.2026.8.14.0301,PROCEDIMENTO COMUM CÍVEL (7),BRENDA DA COSTA SANTOS MONTEIRO
CÍVEL,BELÉM,5ª DEFENSORIA DE DEFESA DO CONSUMIDOR,2026-05-05 16:16:56.643479-03:00,0848422-68.2026.8.14.0301,PROCEDIMENTO COMUM CÍVEL (7),BRENDA DA COSTA SANTOS MONTEIRO
CÍVEL,BELÉM,5ª DEFENSORIA DE DEFESA DO CONSUMIDOR,2026-05-06 09:57:09.367761-03:00,0848561-20.2026.8.14.0301,PROCEDIMENTO COMUM CÍVEL (7),BRENDA DA COSTA SANTOS MONTEIRO
CÍVEL,BELÉM,5ª DEFENSORIA DE DEFESA DO CONSUMIDOR,2026-05-06 10:03:21.486209-03:00,0848566-42.2026.8.14.0301,PROCEDIMENTO COMUM CÍVEL (7),BRENDA DA COSTA SANTOS MONTEIRO
CÍVEL,BELÉM,5ª DEFENSORIA DE DEFESA DO CONSUMIDOR,2026-05-06 10:17:36.754535-03:00,0848575-04.2026.8.14.0301,PROCEDIMENTO COMUM CÍVEL (7),BRENDA DA COSTA SANTOS MONTEIRO
CÍVEL,BELÉM,5ª DEFENSORIA DE DEFESA DO CONSUMIDOR,2026-05-06 10:50:20.734381-03:00,0848594-10.2026.8.14.0301,PROCEDIMENTO COMUM CÍVEL (7),BRENDA DA COSTA SANTOS MONTEIRO
CÍVEL,BELÉM,5ª DEFENSORIA DE DEFESA DO CONSUMIDOR,2026-05-06 11:00:28.408616-03:00,0848602-84.2026.8.14.0301,PROCEDIMENTO COMUM CÍVEL (7),BRENDA DA COSTA SANTOS MONTEIRO
CÍVEL,BELÉM,5ª DEFENSORIA DE DEFESA DO CONSUMIDOR,2026-05-06 12:01:51.856938-03:00,0848644-36.2026.8.14.0301,PROCEDIMENTO COMUM CÍVEL (7),BRENDA DA COSTA SANTOS MONTEIRO
CÍVEL,BELÉM,5ª DEFENSORIA DE DEFESA DO CONSUMIDOR,2026-05-06 14:36:50.356814-03:00,0848701-54.2026.8.14.0301,PROCEDIMENTO COMUM CÍVEL (7),BRENDA DA COSTA SANTOS MONTEIRO
CÍVEL,BELÉM,5ª DEFENSORIA DE DEFESA DO CONSUMIDOR,2026-05-06 15:12:30.688164-03:00,0848716-23.2026.8.14.0301,PROCEDIMENTO COMUM CÍVEL (7),BRENDA DA COSTA SANTOS MONTEIRO
CÍVEL,BELÉM,5ª DEFENSORIA DE DEFESA DO CONSUMIDOR,2026-05-07 11:31:56.064259-03:00,0849025-44.2026.8.14.0301,EMBARGOS À EXECUÇÃO (172),BRENDA DA COSTA SANTOS MONTEIRO
CÍVEL,BELÉM,5ª DEFENSORIA DE DEFESA DO CONSUMIDOR,2026-05-07 13:37:10.612915-03:00,0849095-61.2026.8.14.0301,PROCEDIMENTO COMUM CÍVEL (7),BRENDA DA COSTA SANTOS MONTEIRO
CÍVEL,BELÉM,5ª DEFENSORIA DE DEFESA DO CONSUMIDOR,2026-05-13 16:55:53.786491-03:00,0851002-71.2026.8.14.0301,PROCEDIMENTO COMUM CÍVEL (7),BRENDA DA COSTA SANTOS MONTEIRO
CÍVEL,BELÉM,5ª DEFENSORIA DE DEFESA DO CONSUMIDOR,2026-05-13 17:09:03.149452-03:00,0851004-41.2026.8.14.0301,PROCEDIMENTO COMUM CÍVEL (7),BRENDA DA COSTA SANTOS MONTEIRO
CÍVEL,BELÉM,5ª DEFENSORIA DE DEFESA DO CONSUMIDOR,2026-05-18 14:57:55.920931-03:00,0852319-07.2026.8.14.0301,EMBARGOS À EXECUÇÃO (172),BRENDA DA COSTA SANTOS MONTEIRO
CÍVEL,BELÉM,5ª DEFENSORIA DE DEFESA DO CONSUMIDOR,2026-05-18 15:11:50.124915-03:00,0852326-96.2026.8.14.0301,EMBARGOS À EXECUÇÃO (172),BRENDA DA COSTA SANTOS MONTEIRO
CÍVEL,BELÉM,5ª DEFENSORIA DE DEFESA DO CONSUMIDOR,2026-05-19 10:21:20.530495-03:00,0852645-64.2026.8.14.0301,PROCEDIMENTO COMUM CÍVEL (7),BRENDA DA COSTA SANTOS MONTEIRO
CÍVEL,BELÉM,5ª DEFENSORIA DE DEFESA DO CONSUMIDOR,2026-05-22 09:53:51.007638-03:00,0854054-75.2026.8.14.0301,EMBARGOS À EXECUÇÃO (172),BRENDA DA COSTA SANTOS MONTEIRO
CÍVEL,BELÉM,5ª DEFENSORIA DE DEFESA DO CONSUMIDOR,2026-05-31 11:41:38.309344-03:00,0856862-53.2026.8.14.0301,PROCEDIMENTO COMUM CÍVEL (7),BRENDA DA COSTA SANTOS MONTEIRO
CÍVEL,BELÉM,5ª DEFENSORIA DE DEFESA DO CONSUMIDOR,2026-06-08 11:12:07.249695-03:00,0858642-28.2026.8.14.0301,PROCEDIMENTO COMUM CÍVEL (7),BRENDA DA COSTA SANTOS MONTEIRO
CÍVEL,BELÉM,5ª DEFENSORIA DE DEFESA DO CONSUMIDOR,2026-06-09 10:17:01.661361-03:00,0859002-60.2026.8.14.0301,PROCEDIMENTO COMUM CÍVEL (7),BRENDA DA COSTA SANTOS MONTEIRO
CÍVEL,BELÉM,5ª DEFENSORIA DE DEFESA DO CONSUMIDOR,2026-06-10 13:10:54.144349-03:00,0859664-24.2026.8.14.0301,PROCEDIMENTO COMUM CÍVEL (7),ANA ALICE NEVES CALDAS FIGUEIREDO
CÍVEL,BELÉM,5ª DEFENSORIA DE DEFESA DO CONSUMIDOR,2026-06-15 18:24:49.082253-03:00,0861099-33.2026.8.14.0301,PROCEDIMENTO COMUM CÍVEL (7),BRENDA DA COSTA SANTOS MONTEIRO
CÍVEL,BELÉM,5ª DEFENSORIA DE DEFESA DO CONSUMIDOR,2026-06-28 10:48:47.860242-03:00,0865064-19.2026.8.14.0301,PROCEDIMENTO COMUM CÍVEL (7),BRENDA DA COSTA SANTOS MONTEIRO
CÍVEL,BELÉM,5ª DEFENSORIA DE DEFESA DO CONSUMIDOR,2026-07-14 11:28:36.819259-03:00,0869717-64.2026.8.14.0301,PROCEDIMENTO COMUM CÍVEL (7),ANA ALICE NEVES CALDAS FIGUEIREDO
CÍVEL,BELÉM,5ª DEFENSORIA DE DEFESA DO CONSUMIDOR,2026-07-21 16:53:44.569927-03:00,0871815-22.2026.8.14.0301,PROCEDIMENTO COMUM CÍVEL (7),ANA ALICE NEVES CALDAS FIGUEIREDO
CÍVEL,BELÉM,5ª DEFENSORIA DE DEFESA DO CONSUMIDOR,2026-07-21 17:38:46.959565-03:00,0871833-43.2026.8.14.0301,PROCEDIMENTO COMUM CÍVEL (7),ANA ALICE NEVES CALDAS FIGUEIREDO
CÍVEL,BELÉM,5ª DEFENSORIA DE DEFESA DO CONSUMIDOR,2026-07-23 11:53:30.578345-03:00,0872479-53.2026.8.14.0301,EMBARGOS À EXECUÇÃO (172),ANA ALICE NEVES CALDAS FIGUEIREDO
CÍVEL,BELÉM,5ª DEFENSORIA DE DEFESA DO CONSUMIDOR,2026-07-31 11:22:51.710492-03:00,0874623-97.2026.8.14.0301,PROCEDIMENTO COMUM CÍVEL (7),ANA ALICE NEVES CALDAS FIGUEIREDO
CÍVEL,BELÉM,5ª DEFENSORIA DE DEFESA DO CONSUMIDOR,2026-07-31 12:04:26.050368-03:00,0874628-22.2026.8.14.0301,PROCEDIMENTO COMUM CÍVEL (7),ANA ALICE NEVES CALDAS FIGUEIREDO
CÍVEL,BELÉM,5ª DEFENSORIA DE DEFESA DO CONSUMIDOR,2026-08-07 14:28:27.283972-03:00,0876654-90.2026.8.14.0301,PROCEDIMENTO COMUM CÍVEL (7),ANA ALICE NEVES CALDAS FIGUEIREDO
CÍVEL,BELÉM,5ª DEFENSORIA DE DEFESA DO CONSUMIDOR,2026-08-20 20:56:57.968674-03:00,0881079-63.2026.8.14.0301,PROCEDIMENTO COMUM CÍVEL (7),ANA ALICE NEVES CALDAS FIGUEIREDO
CÍVEL,BELÉM,5ª DEFENSORIA DE DEFESA DO CONSUMIDOR,2026-08-25 10:08:36.300021-03:00,0882127-57.2026.8.14.0301,PROCEDIMENTO COMUM CÍVEL (7),ANA ALICE NEVES CALDAS FIGUEIREDO
CÍVEL,BELÉM,5ª DEFENSORIA DE DEFESA DO CONSUMIDOR,2026-09-02 09:58:25.256404-03:00,0887041-67.2026.8.14.0301,PROCEDIMENTO COMUM CÍVEL (7),ANA ALICE NEVES CALDAS FIGUEIREDO
CÍVEL,BELÉM,5ª DEFENSORIA DE DEFESA DO CONSUMIDOR,2026-09-02 10:35:55.191779-03:00,0885419-50.2026.8.14.0301,PROCEDIMENTO COMUM CÍVEL (7),ANA ALICE NEVES CALDAS FIGUEIREDO
CÍVEL,BELÉM,5ª DEFENSORIA DE DEFESA DO CONSUMIDOR,2026-09-09 12:10:49.437370-03:00,0887654-87.2026.8.14.0301,PROCEDIMENTO COMUM CÍVEL (7),ANA ALICE NEVES CALDAS FIGUEIREDO
CÍVEL,BELÉM,5ª DEFENSORIA DE DEFESA DO CONSUMIDOR,2026-09-14 13:12:41.554073-03:00,0889126-26.2026.8.14.0301,PROCEDIMENTO COMUM CÍVEL (7),ANA ALICE NEVES CALDAS FIGUEIREDO
CÍVEL,BELÉM,5ª DEFENSORIA DE DEFESA DO CONSUMIDOR,2026-09-21 12:13:52.933797-03:00,0891663-92.2026.8.14.0301,PROCEDIMENTO COMUM CÍVEL (7),ANA ALICE NEVES CALDAS FIGUEIREDO
CÍVEL,BELÉM,5ª DEFENSORIA DE DEFESA DO CONSUMIDOR,2026-09-23 09:22:38.436642-03:00,0892490-06.2026.8.14.0301,PROCEDIMENTO COMUM CÍVEL (7),ANA ALICE NEVES CALDAS FIGUEIREDO
CÍVEL,BELÉM,5ª DEFENSORIA DE DEFESA DO CONSUMIDOR,2026-09-23 10:36:21.489066-03:00,0892603-57.2026.8.14.0301,PROCEDIMENTO COMUM CÍVEL (7),ANA ALICE NEVES CALDAS FIGUEIREDO
CÍVEL,BELÉM,5ª DEFENSORIA DE DEFESA DO CONSUMIDOR,2026-09-23 10:39:22.777968-03:00,0892523-93.2026.8.14.0301,EMBARGOS À EXECUÇÃO (172),ANA ALICE NEVES CALDAS FIGUEIREDO
CÍVEL,BELÉM,5ª DEFENSORIA PÚBLICA CÍVEL,2026-01-27 15:10:04.883773-03:00,0806031-98.2026.8.14.0301,INVENTÁRIO (39),CELIA SYMONNE FILOCREAO GONCALVES
CÍVEL,BELÉM,5ª DEFENSORIA PÚBLICA CÍVEL,2026-02-09 12:29:04.560258-03:00,0818676-58.2026.8.14.0301,PROCEDIMENTO COMUM CÍVEL (7),CELIA SYMONNE FILOCREAO GONCALVES
CÍVEL,BELÉM,5ª DEFENSORIA PÚBLICA CÍVEL,2026-02-09 21:38:32.744709-03:00,0819084-49.2026.8.14.0301,PROCEDIMENTO COMUM CÍVEL (7),CELIA SYMONNE FILOCREAO GONCALVES
CÍVEL,BELÉM,5ª DEFENSORIA PÚBLICA CÍVEL,2026-02-22 19:35:50.113312-03:00,0822737-59.2026.8.14.0301,INVENTÁRIO (39),CELIA SYMONNE FILOCREAO GONCALVES
CÍVEL,BELÉM,5ª DEFENSORIA PÚBLICA CÍVEL,2026-02-25 14:14:19.780473-03:00,0823911-06.2026.8.14.0301,INVENTÁRIO (39),CELIA SYMONNE FILOCREAO GONCALVES
CÍVEL,BELÉM,5ª DEFENSORIA PÚBLICA CÍVEL,2026-03-24 21:43:31.318105-03:00,0832676-63.2026.8.14.0301,REINTEGRAÇÃO / MANUTENÇÃO DE POSSE (1707),CELIA SYMONNE FILOCREAO GONCALVES
CÍVEL,BELÉM,5ª DEFENSORIA PÚBLICA CÍVEL,2026-03-24 22:11:19.962600-03:00,0832682-70.2026.8.14.0301,REINTEGRAÇÃO / MANUTENÇÃO DE POSSE (1707),CELIA SYMONNE FILOCREAO GONCALVES
CÍVEL,BELÉM,5ª DEFENSORIA PÚBLICA CÍVEL,2026-03-31 16:06:29.680826-03:00,0834831-39.2026.8.14.0301,REINTEGRAÇÃO / MANUTENÇÃO DE POSSE (1707),CELIA SYMONNE FILOCREAO GONCALVES
CÍVEL,BELÉM,5ª DEFENSORIA PÚBLICA CÍVEL,2026-05-18 21:06:50.582337-03:00,0852511-37.2026.8.14.0301,PROCEDIMENTO COMUM CÍVEL (7),CELIA SYMONNE FILOCREAO GONCALVES
CÍVEL,BELÉM,5ª DEFENSORIA PÚBLICA CÍVEL,2026-06-01 23:10:29.845674-03:00,0857299-94.2026.8.14.0301,INVENTÁRIO (39),CELIA SYMONNE FILOCREAO GONCALVES
CÍVEL,BELÉM,5ª DEFENSORIA PÚBLICA CÍVEL,2026-06-01 23:23:18.368728-03:00,0857302-49.2026.8.14.0301,INVENTÁRIO (39),CELIA SYMONNE FILOCREAO GONCALVES
CÍVEL,BELÉM,5ª DEFENSORIA PÚBLICA CÍVEL,2026-06-02 21:39:17.640902-03:00,0857767-58.2026.8.14.0301,PROCEDIMENTO COMUM CÍVEL (7),CELIA SYMONNE FILOCREAO GONCALVES
CÍVEL,BELÉM,5ª DEFENSORIA PÚBLICA CÍVEL,2026-06-12 11:54:18.684896-03:00,0860397-87.2026.8.14.0301,ALVARÁ JUDICIAL - LEI 6858/80 (74),CELIA SYMONNE FILOCREAO GONCALVES
CÍVEL,BELÉM,5ª DEFENSORIA PÚBLICA CÍVEL,2026-06-12 13:14:39.928780-03:00,0860437-69.2026.8.14.0301,REINTEGRAÇÃO / MANUTENÇÃO DE POSSE (1707),CELIA SYMONNE FILOCREAO GONCALVES
CÍVEL,BELÉM,5ª DEFENSORIA PÚBLICA CÍVEL,2026-06-16 18:57:14.108955-03:00,0861523-75.2026.8.14.0301,REINTEGRAÇÃO / MANUTENÇÃO DE POSSE (1707),CELIA SYMONNE FILOCREAO GONCALVES
CÍVEL,BELÉM,5ª DEFENSORIA PÚBLICA CÍVEL,2026-06-29 19:06:17.732656-03:00,0865374-25.2026.8.14.0301,PROCEDIMENTO COMUM CÍVEL (7),CELIA SYMONNE FILOCREAO GONCALVES
CÍVEL,BELÉM,5ª DEFENSORIA PÚBLICA CÍVEL,2026-06-30 15:17:26.533460-03:00,0865713-81.2026.8.14.0301,INVENTÁRIO (39),CELIA SYMONNE FILOCREAO GONCALVES
CÍVEL,BELÉM,5ª DEFENSORIA PÚBLICA CÍVEL,2026-07-02 01:24:39.844552-03:00,0866343-40.2026.8.14.0301,ARROLAMENTO COMUM (30),CELIA SYMONNE FILOCREAO GONCALVES
CÍVEL,BELÉM,5ª DEFENSORIA PÚBLICA CÍVEL,2026-08-12 15:38:49.143682-03:00,0878022-37.2026.8.14.0301,PROCEDIMENTO COMUM CÍVEL (7),CELIA SYMONNE FILOCREAO GONCALVES
CÍVEL,BELÉM,5ª DEFENSORIA PÚBLICA CÍVEL,2026-08-25 20:36:42.588365-03:00,0882559-76.2026.8.14.0301,PROCEDIMENTO COMUM CÍVEL (7),CELIA SYMONNE FILOCREAO GONCALVES
CÍVEL,BELÉM,5ª DEFENSORIA PÚBLICA CÍVEL,2026-08-26 08:25:02.258659-03:00,0882629-93.2026.8.14.0301,INVENTÁRIO (39),CELIA SYMONNE FILOCREAO GONCALVES
CÍVEL,BELÉM,5ª DEFENSORIA PÚBLICA CÍVEL,2026-09-07 22:07:41.827338-03:00,0886987-04.2026.8.14.0301,INVENTÁRIO (39),CELIA SYMONNE FILOCREAO GONCALVES
CÍVEL,BELÉM,5ª DEFENSORIA PÚBLICA CÍVEL,2026-09-07 22:28:56.438729-03:00,0886990-56.2026.8.14.0301,DESPEJO POR FALTA DE PAGAMENTO CUMULADO COM COBRANÇA (94),CELIA SYMONNE FILOCREAO GONCALVES
CÍVEL,BELÉM,5ª DEFENSORIA PÚBLICA CÍVEL,2026-09-08 21:30:46.871450-03:00,0887489-40.2026.8.14.0301,DESPEJO (92),CELIA SYMONNE FILOCREAO GONCALVES
CÍVEL,BELÉM,5ª DEFENSORIA PÚBLICA CÍVEL,2026-09-08 23:34:50.405211-03:00,0887507-61.2026.8.14.0301,ALVARÁ JUDICIAL - LEI 6858/80 (74),CELIA SYMONNE FILOCREAO GONCALVES
CÍVEL,BELÉM,5ª DEFENSORIA PÚBLICA CÍVEL,2026-09-22 09:15:44.714617-03:00,0891920-20.2026.8.14.0301,REINTEGRAÇÃO / MANUTENÇÃO DE POSSE (1707),CELIA SYMONNE FILOCREAO GONCALVES
CÍVEL,BELÉM,5ª DEFENSORIA PUBLICA DE FAZENDA PUBLICA,2026-02-06 11:02:50.651610-03:00,0817844-25.2026.8.14.0301,PROCEDIMENTO DO JUIZADO ESPECIAL DA FAZENDA PÚBLICA,ANDREA BARRETO RICARTE DE OLIVEIRA FARIAS
CÍVEL,BELÉM,5ª DEFENSORIA PUBLICA DE FAZENDA PUBLICA,2026-02-26 11:32:06.366767-03:00,0824284-37.2026.8.14.0301,PROCEDIMENTO COMUM CÍVEL (7),ANDREA BARRETO RICARTE DE OLIVEIRA FARIAS
CÍVEL,BELÉM,5ª DEFENSORIA PUBLICA DE FAZENDA PUBLICA,2026-03-04 13:46:35.917132-03:00,0826103-09.2026.8.14.0301,PROCEDIMENTO DO JUIZADO ESPECIAL DA FAZENDA PÚBLICA,ANDREA BARRETO RICARTE DE OLIVEIRA FARIAS
CÍVEL,BELÉM,5ª DEFENSORIA PUBLICA DE FAZENDA PUBLICA,2026-03-05 11:24:49.890656-03:00,0826468-63.2026.8.14.0301,PROCEDIMENTO DO JUIZADO ESPECIAL DA FAZENDA PÚBLICA,ANDREA BARRETO RICARTE DE OLIVEIRA FARIAS
CÍVEL,BELÉM,5ª DEFENSORIA PUBLICA DE FAZENDA PUBLICA,2026-03-05 11:44:54.807155-03:00,0826481-62.2026.8.14.0301,PROCEDIMENTO DO JUIZADO ESPECIAL DA FAZENDA PÚBLICA,ANDREA BARRETO RICARTE DE OLIVEIRA FARIAS
CÍVEL,BELÉM,5ª DEFENSORIA PUBLICA DE FAZENDA PUBLICA,2026-03-05 12:05:36.440699-03:00,0826494-61.2026.8.14.0301,PROCEDIMENTO DO JUIZADO ESPECIAL DA FAZENDA PÚBLICA,ANDREA BARRETO RICARTE DE OLIVEIRA FARIAS
CÍVEL,BELÉM,5ª DEFENSORIA PUBLICA DE FAZENDA PUBLICA,2026-03-18 11:48:57.280280-03:00,0800246-22.2026.8.14.0022,PROCEDIMENTO DO JUIZADO ESPECIAL DA FAZENDA PÚBLICA,ANDREA BARRETO RICARTE DE OLIVEIRA FARIAS
CÍVEL,BELÉM,5ª DEFENSORIA PUBLICA DE FAZENDA PUBLICA,2026-03-19 10:41:17.334285-03:00,0830935-85.2026.8.14.0301,PROCEDIMENTO DO JUIZADO ESPECIAL DA FAZENDA PÚBLICA,ANDREA BARRETO RICARTE DE OLIVEIRA FARIAS
CÍVEL,BELÉM,5ª DEFENSORIA PUBLICA DE FAZENDA PUBLICA,2026-05-29 14:35:57.001864-03:00,0870090-95.2026.8.14.0301,PROCEDIMENTO DO JUIZADO ESPECIAL DA FAZENDA PÚBLICA,ANDERSON DA SILVA PEREIRA
CÍVEL,BELÉM,5ª DEFENSORIA PUBLICA DE FAZENDA PUBLICA,2026-06-01 12:09:25.211897-03:00,0857048-76.2026.8.14.0301,PROCEDIMENTO COMUM CÍVEL (7),LUCIANA SILVA RASSY PALÁCIOS
CÍVEL,BELÉM,5ª DEFENSORIA PUBLICA DE FAZENDA PUBLICA,2026-06-24 13:12:17.486407-03:00,0870169-74.2026.8.14.0301,PROCEDIMENTO DO JUIZADO ESPECIAL DA FAZENDA PÚBLICA,ANDERSON DA SILVA PEREIRA
CÍVEL,BELÉM,5ª DEFENSORIA PUBLICA DE FAZENDA PUBLICA,2026-07-09 10:37:04.406587-03:00,0868466-11.2026.8.14.0301,EMBARGOS À EXECUÇÃO (172),LUCIANA SILVA RASSY PALÁCIOS
CÍVEL,BELÉM,5ª DEFENSORIA PUBLICA DE FAZENDA PUBLICA,2026-07-14 10:53:39.205429-03:00,0869688-14.2026.8.14.0301,DESAPROPRIAÇÃO (90),LUCIANA SILVA RASSY PALÁCIOS
CÍVEL,BELÉM,5ª DEFENSORIA PUBLICA DE FAZENDA PUBLICA,2026-08-13 10:04:07.647570-03:00,0878202-53.2026.8.14.0301,PROCEDIMENTO DO JUIZADO ESPECIAL DA FAZENDA PÚBLICA,ANDERSON DA SILVA PEREIRA
CÍVEL,BELÉM,5ª DEFENSORIA PUBLICA DE FAZENDA PUBLICA,2026-08-16 12:37:10.206557-03:00,0882725-11.2026.8.14.0301,PROCEDIMENTO COMUM INFÂNCIA E JUVENTUDE (1706),LUCIANA SILVA RASSY PALÁCIOS
CÍVEL,BELÉM,5ª DEFENSORIA PUBLICA DE FAZENDA PUBLICA,2026-08-19 20:58:25.039942-03:00,0882728-63.2026.8.14.0301,PROCEDIMENTO DO JUIZADO ESPECIAL DA FAZENDA PÚBLICA,LUCIANA SILVA RASSY PALÁCIOS
CÍVEL,BELÉM,6ª DEFENSORIA DE DEFESA DO CONSUMIDOR,2026-01-15 18:00:01.293636-03:00,0802898-48.2026.8.14.0301,PROCEDIMENTO COMUM CÍVEL (7),LUCIANA TARCILA VIEIRA GUEDES
CÍVEL,BELÉM,6ª DEFENSORIA DE DEFESA DO CONSUMIDOR,2026-01-24 19:14:22.144703-03:00,0805467-22.2026.8.14.0301,PROCEDIMENTO COMUM CÍVEL (7),LUCIANA TARCILA VIEIRA GUEDES
CÍVEL,BELÉM,6ª DEFENSORIA DE DEFESA DO CONSUMIDOR,2026-01-28 17:33:57.045160-03:00,0806496-10.2026.8.14.0301,PROCEDIMENTO COMUM CÍVEL (7),LUCIANA TARCILA VIEIRA GUEDES
CÍVEL,BELÉM,6ª DEFENSORIA DE DEFESA DO CONSUMIDOR,2026-01-29 18:44:14.891875-03:00,0806899-76.2026.8.14.0301,PROCEDIMENTO COMUM CÍVEL (7),LUCIANA TARCILA VIEIRA GUEDES
CÍVEL,BELÉM,6ª DEFENSORIA DE DEFESA DO CONSUMIDOR,2026-02-02 18:32:22.855908-03:00,0809891-10.2026.8.14.0301,PROCEDIMENTO COMUM CÍVEL (7),LUCIANA TARCILA VIEIRA GUEDES
CÍVEL,BELÉM,6ª DEFENSORIA DE DEFESA DO CONSUMIDOR,2026-02-03 20:30:06.144342-03:00,0813438-58.2026.8.14.0301,PROCEDIMENTO COMUM CÍVEL (7),LUCIANA TARCILA VIEIRA GUEDES
CÍVEL,BELÉM,6ª DEFENSORIA DE DEFESA DO CONSUMIDOR,2026-02-19 16:32:47.549523-03:00,0822045-60.2026.8.14.0301,PROCEDIMENTO COMUM CÍVEL (7),LUCIANA TARCILA VIEIRA GUEDES
CÍVEL,BELÉM,6ª DEFENSORIA DE DEFESA DO CONSUMIDOR,2026-02-25 09:38:44.484321-03:00,0823713-66.2026.8.14.0301,PROCEDIMENTO COMUM CÍVEL (7),LUCIANA TARCILA VIEIRA GUEDES
CÍVEL,BELÉM,6ª DEFENSORIA DE DEFESA DO CONSUMIDOR,2026-03-10 20:08:57.702172-03:00,0828058-75.2026.8.14.0301,PROCEDIMENTO COMUM CÍVEL (7),LUCIANA TARCILA VIEIRA GUEDES
CÍVEL,BELÉM,6ª DEFENSORIA PÚBLICA CÍVEL,2026-01-15 13:36:58.108064-03:00,0802763-36.2026.8.14.0301,RETIFICAÇÃO DE REGISTRO DE IMÓVEL (1683),EMILGRIETTY SANTOS LISBOA
CÍVEL,BELÉM,6ª DEFENSORIA PÚBLICA CÍVEL,2026-01-17 10:49:39.496154-03:00,0803348-88.2026.8.14.0301,PROCEDIMENTO DO JUIZADO ESPECIAL DA FAZENDA PÚBLICA,EMILGRIETTY SANTOS LISBOA
CÍVEL,BELÉM,6ª DEFENSORIA PÚBLICA CÍVEL,2026-01-17 11:30:15.682039-03:00,0803337-59.2026.8.14.0301,PROCEDIMENTO COMUM CÍVEL (7),EMILGRIETTY SANTOS LISBOA
CÍVEL,BELÉM,6ª DEFENSORIA PÚBLICA CÍVEL,2026-01-17 13:54:29.590281-03:00,0803349-73.2026.8.14.0301,PROCEDIMENTO COMUM CÍVEL (7),EMILGRIETTY SANTOS LISBOA
CÍVEL,BELÉM,6ª DEFENSORIA PÚBLICA CÍVEL,2026-01-17 13:58:54.427277-03:00,0803350-58.2026.8.14.0301,PROCEDIMENTO COMUM CÍVEL (7),EMILGRIETTY SANTOS LISBOA
CÍVEL,BELÉM,6ª DEFENSORIA PÚBLICA CÍVEL,2026-01-18 09:23:25.605929-03:00,0803373-04.2026.8.14.0301,PROCEDIMENTO DO JUIZADO ESPECIAL DA FAZENDA PÚBLICA,EMILGRIETTY SANTOS LISBOA
CÍVEL,BELÉM,6ª DEFENSORIA PÚBLICA CÍVEL,2026-01-18 14:49:16.158855-03:00,0803377-41.2026.8.14.0301,PROCEDIMENTO DO JUIZADO ESPECIAL DA FAZENDA PÚBLICA,EMILGRIETTY SANTOS LISBOA
CÍVEL,BELÉM,6ª DEFENSORIA PÚBLICA CÍVEL,2026-01-23 13:06:34.204063-03:00,0807577-91.2026.8.14.0301,INVENTÁRIO (39),EMILGRIETTY SANTOS LISBOA
CÍVEL,BELÉM,6ª DEFENSORIA PÚBLICA CÍVEL,2026-02-02 12:16:48.065090-03:00,0808369-45.2026.8.14.0301,INVENTÁRIO (39),EMILGRIETTY SANTOS LISBOA
CÍVEL,BELÉM,6ª DEFENSORIA PÚBLICA CÍVEL,2026-02-03 14:34:14.046912-03:00,0815191-50.2026.8.14.0301,INVENTÁRIO (39),EMILGRIETTY SANTOS LISBOA
CÍVEL,BELÉM,6ª DEFENSORIA PÚBLICA CÍVEL,2026-03-03 01:06:34.407881-03:00,0825584-34.2026.8.14.0301,PROCEDIMENTO COMUM CÍVEL (7),EMILGRIETTY SANTOS LISBOA
CÍVEL,BELÉM,6ª DEFENSORIA PÚBLICA CÍVEL,2026-03-03 02:22:54.327108-03:00,0825586-04.2026.8.14.0301,PROCEDIMENTO DO JUIZADO ESPECIAL CÍVEL (436),EMILGRIETTY SANTOS LISBOA
CÍVEL,BELÉM,6ª DEFENSORIA PÚBLICA CÍVEL,2026-03-31 20:25:24.996871-03:00,0834936-16.2026.8.14.0301,EMBARGOS À EXECUÇÃO (172),EMILGRIETTY SANTOS LISBOA
CÍVEL,BELÉM,6ª DEFENSORIA PÚBLICA CÍVEL,2026-04-01 15:21:23.203183-03:00,0836467-40.2026.8.14.0301,ARROLAMENTO COMUM (30),EMILGRIETTY SANTOS LISBOA
CÍVEL,BELÉM,6ª DEFENSORIA PÚBLICA CÍVEL,2026-04-30 16:58:14.034843-03:00,0847529-77.2026.8.14.0301,ALVARÁ JUDICIAL - LEI 6858/80 (74),EMILGRIETTY SANTOS LISBOA
CÍVEL,BELÉM,6ª DEFENSORIA PÚBLICA CÍVEL,2026-05-20 16:40:13.721594-03:00,0853428-56.2026.8.14.0301,INVENTÁRIO (39),EMILGRIETTY SANTOS LISBOA
CÍVEL,BELÉM,6ª DEFENSORIA PÚBLICA CÍVEL,2026-05-29 15:21:31.432538-03:00,0856691-96.2026.8.14.0301,ALVARÁ JUDICIAL - LEI 6858/80 (74),EMILGRIETTY SANTOS LISBOA
CÍVEL,BELÉM,6ª DEFENSORIA PÚBLICA CÍVEL,2026-06-16 03:13:36.892729-03:00,0861161-73.2026.8.14.0301,INTERDIÇÃO/CURATELA (58),EMILGRIETTY SANTOS LISBOA
CÍVEL,BELÉM,6ª DEFENSORIA PÚBLICA CÍVEL,2026-07-09 10:23:52.930279-03:00,0868454-94.2026.8.14.0301,PROCEDIMENTO COMUM CÍVEL (7),EMILGRIETTY SANTOS LISBOA
CÍVEL,BELÉM,6ª DEFENSORIA PÚBLICA CÍVEL,2026-07-09 15:04:07.323940-03:00,0868637-65.2026.8.14.0301,ARROLAMENTO SUMÁRIO (31),EMILGRIETTY SANTOS LISBOA
CÍVEL,BELÉM,6ª DEFENSORIA PÚBLICA CÍVEL,2026-07-13 16:37:03.622502-03:00,0870561-14.2026.8.14.0301,EMBARGOS À EXECUÇÃO (172),EMILGRIETTY SANTOS LISBOA
CÍVEL,BELÉM,6ª DEFENSORIA PÚBLICA CÍVEL,2026-07-14 13:15:39.766664-03:00,0870158-45.2026.8.14.0301,INTERDIÇÃO/CURATELA (58),EMILGRIETTY SANTOS LISBOA
CÍVEL,BELÉM,6ª DEFENSORIA PÚBLICA CÍVEL,2026-08-19 09:21:02.079059-03:00,0880090-57.2026.8.14.0301,ARROLAMENTO COMUM (30),EMILGRIETTY SANTOS LISBOA
CÍVEL,BELÉM,6ª DEFENSORIA PÚBLICA CÍVEL,2026-08-27 12:46:11.122800-03:00,0888001-23.2026.8.14.0301,ARROLAMENTO SUMÁRIO (31),EMILGRIETTY SANTOS LISBOA
CÍVEL,BELÉM,6ª DEFENSORIA PÚBLICA CÍVEL,2026-09-10 10:24:04.034558-03:00,0888025-51.2026.8.14.0301,REINTEGRAÇÃO / MANUTENÇÃO DE POSSE (1707),EMILGRIETTY SANTOS LISBOA
CÍVEL,BELÉM,6ª DEFENSORIA PÚBLICA CÍVEL,2026-09-11 13:34:51.441445-03:00,0888604-96.2026.8.14.0301,OUTROS PROCEDIMENTOS DE JURISDIÇÃO VOLUNTÁRIA (1294),EMILGRIETTY SANTOS LISBOA
CÍVEL,BELÉM,6ª DEFENSORIA PÚBLICA DA SOCIOEDUCAÇÃO DA CAPITAL,2026-03-14 12:48:41.345110-03:00,0829595-09.2026.8.14.0301,PROCEDIMENTO DO JUIZADO ESPECIAL CÍVEL (436),FLAVIA CHRISTINA MARANHAO CAMPOS
CÍVEL,BELÉM,6ª DEFENSORIA PÚBLICA DA SOCIOEDUCAÇÃO DA CAPITAL,2026-03-15 17:21:27.250515-03:00,0829700-83.2026.8.14.0301,PROCEDIMENTO DO JUIZADO ESPECIAL CÍVEL (436),FLAVIA CHRISTINA MARANHAO CAMPOS
CÍVEL,BELÉM,6ª DEFENSORIA PÚBLICA DA SOCIOEDUCAÇÃO DA CAPITAL,2026-07-03 16:41:28.696497-03:00,0867364-51.2026.8.14.0301,GUARDA DE INFÂNCIA E JUVENTUDE (1420),FLAVIA CHRISTINA MARANHAO CAMPOS
CÍVEL,BELÉM,6ª DEFENSORIA PÚBLICA DE FAMÍLIA,2026-04-22 12:22:30.264982-03:00,0844162-45.2026.8.14.0301,CUMPRIMENTO DE SENTENÇA (156),GERALDO ROLIM TAVARES JUNIOR
CÍVEL,BELÉM,6ª DEFENSORIA PÚBLICA DE FAMÍLIA,2026-05-07 12:45:11.769028-03:00,0849063-56.2026.8.14.0301,ALIMENTOS - LEI ESPECIAL Nº 5.478/68 (69),GERALDO ROLIM TAVARES JUNIOR
CÍVEL,BELÉM,6ª DEFENSORIA PÚBLICA DE FAMÍLIA,2026-07-29 10:13:16.076475-03:00,0873911-10.2026.8.14.0301,CUMPRIMENTO DE SENTENÇA (156),GERALDO ROLIM TAVARES JUNIOR
CÍVEL,BELÉM,6ª DEFENSORIA PÚBLICA DE FAMÍLIA,2026-07-29 10:15:02.652481-03:00,0873913-77.2026.8.14.0301,CUMPRIMENTO DE SENTENÇA (156),GERALDO ROLIM TAVARES JUNIOR
CÍVEL,BELÉM,6ª DEFENSORIA PÚBLICA DE FAMÍLIA,2026-08-06 14:33:09.620858-03:00,0880779-04.2026.8.14.0301,CUMPRIMENTO DE SENTENÇA (156),GERALDO ROLIM TAVARES JUNIOR
CÍVEL,BELÉM,6ª DEFENSORIA PÚBLICA DE FAMÍLIA,2026-08-17 13:55:15.788969-03:00,0880784-26.2026.8.14.0301,CUMPRIMENTO DE SENTENÇA DE OBRIGAÇÃO DE PRESTAR ALIMENTOS,GERALDO ROLIM TAVARES JUNIOR
CÍVEL,BELÉM,6ª DEFENSORIA PÚBLICA DE FAMÍLIA,2026-08-25 11:18:48.944351-03:00,0882210-73.2026.8.14.0301,ALIMENTOS - LEI ESPECIAL Nº 5.478/68 (69),GERALDO ROLIM TAVARES JUNIOR
CÍVEL,BELÉM,6ª DEFENSORIA PUBLICA DE FAZENDA PUBLICA,2026-01-10 16:40:49.497660-03:00,0802705-33.2026.8.14.0301,PROCEDIMENTO DO JUIZADO ESPECIAL DA FAZENDA PÚBLICA,LUCIANA SILVA RASSY PALÁCIOS
CÍVEL,BELÉM,6ª DEFENSORIA PUBLICA DE FAZENDA PUBLICA,2026-01-16 08:43:26.454851-03:00,0804438-34.2026.8.14.0301,PROCEDIMENTO DO JUIZADO ESPECIAL DA FAZENDA PÚBLICA,LUCIANA SILVA RASSY PALÁCIOS
CÍVEL,BELÉM,6ª DEFENSORIA PUBLICA DE FAZENDA PUBLICA,2026-01-19 11:50:17.630077-03:00,0810001-09.2026.8.14.0301,EXECUÇÃO DE TÍTULO EXTRAJUDICIAL CONTRA A FAZENDA PÚBLICA (12079),LUIS CARLOS DE AGUIAR PORTELA
CÍVEL,BELÉM,6ª DEFENSORIA PUBLICA DE FAZENDA PUBLICA,2026-01-26 10:58:12.813323-03:00,0805648-23.2026.8.14.0301,PROCEDIMENTO DO JUIZADO ESPECIAL DA FAZENDA PÚBLICA,LUCIANA SILVA RASSY PALÁCIOS
CÍVEL,BELÉM,6ª DEFENSORIA PUBLICA DE FAZENDA PUBLICA,2026-01-26 12:51:10.237100-03:00,0805617-03.2026.8.14.0301,PROCEDIMENTO DO JUIZADO ESPECIAL DA FAZENDA PÚBLICA,LUCIANA SILVA RASSY PALÁCIOS
CÍVEL,BELÉM,6ª DEFENSORIA PUBLICA DE FAZENDA PUBLICA,2026-01-27 12:15:44.400078-03:00,0805967-88.2026.8.14.0301,PROCEDIMENTO DO JUIZADO ESPECIAL DA FAZENDA PÚBLICA,LUCIANA SILVA RASSY PALÁCIOS
CÍVEL,BELÉM,6ª DEFENSORIA PUBLICA DE FAZENDA PUBLICA,2026-01-30 10:48:10.368283-03:00,0807056-49.2026.8.14.0301,PROCEDIMENTO DO JUIZADO ESPECIAL DA FAZENDA PÚBLICA,LUCIANA SILVA RASSY PALÁCIOS
CÍVEL,BELÉM,6ª DEFENSORIA PUBLICA DE FAZENDA PUBLICA,2026-02-03 10:39:40.416061-03:00,0810379-62.2026.8.14.0301,PROCEDIMENTO DO JUIZADO ESPECIAL DA FAZENDA PÚBLICA,LUIS CARLOS DE AGUIAR PORTELA
CÍVEL,BELÉM,6ª DEFENSORIA PUBLICA DE FAZENDA PUBLICA,2026-02-05 14:00:30.540276-03:00,0816575-48.2026.8.14.0301,PROCEDIMENTO DO JUIZADO ESPECIAL DA FAZENDA PÚBLICA,LUCIANA SILVA RASSY PALÁCIOS
CÍVEL,BELÉM,6ª DEFENSORIA PUBLICA DE FAZENDA PUBLICA,2026-03-02 11:29:09.612518-03:00,0826454-79.2026.8.14.0301,PROCEDIMENTO DO JUIZADO ESPECIAL DA FAZENDA PÚBLICA,LUCIANA SILVA RASSY PALÁCIOS
CÍVEL,BELÉM,6ª DEFENSORIA PUBLICA DE FAZENDA PUBLICA,2026-03-02 12:26:50.610790-03:00,0826455-64.2026.8.14.0301,PROCEDIMENTO DO JUIZADO ESPECIAL DA FAZENDA PÚBLICA,LUCIANA SILVA RASSY PALÁCIOS
CÍVEL,BELÉM,6ª DEFENSORIA PUBLICA DE FAZENDA PUBLICA,2026-03-02 12:41:12.605416-03:00,0825346-15.2026.8.14.0301,PROCEDIMENTO DO JUIZADO ESPECIAL DA FAZENDA PÚBLICA,LUCIANA SILVA RASSY PALÁCIOS
CÍVEL,BELÉM,6ª DEFENSORIA PUBLICA DE FAZENDA PUBLICA,2026-03-11 10:23:26.156756-03:00,0828306-41.2026.8.14.0301,PROCEDIMENTO DO JUIZADO ESPECIAL DA FAZENDA PÚBLICA,LUCIANA SILVA RASSY PALÁCIOS
CÍVEL,BELÉM,6ª DEFENSORIA PUBLICA DE FAZENDA PUBLICA,2026-03-12 11:35:04.111090-03:00,0828939-52.2026.8.14.0301,PROCEDIMENTO DO JUIZADO ESPECIAL DA FAZENDA PÚBLICA,LUCIANA SILVA RASSY PALÁCIOS
CÍVEL,BELÉM,6ª DEFENSORIA PUBLICA DE FAZENDA PUBLICA,2026-03-12 14:48:40.656302-03:00,0830437-86.2026.8.14.0301,PROCEDIMENTO DO JUIZADO ESPECIAL DA FAZENDA PÚBLICA,LUIS CARLOS DE AGUIAR PORTELA
CÍVEL,BELÉM,6ª DEFENSORIA PUBLICA DE FAZENDA PUBLICA,2026-03-13 10:41:50.167487-03:00,0829369-04.2026.8.14.0301,PROCEDIMENTO DO JUIZADO ESPECIAL DA FAZENDA PÚBLICA,LUCIANA SILVA RASSY PALÁCIOS
CÍVEL,BELÉM,6ª DEFENSORIA PUBLICA DE FAZENDA PUBLICA,2026-03-16 11:39:00.550949-03:00,0829839-35.2026.8.14.0301,PROCEDIMENTO DO JUIZADO ESPECIAL DA FAZENDA PÚBLICA,LUCIANA SILVA RASSY PALÁCIOS
CÍVEL,BELÉM,6ª DEFENSORIA PUBLICA DE FAZENDA PUBLICA,2026-03-16 12:23:51.707867-03:00,0830449-03.2026.8.14.0301,CUMPRIMENTO DE SENTENÇA (156),LUIS CARLOS DE AGUIAR PORTELA
CÍVEL,BELÉM,6ª DEFENSORIA PUBLICA DE FAZENDA PUBLICA,2026-03-23 13:23:31.821573-03:00,0832064-28.2026.8.14.0301,PROCEDIMENTO DO JUIZADO ESPECIAL DA FAZENDA PÚBLICA,LUCIANA SILVA RASSY PALÁCIOS
CÍVEL,BELÉM,6ª DEFENSORIA PUBLICA DE FAZENDA PUBLICA,2026-03-24 10:57:42.888878-03:00,0832448-88.2026.8.14.0301,PROCEDIMENTO DO JUIZADO ESPECIAL DA FAZENDA PÚBLICA,LUCIANA SILVA RASSY PALÁCIOS
CÍVEL,BELÉM,6ª DEFENSORIA PUBLICA DE FAZENDA PUBLICA,2026-03-26 13:54:43.692120-03:00,0834700-64.2026.8.14.0301,PROCEDIMENTO DO JUIZADO ESPECIAL DA FAZENDA PÚBLICA,LUCIANA SILVA RASSY PALÁCIOS
CÍVEL,BELÉM,6ª DEFENSORIA PUBLICA DE FAZENDA PUBLICA,2026-03-27 11:15:33.365472-03:00,0861555-80.2026.8.14.0301,PROCEDIMENTO DO JUIZADO ESPECIAL DA FAZENDA PÚBLICA,LUIS CARLOS DE AGUIAR PORTELA
CÍVEL,BELÉM,6ª DEFENSORIA PUBLICA DE FAZENDA PUBLICA,2026-04-10 23:25:14.098965-03:00,0851729-30.2026.8.14.0301,PROCEDIMENTO DO JUIZADO ESPECIAL DA FAZENDA PÚBLICA,LUCIANA SILVA RASSY PALÁCIOS
CÍVEL,BELÉM,6ª DEFENSORIA PUBLICA DE FAZENDA PUBLICA,2026-04-14 11:11:14.097277-03:00,0861557-50.2026.8.14.0301,MONITÓRIA (40),LUIS CARLOS DE AGUIAR PORTELA
CÍVEL,BELÉM,6ª DEFENSORIA PUBLICA DE FAZENDA PUBLICA,2026-05-03 10:55:37.012831-03:00,0802086-20.2026.8.14.0070,PROCEDIMENTO COMUM CÍVEL (7),LUCIANA SILVA RASSY PALÁCIOS
CÍVEL,BELÉM,6ª DEFENSORIA PUBLICA DE FAZENDA PUBLICA,2026-05-03 13:16:40.255049-03:00,0847773-06.2026.8.14.0301,PROCEDIMENTO DO JUIZADO ESPECIAL DA FAZENDA PÚBLICA,LUCIANA SILVA RASSY PALÁCIOS
CÍVEL,BELÉM,6ª DEFENSORIA PUBLICA DE FAZENDA PUBLICA,2026-05-11 10:48:52.873272-03:00,0861559-20.2026.8.14.0301,PETIÇÃO CÍVEL (241),LUIS CARLOS DE AGUIAR PORTELA
CÍVEL,BELÉM,6ª DEFENSORIA PUBLICA DE FAZENDA PUBLICA,2026-06-16 10:37:58.358655-03:00,0861565-27.2026.8.14.0301,PROCEDIMENTO DO JUIZADO ESPECIAL DA FAZENDA PÚBLICA,LUIS CARLOS DE AGUIAR PORTELA
CÍVEL,BELÉM,6ª DEFENSORIA PUBLICA DE FAZENDA PUBLICA,2026-06-18 12:59:25.275308-03:00,0862178-47.2026.8.14.0301,AÇÃO CIVIL PÚBLICA (65),LUIS CARLOS DE AGUIAR PORTELA
CÍVEL,BELÉM,6ª DEFENSORIA PUBLICA DE FAZENDA PUBLICA,2026-07-09 10:01:10.751274-03:00,0868439-28.2026.8.14.0301,PROCEDIMENTO DO JUIZADO ESPECIAL DA FAZENDA PÚBLICA,ANDREA BARRETO RICARTE DE OLIVEIRA FARIAS
CÍVEL,BELÉM,6ª DEFENSORIA PUBLICA DE FAZENDA PUBLICA,2026-07-13 19:15:58.900111-03:00,0869544-40.2026.8.14.0301,PROCEDIMENTO DO JUIZADO ESPECIAL DA FAZENDA PÚBLICA,ANDREA BARRETO RICARTE DE OLIVEIRA FARIAS
CÍVEL,BELÉM,6ª DEFENSORIA PUBLICA DE FAZENDA PUBLICA,2026-07-15 18:57:27.053419-03:00,0870318-70.2026.8.14.0301,PROCEDIMENTO COMUM CÍVEL (7),ANDREA BARRETO RICARTE DE OLIVEIRA FARIAS
CÍVEL,BELÉM,6ª DEFENSORIA PUBLICA DE FAZENDA PUBLICA,2026-07-31 10:35:28.263593-03:00,0874578-93.2026.8.14.0301,PROCEDIMENTO DO JUIZADO ESPECIAL DA FAZENDA PÚBLICA,REGINALDO TAVEIRA RIBEIRO
CÍVEL,BELÉM,6ª DEFENSORIA PUBLICA DE FAZENDA PUBLICA,2026-08-05 08:19:09.166512-03:00,0875681-38.2026.8.14.0301,PROCEDIMENTO DO JUIZADO ESPECIAL DA FAZENDA PÚBLICA,REGINALDO TAVEIRA RIBEIRO
CÍVEL,BELÉM,6ª DEFENSORIA PUBLICA DE FAZENDA PUBLICA,2026-08-27 10:02:31.434881-03:00,0883396-34.2026.8.14.0301,PROCEDIMENTO DO JUIZADO ESPECIAL DA FAZENDA PÚBLICA,LUIS CARLOS DE AGUIAR PORTELA
CÍVEL,BELÉM,7ª DEFENSORIA DE DEFESA DO CONSUMIDOR,2026-01-09 10:29:43.431167-03:00,0801070-17.2026.8.14.0301,PROCEDIMENTO COMUM CÍVEL (7),ALINE RODRIGUES DE OLIVEIRA CALDAS
CÍVEL,BELÉM,7ª DEFENSORIA DE DEFESA DO CONSUMIDOR,2026-01-13 13:04:11.206980-03:00,0801855-76.2026.8.14.0301,PROCEDIMENTO COMUM CÍVEL (7),ALINE RODRIGUES DE OLIVEIRA CALDAS
CÍVEL,BELÉM,7ª DEFENSORIA DE DEFESA DO CONSUMIDOR,2026-01-14 09:35:38.709594-03:00,0802209-04.2026.8.14.0301,PROCEDIMENTO COMUM CÍVEL (7),ALINE RODRIGUES DE OLIVEIRA CALDAS
CÍVEL,BELÉM,7ª DEFENSORIA DE DEFESA DO CONSUMIDOR,2026-01-14 09:52:09.944677-03:00,0802215-11.2026.8.14.0301,PROCEDIMENTO COMUM CÍVEL (7),ALINE RODRIGUES DE OLIVEIRA CALDAS
CÍVEL,BELÉM,7ª DEFENSORIA DE DEFESA DO CONSUMIDOR,2026-01-16 13:22:27.929313-03:00,0803265-72.2026.8.14.0301,PROCEDIMENTO COMUM CÍVEL (7),ALINE RODRIGUES DE OLIVEIRA CALDAS
CÍVEL,BELÉM,7ª DEFENSORIA DE DEFESA DO CONSUMIDOR,2026-01-22 12:50:14.319229-03:00,0804795-14.2026.8.14.0301,PROCEDIMENTO COMUM CÍVEL (7),ALINE RODRIGUES DE OLIVEIRA CALDAS
CÍVEL,BELÉM,7ª DEFENSORIA DE DEFESA DO CONSUMIDOR,2026-01-23 11:42:41.276358-03:00,0805196-13.2026.8.14.0301,PROCEDIMENTO COMUM CÍVEL (7),ALINE RODRIGUES DE OLIVEIRA CALDAS
CÍVEL,BELÉM,7ª DEFENSORIA DE DEFESA DO CONSUMIDOR,2026-01-26 11:45:06.901723-03:00,0805591-05.2026.8.14.0301,PROCEDIMENTO COMUM CÍVEL (7),ALINE RODRIGUES DE OLIVEIRA CALDAS
CÍVEL,BELÉM,7ª DEFENSORIA DE DEFESA DO CONSUMIDOR,2026-01-26 13:07:04.046862-03:00,0805632-69.2026.8.14.0301,PROCEDIMENTO COMUM CÍVEL (7),ALINE RODRIGUES DE OLIVEIRA CALDAS
CÍVEL,BELÉM,7ª DEFENSORIA DE DEFESA DO CONSUMIDOR,2026-01-26 14:23:15.386995-03:00,0805668-14.2026.8.14.0301,PROCEDIMENTO COMUM CÍVEL (7),ALINE RODRIGUES DE OLIVEIRA CALDAS
CÍVEL,BELÉM,7ª DEFENSORIA DE DEFESA DO CONSUMIDOR,2026-02-04 12:54:15.511192-03:00,0815096-20.2026.8.14.0301,PROCEDIMENTO COMUM CÍVEL (7),ALINE RODRIGUES DE OLIVEIRA CALDAS
CÍVEL,BELÉM,7ª DEFENSORIA DE DEFESA DO CONSUMIDOR,2026-02-05 13:12:49.359889-03:00,0815938-97.2026.8.14.0301,PROCEDIMENTO COMUM CÍVEL (7),ALINE RODRIGUES DE OLIVEIRA CALDAS
CÍVEL,BELÉM,7ª DEFENSORIA DE DEFESA DO CONSUMIDOR,2026-02-06 10:16:45.987424-03:00,0817774-08.2026.8.14.0301,PROCEDIMENTO COMUM CÍVEL (7),ALINE RODRIGUES DE OLIVEIRA CALDAS
CÍVEL,BELÉM,7ª DEFENSORIA DE DEFESA DO CONSUMIDOR,2026-02-10 08:31:37.228077-03:00,0819111-32.2026.8.14.0301,PROCEDIMENTO COMUM CÍVEL (7),ALINE RODRIGUES DE OLIVEIRA CALDAS
CÍVEL,BELÉM,7ª DEFENSORIA DE DEFESA DO CONSUMIDOR,2026-02-12 11:50:16.772924-03:00,0820528-20.2026.8.14.0301,PROCEDIMENTO COMUM CÍVEL (7),ALINE RODRIGUES DE OLIVEIRA CALDAS
CÍVEL,BELÉM,7ª DEFENSORIA DE DEFESA DO CONSUMIDOR,2026-02-24 11:09:52.158886-03:00,0823295-31.2026.8.14.0301,PROCEDIMENTO COMUM CÍVEL (7),ALINE RODRIGUES DE OLIVEIRA CALDAS
CÍVEL,BELÉM,7ª DEFENSORIA DE DEFESA DO CONSUMIDOR,2026-02-26 12:30:49.328144-03:00,0824338-03.2026.8.14.0301,PROCEDIMENTO COMUM CÍVEL (7),ALINE RODRIGUES DE OLIVEIRA CALDAS
CÍVEL,BELÉM,7ª DEFENSORIA DE DEFESA DO CONSUMIDOR,2026-02-27 09:29:07.763551-03:00,0824694-95.2026.8.14.0301,PROCEDIMENTO COMUM CÍVEL (7),ALINE RODRIGUES DE OLIVEIRA CALDAS
CÍVEL,BELÉM,7ª DEFENSORIA DE DEFESA DO CONSUMIDOR,2026-02-27 11:23:59.912130-03:00,0824756-38.2026.8.14.0301,PROCEDIMENTO COMUM CÍVEL (7),ALINE RODRIGUES DE OLIVEIRA CALDAS
CÍVEL,BELÉM,7ª DEFENSORIA DE DEFESA DO CONSUMIDOR,2026-03-02 10:42:35.683076-03:00,0825261-29.2026.8.14.0301,PROCEDIMENTO COMUM CÍVEL (7),ALINE RODRIGUES DE OLIVEIRA CALDAS
CÍVEL,BELÉM,7ª DEFENSORIA DE DEFESA DO CONSUMIDOR,2026-03-02 11:22:09.343778-03:00,0825279-50.2026.8.14.0301,PROCEDIMENTO COMUM CÍVEL (7),ALINE RODRIGUES DE OLIVEIRA CALDAS
CÍVEL,BELÉM,7ª DEFENSORIA DE DEFESA DO CONSUMIDOR,2026-03-04 11:55:58.907935-03:00,0826073-71.2026.8.14.0301,PROCEDIMENTO COMUM CÍVEL (7),ALINE RODRIGUES DE OLIVEIRA CALDAS
CÍVEL,BELÉM,7ª DEFENSORIA DE DEFESA DO CONSUMIDOR,2026-03-10 13:03:40.274022-03:00,0827810-12.2026.8.14.0301,PROCEDIMENTO COMUM CÍVEL (7),ALINE RODRIGUES DE OLIVEIRA CALDAS
CÍVEL,BELÉM,7ª DEFENSORIA DE DEFESA DO CONSUMIDOR,2026-03-27 11:39:15.243092-03:00,0833576-46.2026.8.14.0301,PROCEDIMENTO COMUM CÍVEL (7),ALINE RODRIGUES DE OLIVEIRA CALDAS
CÍVEL,BELÉM,7ª DEFENSORIA DE DEFESA DO CONSUMIDOR,2026-03-27 13:46:01.178069-03:00,0833643-11.2026.8.14.0301,PROCEDIMENTO COMUM CÍVEL (7),ALINE RODRIGUES DE OLIVEIRA CALDAS
CÍVEL,BELÉM,7ª DEFENSORIA DE DEFESA DO CONSUMIDOR,2026-04-10 10:00:36.415366-03:00,0840613-27.2026.8.14.0301,PROCEDIMENTO COMUM CÍVEL (7),ALINE RODRIGUES DE OLIVEIRA CALDAS
CÍVEL,BELÉM,7ª DEFENSORIA DE DEFESA DO CONSUMIDOR,2026-04-17 10:27:40.475355-03:00,0843143-04.2026.8.14.0301,PROCEDIMENTO COMUM CÍVEL (7),ALINE RODRIGUES DE OLIVEIRA CALDAS
CÍVEL,BELÉM,7ª DEFENSORIA DE DEFESA DO CONSUMIDOR,2026-04-17 12:04:19.476792-03:00,0843603-88.2026.8.14.0301,PROCEDIMENTO COMUM CÍVEL (7),ALINE RODRIGUES DE OLIVEIRA CALDAS
CÍVEL,BELÉM,7ª DEFENSORIA DE DEFESA DO CONSUMIDOR,2026-04-17 15:14:55.191528-03:00,0843307-66.2026.8.14.0301,PROCEDIMENTO COMUM CÍVEL (7),ALINE RODRIGUES DE OLIVEIRA CALDAS
CÍVEL,BELÉM,7ª DEFENSORIA DE DEFESA DO CONSUMIDOR,2026-04-22 12:30:57.930794-03:00,0844171-07.2026.8.14.0301,EMBARGOS À EXECUÇÃO (172),ALINE RODRIGUES DE OLIVEIRA CALDAS
CÍVEL,BELÉM,7ª DEFENSORIA DE DEFESA DO CONSUMIDOR,2026-04-22 13:37:43.757840-03:00,0844213-56.2026.8.14.0301,PROCEDIMENTO COMUM CÍVEL (7),ALINE RODRIGUES DE OLIVEIRA CALDAS
CÍVEL,BELÉM,7ª DEFENSORIA DE DEFESA DO CONSUMIDOR,2026-04-23 08:43:52.775373-03:00,0844458-67.2026.8.14.0301,PROCEDIMENTO COMUM CÍVEL (7),ALINE RODRIGUES DE OLIVEIRA CALDAS
CÍVEL,BELÉM,7ª DEFENSORIA DE DEFESA DO CONSUMIDOR,2026-04-23 11:10:44.003606-03:00,0844551-30.2026.8.14.0301,PROCEDIMENTO COMUM CÍVEL (7),ALINE RODRIGUES DE OLIVEIRA CALDAS
CÍVEL,BELÉM,7ª DEFENSORIA DE DEFESA DO CONSUMIDOR,2026-04-30 10:44:27.679833-03:00,0847306-27.2026.8.14.0301,PROCEDIMENTO COMUM CÍVEL (7),ALINE RODRIGUES DE OLIVEIRA CALDAS
CÍVEL,BELÉM,7ª DEFENSORIA DE DEFESA DO CONSUMIDOR,2026-05-08 13:08:08.762131-03:00,0849481-91.2026.8.14.0301,PROCEDIMENTO COMUM CÍVEL (7),ALINE RODRIGUES DE OLIVEIRA CALDAS
CÍVEL,BELÉM,7ª DEFENSORIA DE DEFESA DO CONSUMIDOR,2026-05-11 11:49:49.218879-03:00,0849848-18.2026.8.14.0301,PROCEDIMENTO COMUM CÍVEL (7),ALINE RODRIGUES DE OLIVEIRA CALDAS
CÍVEL,BELÉM,7ª DEFENSORIA DE DEFESA DO CONSUMIDOR,2026-05-14 10:36:50.837862-03:00,0851502-40.2026.8.14.0301,PROCEDIMENTO COMUM CÍVEL (7),ALINE RODRIGUES DE OLIVEIRA CALDAS
CÍVEL,BELÉM,7ª DEFENSORIA DE DEFESA DO CONSUMIDOR,2026-05-15 11:49:59.220371-03:00,0851751-88.2026.8.14.0301,PROCEDIMENTO COMUM CÍVEL (7),ALINE RODRIGUES DE OLIVEIRA CALDAS
CÍVEL,BELÉM,7ª DEFENSORIA DE DEFESA DO CONSUMIDOR,2026-05-15 13:10:49.015590-03:00,0851757-95.2026.8.14.0301,PROCEDIMENTO COMUM CÍVEL (7),ALINE RODRIGUES DE OLIVEIRA CALDAS
CÍVEL,BELÉM,7ª DEFENSORIA DE DEFESA DO CONSUMIDOR,2026-05-22 11:59:08.181521-03:00,0854510-25.2026.8.14.0301,PROCEDIMENTO COMUM CÍVEL (7),ALINE RODRIGUES DE OLIVEIRA CALDAS
CÍVEL,BELÉM,7ª DEFENSORIA DE DEFESA DO CONSUMIDOR,2026-06-12 10:26:04.739918-03:00,0860453-23.2026.8.14.0301,PROCEDIMENTO COMUM CÍVEL (7),ALINE RODRIGUES DE OLIVEIRA CALDAS
CÍVEL,BELÉM,7ª DEFENSORIA DE DEFESA DO CONSUMIDOR,2026-06-12 11:21:47.885290-03:00,0860459-30.2026.8.14.0301,PROCEDIMENTO COMUM CÍVEL (7),ALINE RODRIGUES DE OLIVEIRA CALDAS
CÍVEL,BELÉM,7ª DEFENSORIA DE DEFESA DO CONSUMIDOR,2026-06-12 11:57:56.584563-03:00,0860460-15.2026.8.14.0301,PROCEDIMENTO COMUM CÍVEL (7),ALINE RODRIGUES DE OLIVEIRA CALDAS
CÍVEL,BELÉM,7ª DEFENSORIA DE DEFESA DO CONSUMIDOR,2026-06-15 12:31:32.426547-03:00,0861167-80.2026.8.14.0301,PROCEDIMENTO COMUM CÍVEL (7),ALINE RODRIGUES DE OLIVEIRA CALDAS
CÍVEL,BELÉM,7ª DEFENSORIA DE DEFESA DO CONSUMIDOR,2026-06-16 09:38:28.918653-03:00,0861206-77.2026.8.14.0301,PROCEDIMENTO COMUM CÍVEL (7),ALINE RODRIGUES DE OLIVEIRA CALDAS
CÍVEL,BELÉM,7ª DEFENSORIA DE DEFESA DO CONSUMIDOR,2026-06-16 10:52:12.842946-03:00,0861262-13.2026.8.14.0301,PROCEDIMENTO COMUM CÍVEL (7),ALINE RODRIGUES DE OLIVEIRA CALDAS
CÍVEL,BELÉM,7ª DEFENSORIA DE DEFESA DO CONSUMIDOR,2026-06-16 14:34:24.654807-03:00,0861392-03.2026.8.14.0301,PROCEDIMENTO COMUM CÍVEL (7),ALINE RODRIGUES DE OLIVEIRA CALDAS
CÍVEL,BELÉM,7ª DEFENSORIA DE DEFESA DO CONSUMIDOR,2026-06-17 11:17:33.249480-03:00,0861689-10.2026.8.14.0301,PROCEDIMENTO COMUM CÍVEL (7),ALINE RODRIGUES DE OLIVEIRA CALDAS
CÍVEL,BELÉM,7ª DEFENSORIA DE DEFESA DO CONSUMIDOR,2026-06-17 13:50:21.947874-03:00,0861869-26.2026.8.14.0301,PROCEDIMENTO COMUM CÍVEL (7),ALINE RODRIGUES DE OLIVEIRA CALDAS
CÍVEL,BELÉM,7ª DEFENSORIA DE DEFESA DO CONSUMIDOR,2026-06-17 14:08:44.858580-03:00,0861880-55.2026.8.14.0301,PROCEDIMENTO COMUM CÍVEL (7),ALINE RODRIGUES DE OLIVEIRA CALDAS
CÍVEL,BELÉM,7ª DEFENSORIA DE DEFESA DO CONSUMIDOR,2026-06-24 11:14:23.405217-03:00,0863871-66.2026.8.14.0301,PROCEDIMENTO COMUM CÍVEL (7),ALINE RODRIGUES DE OLIVEIRA CALDAS
CÍVEL,BELÉM,7ª DEFENSORIA DE DEFESA DO CONSUMIDOR,2026-07-01 15:40:21.448798-03:00,0866224-79.2026.8.14.0301,PROCEDIMENTO COMUM CÍVEL (7),ALINE RODRIGUES DE OLIVEIRA CALDAS
CÍVEL,BELÉM,7ª DEFENSORIA DE DEFESA DO CONSUMIDOR,2026-07-01 17:09:39.714424-03:00,0866271-53.2026.8.14.0301,PROCEDIMENTO COMUM CÍVEL (7),ALINE RODRIGUES DE OLIVEIRA CALDAS
CÍVEL,BELÉM,7ª DEFENSORIA DE DEFESA DO CONSUMIDOR,2026-07-07 11:09:20.679608-03:00,0867723-98.2026.8.14.0301,PROCEDIMENTO COMUM CÍVEL (7),ALINE RODRIGUES DE OLIVEIRA CALDAS
CÍVEL,BELÉM,7ª DEFENSORIA DE DEFESA DO CONSUMIDOR,2026-07-07 13:25:45.022834-03:00,0867798-40.2026.8.14.0301,PROCEDIMENTO COMUM CÍVEL (7),ALINE RODRIGUES DE OLIVEIRA CALDAS
CÍVEL,BELÉM,7ª DEFENSORIA DE DEFESA DO CONSUMIDOR,2026-07-08 11:51:24.756704-03:00,0868166-49.2026.8.14.0301,PROCEDIMENTO COMUM CÍVEL (7),ALINE RODRIGUES DE OLIVEIRA CALDAS
CÍVEL,BELÉM,7ª DEFENSORIA DE DEFESA DO CONSUMIDOR,2026-07-09 10:11:44.294853-03:00,0868467-93.2026.8.14.0301,PROCEDIMENTO COMUM CÍVEL (7),ALINE RODRIGUES DE OLIVEIRA CALDAS
CÍVEL,BELÉM,7ª DEFENSORIA DE DEFESA DO CONSUMIDOR,2026-07-09 11:14:05.825875-03:00,0868493-91.2026.8.14.0301,PROCEDIMENTO COMUM CÍVEL (7),ALINE RODRIGUES DE OLIVEIRA CALDAS
CÍVEL,BELÉM,7ª DEFENSORIA DE DEFESA DO CONSUMIDOR,2026-07-14 09:32:01.300329-03:00,0869635-33.2026.8.14.0301,PROCEDIMENTO COMUM CÍVEL (7),ALINE RODRIGUES DE OLIVEIRA CALDAS
CÍVEL,BELÉM,7ª DEFENSORIA DE DEFESA DO CONSUMIDOR,2026-07-14 10:43:30.463398-03:00,0869699-43.2026.8.14.0301,PROCEDIMENTO COMUM CÍVEL (7),ALINE RODRIGUES DE OLIVEIRA CALDAS
CÍVEL,BELÉM,7ª DEFENSORIA DE DEFESA DO CONSUMIDOR,2026-07-15 13:57:09.089630-03:00,0870495-34.2026.8.14.0301,PROCEDIMENTO COMUM CÍVEL (7),ALINE RODRIGUES DE OLIVEIRA CALDAS
CÍVEL,BELÉM,7ª DEFENSORIA DE DEFESA DO CONSUMIDOR,2026-07-16 13:54:38.779592-03:00,0870519-62.2026.8.14.0301,PROCEDIMENTO COMUM CÍVEL (7),ALINE RODRIGUES DE OLIVEIRA CALDAS
CÍVEL,BELÉM,7ª DEFENSORIA DE DEFESA DO CONSUMIDOR,2026-07-20 09:39:53.820112-03:00,0871115-46.2026.8.14.0301,PROCEDIMENTO COMUM CÍVEL (7),ALINE RODRIGUES DE OLIVEIRA CALDAS
CÍVEL,BELÉM,7ª DEFENSORIA DE DEFESA DO CONSUMIDOR,2026-07-21 11:17:59.623153-03:00,0871690-54.2026.8.14.0301,PROCEDIMENTO COMUM CÍVEL (7),ALINE RODRIGUES DE OLIVEIRA CALDAS
CÍVEL,BELÉM,7ª DEFENSORIA DE DEFESA DO CONSUMIDOR,2026-07-22 10:46:22.354582-03:00,0871955-56.2026.8.14.0301,PROCEDIMENTO COMUM CÍVEL (7),ALINE RODRIGUES DE OLIVEIRA CALDAS
CÍVEL,BELÉM,7ª DEFENSORIA DE DEFESA DO CONSUMIDOR,2026-07-22 11:41:52.221605-03:00,0871986-76.2026.8.14.0301,PROCEDIMENTO COMUM CÍVEL (7),ALINE RODRIGUES DE OLIVEIRA CALDAS
CÍVEL,BELÉM,7ª DEFENSORIA DE DEFESA DO CONSUMIDOR,2026-07-27 11:37:46.465568-03:00,0873125-63.2026.8.14.0301,PROCEDIMENTO COMUM CÍVEL (7),ALINE RODRIGUES DE OLIVEIRA CALDAS
CÍVEL,BELÉM,7ª DEFENSORIA DE DEFESA DO CONSUMIDOR,2026-07-27 13:05:34.729443-03:00,0873175-89.2026.8.14.0301,PROCEDIMENTO COMUM CÍVEL (7),ALINE RODRIGUES DE OLIVEIRA CALDAS
CÍVEL,BELÉM,7ª DEFENSORIA DE DEFESA DO CONSUMIDOR,2026-07-30 10:17:42.096803-03:00,0874181-34.2026.8.14.0301,PROCEDIMENTO COMUM CÍVEL (7),ALINE RODRIGUES DE OLIVEIRA CALDAS
CÍVEL,BELÉM,7ª DEFENSORIA DE DEFESA DO CONSUMIDOR,2026-07-30 10:58:52.456041-03:00,0874268-87.2026.8.14.0301,PROCEDIMENTO COMUM CÍVEL (7),ALINE RODRIGUES DE OLIVEIRA CALDAS
CÍVEL,BELÉM,7ª DEFENSORIA DE DEFESA DO CONSUMIDOR,2026-08-06 15:50:42.651911-03:00,0876312-79.2026.8.14.0301,PROCEDIMENTO COMUM CÍVEL (7),ALINE RODRIGUES DE OLIVEIRA CALDAS
CÍVEL,BELÉM,7ª DEFENSORIA DE DEFESA DO CONSUMIDOR,2026-08-07 12:23:37.248748-03:00,0876616-78.2026.8.14.0301,EMBARGOS À EXECUÇÃO (172),ALINE RODRIGUES DE OLIVEIRA CALDAS
CÍVEL,BELÉM,7ª DEFENSORIA DE DEFESA DO CONSUMIDOR,2026-08-07 14:06:41.447908-03:00,0876643-61.2026.8.14.0301,EMBARGOS À EXECUÇÃO (172),ALINE RODRIGUES DE OLIVEIRA CALDAS
CÍVEL,BELÉM,7ª DEFENSORIA DE DEFESA DO CONSUMIDOR,2026-08-10 09:57:55.838506-03:00,0877021-17.2026.8.14.0301,EMBARGOS À EXECUÇÃO (172),ALINE RODRIGUES DE OLIVEIRA CALDAS
CÍVEL,BELÉM,7ª DEFENSORIA DE DEFESA DO CONSUMIDOR,2026-08-20 18:54:57.582054-03:00,0881063-12.2026.8.14.0301,EMBARGOS À EXECUÇÃO (172),ALINE RODRIGUES DE OLIVEIRA CALDAS
CÍVEL,BELÉM,7ª DEFENSORIA DE DEFESA DO CONSUMIDOR,2026-08-21 15:53:43.124096-03:00,0881679-84.2026.8.14.0301,EMBARGOS À EXECUÇÃO (172),ALINE RODRIGUES DE OLIVEIRA CALDAS
CÍVEL,BELÉM,7ª DEFENSORIA DE DEFESA DO CONSUMIDOR,2026-08-25 13:05:32.723744-03:00,0882556-24.2026.8.14.0301,PROCEDIMENTO COMUM CÍVEL (7),ALINE RODRIGUES DE OLIVEIRA CALDAS
CÍVEL,BELÉM,7ª DEFENSORIA DE DEFESA DO CONSUMIDOR,2026-09-02 08:37:53.462861-03:00,0885376-16.2026.8.14.0301,EMBARGOS À EXECUÇÃO (172),ALINE RODRIGUES DE OLIVEIRA CALDAS
CÍVEL,BELÉM,7ª DEFENSORIA PÚBLICA CÍVEL,2026-01-21 11:51:55.176409-03:00,0804374-24.2026.8.14.0301,INVENTÁRIO (39),ADRIANA MARTINS JORGE JOAO
CÍVEL,BELÉM,7ª DEFENSORIA PÚBLICA CÍVEL,2026-01-21 13:16:53.795305-03:00,0804416-73.2026.8.14.0301,REINTEGRAÇÃO / MANUTENÇÃO DE POSSE (1707),ADRIANA MARTINS JORGE JOAO
CÍVEL,BELÉM,7ª DEFENSORIA PÚBLICA CÍVEL,2026-01-21 14:31:22.934302-03:00,0804465-17.2026.8.14.0301,INVENTÁRIO (39),ADRIANA MARTINS JORGE JOAO
CÍVEL,BELÉM,7ª DEFENSORIA PÚBLICA CÍVEL,2026-01-22 10:09:09.400750-03:00,0804672-16.2026.8.14.0301,INVENTÁRIO (39),ADRIANA MARTINS JORGE JOAO
CÍVEL,BELÉM,7ª DEFENSORIA PÚBLICA CÍVEL,2026-01-22 10:44:50.769439-03:00,0804698-14.2026.8.14.0301,INVENTÁRIO (39),ADRIANA MARTINS JORGE JOAO
CÍVEL,BELÉM,7ª DEFENSORIA PÚBLICA CÍVEL,2026-01-22 13:30:25.185237-03:00,0804822-94.2026.8.14.0301,INVENTÁRIO (39),ADRIANA MARTINS JORGE JOAO
CÍVEL,BELÉM,7ª DEFENSORIA PÚBLICA CÍVEL,2026-01-23 13:25:11.447477-03:00,0805260-23.2026.8.14.0301,INVENTÁRIO (39),ADRIANA MARTINS JORGE JOAO
CÍVEL,BELÉM,7ª DEFENSORIA PÚBLICA CÍVEL,2026-01-24 10:54:24.735382-03:00,0805444-76.2026.8.14.0301,PROCEDIMENTO COMUM CÍVEL (7),ADRIANA MARTINS JORGE JOAO
CÍVEL,BELÉM,7ª DEFENSORIA PÚBLICA CÍVEL,2026-03-25 10:06:18.056615-03:00,0832745-95.2026.8.14.0301,INVENTÁRIO (39),ADRIANA MARTINS JORGE JOAO
CÍVEL,BELÉM,7ª DEFENSORIA PÚBLICA CÍVEL,2026-03-25 10:52:55.319728-03:00,0832766-71.2026.8.14.0301,INVENTÁRIO (39),ADRIANA MARTINS JORGE JOAO
CÍVEL,BELÉM,7ª DEFENSORIA PÚBLICA CÍVEL,2026-03-25 11:43:09.256832-03:00,0832795-24.2026.8.14.0301,INVENTÁRIO (39),ADRIANA MARTINS JORGE JOAO
CÍVEL,BELÉM,7ª DEFENSORIA PÚBLICA CÍVEL,2026-04-24 17:39:32.849513-03:00,0845403-54.2026.8.14.0301,EMBARGOS À EXECUÇÃO (172),ADRIANA MARTINS JORGE JOAO
CÍVEL,BELÉM,7ª DEFENSORIA PÚBLICA CÍVEL,2026-06-17 09:50:49.173450-03:00,0861640-66.2026.8.14.0301,PROCEDIMENTO COMUM CÍVEL (7),ADRIANA MARTINS JORGE JOAO
CÍVEL,BELÉM,7ª DEFENSORIA PÚBLICA CÍVEL,2026-06-22 11:27:35.681201-03:00,0862949-25.2026.8.14.0301,INVENTÁRIO (39),ADRIANA MARTINS JORGE JOAO
CÍVEL,BELÉM,7ª DEFENSORIA PÚBLICA CÍVEL,2026-06-22 12:07:11.344065-03:00,0862977-90.2026.8.14.0301,INVENTÁRIO (39),ADRIANA MARTINS JORGE JOAO
CÍVEL,BELÉM,7ª DEFENSORIA PÚBLICA CÍVEL,2026-06-23 12:28:30.932760-03:00,0863873-36.2026.8.14.0301,REINTEGRAÇÃO / MANUTENÇÃO DE POSSE (1707),ADRIANA MARTINS JORGE JOAO
CÍVEL,BELÉM,7ª DEFENSORIA PÚBLICA CÍVEL,2026-06-25 11:33:37.439036-03:00,0864268-28.2026.8.14.0301,INVENTÁRIO (39),ADRIANA MARTINS JORGE JOAO
CÍVEL,BELÉM,7ª DEFENSORIA PÚBLICA CÍVEL,2026-07-04 12:18:02.427545-03:00,0867657-21.2026.8.14.0301,PROCEDIMENTO COMUM CÍVEL (7),ADRIANA MARTINS JORGE JOAO
CÍVEL,BELÉM,7ª DEFENSORIA PÚBLICA CÍVEL,2026-07-06 12:18:44.079531-03:00,0867662-43.2026.8.14.0301,AÇÃO DE EXIGIR CONTAS (45),ADRIANA MARTINS JORGE JOAO
CÍVEL,BELÉM,7ª DEFENSORIA PÚBLICA CÍVEL,2026-07-07 11:15:32.148543-03:00,0867728-23.2026.8.14.0301,PROCEDIMENTO COMUM CÍVEL (7),ADRIANA MARTINS JORGE JOAO
CÍVEL,BELÉM,7ª DEFENSORIA PÚBLICA CÍVEL,2026-07-14 12:03:28.589957-03:00,0871522-52.2026.8.14.0301,PROCEDIMENTO COMUM CÍVEL (7),ADRIANA MARTINS JORGE JOAO
CÍVEL,BELÉM,7ª DEFENSORIA PÚBLICA CÍVEL,2026-07-31 09:37:07.919673-03:00,0874547-73.2026.8.14.0301,EMBARGOS À EXECUÇÃO (172),ADRIANA MARTINS JORGE JOAO
CÍVEL,BELÉM,7ª DEFENSORIA PÚBLICA CÍVEL,2026-08-04 10:15:52.864369-03:00,0875316-81.2026.8.14.0301,EMBARGOS À EXECUÇÃO (172),ADRIANA MARTINS JORGE JOAO
CÍVEL,BELÉM,7ª DEFENSORIA PÚBLICA CÍVEL,2026-08-07 11:14:33.974885-03:00,0876547-46.2026.8.14.0301,DESPEJO POR FALTA DE PAGAMENTO (93),ADRIANA MARTINS JORGE JOAO
CÍVEL,BELÉM,7ª DEFENSORIA PÚBLICA CÍVEL,2026-08-07 11:29:44.963813-03:00,0876562-15.2026.8.14.0301,OUTROS PROCEDIMENTOS DE JURISDIÇÃO VOLUNTÁRIA (1294),ADRIANA MARTINS JORGE JOAO
CÍVEL,BELÉM,7ª DEFENSORIA PÚBLICA CÍVEL,2026-08-12 09:55:48.306747-03:00,0877783-33.2026.8.14.0301,INVENTÁRIO (39),ADRIANA MARTINS JORGE JOAO
CÍVEL,BELÉM,7ª DEFENSORIA PÚBLICA CÍVEL,2026-08-12 11:03:31.402594-03:00,0877855-20.2026.8.14.0301,INVENTÁRIO (39),ADRIANA MARTINS JORGE JOAO
CÍVEL,BELÉM,7ª DEFENSORIA PÚBLICA CÍVEL,2026-08-13 11:19:03.882103-03:00,0879203-73.2026.8.14.0301,PROCEDIMENTO COMUM CÍVEL (7),ADRIANA MARTINS JORGE JOAO
CÍVEL,BELÉM,7ª DEFENSORIA PÚBLICA CÍVEL,2026-08-19 10:00:46.341592-03:00,0880113-03.2026.8.14.0301,PROCEDIMENTO COMUM CÍVEL (7),ADRIANA MARTINS JORGE JOAO
CÍVEL,BELÉM,7ª DEFENSORIA PÚBLICA CÍVEL,2026-08-19 12:53:16.431360-03:00,0880295-86.2026.8.14.0301,USUCAPIÃO (49),ADRIANA MARTINS JORGE JOAO
CÍVEL,BELÉM,7ª DEFENSORIA PÚBLICA CÍVEL,2026-08-19 13:22:28.353030-03:00,0880306-18.2026.8.14.0301,PROCEDIMENTO COMUM CÍVEL (7),ADRIANA MARTINS JORGE JOAO
CÍVEL,BELÉM,7ª DEFENSORIA PÚBLICA CÍVEL,2026-08-19 13:51:26.152527-03:00,0880320-02.2026.8.14.0301,REINTEGRAÇÃO / MANUTENÇÃO DE POSSE (1707),ADRIANA MARTINS JORGE JOAO
CÍVEL,BELÉM,7ª DEFENSORIA PÚBLICA CÍVEL,2026-08-20 09:48:59.459926-03:00,0880637-97.2026.8.14.0301,PROCEDIMENTO COMUM CÍVEL (7),ADRIANA MARTINS JORGE JOAO
CÍVEL,BELÉM,7ª DEFENSORIA PÚBLICA CÍVEL,2026-08-20 10:30:39.525654-03:00,0880694-18.2026.8.14.0301,INVENTÁRIO (39),ADRIANA MARTINS JORGE JOAO
CÍVEL,BELÉM,7ª DEFENSORIA PÚBLICA CÍVEL,2026-08-24 12:20:54.565716-03:00,0881781-09.2026.8.14.0301,PROCEDIMENTO COMUM CÍVEL (7),ADRIANA MARTINS JORGE JOAO
CÍVEL,BELÉM,7ª DEFENSORIA PÚBLICA CÍVEL,2026-08-26 11:05:22.690454-03:00,0882719-04.2026.8.14.0301,DESPEJO POR FALTA DE PAGAMENTO (93),ADRIANA MARTINS JORGE JOAO
CÍVEL,BELÉM,7ª DEFENSORIA PÚBLICA CÍVEL,2026-08-26 11:55:45.676223-03:00,0882769-30.2026.8.14.0301,INVENTÁRIO (39),ADRIANA MARTINS JORGE JOAO
CÍVEL,BELÉM,7ª DEFENSORIA PÚBLICA CÍVEL,2026-08-26 12:25:15.913609-03:00,0882810-94.2026.8.14.0301,INVENTÁRIO (39),ADRIANA MARTINS JORGE JOAO
CÍVEL,BELÉM,7ª DEFENSORIA PÚBLICA CÍVEL,2026-08-26 13:12:40.457608-03:00,0882842-02.2026.8.14.0301,INVENTÁRIO (39),ADRIANA MARTINS JORGE JOAO
CÍVEL,BELÉM,7ª DEFENSORIA PÚBLICA CÍVEL,2026-09-03 10:07:34.098320-03:00,0885852-54.2026.8.14.0301,INVENTÁRIO (39),ADRIANA MARTINS JORGE JOAO
CÍVEL,BELÉM,7ª DEFENSORIA PÚBLICA CÍVEL,2026-09-03 11:06:13.996594-03:00,0885895-88.2026.8.14.0301,INVENTÁRIO (39),ADRIANA MARTINS JORGE JOAO
CÍVEL,BELÉM,7ª DEFENSORIA PÚBLICA CÍVEL,2026-09-03 12:06:07.909687-03:00,0885954-76.2026.8.14.0301,INVENTÁRIO (39),ADRIANA MARTINS JORGE JOAO
CÍVEL,BELÉM,7ª DEFENSORIA PÚBLICA CÍVEL,2026-09-04 10:03:47.813242-03:00,0886387-80.2026.8.14.0301,INVENTÁRIO (39),ADRIANA MARTINS JORGE JOAO
CÍVEL,BELÉM,7ª DEFENSORIA PÚBLICA CÍVEL,2026-09-04 10:55:40.506132-03:00,0886439-76.2026.8.14.0301,INVENTÁRIO (39),ADRIANA MARTINS JORGE JOAO
CÍVEL,BELÉM,7ª DEFENSORIA PÚBLICA CÍVEL,2026-09-04 12:09:39.251274-03:00,0886539-31.2026.8.14.0301,INVENTÁRIO (39),ADRIANA MARTINS JORGE JOAO
CÍVEL,BELÉM,7ª DEFENSORIA PÚBLICA CÍVEL,2026-09-10 12:28:32.389132-03:00,0888104-30.2026.8.14.0301,INTERDIÇÃO/CURATELA (58),ADRIANA MARTINS JORGE JOAO
CÍVEL,BELÉM,7ª DEFENSORIA PÚBLICA CÍVEL,2026-09-10 12:49:42.351382-03:00,0888123-36.2026.8.14.0301,PROCEDIMENTO COMUM CÍVEL (7),ADRIANA MARTINS JORGE JOAO
CÍVEL,BELÉM,7ª DEFENSORIA PÚBLICA CÍVEL,2026-09-14 10:50:42.016456-03:00,0889013-72.2026.8.14.0301,PROCEDIMENTO COMUM CÍVEL (7),ADRIANA MARTINS JORGE JOAO
CÍVEL,BELÉM,7ª DEFENSORIA PÚBLICA CÍVEL,2026-09-14 11:41:36.927207-03:00,0889059-61.2026.8.14.0301,INVENTÁRIO (39),ADRIANA MARTINS JORGE JOAO
CÍVEL,BELÉM,7ª DEFENSORIA PÚBLICA CÍVEL,2026-09-14 12:46:44.243002-03:00,0889107-20.2026.8.14.0301,REINTEGRAÇÃO / MANUTENÇÃO DE POSSE (1707),ADRIANA MARTINS JORGE JOAO
CÍVEL,BELÉM,7ª DEFENSORIA PÚBLICA CÍVEL,2026-09-14 13:07:11.472732-03:00,0889124-56.2026.8.14.0301,INVENTÁRIO (39),ADRIANA MARTINS JORGE JOAO
CÍVEL,BELÉM,7ª DEFENSORIA PÚBLICA CÍVEL,2026-09-18 10:34:17.756439-03:00,0890855-87.2026.8.14.0301,INVENTÁRIO (39),ADRIANA MARTINS JORGE JOAO
CÍVEL,BELÉM,7ª DEFENSORIA PÚBLICA CÍVEL,2026-09-18 12:06:42.789632-03:00,0890961-49.2026.8.14.0301,PROCEDIMENTO COMUM CÍVEL (7),ADRIANA MARTINS JORGE JOAO
CÍVEL,BELÉM,7ª DEFENSORIA PÚBLICA CÍVEL,2026-09-18 13:38:16.649804-03:00,0891001-31.2026.8.14.0301,PROCEDIMENTO COMUM CÍVEL (7),ADRIANA MARTINS JORGE JOAO
CÍVEL,BELÉM,7ª DEFENSORIA PÚBLICA CÍVEL,2026-09-21 09:15:35.194297-03:00,0891483-76.2026.8.14.0301,INVENTÁRIO (39),ADRIANA MARTINS JORGE JOAO
CÍVEL,BELÉM,7ª DEFENSORIA PÚBLICA CÍVEL,2026-09-22 10:28:33.378373-03:00,0892475-37.2026.8.14.0301,PROCEDIMENTO COMUM CÍVEL (7),ADRIANA MARTINS JORGE JOAO
CÍVEL,BELÉM,7ª DEFENSORIA PÚBLICA CÍVEL,2026-09-22 10:33:37.705293-03:00,0891974-83.2026.8.14.0301,PROCEDIMENTO COMUM CÍVEL (7),ADRIANA MARTINS JORGE JOAO
CÍVEL,BELÉM,7ª DEFENSORIA PÚBLICA CÍVEL,2026-09-23 10:40:26.327421-03:00,0892524-78.2026.8.14.0301,INVENTÁRIO (39),ADRIANA MARTINS JORGE JOAO
CÍVEL,BELÉM,7ª DEFENSORIA PÚBLICA CÍVEL,2026-09-23 11:01:33.011950-03:00,0892535-10.2026.8.14.0301,INVENTÁRIO (39),ADRIANA MARTINS JORGE JOAO
CÍVEL,BELÉM,7ª DEFENSORIA PÚBLICA CÍVEL,2026-09-23 12:06:16.788106-03:00,0892599-20.2026.8.14.0301,PROCEDIMENTO COMUM CÍVEL (7),ADRIANA MARTINS JORGE JOAO
CÍVEL,BELÉM,7ª DEFENSORIA PÚBLICA CÍVEL,2026-09-23 12:20:53.989021-03:00,0892671-07.2026.8.14.0301,PROCEDIMENTO COMUM CÍVEL (7),ADRIANA MARTINS JORGE JOAO
CÍVEL,BELÉM,7ª DEFENSORIA PÚBLICA CÍVEL,2026-09-23 12:53:33.338561-03:00,0892670-22.2026.8.14.0301,INVENTÁRIO (39),ADRIANA MARTINS JORGE JOAO
CÍVEL,BELÉM,7ª DEFENSORIA PÚBLICA DE FAMÍLIA,2026-01-05 21:01:56.306585-03:00,0800196-32.2026.8.14.0301,PROCEDIMENTO COMUM CÍVEL (7),LUDMILA CARDOSO LOBÃO DIAS
CÍVEL,BELÉM,7ª DEFENSORIA PÚBLICA DE FAMÍLIA,2026-01-05 23:34:36.709968-03:00,0800205-91.2026.8.14.0301,DIVÓRCIO LITIGIOSO (12541),LUDMILA CARDOSO LOBÃO DIAS
CÍVEL,BELÉM,7ª DEFENSORIA PÚBLICA DE FAMÍLIA,2026-01-07 10:55:24.029919-03:00,0800435-36.2026.8.14.0301,CUMPRIMENTO DE SENTENÇA (156),LUDMILA CARDOSO LOBÃO DIAS
CÍVEL,BELÉM,7ª DEFENSORIA PÚBLICA DE FAMÍLIA,2026-01-08 12:36:57.862772-03:00,0800849-34.2026.8.14.0301,CUMPRIMENTO PROVISÓRIO DE DECISÃO (10980),LUDMILA CARDOSO LOBÃO DIAS
CÍVEL,BELÉM,7ª DEFENSORIA PÚBLICA DE FAMÍLIA,2026-01-09 09:56:50.602276-03:00,0801051-11.2026.8.14.0301,PROCEDIMENTO COMUM CÍVEL (7),LUDMILA CARDOSO LOBÃO DIAS
CÍVEL,BELÉM,7ª DEFENSORIA PÚBLICA DE FAMÍLIA,2026-01-09 11:26:17.817390-03:00,0802311-26.2026.8.14.0301,GUARDA DE INFÂNCIA E JUVENTUDE (1420),LUDMILA CARDOSO LOBÃO DIAS
CÍVEL,BELÉM,7ª DEFENSORIA PÚBLICA DE FAMÍLIA,2026-01-09 12:09:35.686882-03:00,0801297-07.2026.8.14.0301,CUMPRIMENTO DE SENTENÇA (156),LUDMILA CARDOSO LOBÃO DIAS
CÍVEL,BELÉM,7ª DEFENSORIA PÚBLICA DE FAMÍLIA,2026-01-09 13:13:18.044013-03:00,0801191-45.2026.8.14.0301,PROCEDIMENTO COMUM CÍVEL (7),LUDMILA CARDOSO LOBÃO DIAS
CÍVEL,BELÉM,7ª DEFENSORIA PÚBLICA DE FAMÍLIA,2026-01-09 13:16:48.157775-03:00,0801205-29.2026.8.14.0301,DIVÓRCIO LITIGIOSO (12541),LUDMILA CARDOSO LOBÃO DIAS
CÍVEL,BELÉM,7ª DEFENSORIA PÚBLICA DE FAMÍLIA,2026-01-10 23:00:28.584365-03:00,0801398-44.2026.8.14.0301,PROCEDIMENTO COMUM CÍVEL (7),LUDMILA CARDOSO LOBÃO DIAS
CÍVEL,BELÉM,7ª DEFENSORIA PÚBLICA DE FAMÍLIA,2026-01-10 23:12:00.507450-03:00,0801399-29.2026.8.14.0301,PROCEDIMENTO COMUM CÍVEL (7),LUDMILA CARDOSO LOBÃO DIAS
CÍVEL,BELÉM,7ª DEFENSORIA PÚBLICA DE FAMÍLIA,2026-01-13 09:47:29.505965-03:00,0801750-02.2026.8.14.0301,CUMPRIMENTO DE SENTENÇA (156),LUDMILA CARDOSO LOBÃO DIAS
CÍVEL,BELÉM,7ª DEFENSORIA PÚBLICA DE FAMÍLIA,2026-01-13 12:08:31.332121-03:00,0803824-29.2026.8.14.0301,PROCEDIMENTO COMUM CÍVEL (7),LUDMILA CARDOSO LOBÃO DIAS
CÍVEL,BELÉM,7ª DEFENSORIA PÚBLICA DE FAMÍLIA,2026-01-13 12:13:08.842584-03:00,0802312-11.2026.8.14.0301,ALIMENTOS - LEI ESPECIAL Nº 5.478/68 (69),LUDMILA CARDOSO LOBÃO DIAS
CÍVEL,BELÉM,7ª DEFENSORIA PÚBLICA DE FAMÍLIA,2026-01-14 11:21:41.607059-03:00,0802307-86.2026.8.14.0301,DIVÓRCIO LITIGIOSO (12541),LUDMILA CARDOSO LOBÃO DIAS
CÍVEL,BELÉM,7ª DEFENSORIA PÚBLICA DE FAMÍLIA,2026-01-14 12:01:21.336963-03:00,0802298-27.2026.8.14.0301,DIVÓRCIO LITIGIOSO (12541),LUDMILA CARDOSO LOBÃO DIAS
CÍVEL,BELÉM,7ª DEFENSORIA PÚBLICA DE FAMÍLIA,2026-01-14 22:34:05.426163-03:00,0802559-89.2026.8.14.0301,DIVÓRCIO LITIGIOSO (12541),LUDMILA CARDOSO LOBÃO DIAS
CÍVEL,BELÉM,7ª DEFENSORIA PÚBLICA DE FAMÍLIA,2026-01-14 22:43:19.400559-03:00,0802560-74.2026.8.14.0301,PROCEDIMENTO COMUM CÍVEL (7),LUDMILA CARDOSO LOBÃO DIAS
CÍVEL,BELÉM,7ª DEFENSORIA PÚBLICA DE FAMÍLIA,2026-01-14 22:51:32.156749-03:00,0803358-35.2026.8.14.0301,PROCEDIMENTO COMUM CÍVEL (7),LUDMILA CARDOSO LOBÃO DIAS
CÍVEL,BELÉM,7ª DEFENSORIA PÚBLICA DE FAMÍLIA,2026-01-15 10:13:47.930543-03:00,0802619-62.2026.8.14.0301,ALIMENTOS - LEI ESPECIAL Nº 5.478/68 (69),LUDMILA CARDOSO LOBÃO DIAS
CÍVEL,BELÉM,7ª DEFENSORIA PÚBLICA DE FAMÍLIA,2026-01-15 13:45:13.148037-03:00,0803353-13.2026.8.14.0301,GUARDA DE INFÂNCIA E JUVENTUDE (1420),LUDMILA CARDOSO LOBÃO DIAS
CÍVEL,BELÉM,7ª DEFENSORIA PÚBLICA DE FAMÍLIA,2026-01-15 14:26:31.289749-03:00,0802786-79.2026.8.14.0301,ALIMENTOS - LEI ESPECIAL Nº 5.478/68 (69),LUDMILA CARDOSO LOBÃO DIAS
CÍVEL,BELÉM,7ª DEFENSORIA PÚBLICA DE FAMÍLIA,2026-01-15 14:57:50.550099-03:00,0802809-25.2026.8.14.0301,PROCEDIMENTO COMUM CÍVEL (7),LUDMILA CARDOSO LOBÃO DIAS
CÍVEL,BELÉM,7ª DEFENSORIA PÚBLICA DE FAMÍLIA,2026-01-16 08:23:20.717908-03:00,0802996-33.2026.8.14.0301,ALIMENTOS - LEI ESPECIAL Nº 5.478/68 (69),LUDMILA CARDOSO LOBÃO DIAS
CÍVEL,BELÉM,7ª DEFENSORIA PÚBLICA DE FAMÍLIA,2026-01-16 11:21:46.578397-03:00,0803352-28.2026.8.14.0301,ALIMENTOS - LEI ESPECIAL Nº 5.478/68 (69),LUDMILA CARDOSO LOBÃO DIAS
CÍVEL,BELÉM,7ª DEFENSORIA PÚBLICA DE FAMÍLIA,2026-01-17 16:31:51.478889-03:00,0803356-65.2026.8.14.0301,ALIMENTOS - LEI ESPECIAL Nº 5.478/68 (69),LUDMILA CARDOSO LOBÃO DIAS
CÍVEL,BELÉM,7ª DEFENSORIA PÚBLICA DE FAMÍLIA,2026-01-17 17:25:53.646373-03:00,0810000-24.2026.8.14.0301,DIVÓRCIO LITIGIOSO (12541),LUDMILA CARDOSO LOBÃO DIAS
CÍVEL,BELÉM,7ª DEFENSORIA PÚBLICA DE FAMÍLIA,2026-01-18 15:47:57.772824-03:00,0803821-74.2026.8.14.0301,PROCEDIMENTO COMUM CÍVEL (7),LUDMILA CARDOSO LOBÃO DIAS
CÍVEL,BELÉM,7ª DEFENSORIA PÚBLICA DE FAMÍLIA,2026-01-19 08:58:39.568273-03:00,0803781-92.2026.8.14.0301,GUARDA DE INFÂNCIA E JUVENTUDE (1420),LUDMILA CARDOSO LOBÃO DIAS
CÍVEL,BELÉM,7ª DEFENSORIA PÚBLICA DE FAMÍLIA,2026-01-19 11:36:14.681422-03:00,0803770-63.2026.8.14.0301,DIVÓRCIO LITIGIOSO (12541),LUDMILA CARDOSO LOBÃO DIAS
CÍVEL,BELÉM,7ª DEFENSORIA PÚBLICA DE FAMÍLIA,2026-01-19 13:56:12.270812-03:00,0803760-19.2026.8.14.0301,ALIMENTOS - LEI ESPECIAL Nº 5.478/68 (69),LUDMILA CARDOSO LOBÃO DIAS
CÍVEL,BELÉM,7ª DEFENSORIA PÚBLICA DE FAMÍLIA,2026-01-20 09:09:56.985007-03:00,0804389-90.2026.8.14.0301,GUARDA DE INFÂNCIA E JUVENTUDE (1420),LUDMILA CARDOSO LOBÃO DIAS
CÍVEL,BELÉM,7ª DEFENSORIA PÚBLICA DE FAMÍLIA,2026-01-20 13:52:21.698990-03:00,0804288-53.2026.8.14.0301,GUARDA DE INFÂNCIA E JUVENTUDE (1420),LUDMILA CARDOSO LOBÃO DIAS
CÍVEL,BELÉM,7ª DEFENSORIA PÚBLICA DE FAMÍLIA,2026-01-21 11:08:04.067386-03:00,0804386-38.2026.8.14.0301,CUMPRIMENTO DE SENTENÇA (156),LUDMILA CARDOSO LOBÃO DIAS
CÍVEL,BELÉM,7ª DEFENSORIA PÚBLICA DE FAMÍLIA,2026-01-21 11:18:58.126343-03:00,0804353-48.2026.8.14.0301,ALIMENTOS - LEI ESPECIAL Nº 5.478/68 (69),LUDMILA CARDOSO LOBÃO DIAS
CÍVEL,BELÉM,7ª DEFENSORIA PÚBLICA DE FAMÍLIA,2026-01-22 13:15:08.934642-03:00,0804814-20.2026.8.14.0301,CUMPRIMENTO PROVISÓRIO DE DECISÃO (10980),LUDMILA CARDOSO LOBÃO DIAS
CÍVEL,BELÉM,7ª DEFENSORIA PÚBLICA DE FAMÍLIA,2026-01-23 08:42:54.750706-03:00,0805100-95.2026.8.14.0301,ALIMENTOS - LEI ESPECIAL Nº 5.478/68 (69),LUDMILA CARDOSO LOBÃO DIAS
CÍVEL,BELÉM,7ª DEFENSORIA PÚBLICA DE FAMÍLIA,2026-01-26 08:14:50.019297-03:00,0805524-40.2026.8.14.0301,PROCEDIMENTO COMUM CÍVEL (7),LUDMILA CARDOSO LOBÃO DIAS
CÍVEL,BELÉM,7ª DEFENSORIA PÚBLICA DE FAMÍLIA,2026-01-26 08:50:23.434567-03:00,0806140-15.2026.8.14.0301,GUARDA DE INFÂNCIA E JUVENTUDE (1420),LUDMILA CARDOSO LOBÃO DIAS
CÍVEL,BELÉM,7ª DEFENSORIA PÚBLICA DE FAMÍLIA,2026-01-26 10:55:25.330864-03:00,0805599-79.2026.8.14.0301,PROCEDIMENTO COMUM CÍVEL (7),LUDMILA CARDOSO LOBÃO DIAS
CÍVEL,BELÉM,7ª DEFENSORIA PÚBLICA DE FAMÍLIA,2026-01-27 09:06:05.349152-03:00,0805880-35.2026.8.14.0301,PROCEDIMENTO COMUM CÍVEL (7),LUDMILA CARDOSO LOBÃO DIAS
CÍVEL,BELÉM,7ª DEFENSORIA PÚBLICA DE FAMÍLIA,2026-01-27 10:45:35.543730-03:00,0810387-39.2026.8.14.0301,GUARDA DE INFÂNCIA E JUVENTUDE (1420),LUDMILA CARDOSO LOBÃO DIAS
CÍVEL,BELÉM,7ª DEFENSORIA PÚBLICA DE FAMÍLIA,2026-01-27 13:42:46.427918-03:00,0805997-26.2026.8.14.0301,PROCEDIMENTO COMUM CÍVEL (7),LUDMILA CARDOSO LOBÃO DIAS
CÍVEL,BELÉM,7ª DEFENSORIA PÚBLICA DE FAMÍLIA,2026-01-29 08:12:54.688312-03:00,0806592-25.2026.8.14.0301,ALIMENTOS - LEI ESPECIAL Nº 5.478/68 (69),LUDMILA CARDOSO LOBÃO DIAS
CÍVEL,BELÉM,7ª DEFENSORIA PÚBLICA DE FAMÍLIA,2026-01-29 09:38:24.214311-03:00,0806612-16.2026.8.14.0301,DIVÓRCIO LITIGIOSO (12541),LUDMILA CARDOSO LOBÃO DIAS
CÍVEL,BELÉM,7ª DEFENSORIA PÚBLICA DE FAMÍLIA,2026-01-29 11:51:03.224558-03:00,0807200-23.2026.8.14.0301,GUARDA DE INFÂNCIA E JUVENTUDE (1420),LUDMILA CARDOSO LOBÃO DIAS
CÍVEL,BELÉM,7ª DEFENSORIA PÚBLICA DE FAMÍLIA,2026-02-02 09:11:50.660761-03:00,0807562-25.2026.8.14.0301,PROCEDIMENTO COMUM CÍVEL (7),LUDMILA CARDOSO LOBÃO DIAS
CÍVEL,BELÉM,7ª DEFENSORIA PÚBLICA DE FAMÍLIA,2026-02-02 09:53:44.594833-03:00,0809983-85.2026.8.14.0301,PROCEDIMENTO COMUM CÍVEL (7),LUDMILA CARDOSO LOBÃO DIAS
CÍVEL,BELÉM,7ª DEFENSORIA PÚBLICA DE FAMÍLIA,2026-02-02 09:59:52.663147-03:00,0807575-24.2026.8.14.0301,ALIMENTOS - LEI ESPECIAL Nº 5.478/68 (69),LUDMILA CARDOSO LOBÃO DIAS
CÍVEL,BELÉM,7ª DEFENSORIA PÚBLICA DE FAMÍLIA,2026-02-03 09:40:10.769583-03:00,0811311-50.2026.8.14.0301,PROCEDIMENTO COMUM CÍVEL (7),LUDMILA CARDOSO LOBÃO DIAS
CÍVEL,BELÉM,7ª DEFENSORIA PÚBLICA DE FAMÍLIA,2026-02-03 09:52:51.882026-03:00,0810546-79.2026.8.14.0301,DIVÓRCIO LITIGIOSO (12541),LUDMILA CARDOSO LOBÃO DIAS
CÍVEL,BELÉM,7ª DEFENSORIA PÚBLICA DE FAMÍLIA,2026-02-05 09:08:42.153449-03:00,0835233-23.2026.8.14.0301,PROCEDIMENTO COMUM CÍVEL (7),LUDMILA CARDOSO LOBÃO DIAS
CÍVEL,BELÉM,7ª DEFENSORIA PÚBLICA DE FAMÍLIA,2026-02-25 11:43:14.514964-03:00,0823905-96.2026.8.14.0301,PROCEDIMENTO COMUM CÍVEL (7),LUDMILA CARDOSO LOBÃO DIAS
CÍVEL,BELÉM,7ª DEFENSORIA PÚBLICA DE FAMÍLIA,2026-02-27 12:04:13.624474-03:00,0827850-91.2026.8.14.0301,PROCEDIMENTO COMUM CÍVEL (7),LUDMILA CARDOSO LOBÃO DIAS
CÍVEL,BELÉM,7ª DEFENSORIA PÚBLICA DE FAMÍLIA,2026-02-27 14:29:31.242381-03:00,0827673-30.2026.8.14.0301,PROCEDIMENTO COMUM CÍVEL (7),LUDMILA CARDOSO LOBÃO DIAS
CÍVEL,BELÉM,7ª DEFENSORIA PÚBLICA DE FAMÍLIA,2026-03-02 12:44:53.873264-03:00,0825341-90.2026.8.14.0301,PROCEDIMENTO COMUM CÍVEL (7),LUDMILA CARDOSO LOBÃO DIAS
CÍVEL,BELÉM,7ª DEFENSORIA PÚBLICA DE FAMÍLIA,2026-03-04 09:51:36.148055-03:00,0826001-84.2026.8.14.0301,CUMPRIMENTO DE SENTENÇA (156),LUDMILA CARDOSO LOBÃO DIAS
CÍVEL,BELÉM,7ª DEFENSORIA PÚBLICA DE FAMÍLIA,2026-03-05 11:29:09.967957-03:00,0826472-03.2026.8.14.0301,ALIMENTOS - LEI ESPECIAL Nº 5.478/68 (69),LUDMILA CARDOSO LOBÃO DIAS
CÍVEL,BELÉM,7ª DEFENSORIA PÚBLICA DE FAMÍLIA,2026-03-06 09:29:20.202216-03:00,0830654-32.2026.8.14.0301,CUMPRIMENTO DE SENTENÇA (156),LUDMILA CARDOSO LOBÃO DIAS
CÍVEL,BELÉM,7ª DEFENSORIA PÚBLICA DE FAMÍLIA,2026-03-09 09:16:50.614387-03:00,0805539-80.2026.8.14.0051,DIVÓRCIO LITIGIOSO (12541),LUDMILA CARDOSO LOBÃO DIAS
CÍVEL,BELÉM,7ª DEFENSORIA PÚBLICA DE FAMÍLIA,2026-03-09 10:33:58.439329-03:00,0834203-50.2026.8.14.0301,ALIMENTOS - LEI ESPECIAL Nº 5.478/68 (69),LUDMILA CARDOSO LOBÃO DIAS
CÍVEL,BELÉM,7ª DEFENSORIA PÚBLICA DE FAMÍLIA,2026-03-10 08:49:20.304026-03:00,0827599-73.2026.8.14.0301,PROCEDIMENTO COMUM CÍVEL (7),LUDMILA CARDOSO LOBÃO DIAS
CÍVEL,BELÉM,7ª DEFENSORIA PÚBLICA DE FAMÍLIA,2026-03-10 12:38:14.212841-03:00,0827782-44.2026.8.14.0301,PROCEDIMENTO COMUM CÍVEL (7),LUDMILA CARDOSO LOBÃO DIAS
CÍVEL,BELÉM,7ª DEFENSORIA PÚBLICA DE FAMÍLIA,2026-03-11 08:53:23.501602-03:00,0830133-87.2026.8.14.0301,PROCEDIMENTO COMUM CÍVEL (7),LUDMILA CARDOSO LOBÃO DIAS
CÍVEL,BELÉM,7ª DEFENSORIA PÚBLICA DE FAMÍLIA,2026-03-12 12:39:33.854871-03:00,0828964-65.2026.8.14.0301,CUMPRIMENTO DE SENTENÇA (156),LUDMILA CARDOSO LOBÃO DIAS
CÍVEL,BELÉM,7ª DEFENSORIA PÚBLICA DE FAMÍLIA,2026-03-13 08:51:45.333293-03:00,0834257-16.2026.8.14.0301,ALIMENTOS - LEI ESPECIAL Nº 5.478/68 (69),LUDMILA CARDOSO LOBÃO DIAS
CÍVEL,BELÉM,7ª DEFENSORIA PÚBLICA DE FAMÍLIA,2026-03-13 14:44:24.932293-03:00,0829916-44.2026.8.14.0301,PROCEDIMENTO COMUM CÍVEL (7),LUDMILA CARDOSO LOBÃO DIAS
CÍVEL,BELÉM,7ª DEFENSORIA PÚBLICA DE FAMÍLIA,2026-03-16 08:53:16.173311-03:00,0839640-72.2026.8.14.0301,PROCEDIMENTO COMUM CÍVEL (7),LUDMILA CARDOSO LOBÃO DIAS
CÍVEL,BELÉM,7ª DEFENSORIA PÚBLICA DE FAMÍLIA,2026-03-16 13:27:03.037574-03:00,0829890-46.2026.8.14.0301,ALIMENTOS - LEI ESPECIAL Nº 5.478/68 (69),LUDMILA CARDOSO LOBÃO DIAS
CÍVEL,BELÉM,7ª DEFENSORIA PÚBLICA DE FAMÍLIA,2026-03-18 11:23:15.982743-03:00,0841004-79.2026.8.14.0301,DIVÓRCIO LITIGIOSO (12541),LUDMILA CARDOSO LOBÃO DIAS
CÍVEL,BELÉM,7ª DEFENSORIA PÚBLICA DE FAMÍLIA,2026-03-18 11:49:41.610916-03:00,0830596-29.2026.8.14.0301,DIVÓRCIO LITIGIOSO (12541),LUDMILA CARDOSO LOBÃO DIAS
CÍVEL,BELÉM,7ª DEFENSORIA PÚBLICA DE FAMÍLIA,2026-03-19 11:25:32.984853-03:00,0832393-40.2026.8.14.0301,PROCEDIMENTO COMUM CÍVEL (7),LUDMILA CARDOSO LOBÃO DIAS
CÍVEL,BELÉM,7ª DEFENSORIA PÚBLICA DE FAMÍLIA,2026-03-19 14:05:21.265204-03:00,0832770-11.2026.8.14.0301,ALIMENTOS - LEI ESPECIAL Nº 5.478/68 (69),LUDMILA CARDOSO LOBÃO DIAS
CÍVEL,BELÉM,7ª DEFENSORIA PÚBLICA DE FAMÍLIA,2026-03-23 10:52:44.218450-03:00,0840996-05.2026.8.14.0301,PROCEDIMENTO COMUM CÍVEL (7),LUDMILA CARDOSO LOBÃO DIAS
CÍVEL,BELÉM,7ª DEFENSORIA PÚBLICA DE FAMÍLIA,2026-03-24 13:05:23.494027-03:00,0832825-59.2026.8.14.0301,PROCEDIMENTO COMUM CÍVEL (7),LUDMILA CARDOSO LOBÃO DIAS
CÍVEL,BELÉM,7ª DEFENSORIA PÚBLICA DE FAMÍLIA,2026-03-24 14:43:55.178971-03:00,0839701-30.2026.8.14.0301,PROCEDIMENTO COMUM CÍVEL (7),LUDMILA CARDOSO LOBÃO DIAS
CÍVEL,BELÉM,7ª DEFENSORIA PÚBLICA DE FAMÍLIA,2026-03-25 13:11:49.727025-03:00,0834201-80.2026.8.14.0301,PROCEDIMENTO COMUM CÍVEL (7),LUDMILA CARDOSO LOBÃO DIAS
CÍVEL,BELÉM,7ª DEFENSORIA PÚBLICA DE FAMÍLIA,2026-03-30 09:53:40.203813-03:00,0834185-29.2026.8.14.0301,PROCEDIMENTO COMUM CÍVEL (7),LUDMILA CARDOSO LOBÃO DIAS
CÍVEL,BELÉM,7ª DEFENSORIA PÚBLICA DE FAMÍLIA,2026-03-30 11:41:45.214731-03:00,0834180-07.2026.8.14.0301,PROCEDIMENTO COMUM CÍVEL (7),LUDMILA CARDOSO LOBÃO DIAS
CÍVEL,BELÉM,7ª DEFENSORIA PÚBLICA DE FAMÍLIA,2026-03-30 14:42:27.676071-03:00,0834247-69.2026.8.14.0301,PROCEDIMENTO COMUM CÍVEL (7),LUDMILA CARDOSO LOBÃO DIAS
CÍVEL,BELÉM,7ª DEFENSORIA PÚBLICA DE FAMÍLIA,2026-04-01 10:10:23.263176-03:00,0835057-44.2026.8.14.0301,CUMPRIMENTO PROVISÓRIO DE DECISÃO (10980),LUDMILA CARDOSO LOBÃO DIAS
CÍVEL,BELÉM,7ª DEFENSORIA PÚBLICA DE FAMÍLIA,2026-04-04 21:52:52.458839-03:00,0836557-48.2026.8.14.0301,PROCEDIMENTO COMUM CÍVEL (7),LUDMILA CARDOSO LOBÃO DIAS
CÍVEL,BELÉM,7ª DEFENSORIA PÚBLICA DE FAMÍLIA,2026-04-06 10:47:07.767997-03:00,0842874-62.2026.8.14.0301,PROCEDIMENTO COMUM CÍVEL (7),LUDMILA CARDOSO LOBÃO DIAS
CÍVEL,BELÉM,7ª DEFENSORIA PÚBLICA DE FAMÍLIA,2026-04-08 12:02:43.850056-03:00,0839666-70.2026.8.14.0301,CUMPRIMENTO DE SENTENÇA (156),LUDMILA CARDOSO LOBÃO DIAS
CÍVEL,BELÉM,7ª DEFENSORIA PÚBLICA DE FAMÍLIA,2026-04-08 14:11:20.247690-03:00,0839688-31.2026.8.14.0301,DIVÓRCIO LITIGIOSO (12541),LUDMILA CARDOSO LOBÃO DIAS
CÍVEL,BELÉM,7ª DEFENSORIA PÚBLICA DE FAMÍLIA,2026-04-09 09:36:20.484576-03:00,0841846-59.2026.8.14.0301,PROCEDIMENTO COMUM CÍVEL (7),LUDMILA CARDOSO LOBÃO DIAS
CÍVEL,BELÉM,7ª DEFENSORIA PÚBLICA DE FAMÍLIA,2026-04-09 10:31:43.902279-03:00,0840087-60.2026.8.14.0301,DIVÓRCIO LITIGIOSO (12541),LUDMILA CARDOSO LOBÃO DIAS
CÍVEL,BELÉM,7ª DEFENSORIA PÚBLICA DE FAMÍLIA,2026-04-09 12:10:25.637771-03:00,0844200-57.2026.8.14.0301,PROCEDIMENTO COMUM CÍVEL (7),LUDMILA CARDOSO LOBÃO DIAS
CÍVEL,BELÉM,7ª DEFENSORIA PÚBLICA DE FAMÍLIA,2026-04-09 12:57:48.930516-03:00,0842221-60.2026.8.14.0301,CUMPRIMENTO DE SENTENÇA (156),LUDMILA CARDOSO LOBÃO DIAS
CÍVEL,BELÉM,7ª DEFENSORIA PÚBLICA DE FAMÍLIA,2026-04-09 13:03:47.393836-03:00,0844188-43.2026.8.14.0301,CUMPRIMENTO DE SENTENÇA (156),LUDMILA CARDOSO LOBÃO DIAS
CÍVEL,BELÉM,7ª DEFENSORIA PÚBLICA DE FAMÍLIA,2026-04-11 13:53:19.659287-03:00,0841002-12.2026.8.14.0301,ALIMENTOS - LEI ESPECIAL Nº 5.478/68 (69),LUDMILA CARDOSO LOBÃO DIAS
CÍVEL,BELÉM,7ª DEFENSORIA PÚBLICA DE FAMÍLIA,2026-04-12 12:21:04.702983-03:00,0841063-67.2026.8.14.0301,ALIMENTOS - LEI ESPECIAL Nº 5.478/68 (69),LUDMILA CARDOSO LOBÃO DIAS
CÍVEL,BELÉM,7ª DEFENSORIA PÚBLICA DE FAMÍLIA,2026-04-12 12:38:24.664715-03:00,0841320-92.2026.8.14.0301,PROCEDIMENTO COMUM CÍVEL (7),LUDMILA CARDOSO LOBÃO DIAS
CÍVEL,BELÉM,7ª DEFENSORIA PÚBLICA DE FAMÍLIA,2026-04-13 12:21:22.836816-03:00,0841274-06.2026.8.14.0301,PROCEDIMENTO COMUM CÍVEL (7),LUDMILA CARDOSO LOBÃO DIAS
CÍVEL,BELÉM,7ª DEFENSORIA PÚBLICA DE FAMÍLIA,2026-04-13 13:02:43.809392-03:00,0841342-53.2026.8.14.0301,ALIMENTOS - LEI ESPECIAL Nº 5.478/68 (69),LUDMILA CARDOSO LOBÃO DIAS
CÍVEL,BELÉM,7ª DEFENSORIA PÚBLICA DE FAMÍLIA,2026-04-14 13:03:52.767362-03:00,0842239-81.2026.8.14.0301,ALIMENTOS - LEI ESPECIAL Nº 5.478/68 (69),LUDMILA CARDOSO LOBÃO DIAS
CÍVEL,BELÉM,7ª DEFENSORIA PÚBLICA DE FAMÍLIA,2026-04-14 14:09:21.828012-03:00,0844325-25.2026.8.14.0301,DIVÓRCIO LITIGIOSO (12541),LUDMILA CARDOSO LOBÃO DIAS
CÍVEL,BELÉM,7ª DEFENSORIA PÚBLICA DE FAMÍLIA,2026-04-16 11:16:01.966826-03:00,0845658-12.2026.8.14.0301,DIVÓRCIO LITIGIOSO (12541),LUDMILA CARDOSO LOBÃO DIAS
CÍVEL,BELÉM,7ª DEFENSORIA PÚBLICA DE FAMÍLIA,2026-04-16 13:20:56.117908-03:00,0842886-76.2026.8.14.0301,PROCEDIMENTO COMUM CÍVEL (7),LUDMILA CARDOSO LOBÃO DIAS
CÍVEL,BELÉM,7ª DEFENSORIA PÚBLICA DE FAMÍLIA,2026-04-22 09:19:48.712593-03:00,0844097-50.2026.8.14.0301,ALIMENTOS - LEI ESPECIAL Nº 5.478/68 (69),LUDMILA CARDOSO LOBÃO DIAS
CÍVEL,BELÉM,7ª DEFENSORIA PÚBLICA DE FAMÍLIA,2026-04-22 11:32:40.908365-03:00,0844192-80.2026.8.14.0301,PROCEDIMENTO COMUM CÍVEL (7),LUDMILA CARDOSO LOBÃO DIAS
CÍVEL,BELÉM,7ª DEFENSORIA PÚBLICA DE FAMÍLIA,2026-04-22 12:57:22.375186-03:00,0845749-05.2026.8.14.0301,ALIMENTOS - LEI ESPECIAL Nº 5.478/68 (69),LUDMILA CARDOSO LOBÃO DIAS
CÍVEL,BELÉM,7ª DEFENSORIA PÚBLICA DE FAMÍLIA,2026-04-23 12:14:01.073739-03:00,0844619-77.2026.8.14.0301,ALIMENTOS - LEI ESPECIAL Nº 5.478/68 (69),LUDMILA CARDOSO LOBÃO DIAS
CÍVEL,BELÉM,7ª DEFENSORIA PÚBLICA DE FAMÍLIA,2026-04-23 13:12:27.604856-03:00,0845665-04.2026.8.14.0301,ALIMENTOS - LEI ESPECIAL Nº 5.478/68 (69),LUDMILA CARDOSO LOBÃO DIAS
CÍVEL,BELÉM,7ª DEFENSORIA PÚBLICA DE FAMÍLIA,2026-04-24 11:45:17.602541-03:00,0845707-53.2026.8.14.0301,PROCEDIMENTO COMUM CÍVEL (7),LUDMILA CARDOSO LOBÃO DIAS
CÍVEL,BELÉM,7ª DEFENSORIA PÚBLICA DE FAMÍLIA,2026-04-24 11:55:58.074978-03:00,0845705-83.2026.8.14.0301,PROCEDIMENTO COMUM CÍVEL (7),LUDMILA CARDOSO LOBÃO DIAS
CÍVEL,BELÉM,7ª DEFENSORIA PÚBLICA DE FAMÍLIA,2026-04-24 12:03:41.675104-03:00,0845677-18.2026.8.14.0301,PROCEDIMENTO COMUM CÍVEL (7),LUDMILA CARDOSO LOBÃO DIAS
CÍVEL,BELÉM,7ª DEFENSORIA PÚBLICA DE FAMÍLIA,2026-05-11 10:54:08.234046-03:00,0849789-30.2026.8.14.0301,CUMPRIMENTO DE SENTENÇA (156),LUDMILA CARDOSO LOBÃO DIAS
CÍVEL,BELÉM,7ª DEFENSORIA PÚBLICA DE FAMÍLIA,2026-05-11 12:14:15.235929-03:00,0849873-31.2026.8.14.0301,DIVÓRCIO LITIGIOSO (12541),LUDMILA CARDOSO LOBÃO DIAS
CÍVEL,BELÉM,7ª DEFENSORIA PÚBLICA DE FAMÍLIA,2026-05-14 11:02:02.414264-03:00,0851218-32.2026.8.14.0301,CUMPRIMENTO DE SENTENÇA (156),LUDMILA CARDOSO LOBÃO DIAS
CÍVEL,BELÉM,7ª DEFENSORIA PÚBLICA DE FAMÍLIA,2026-05-14 12:55:30.844164-03:00,0851319-69.2026.8.14.0301,PROCEDIMENTO COMUM CÍVEL (7),LUDMILA CARDOSO LOBÃO DIAS
CÍVEL,BELÉM,7ª DEFENSORIA PÚBLICA DE FAMÍLIA,2026-05-18 11:31:11.141507-03:00,0852179-70.2026.8.14.0301,CUMPRIMENTO DE SENTENÇA (156),LUDMILA CARDOSO LOBÃO DIAS
CÍVEL,BELÉM,7ª DEFENSORIA PÚBLICA DE FAMÍLIA,2026-05-21 12:01:22.907530-03:00,0853718-71.2026.8.14.0301,PROCEDIMENTO COMUM CÍVEL (7),LUDMILA CARDOSO LOBÃO DIAS
CÍVEL,BELÉM,7ª DEFENSORIA PÚBLICA DE FAMÍLIA,2026-05-25 09:45:44.942162-03:00,0854823-83.2026.8.14.0301,PROCEDIMENTO COMUM CÍVEL (7),LUDMILA CARDOSO LOBÃO DIAS
CÍVEL,BELÉM,7ª DEFENSORIA PÚBLICA DE FAMÍLIA,2026-05-25 10:53:20.940836-03:00,0854639-30.2026.8.14.0301,CUMPRIMENTO PROVISÓRIO DE DECISÃO (10980),LUDMILA CARDOSO LOBÃO DIAS
CÍVEL,BELÉM,7ª DEFENSORIA PÚBLICA DE FAMÍLIA,2026-05-26 08:52:11.576070-03:00,0855229-07.2026.8.14.0301,ALIMENTOS - LEI ESPECIAL Nº 5.478/68 (69),LUDMILA CARDOSO LOBÃO DIAS
CÍVEL,BELÉM,7ª DEFENSORIA PÚBLICA DE FAMÍLIA,2026-05-27 11:15:47.615316-03:00,0855965-25.2026.8.14.0301,PROCEDIMENTO COMUM CÍVEL (7),LUDMILA CARDOSO LOBÃO DIAS
CÍVEL,BELÉM,7ª DEFENSORIA PÚBLICA DE FAMÍLIA,2026-05-27 14:29:56.584127-03:00,0855880-39.2026.8.14.0301,PROCEDIMENTO COMUM CÍVEL (7),LUDMILA CARDOSO LOBÃO DIAS
CÍVEL,BELÉM,7ª DEFENSORIA PÚBLICA DE FAMÍLIA,2026-05-28 11:43:48.649658-03:00,0855995-60.2026.8.14.0301,PROCEDIMENTO COMUM CÍVEL (7),LUDMILA CARDOSO LOBÃO DIAS
CÍVEL,BELÉM,7ª DEFENSORIA PÚBLICA DE FAMÍLIA,2026-06-01 09:21:51.281926-03:00,0864052-67.2026.8.14.0301,PROCEDIMENTO COMUM CÍVEL (7),LUDMILA CARDOSO LOBÃO DIAS
CÍVEL,BELÉM,7ª DEFENSORIA PÚBLICA DE FAMÍLIA,2026-06-01 11:03:31.615731-03:00,0858562-64.2026.8.14.0301,PROCEDIMENTO COMUM CÍVEL (7),LUDMILA CARDOSO LOBÃO DIAS
CÍVEL,BELÉM,7ª DEFENSORIA PÚBLICA DE FAMÍLIA,2026-06-01 11:08:12.248883-03:00,0858580-85.2026.8.14.0301,PROCEDIMENTO COMUM CÍVEL (7),LUDMILA CARDOSO LOBÃO DIAS
CÍVEL,BELÉM,7ª DEFENSORIA PÚBLICA DE FAMÍLIA,2026-06-02 10:41:02.172747-03:00,0857591-79.2026.8.14.0301,CUMPRIMENTO DE SENTENÇA (156),LUDMILA CARDOSO LOBÃO DIAS
CÍVEL,BELÉM,7ª DEFENSORIA PÚBLICA DE FAMÍLIA,2026-06-02 11:18:29.560961-03:00,0805956-44.2026.8.14.0015,ALIMENTOS - LEI ESPECIAL Nº 5.478/68 (69),LUDMILA CARDOSO LOBÃO DIAS
CÍVEL,BELÉM,7ª DEFENSORIA PÚBLICA DE FAMÍLIA,2026-06-02 13:58:15.673670-03:00,0857594-34.2026.8.14.0301,CUMPRIMENTO PROVISÓRIO DE DECISÃO (10980),LUDMILA CARDOSO LOBÃO DIAS
CÍVEL,BELÉM,7ª DEFENSORIA PÚBLICA DE FAMÍLIA,2026-06-03 10:14:14.183886-03:00,0857927-83.2026.8.14.0301,ALIMENTOS - LEI ESPECIAL Nº 5.478/68 (69),LUDMILA CARDOSO LOBÃO DIAS
CÍVEL,BELÉM,7ª DEFENSORIA PÚBLICA DE FAMÍLIA,2026-06-08 11:33:06.281969-03:00,0858725-44.2026.8.14.0301,PROCEDIMENTO COMUM CÍVEL (7),LUDMILA CARDOSO LOBÃO DIAS
CÍVEL,BELÉM,7ª DEFENSORIA PÚBLICA DE FAMÍLIA,2026-06-08 12:37:24.523917-03:00,0858710-75.2026.8.14.0301,PROCEDIMENTO COMUM CÍVEL (7),LUDMILA CARDOSO LOBÃO DIAS
CÍVEL,BELÉM,7ª DEFENSORIA PÚBLICA DE FAMÍLIA,2026-06-08 12:40:12.812293-03:00,0858691-69.2026.8.14.0301,ALIMENTOS - LEI ESPECIAL Nº 5.478/68 (69),LUDMILA CARDOSO LOBÃO DIAS
CÍVEL,BELÉM,7ª DEFENSORIA PÚBLICA DE FAMÍLIA,2026-06-08 13:12:09.227043-03:00,0858738-43.2026.8.14.0301,CUMPRIMENTO DE SENTENÇA (156),LUDMILA CARDOSO LOBÃO DIAS
CÍVEL,BELÉM,7ª DEFENSORIA PÚBLICA DE FAMÍLIA,2026-06-09 12:50:20.102282-03:00,0859144-64.2026.8.14.0301,ALIMENTOS - LEI ESPECIAL Nº 5.478/68 (69),LUDMILA CARDOSO LOBÃO DIAS
CÍVEL,BELÉM,7ª DEFENSORIA PÚBLICA DE FAMÍLIA,2026-06-10 13:00:19.063763-03:00,0864351-44.2026.8.14.0301,DIVÓRCIO LITIGIOSO (12541),LUDMILA CARDOSO LOBÃO DIAS
CÍVEL,BELÉM,7ª DEFENSORIA PÚBLICA DE FAMÍLIA,2026-06-11 11:57:20.030134-03:00,0860217-71.2026.8.14.0301,PROCEDIMENTO COMUM CÍVEL (7),LUDMILA CARDOSO LOBÃO DIAS
CÍVEL,BELÉM,7ª DEFENSORIA PÚBLICA DE FAMÍLIA,2026-06-11 12:17:25.880154-03:00,0860079-07.2026.8.14.0301,PROCEDIMENTO COMUM CÍVEL (7),LUDMILA CARDOSO LOBÃO DIAS
CÍVEL,BELÉM,7ª DEFENSORIA PÚBLICA DE FAMÍLIA,2026-06-15 08:51:39.010143-03:00,0864363-58.2026.8.14.0301,PROCEDIMENTO COMUM CÍVEL (7),LUDMILA CARDOSO LOBÃO DIAS
CÍVEL,BELÉM,7ª DEFENSORIA PÚBLICA DE FAMÍLIA,2026-06-15 15:04:25.134410-03:00,0813913-26.2026.8.14.0006,ALIMENTOS - LEI ESPECIAL Nº 5.478/68 (69),LUDMILA CARDOSO LOBÃO DIAS
CÍVEL,BELÉM,7ª DEFENSORIA PÚBLICA DE FAMÍLIA,2026-06-16 09:45:24.251041-03:00,0861201-55.2026.8.14.0301,DIVÓRCIO LITIGIOSO (12541),LUDMILA CARDOSO LOBÃO DIAS
CÍVEL,BELÉM,7ª DEFENSORIA PÚBLICA DE FAMÍLIA,2026-06-16 11:43:29.449107-03:00,0861291-63.2026.8.14.0301,ALIMENTOS - LEI ESPECIAL Nº 5.478/68 (69),LUDMILA CARDOSO LOBÃO DIAS
CÍVEL,BELÉM,7ª DEFENSORIA PÚBLICA DE FAMÍLIA,2026-06-16 12:29:06.619103-03:00,0861338-37.2026.8.14.0301,ALIMENTOS - LEI ESPECIAL Nº 5.478/68 (69),LUDMILA CARDOSO LOBÃO DIAS
CÍVEL,BELÉM,7ª DEFENSORIA PÚBLICA DE FAMÍLIA,2026-06-18 11:39:14.130342-03:00,0862135-13.2026.8.14.0301,DIVÓRCIO LITIGIOSO (12541),LUDMILA CARDOSO LOBÃO DIAS
CÍVEL,BELÉM,7ª DEFENSORIA PÚBLICA DE FAMÍLIA,2026-06-18 11:40:00.150442-03:00,0862131-73.2026.8.14.0301,ALIMENTOS - LEI ESPECIAL Nº 5.478/68 (69),LUDMILA CARDOSO LOBÃO DIAS
CÍVEL,BELÉM,7ª DEFENSORIA PÚBLICA DE FAMÍLIA,2026-06-22 10:35:28.911273-03:00,0862912-95.2026.8.14.0301,ALIMENTOS - LEI ESPECIAL Nº 5.478/68 (69),LUDMILA CARDOSO LOBÃO DIAS
CÍVEL,BELÉM,7ª DEFENSORIA PÚBLICA DE FAMÍLIA,2026-06-22 11:51:59.110685-03:00,0862997-81.2026.8.14.0301,PROCEDIMENTO COMUM CÍVEL (7),LUDMILA CARDOSO LOBÃO DIAS
CÍVEL,BELÉM,7ª DEFENSORIA PÚBLICA DE FAMÍLIA,2026-06-22 12:37:42.301231-03:00,0865180-25.2026.8.14.0301,PROCEDIMENTO COMUM CÍVEL (7),LUDMILA CARDOSO LOBÃO DIAS
CÍVEL,BELÉM,7ª DEFENSORIA PÚBLICA DE FAMÍLIA,2026-06-23 12:29:37.893286-03:00,0863433-40.2026.8.14.0301,CUMPRIMENTO PROVISÓRIO DE DECISÃO (10980),LUDMILA CARDOSO LOBÃO DIAS
CÍVEL,BELÉM,7ª DEFENSORIA PÚBLICA DE FAMÍLIA,2026-06-24 11:45:41.320358-03:00,0864034-46.2026.8.14.0301,PROCEDIMENTO COMUM CÍVEL (7),LUDMILA CARDOSO LOBÃO DIAS
CÍVEL,BELÉM,7ª DEFENSORIA PÚBLICA DE FAMÍLIA,2026-06-24 11:53:49.418907-03:00,0863993-79.2026.8.14.0301,PROCEDIMENTO COMUM CÍVEL (7),LUDMILA CARDOSO LOBÃO DIAS
CÍVEL,BELÉM,7ª DEFENSORIA PÚBLICA DE FAMÍLIA,2026-06-24 12:10:06.716915-03:00,0863926-17.2026.8.14.0301,ALIMENTOS - LEI ESPECIAL Nº 5.478/68 (69),LUDMILA CARDOSO LOBÃO DIAS
CÍVEL,BELÉM,7ª DEFENSORIA PÚBLICA DE FAMÍLIA,2026-06-24 12:46:23.054545-03:00,0863971-21.2026.8.14.0301,ALIMENTOS - LEI ESPECIAL Nº 5.478/68 (69),LUDMILA CARDOSO LOBÃO DIAS
CÍVEL,BELÉM,7ª DEFENSORIA PÚBLICA DE FAMÍLIA,2026-06-25 15:21:22.458867-03:00,0864378-27.2026.8.14.0301,PROCEDIMENTO COMUM CÍVEL (7),LUDMILA CARDOSO LOBÃO DIAS
CÍVEL,BELÉM,7ª DEFENSORIA PÚBLICA DE FAMÍLIA,2026-06-25 15:34:30.525514-03:00,0864618-16.2026.8.14.0301,SUPRIMENTO DE IDADE E/OU CONSENTIMENTO (143),LUDMILA CARDOSO LOBÃO DIAS
CÍVEL,BELÉM,7ª DEFENSORIA PÚBLICA DE FAMÍLIA,2026-06-25 16:08:35.550861-03:00,0864664-05.2026.8.14.0301,PROCEDIMENTO COMUM CÍVEL (7),LUDMILA CARDOSO LOBÃO DIAS
CÍVEL,BELÉM,7ª DEFENSORIA PÚBLICA DE FAMÍLIA,2026-06-26 11:14:06.801166-03:00,0864704-84.2026.8.14.0301,PROCEDIMENTO COMUM CÍVEL (7),LUDMILA CARDOSO LOBÃO DIAS
CÍVEL,BELÉM,7ª DEFENSORIA PÚBLICA DE FAMÍLIA,2026-06-29 08:45:08.612070-03:00,0865186-32.2026.8.14.0301,CUMPRIMENTO DE SENTENÇA (156),LUDMILA CARDOSO LOBÃO DIAS
CÍVEL,BELÉM,7ª DEFENSORIA PÚBLICA DE FAMÍLIA,2026-06-29 09:20:49.944069-03:00,0865200-16.2026.8.14.0301,CUMPRIMENTO PROVISÓRIO DE DECISÃO (10980),LUDMILA CARDOSO LOBÃO DIAS
CÍVEL,BELÉM,7ª DEFENSORIA PÚBLICA DE FAMÍLIA,2026-06-29 10:12:06.946718-03:00,0865223-59.2026.8.14.0301,PROCEDIMENTO COMUM CÍVEL (7),LUDMILA CARDOSO LOBÃO DIAS
CÍVEL,BELÉM,7ª DEFENSORIA PÚBLICA DE FAMÍLIA,2026-06-29 10:31:58.940007-03:00,0865239-13.2026.8.14.0301,PROCEDIMENTO COMUM CÍVEL (7),LUDMILA CARDOSO LOBÃO DIAS
CÍVEL,BELÉM,7ª DEFENSORIA PÚBLICA DE FAMÍLIA,2026-06-29 10:41:47.055355-03:00,0865240-95.2026.8.14.0301,PROCEDIMENTO COMUM CÍVEL (7),LUDMILA CARDOSO LOBÃO DIAS
CÍVEL,BELÉM,7ª DEFENSORIA PÚBLICA DE FAMÍLIA,2026-06-29 11:23:33.611310-03:00,0865259-04.2026.8.14.0301,DIVÓRCIO LITIGIOSO (12541),LUDMILA CARDOSO LOBÃO DIAS
CÍVEL,BELÉM,7ª DEFENSORIA PÚBLICA DE FAMÍLIA,2026-06-30 10:32:50.398640-03:00,0865491-16.2026.8.14.0301,PROCEDIMENTO COMUM CÍVEL (7),LUDMILA CARDOSO LOBÃO DIAS
CÍVEL,BELÉM,7ª DEFENSORIA PÚBLICA DE FAMÍLIA,2026-06-30 14:46:27.593053-03:00,0866809-34.2026.8.14.0301,ALIMENTOS - LEI ESPECIAL Nº 5.478/68 (69),LUDMILA CARDOSO LOBÃO DIAS
CÍVEL,BELÉM,7ª DEFENSORIA PÚBLICA DE FAMÍLIA,2026-07-01 10:41:18.238877-03:00,0866146-85.2026.8.14.0301,DIVÓRCIO LITIGIOSO (12541),LUDMILA CARDOSO LOBÃO DIAS
CÍVEL,BELÉM,7ª DEFENSORIA PÚBLICA DE FAMÍLIA,2026-07-01 11:06:35.019083-03:00,0866068-91.2026.8.14.0301,PROCEDIMENTO COMUM CÍVEL (7),LUDMILA CARDOSO LOBÃO DIAS
CÍVEL,BELÉM,7ª DEFENSORIA PÚBLICA DE FAMÍLIA,2026-07-01 12:02:25.690965-03:00,0866073-16.2026.8.14.0301,PROCEDIMENTO COMUM CÍVEL (7),LUDMILA CARDOSO LOBÃO DIAS
CÍVEL,BELÉM,7ª DEFENSORIA PÚBLICA DE FAMÍLIA,2026-07-01 12:18:30.138884-03:00,0866079-23.2026.8.14.0301,PROCEDIMENTO COMUM CÍVEL (7),LUDMILA CARDOSO LOBÃO DIAS
CÍVEL,BELÉM,7ª DEFENSORIA PÚBLICA DE FAMÍLIA,2026-07-03 10:26:33.331645-03:00,0866814-56.2026.8.14.0301,PROCEDIMENTO COMUM CÍVEL (7),LUDMILA CARDOSO LOBÃO DIAS
CÍVEL,BELÉM,7ª DEFENSORIA PÚBLICA DE FAMÍLIA,2026-07-06 09:19:08.749236-03:00,0867265-81.2026.8.14.0301,PROCEDIMENTO COMUM CÍVEL (7),LUDMILA CARDOSO LOBÃO DIAS
CÍVEL,BELÉM,7ª DEFENSORIA PÚBLICA DE FAMÍLIA,2026-07-07 12:21:23.944349-03:00,0868649-79.2026.8.14.0301,PROCEDIMENTO COMUM CÍVEL (7),LUDMILA CARDOSO LOBÃO DIAS
CÍVEL,BELÉM,7ª DEFENSORIA PÚBLICA DE FAMÍLIA,2026-07-07 14:15:40.307395-03:00,0868628-06.2026.8.14.0301,PROCEDIMENTO COMUM CÍVEL (7),LUDMILA CARDOSO LOBÃO DIAS
CÍVEL,BELÉM,7ª DEFENSORIA PÚBLICA DE FAMÍLIA,2026-07-07 14:20:43.831925-03:00,0868635-95.2026.8.14.0301,PROCEDIMENTO COMUM CÍVEL (7),LUDMILA CARDOSO LOBÃO DIAS
CÍVEL,BELÉM,7ª DEFENSORIA PÚBLICA DE FAMÍLIA,2026-07-09 08:22:50.903270-03:00,0868625-51.2026.8.14.0301,PROCEDIMENTO COMUM CÍVEL (7),LUDMILA CARDOSO LOBÃO DIAS
CÍVEL,BELÉM,7ª DEFENSORIA PÚBLICA DE FAMÍLIA,2026-07-09 11:34:20.262103-03:00,0868610-82.2026.8.14.0301,PROCEDIMENTO COMUM CÍVEL (7),LUDMILA CARDOSO LOBÃO DIAS
CÍVEL,BELÉM,7ª DEFENSORIA PÚBLICA DE FAMÍLIA,2026-07-09 13:37:42.946883-03:00,0868582-17.2026.8.14.0301,PROCEDIMENTO COMUM CÍVEL (7),LUDMILA CARDOSO LOBÃO DIAS
CÍVEL,BELÉM,7ª DEFENSORIA PÚBLICA DE FAMÍLIA,2026-07-10 09:33:49.317574-03:00,0868938-12.2026.8.14.0301,PROCEDIMENTO COMUM CÍVEL (7),LUDMILA CARDOSO LOBÃO DIAS
CÍVEL,BELÉM,7ª DEFENSORIA PÚBLICA DE FAMÍLIA,2026-07-10 09:54:43.218473-03:00,0868927-80.2026.8.14.0301,CUMPRIMENTO PROVISÓRIO DE DECISÃO (10980),LUDMILA CARDOSO LOBÃO DIAS
CÍVEL,BELÉM,7ª DEFENSORIA PÚBLICA DE FAMÍLIA,2026-07-10 11:54:03.520016-03:00,0868961-55.2026.8.14.0301,PROCEDIMENTO COMUM CÍVEL (7),LUDMILA CARDOSO LOBÃO DIAS
CÍVEL,BELÉM,7ª DEFENSORIA PÚBLICA DE FAMÍLIA,2026-07-10 11:56:02.712654-03:00,0869315-80.2026.8.14.0301,CUMPRIMENTO DE SENTENÇA (156),LUDMILA CARDOSO LOBÃO DIAS
CÍVEL,BELÉM,7ª DEFENSORIA PÚBLICA DE FAMÍLIA,2026-07-13 11:20:05.658997-03:00,0869340-93.2026.8.14.0301,PROCEDIMENTO COMUM CÍVEL (7),LUDMILA CARDOSO LOBÃO DIAS
CÍVEL,BELÉM,7ª DEFENSORIA PÚBLICA DE FAMÍLIA,2026-07-13 11:31:02.762389-03:00,0870267-59.2026.8.14.0301,PROCEDIMENTO COMUM CÍVEL (7),LUDMILA CARDOSO LOBÃO DIAS
CÍVEL,BELÉM,7ª DEFENSORIA PÚBLICA DE FAMÍLIA,2026-07-13 12:49:29.191694-03:00,0869384-15.2026.8.14.0301,PROCEDIMENTO COMUM CÍVEL (7),LUDMILA CARDOSO LOBÃO DIAS
CÍVEL,BELÉM,7ª DEFENSORIA PÚBLICA DE FAMÍLIA,2026-07-14 09:05:18.569053-03:00,0869620-64.2026.8.14.0301,PROCEDIMENTO COMUM CÍVEL (7),LUDMILA CARDOSO LOBÃO DIAS
CÍVEL,BELÉM,7ª DEFENSORIA PÚBLICA DE FAMÍLIA,2026-07-14 10:41:13.615583-03:00,0870281-43.2026.8.14.0301,PROCEDIMENTO COMUM CÍVEL (7),LUDMILA CARDOSO LOBÃO DIAS
CÍVEL,BELÉM,7ª DEFENSORIA PÚBLICA DE FAMÍLIA,2026-07-15 12:03:13.057941-03:00,0870125-55.2026.8.14.0301,DIVÓRCIO LITIGIOSO (12541),LUDMILA CARDOSO LOBÃO DIAS
CÍVEL,BELÉM,7ª DEFENSORIA PÚBLICA DE FAMÍLIA,2026-07-15 17:33:22.630123-03:00,0870289-20.2026.8.14.0301,ALIMENTOS - LEI ESPECIAL Nº 5.478/68 (69),LUDMILA CARDOSO LOBÃO DIAS
CÍVEL,BELÉM,7ª DEFENSORIA PÚBLICA DE FAMÍLIA,2026-07-16 09:18:08.835617-03:00,0870431-24.2026.8.14.0301,DIVÓRCIO LITIGIOSO (12541),LUDMILA CARDOSO LOBÃO DIAS
CÍVEL,BELÉM,7ª DEFENSORIA PÚBLICA DE FAMÍLIA,2026-07-16 11:02:30.952382-03:00,0870743-97.2026.8.14.0301,PROCEDIMENTO COMUM CÍVEL (7),LUDMILA CARDOSO LOBÃO DIAS
CÍVEL,BELÉM,7ª DEFENSORIA PÚBLICA DE FAMÍLIA,2026-07-16 11:12:04.843254-03:00,0870426-02.2026.8.14.0301,CUMPRIMENTO PROVISÓRIO DE DECISÃO (10980),LUDMILA CARDOSO LOBÃO DIAS
CÍVEL,BELÉM,7ª DEFENSORIA PÚBLICA DE FAMÍLIA,2026-07-16 11:21:50.950089-03:00,0870498-86.2026.8.14.0301,DIVÓRCIO LITIGIOSO (12541),LUDMILA CARDOSO LOBÃO DIAS
CÍVEL,BELÉM,7ª DEFENSORIA PÚBLICA DE FAMÍLIA,2026-07-16 11:53:13.684784-03:00,0870463-29.2026.8.14.0301,CUMPRIMENTO DE SENTENÇA (156),LUDMILA CARDOSO LOBÃO DIAS
CÍVEL,BELÉM,7ª DEFENSORIA PÚBLICA DE FAMÍLIA,2026-08-08 09:59:52.778230-03:00,0876892-12.2026.8.14.0301,DIVÓRCIO LITIGIOSO (12541),LUDMILA CARDOSO LOBÃO DIAS
CÍVEL,BELÉM,7ª DEFENSORIA PÚBLICA DE FAMÍLIA,2026-08-08 10:04:59.915549-03:00,0876799-49.2026.8.14.0301,ALIMENTOS - LEI ESPECIAL Nº 5.478/68 (69),LUDMILA CARDOSO LOBÃO DIAS
CÍVEL,BELÉM,7ª DEFENSORIA PÚBLICA DE FAMÍLIA,2026-08-08 10:46:26.170484-03:00,0876848-90.2026.8.14.0301,PROCEDIMENTO COMUM CÍVEL (7),LUDMILA CARDOSO LOBÃO DIAS
CÍVEL,BELÉM,7ª DEFENSORIA PÚBLICA DE FAMÍLIA,2026-08-08 10:53:25.211211-03:00,0876810-78.2026.8.14.0301,ALIMENTOS - LEI ESPECIAL Nº 5.478/68 (69),LUDMILA CARDOSO LOBÃO DIAS
CÍVEL,BELÉM,7ª DEFENSORIA PÚBLICA DE FAMÍLIA,2026-08-08 11:41:45.803146-03:00,0876891-27.2026.8.14.0301,ALIMENTOS - LEI ESPECIAL Nº 5.478/68 (69),LUDMILA CARDOSO LOBÃO DIAS
CÍVEL,BELÉM,7ª DEFENSORIA PÚBLICA DE FAMÍLIA,2026-08-08 11:44:29.452949-03:00,0876826-32.2026.8.14.0301,ALIMENTOS - LEI ESPECIAL Nº 5.478/68 (69),LUDMILA CARDOSO LOBÃO DIAS
CÍVEL,BELÉM,7ª DEFENSORIA PÚBLICA DE FAMÍLIA,2026-08-08 12:14:12.174321-03:00,0876873-06.2026.8.14.0301,ALIMENTOS - LEI ESPECIAL Nº 5.478/68 (69),LUDMILA CARDOSO LOBÃO DIAS
CÍVEL,BELÉM,7ª DEFENSORIA PÚBLICA DE FAMÍLIA,2026-08-08 12:17:42.774497-03:00,0876836-76.2026.8.14.0301,ALIMENTOS - LEI ESPECIAL Nº 5.478/68 (69),LUDMILA CARDOSO LOBÃO DIAS
CÍVEL,BELÉM,7ª DEFENSORIA PÚBLICA DE FAMÍLIA,2026-08-08 12:56:06.311560-03:00,0876847-08.2026.8.14.0301,ALIMENTOS - LEI ESPECIAL Nº 5.478/68 (69),LUDMILA CARDOSO LOBÃO DIAS
CÍVEL,BELÉM,7ª DEFENSORIA PÚBLICA DE FAMÍLIA,2026-08-08 13:15:27.894750-03:00,0876867-96.2026.8.14.0301,PROCEDIMENTO COMUM CÍVEL (7),LUDMILA CARDOSO LOBÃO DIAS
CÍVEL,BELÉM,7ª DEFENSORIA PÚBLICA DE FAMÍLIA,2026-08-08 14:02:51.759624-03:00,0876883-50.2026.8.14.0301,DIVÓRCIO LITIGIOSO (12541),LUDMILA CARDOSO LOBÃO DIAS
CÍVEL,BELÉM,7ª DEFENSORIA PÚBLICA DE FAMÍLIA,2026-08-08 14:12:42.200772-03:00,0876869-66.2026.8.14.0301,ALIMENTOS - LEI ESPECIAL Nº 5.478/68 (69),LUDMILA CARDOSO LOBÃO DIAS
CÍVEL,BELÉM,7ª DEFENSORIA PÚBLICA DE FAMÍLIA,2026-08-10 10:48:45.787914-03:00,0877040-23.2026.8.14.0301,ALIMENTOS - LEI ESPECIAL Nº 5.478/68 (69),LUDMILA CARDOSO LOBÃO DIAS
CÍVEL,BELÉM,7ª DEFENSORIA PÚBLICA DE FAMÍLIA,2026-08-11 08:53:54.397494-03:00,0877380-64.2026.8.14.0301,DIVÓRCIO LITIGIOSO (12541),LUDMILA CARDOSO LOBÃO DIAS
CÍVEL,BELÉM,7ª DEFENSORIA PÚBLICA DE FAMÍLIA,2026-08-11 09:43:59.890514-03:00,0877406-62.2026.8.14.0301,ALIMENTOS - LEI ESPECIAL Nº 5.478/68 (69),LUDMILA CARDOSO LOBÃO DIAS
CÍVEL,BELÉM,7ª DEFENSORIA PÚBLICA DE FAMÍLIA,2026-08-11 11:31:32.884763-03:00,0877465-50.2026.8.14.0301,PROCEDIMENTO COMUM CÍVEL (7),LUDMILA CARDOSO LOBÃO DIAS
CÍVEL,BELÉM,7ª DEFENSORIA PÚBLICA DE FAMÍLIA,2026-08-12 10:34:19.312838-03:00,0877844-88.2026.8.14.0301,PROCEDIMENTO COMUM CÍVEL (7),LUDMILA CARDOSO LOBÃO DIAS
CÍVEL,BELÉM,7ª DEFENSORIA PÚBLICA DE FAMÍLIA,2026-08-12 10:47:34.661511-03:00,0877841-36.2026.8.14.0301,PROCEDIMENTO COMUM CÍVEL (7),LUDMILA CARDOSO LOBÃO DIAS
CÍVEL,BELÉM,7ª DEFENSORIA PÚBLICA DE FAMÍLIA,2026-08-12 12:12:03.000970-03:00,0877931-44.2026.8.14.0301,PROCEDIMENTO COMUM CÍVEL (7),LUDMILA CARDOSO LOBÃO DIAS
CÍVEL,BELÉM,7ª DEFENSORIA PÚBLICA DE FAMÍLIA,2026-08-13 10:34:13.275027-03:00,0878221-59.2026.8.14.0301,PROCEDIMENTO COMUM CÍVEL (7),LUDMILA CARDOSO LOBÃO DIAS
CÍVEL,BELÉM,7ª DEFENSORIA PÚBLICA DE FAMÍLIA,2026-08-13 11:07:26.770600-03:00,0878241-50.2026.8.14.0301,ALIMENTOS - LEI ESPECIAL Nº 5.478/68 (69),LUDMILA CARDOSO LOBÃO DIAS
CÍVEL,BELÉM,7ª DEFENSORIA PÚBLICA DE FAMÍLIA,2026-08-18 10:14:54.799440-03:00,0879544-02.2026.8.14.0301,PROCEDIMENTO COMUM CÍVEL (7),LUDMILA CARDOSO LOBÃO DIAS
CÍVEL,BELÉM,7ª DEFENSORIA PÚBLICA DE FAMÍLIA,2026-08-18 10:15:10.253816-03:00,0879542-32.2026.8.14.0301,CUMPRIMENTO PROVISÓRIO DE DECISÃO (10980),LUDMILA CARDOSO LOBÃO DIAS
CÍVEL,BELÉM,7ª DEFENSORIA PÚBLICA DE FAMÍLIA,2026-08-18 10:47:33.564557-03:00,0879575-22.2026.8.14.0301,ALIMENTOS - LEI ESPECIAL Nº 5.478/68 (69),LUDMILA CARDOSO LOBÃO DIAS
CÍVEL,BELÉM,7ª DEFENSORIA PÚBLICA DE FAMÍLIA,2026-08-19 10:19:26.405201-03:00,0880167-66.2026.8.14.0301,PROCEDIMENTO COMUM CÍVEL (7),LUDMILA CARDOSO LOBÃO DIAS
CÍVEL,BELÉM,7ª DEFENSORIA PÚBLICA DE FAMÍLIA,2026-08-19 13:44:36.371850-03:00,0880318-32.2026.8.14.0301,CUMPRIMENTO PROVISÓRIO DE DECISÃO (10980),LUDMILA CARDOSO LOBÃO DIAS
CÍVEL,BELÉM,7ª DEFENSORIA PÚBLICA DE FAMÍLIA,2026-08-20 10:55:22.331030-03:00,0881134-14.2026.8.14.0301,PROCEDIMENTO COMUM CÍVEL (7),LUDMILA CARDOSO LOBÃO DIAS
CÍVEL,BELÉM,7ª DEFENSORIA PÚBLICA DE FAMÍLIA,2026-08-20 13:06:03.829488-03:00,0880837-07.2026.8.14.0301,PROCEDIMENTO COMUM CÍVEL (7),LUDMILA CARDOSO LOBÃO DIAS
CÍVEL,BELÉM,7ª DEFENSORIA PÚBLICA DE FAMÍLIA,2026-08-21 11:22:20.036906-03:00,0881812-29.2026.8.14.0301,PROCEDIMENTO COMUM CÍVEL (7),LUDMILA CARDOSO LOBÃO DIAS
CÍVEL,BELÉM,7ª DEFENSORIA PÚBLICA DE FAMÍLIA,2026-08-24 11:16:25.240403-03:00,0881732-65.2026.8.14.0301,PROCEDIMENTO COMUM CÍVEL (7),LUDMILA CARDOSO LOBÃO DIAS
CÍVEL,BELÉM,7ª DEFENSORIA PÚBLICA DE FAMÍLIA,2026-08-25 10:11:58.048905-03:00,0882132-79.2026.8.14.0301,ALIMENTOS - LEI ESPECIAL Nº 5.478/68 (69),LUDMILA CARDOSO LOBÃO DIAS
CÍVEL,BELÉM,7ª DEFENSORIA PÚBLICA DE FAMÍLIA,2026-08-25 11:10:29.800781-03:00,0882195-07.2026.8.14.0301,PROCEDIMENTO COMUM CÍVEL (7),LUDMILA CARDOSO LOBÃO DIAS
CÍVEL,BELÉM,7ª DEFENSORIA PÚBLICA DE FAMÍLIA,2026-08-26 13:18:42.971086-03:00,0883736-75.2026.8.14.0301,ALIMENTOS - LEI ESPECIAL Nº 5.478/68 (69),LUDMILA CARDOSO LOBÃO DIAS
CÍVEL,BELÉM,7ª DEFENSORIA PÚBLICA DE FAMÍLIA,2026-08-27 10:09:37.197200-03:00,0820339-54.2026.8.14.0006,PROCEDIMENTO COMUM CÍVEL (7),LUDMILA CARDOSO LOBÃO DIAS
CÍVEL,BELÉM,7ª DEFENSORIA PÚBLICA DE FAMÍLIA,2026-08-28 09:37:15.919879-03:00,0883763-58.2026.8.14.0301,PROCEDIMENTO COMUM CÍVEL (7),LUDMILA CARDOSO LOBÃO DIAS
CÍVEL,BELÉM,7ª DEFENSORIA PÚBLICA DE FAMÍLIA,2026-08-28 10:57:52.433372-03:00,0884493-69.2026.8.14.0301,PROCEDIMENTO COMUM CÍVEL (7),LUDMILA CARDOSO LOBÃO DIAS
CÍVEL,BELÉM,7ª DEFENSORIA PÚBLICA DE FAMÍLIA,2026-08-28 10:58:22.447331-03:00,0885146-71.2026.8.14.0301,PROCEDIMENTO COMUM CÍVEL (7),LUDMILA CARDOSO LOBÃO DIAS
CÍVEL,BELÉM,7ª DEFENSORIA PÚBLICA DE FAMÍLIA,2026-08-28 11:07:04.749532-03:00,0887518-90.2026.8.14.0301,DIVÓRCIO LITIGIOSO (12541),LUDMILA CARDOSO LOBÃO DIAS
CÍVEL,BELÉM,7ª DEFENSORIA PÚBLICA DE FAMÍLIA,2026-08-28 11:15:53.102821-03:00,0886154-83.2026.8.14.0301,DIVÓRCIO LITIGIOSO (12541),LUDMILA CARDOSO LOBÃO DIAS
CÍVEL,BELÉM,7ª DEFENSORIA PÚBLICA DE FAMÍLIA,2026-08-31 09:52:25.412214-03:00,0884415-75.2026.8.14.0301,ALIMENTOS - LEI ESPECIAL Nº 5.478/68 (69),LUDMILA CARDOSO LOBÃO DIAS
CÍVEL,BELÉM,7ª DEFENSORIA PÚBLICA DE FAMÍLIA,2026-08-31 10:10:56.534975-03:00,0884433-96.2026.8.14.0301,DIVÓRCIO LITIGIOSO (12541),LUDMILA CARDOSO LOBÃO DIAS
CÍVEL,BELÉM,7ª DEFENSORIA PÚBLICA DE FAMÍLIA,2026-09-01 11:42:10.486377-03:00,0885012-44.2026.8.14.0301,ALIMENTOS - LEI ESPECIAL Nº 5.478/68 (69),LUDMILA CARDOSO LOBÃO DIAS
CÍVEL,BELÉM,7ª DEFENSORIA PÚBLICA DE FAMÍLIA,2026-09-02 12:54:41.072249-03:00,0885501-81.2026.8.14.0301,DIVÓRCIO LITIGIOSO (12541),LUDMILA CARDOSO LOBÃO DIAS
CÍVEL,BELÉM,7ª DEFENSORIA PÚBLICA DE FAMÍLIA,2026-09-03 10:40:33.810309-03:00,0885875-97.2026.8.14.0301,PROCEDIMENTO COMUM CÍVEL (7),LUDMILA CARDOSO LOBÃO DIAS
CÍVEL,BELÉM,7ª DEFENSORIA PÚBLICA DE FAMÍLIA,2026-09-04 09:32:42.612328-03:00,0886463-07.2026.8.14.0301,GUARDA DE FAMÍLIA,LUDMILA CARDOSO LOBÃO DIAS
CÍVEL,BELÉM,7ª DEFENSORIA PÚBLICA DE FAMÍLIA,2026-09-04 10:23:42.652382-03:00,0886417-18.2026.8.14.0301,PROCEDIMENTO COMUM CÍVEL (7),LUDMILA CARDOSO LOBÃO DIAS
CÍVEL,BELÉM,7ª DEFENSORIA PÚBLICA DE FAMÍLIA,2026-09-04 10:38:45.441985-03:00,0886457-97.2026.8.14.0301,PROCEDIMENTO COMUM CÍVEL (7),LUDMILA CARDOSO LOBÃO DIAS
CÍVEL,BELÉM,7ª DEFENSORIA PÚBLICA DE FAMÍLIA,2026-09-08 09:57:03.579564-03:00,0887045-07.2026.8.14.0301,CUMPRIMENTO PROVISÓRIO DE DECISÃO (10980),LUDMILA CARDOSO LOBÃO DIAS
CÍVEL,BELÉM,7ª DEFENSORIA PÚBLICA DE FAMÍLIA,2026-09-08 10:08:15.431879-03:00,0887051-14.2026.8.14.0301,CUMPRIMENTO PROVISÓRIO DE DECISÃO (10980),LUDMILA CARDOSO LOBÃO DIAS
CÍVEL,BELÉM,7ª DEFENSORIA PÚBLICA DE FAMÍLIA,2026-09-08 11:04:37.697897-03:00,0887087-56.2026.8.14.0301,PROCEDIMENTO COMUM CÍVEL (7),LUDMILA CARDOSO LOBÃO DIAS
CÍVEL,BELÉM,7ª DEFENSORIA PÚBLICA DE FAMÍLIA,2026-09-08 12:51:00.333126-03:00,0888936-63.2026.8.14.0301,PROCEDIMENTO COMUM CÍVEL (7),LUDMILA CARDOSO LOBÃO DIAS
CÍVEL,BELÉM,7ª DEFENSORIA PÚBLICA DE FAMÍLIA,2026-09-09 08:32:09.355519-03:00,0887526-67.2026.8.14.0301,CUMPRIMENTO PROVISÓRIO DE DECISÃO (10980),LUDMILA CARDOSO LOBÃO DIAS
CÍVEL,BELÉM,7ª DEFENSORIA PÚBLICA DE FAMÍLIA,2026-09-10 10:40:10.076254-03:00,0888032-43.2026.8.14.0301,CUMPRIMENTO PROVISÓRIO DE SENTENÇA (157),LUDMILA CARDOSO LOBÃO DIAS
CÍVEL,BELÉM,7ª DEFENSORIA PÚBLICA DE FAMÍLIA,2026-09-10 11:36:50.237087-03:00,0888062-78.2026.8.14.0301,ALIMENTOS - LEI ESPECIAL Nº 5.478/68 (69),LUDMILA CARDOSO LOBÃO DIAS
CÍVEL,BELÉM,7ª DEFENSORIA PÚBLICA DE FAMÍLIA,2026-09-11 08:58:29.967049-03:00,0888937-48.2026.8.14.0301,DIVÓRCIO LITIGIOSO (12541),LUDMILA CARDOSO LOBÃO DIAS
CÍVEL,BELÉM,7ª DEFENSORIA PÚBLICA DE FAMÍLIA,2026-09-14 13:42:43.347389-03:00,0889391-28.2026.8.14.0301,PROCEDIMENTO COMUM CÍVEL (7),LUDMILA CARDOSO LOBÃO DIAS
CÍVEL,BELÉM,7ª DEFENSORIA PÚBLICA DE FAMÍLIA,2026-09-15 10:39:21.540615-03:00,0889432-92.2026.8.14.0301,PROCEDIMENTO COMUM CÍVEL (7),LUDMILA CARDOSO LOBÃO DIAS
CÍVEL,BELÉM,7ª DEFENSORIA PÚBLICA DE FAMÍLIA,2026-09-15 11:28:38.144739-03:00,0889477-96.2026.8.14.0301,PROCEDIMENTO COMUM CÍVEL (7),LUDMILA CARDOSO LOBÃO DIAS
CÍVEL,BELÉM,7ª DEFENSORIA PÚBLICA DE FAMÍLIA,2026-09-15 12:14:57.644529-03:00,0889514-26.2026.8.14.0301,ALIMENTOS - LEI ESPECIAL Nº 5.478/68 (69),LUDMILA CARDOSO LOBÃO DIAS
CÍVEL,BELÉM,7ª DEFENSORIA PÚBLICA DE FAMÍLIA,2026-09-21 10:56:04.324269-03:00,0891558-18.2026.8.14.0301,DIVÓRCIO LITIGIOSO (12541),LUDMILA CARDOSO LOBÃO DIAS
CÍVEL,BELÉM,7ª DEFENSORIA PÚBLICA DE FAMÍLIA,2026-09-22 14:06:24.264520-03:00,0892128-04.2026.8.14.0301,ALIMENTOS - LEI ESPECIAL Nº 5.478/68 (69),LUDMILA CARDOSO LOBÃO DIAS
CÍVEL,BELÉM,7ª DEFENSORIA PUBLICA DE FAZENDA PUBLICA,2026-01-20 10:55:11.181650-03:00,0803929-06.2026.8.14.0301,PROCEDIMENTO DO JUIZADO ESPECIAL DA FAZENDA PÚBLICA,JOÃO PERES DE ANDRADE FILHO
CÍVEL,BELÉM,7ª DEFENSORIA PUBLICA DE FAZENDA PUBLICA,2026-01-23 09:59:01.552143-03:00,0805537-39.2026.8.14.0301,PROCEDIMENTO DO JUIZADO ESPECIAL DA FAZENDA PÚBLICA,JOÃO PERES DE ANDRADE FILHO
CÍVEL,BELÉM,7ª DEFENSORIA PUBLICA DE FAZENDA PUBLICA,2026-02-03 09:24:02.412082-03:00,0809977-78.2026.8.14.0301,PROCEDIMENTO DO JUIZADO ESPECIAL DA FAZENDA PÚBLICA,JOÃO PERES DE ANDRADE FILHO
CÍVEL,BELÉM,7ª DEFENSORIA PUBLICA DE FAZENDA PUBLICA,2026-02-03 12:07:15.781711-03:00,0813476-70.2026.8.14.0301,PROCEDIMENTO DO JUIZADO ESPECIAL DA FAZENDA PÚBLICA,JOÃO PERES DE ANDRADE FILHO
CÍVEL,BELÉM,7ª DEFENSORIA PUBLICA DE FAZENDA PUBLICA,2026-02-04 15:18:02.443801-03:00,0815178-51.2026.8.14.0301,EMBARGOS À EXECUÇÃO FISCAL (1118),JOÃO PERES DE ANDRADE FILHO
CÍVEL,BELÉM,7ª DEFENSORIA PUBLICA DE FAZENDA PUBLICA,2026-02-04 15:25:54.654989-03:00,0815184-58.2026.8.14.0301,EMBARGOS À EXECUÇÃO FISCAL (1118),JOÃO PERES DE ANDRADE FILHO
CÍVEL,BELÉM,7ª DEFENSORIA PUBLICA DE FAZENDA PUBLICA,2026-02-05 09:58:16.554478-03:00,0815439-16.2026.8.14.0301,PROCEDIMENTO DO JUIZADO ESPECIAL DA FAZENDA PÚBLICA,JOÃO PERES DE ANDRADE FILHO
CÍVEL,BELÉM,7ª DEFENSORIA PUBLICA DE FAZENDA PUBLICA,2026-02-05 10:30:45.307529-03:00,0815440-98.2026.8.14.0301,PROCEDIMENTO DO JUIZADO ESPECIAL DA FAZENDA PÚBLICA,JOÃO PERES DE ANDRADE FILHO
CÍVEL,BELÉM,7ª DEFENSORIA PUBLICA DE FAZENDA PUBLICA,2026-02-21 09:50:41.876200-03:00,0822607-69.2026.8.14.0301,PROCEDIMENTO COMUM CÍVEL (7),JOÃO PERES DE ANDRADE FILHO
CÍVEL,BELÉM,7ª DEFENSORIA PUBLICA DE FAZENDA PUBLICA,2026-02-23 21:03:55.899926-03:00,0823130-81.2026.8.14.0301,PROCEDIMENTO DO JUIZADO ESPECIAL DA FAZENDA PÚBLICA,JOÃO PERES DE ANDRADE FILHO
CÍVEL,BELÉM,7ª DEFENSORIA PUBLICA DE FAZENDA PUBLICA,2026-03-13 09:22:22.027931-03:00,0829243-51.2026.8.14.0301,PROCEDIMENTO DO JUIZADO ESPECIAL DA FAZENDA PÚBLICA,JOÃO PERES DE ANDRADE FILHO
CÍVEL,BELÉM,7ª DEFENSORIA PUBLICA DE FAZENDA PUBLICA,2026-03-17 10:37:39.334276-03:00,0830170-17.2026.8.14.0301,PROCEDIMENTO DO JUIZADO ESPECIAL DA FAZENDA PÚBLICA,JOÃO PERES DE ANDRADE FILHO
CÍVEL,BELÉM,7ª DEFENSORIA PUBLICA DE FAZENDA PUBLICA,2026-03-17 11:27:00.456864-03:00,0830489-82.2026.8.14.0301,PROCEDIMENTO DO JUIZADO ESPECIAL DA FAZENDA PÚBLICA,JOÃO PERES DE ANDRADE FILHO
CÍVEL,BELÉM,7ª DEFENSORIA PUBLICA DE FAZENDA PUBLICA,2026-03-18 10:12:39.098898-03:00,0830530-49.2026.8.14.0301,PROCEDIMENTO DO JUIZADO ESPECIAL DA FAZENDA PÚBLICA,JOÃO PERES DE ANDRADE FILHO
CÍVEL,BELÉM,7ª DEFENSORIA PUBLICA DE FAZENDA PUBLICA,2026-03-31 10:11:03.723016-03:00,0834558-60.2026.8.14.0301,PETIÇÃO CÍVEL (241),JOÃO PERES DE ANDRADE FILHO
CÍVEL,BELÉM,7ª DEFENSORIA PUBLICA DE FAZENDA PUBLICA,2026-03-31 10:36:50.331490-03:00,0834590-65.2026.8.14.0301,PROCEDIMENTO DO JUIZADO ESPECIAL DA FAZENDA PÚBLICA,JOÃO PERES DE ANDRADE FILHO
CÍVEL,BELÉM,7ª DEFENSORIA PUBLICA DE FAZENDA PUBLICA,2026-04-16 08:46:20.897039-03:00,0842598-31.2026.8.14.0301,PROCEDIMENTO DO JUIZADO ESPECIAL DA FAZENDA PÚBLICA,JOÃO PERES DE ANDRADE FILHO
CÍVEL,BELÉM,7ª DEFENSORIA PUBLICA DE FAZENDA PUBLICA,2026-04-16 09:52:19.232052-03:00,0842655-49.2026.8.14.0301,PROCEDIMENTO DO JUIZADO ESPECIAL DA FAZENDA PÚBLICA,JOÃO PERES DE ANDRADE FILHO
CÍVEL,BELÉM,7ª DEFENSORIA PUBLICA DE FAZENDA PUBLICA,2026-04-17 08:24:36.942505-03:00,0843073-84.2026.8.14.0301,PROCEDIMENTO DO JUIZADO ESPECIAL DA FAZENDA PÚBLICA,JOÃO PERES DE ANDRADE FILHO
CÍVEL,BELÉM,7ª DEFENSORIA PUBLICA DE FAZENDA PUBLICA,2026-05-08 09:38:15.501785-03:00,0849374-47.2026.8.14.0301,PROCEDIMENTO DO JUIZADO ESPECIAL DA FAZENDA PÚBLICA,JOÃO PERES DE ANDRADE FILHO
CÍVEL,BELÉM,7ª DEFENSORIA PUBLICA DE FAZENDA PUBLICA,2026-05-14 10:12:10.198833-03:00,0851198-41.2026.8.14.0301,PROCEDIMENTO DO JUIZADO ESPECIAL DA FAZENDA PÚBLICA,JOÃO PERES DE ANDRADE FILHO
CÍVEL,BELÉM,7ª DEFENSORIA PUBLICA DE FAZENDA PUBLICA,2026-05-14 10:40:44.468894-03:00,0851202-78.2026.8.14.0301,PROCEDIMENTO DO JUIZADO ESPECIAL DA FAZENDA PÚBLICA,JOÃO PERES DE ANDRADE FILHO
CÍVEL,BELÉM,7ª DEFENSORIA PUBLICA DE FAZENDA PUBLICA,2026-05-18 09:13:30.786130-03:00,0852117-30.2026.8.14.0301,PROCEDIMENTO COMUM CÍVEL (7),JOÃO PERES DE ANDRADE FILHO
CÍVEL,BELÉM,7ª DEFENSORIA PUBLICA DE FAZENDA PUBLICA,2026-05-28 11:33:04.951906-03:00,0856043-19.2026.8.14.0301,EXECUÇÃO FISCAL (1116),JOÃO PERES DE ANDRADE FILHO
CÍVEL,BELÉM,7ª DEFENSORIA PUBLICA DE FAZENDA PUBLICA,2026-06-22 10:31:53.766006-03:00,0862923-27.2026.8.14.0301,EXECUÇÃO FISCAL (1116),JOÃO PERES DE ANDRADE FILHO
CÍVEL,BELÉM,7ª DEFENSORIA PUBLICA DE FAZENDA PUBLICA,2026-06-25 08:39:56.662521-03:00,0864161-81.2026.8.14.0301,PROCEDIMENTO DO JUIZADO ESPECIAL DA FAZENDA PÚBLICA,JOÃO PERES DE ANDRADE FILHO
CÍVEL,BELÉM,7ª DEFENSORIA PUBLICA DE FAZENDA PUBLICA,2026-06-30 10:39:13.562156-03:00,0865484-24.2026.8.14.0301,PROCEDIMENTO DO JUIZADO ESPECIAL DA FAZENDA PÚBLICA,JOÃO PERES DE ANDRADE FILHO
CÍVEL,BELÉM,7ª DEFENSORIA PUBLICA DE FAZENDA PUBLICA,2026-07-09 09:10:34.488412-03:00,0868424-59.2026.8.14.0301,PROCEDIMENTO DO JUIZADO ESPECIAL DA FAZENDA PÚBLICA,JOÃO PERES DE ANDRADE FILHO
CÍVEL,BELÉM,7ª DEFENSORIA PUBLICA DE FAZENDA PUBLICA,2026-07-09 11:49:03.268826-03:00,0868532-88.2026.8.14.0301,PROCEDIMENTO DO JUIZADO ESPECIAL DA FAZENDA PÚBLICA,JOÃO PERES DE ANDRADE FILHO
CÍVEL,BELÉM,7ª DEFENSORIA PUBLICA DE FAZENDA PUBLICA,2026-07-14 11:32:32.420725-03:00,0869726-26.2026.8.14.0301,EXECUÇÃO FISCAL (1116),JOÃO PERES DE ANDRADE FILHO
CÍVEL,BELÉM,7ª DEFENSORIA PUBLICA DE FAZENDA PUBLICA,2026-08-07 09:14:45.658378-03:00,0876502-42.2026.8.14.0301,PROCEDIMENTO DO JUIZADO ESPECIAL DA FAZENDA PÚBLICA,RODRIGO CERQUEIRA DE MIRANDA
CÍVEL,BELÉM,7ª DEFENSORIA PUBLICA DE FAZENDA PUBLICA,2026-08-26 10:34:02.922493-03:00,0882739-92.2026.8.14.0301,PROCEDIMENTO COMUM CÍVEL (7),JOÃO PERES DE ANDRADE FILHO
CÍVEL,BELÉM,7ª DEFENSORIA PUBLICA DE FAZENDA PUBLICA,2026-08-31 10:18:26.133957-03:00,0884442-58.2026.8.14.0301,PROCEDIMENTO COMUM CÍVEL (7),JOÃO PERES DE ANDRADE FILHO
CÍVEL,BELÉM,7ª DEFENSORIA PUBLICA DE FAZENDA PUBLICA,2026-09-01 11:53:15.851605-03:00,0885046-19.2026.8.14.0301,PROCEDIMENTO DO JUIZADO ESPECIAL DA FAZENDA PÚBLICA,JOÃO PERES DE ANDRADE FILHO
CÍVEL,BELÉM,7ª DEFENSORIA PUBLICA DE FAZENDA PUBLICA,2026-09-03 11:20:13.998065-03:00,0885911-42.2026.8.14.0301,PROCEDIMENTO DO JUIZADO ESPECIAL DA FAZENDA PÚBLICA,JOÃO PERES DE ANDRADE FILHO
CÍVEL,BELÉM,7ª DEFENSORIA PUBLICA DE FAZENDA PUBLICA,2026-09-08 10:26:02.989755-03:00,0887136-97.2026.8.14.0301,PROCEDIMENTO DO JUIZADO ESPECIAL DA FAZENDA PÚBLICA,JOÃO PERES DE ANDRADE FILHO
CÍVEL,BELÉM,7ª DEFENSORIA PUBLICA DE FAZENDA PUBLICA,2026-09-08 10:41:58.427075-03:00,0887114-39.2026.8.14.0301,PROCEDIMENTO DO JUIZADO ESPECIAL DA FAZENDA PÚBLICA,JOÃO PERES DE ANDRADE FILHO
CÍVEL,BELÉM,8ª DEFENSORIA PÚBLICA CÍVEL,2026-03-03 12:09:20.365509-03:00,0825694-33.2026.8.14.0301,PROCEDIMENTO COMUM CÍVEL (7),JENIFFER DE BARROS RODRIGUES
CÍVEL,BELÉM,8ª DEFENSORIA PÚBLICA CÍVEL,2026-03-17 10:53:06.310336-03:00,0830175-39.2026.8.14.0301,PROCEDIMENTO COMUM CÍVEL (7),JENIFFER DE BARROS RODRIGUES
CÍVEL,BELÉM,8ª DEFENSORIA PÚBLICA CÍVEL,2026-03-23 13:47:07.220220-03:00,0832074-72.2026.8.14.0301,CUMPRIMENTO DE SENTENÇA (156),JENIFFER DE BARROS RODRIGUES
CÍVEL,BELÉM,8ª DEFENSORIA PÚBLICA CÍVEL,2026-03-24 11:56:29.837143-03:00,0832430-67.2026.8.14.0301,PROCEDIMENTO COMUM CÍVEL (7),JENIFFER DE BARROS RODRIGUES
CÍVEL,BELÉM,8ª DEFENSORIA PÚBLICA CÍVEL,2026-03-24 12:39:40.521293-03:00,0845720-52.2026.8.14.0301,ALVARÁ JUDICIAL - LEI 6858/80 (74),JENIFFER DE BARROS RODRIGUES
CÍVEL,BELÉM,8ª DEFENSORIA PÚBLICA CÍVEL,2026-03-27 10:01:44.005253-03:00,0833496-82.2026.8.14.0301,INVENTÁRIO (39),JENIFFER DE BARROS RODRIGUES
CÍVEL,BELÉM,8ª DEFENSORIA PÚBLICA CÍVEL,2026-03-27 11:08:47.655544-03:00,0833549-63.2026.8.14.0301,INVENTÁRIO (39),JENIFFER DE BARROS RODRIGUES
CÍVEL,BELÉM,8ª DEFENSORIA PÚBLICA CÍVEL,2026-04-07 15:45:36.493744-03:00,0839226-74.2026.8.14.0301,INTERDITO PROIBITÓRIO (1709),JENIFFER DE BARROS RODRIGUES
CÍVEL,BELÉM,8ª DEFENSORIA PÚBLICA CÍVEL,2026-04-15 11:50:18.091699-03:00,0842176-56.2026.8.14.0301,PROCEDIMENTO COMUM CÍVEL (7),JENIFFER DE BARROS RODRIGUES
CÍVEL,BELÉM,8ª DEFENSORIA PÚBLICA CÍVEL,2026-04-29 11:16:08.491544-03:00,0846803-06.2026.8.14.0301,PROCEDIMENTO COMUM CÍVEL (7),JENIFFER DE BARROS RODRIGUES
CÍVEL,BELÉM,8ª DEFENSORIA PÚBLICA CÍVEL,2026-04-29 13:45:57.193478-03:00,0846925-19.2026.8.14.0301,PROCEDIMENTO COMUM CÍVEL (7),JENIFFER DE BARROS RODRIGUES
CÍVEL,BELÉM,8ª DEFENSORIA PÚBLICA CÍVEL,2026-04-29 14:00:34.495557-03:00,0846940-85.2026.8.14.0301,PROCEDIMENTO COMUM CÍVEL (7),JENIFFER DE BARROS RODRIGUES
CÍVEL,BELÉM,8ª DEFENSORIA PÚBLICA CÍVEL,2026-04-30 12:06:05.916932-03:00,0847819-92.2026.8.14.0301,PROCEDIMENTO COMUM CÍVEL (7),JENIFFER DE BARROS RODRIGUES
CÍVEL,BELÉM,8ª DEFENSORIA PÚBLICA CÍVEL,2026-05-06 16:25:56.400392-03:00,0848768-19.2026.8.14.0301,PROCEDIMENTO COMUM CÍVEL (7),JENIFFER DE BARROS RODRIGUES
CÍVEL,BELÉM,8ª DEFENSORIA PÚBLICA CÍVEL,2026-05-06 21:09:22.349205-03:00,0848851-35.2026.8.14.0301,MONITÓRIA (40),JENIFFER DE BARROS RODRIGUES
CÍVEL,BELÉM,8ª DEFENSORIA PÚBLICA CÍVEL,2026-05-06 21:47:26.589138-03:00,0848855-72.2026.8.14.0301,PROCEDIMENTO COMUM CÍVEL (7),JENIFFER DE BARROS RODRIGUES
CÍVEL,BELÉM,8ª DEFENSORIA PÚBLICA CÍVEL,2026-05-08 11:20:30.947809-03:00,0849410-89.2026.8.14.0301,ARROLAMENTO SUMÁRIO (31),JENIFFER DE BARROS RODRIGUES
CÍVEL,BELÉM,8ª DEFENSORIA PÚBLICA CÍVEL,2026-05-08 12:15:12.172276-03:00,0849445-49.2026.8.14.0301,ARROLAMENTO SUMÁRIO (31),JENIFFER DE BARROS RODRIGUES
CÍVEL,BELÉM,8ª DEFENSORIA PÚBLICA CÍVEL,2026-05-11 11:42:37.913407-03:00,0852958-25.2026.8.14.0301,ARROLAMENTO SUMÁRIO (31),JENIFFER DE BARROS RODRIGUES
CÍVEL,BELÉM,8ª DEFENSORIA PÚBLICA CÍVEL,2026-05-19 10:45:00.737694-03:00,0852928-87.2026.8.14.0301,ARROLAMENTO SUMÁRIO (31),JENIFFER DE BARROS RODRIGUES
CÍVEL,BELÉM,8ª DEFENSORIA PÚBLICA CÍVEL,2026-06-17 10:34:30.168711-03:00,0861658-87.2026.8.14.0301,RETIFICAÇÃO OU SUPRIMENTO OU RESTAURAÇÃO DE REGISTRO CIVIL (1682),JENIFFER DE BARROS RODRIGUES
CÍVEL,BELÉM,8ª DEFENSORIA PÚBLICA CÍVEL,2026-06-22 10:24:47.268754-03:00,0862907-73.2026.8.14.0301,DESPEJO POR FALTA DE PAGAMENTO CUMULADO COM COBRANÇA (94),JENIFFER DE BARROS RODRIGUES
CÍVEL,BELÉM,8ª DEFENSORIA PÚBLICA CÍVEL,2026-06-22 14:29:02.464567-03:00,0863055-84.2026.8.14.0301,ARROLAMENTO SUMÁRIO (31),JENIFFER DE BARROS RODRIGUES
CÍVEL,BELÉM,8ª DEFENSORIA PÚBLICA CÍVEL,2026-06-22 15:25:44.052915-03:00,0863088-74.2026.8.14.0301,ARROLAMENTO COMUM (30),JENIFFER DE BARROS RODRIGUES
CÍVEL,BELÉM,8ª DEFENSORIA PÚBLICA CÍVEL,2026-06-22 17:26:54.117620-03:00,0863166-68.2026.8.14.0301,PROCEDIMENTO COMUM CÍVEL (7),JENIFFER DE BARROS RODRIGUES
CÍVEL,BELÉM,8ª DEFENSORIA PÚBLICA CÍVEL,2026-06-22 17:51:34.350073-03:00,0863181-37.2026.8.14.0301,ALVARÁ JUDICIAL - LEI 6858/80 (74),JENIFFER DE BARROS RODRIGUES
CÍVEL,BELÉM,8ª DEFENSORIA PÚBLICA CÍVEL,2026-06-22 18:22:40.196491-03:00,0866527-93.2026.8.14.0301,ALVARÁ JUDICIAL - LEI 6858/80 (74),JENIFFER DE BARROS RODRIGUES
CÍVEL,BELÉM,8ª DEFENSORIA PÚBLICA CÍVEL,2026-06-24 09:23:56.000341-03:00,0863786-80.2026.8.14.0301,ARROLAMENTO SUMÁRIO (31),JENIFFER DE BARROS RODRIGUES
CÍVEL,BELÉM,8ª DEFENSORIA PÚBLICA CÍVEL,2026-07-02 11:17:27.100827-03:00,0866430-93.2026.8.14.0301,ALVARÁ JUDICIAL - LEI 6858/80 (74),JENIFFER DE BARROS RODRIGUES
CÍVEL,BELÉM,8ª DEFENSORIA PÚBLICA CÍVEL,2026-07-06 17:58:53.931207-03:00,0867584-49.2026.8.14.0301,PROCEDIMENTO COMUM CÍVEL (7),JENIFFER DE BARROS RODRIGUES
CÍVEL,BELÉM,8ª DEFENSORIA PÚBLICA CÍVEL,2026-07-14 09:47:20.075705-03:00,0871348-43.2026.8.14.0301,EXECUÇÃO DE TÍTULO EXTRAJUDICIAL,JENIFFER DE BARROS RODRIGUES
CÍVEL,BELÉM,8ª DEFENSORIA PÚBLICA CÍVEL,2026-07-14 10:54:04.764737-03:00,0869686-44.2026.8.14.0301,PROCEDIMENTO COMUM CÍVEL (7),JENIFFER DE BARROS RODRIGUES
CÍVEL,BELÉM,8ª DEFENSORIA PÚBLICA CÍVEL,2026-07-14 11:39:13.603166-03:00,0869731-48.2026.8.14.0301,INVENTÁRIO (39),JENIFFER DE BARROS RODRIGUES
CÍVEL,BELÉM,8ª DEFENSORIA PÚBLICA CÍVEL,2026-07-14 13:17:15.489268-03:00,0869806-87.2026.8.14.0301,REINTEGRAÇÃO / MANUTENÇÃO DE POSSE (1707),JENIFFER DE BARROS RODRIGUES
CÍVEL,BELÉM,8ª DEFENSORIA PÚBLICA CÍVEL,2026-07-31 19:45:14.462348-03:00,0874810-08.2026.8.14.0301,EMBARGOS À EXECUÇÃO (172),JENIFFER DE BARROS RODRIGUES
CÍVEL,BELÉM,8ª DEFENSORIA PÚBLICA CÍVEL,2026-08-03 14:08:20.200521-03:00,0875112-37.2026.8.14.0301,PROCEDIMENTO COMUM CÍVEL (7),JENIFFER DE BARROS RODRIGUES
CÍVEL,BELÉM,8ª DEFENSORIA PÚBLICA CÍVEL,2026-08-17 11:12:28.237606-03:00,0879181-15.2026.8.14.0301,EMBARGOS À EXECUÇÃO (172),JENIFFER DE BARROS RODRIGUES
CÍVEL,BELÉM,8ª DEFENSORIA PÚBLICA CÍVEL,2026-08-21 13:25:43.589139-03:00,0881324-74.2026.8.14.0301,EXECUÇÃO DE TÍTULO EXTRAJUDICIAL,JENIFFER DE BARROS RODRIGUES
CÍVEL,BELÉM,8ª DEFENSORIA PÚBLICA CÍVEL,2026-08-21 13:30:08.140231-03:00,0881327-29.2026.8.14.0301,EXECUÇÃO DE TÍTULO EXTRAJUDICIAL,JENIFFER DE BARROS RODRIGUES
CÍVEL,BELÉM,8ª DEFENSORIA PÚBLICA CÍVEL,2026-08-21 13:47:32.895153-03:00,0881339-43.2026.8.14.0301,EXECUÇÃO DE TÍTULO EXTRAJUDICIAL,JENIFFER DE BARROS RODRIGUES
CÍVEL,BELÉM,8ª DEFENSORIA PÚBLICA CÍVEL,2026-08-21 14:12:55.039846-03:00,0881353-27.2026.8.14.0301,EXECUÇÃO DE TÍTULO EXTRAJUDICIAL,JENIFFER DE BARROS RODRIGUES
CÍVEL,BELÉM,8ª DEFENSORIA PÚBLICA CÍVEL,2026-08-31 10:55:09.173406-03:00,0884472-93.2026.8.14.0301,EXECUÇÃO DE TÍTULO EXTRAJUDICIAL,JENIFFER DE BARROS RODRIGUES
CÍVEL,BELÉM,8ª DEFENSORIA PÚBLICA CÍVEL,2026-09-01 12:55:42.725934-03:00,0892595-80.2026.8.14.0301,PROCEDIMENTO COMUM CÍVEL (7),JENIFFER DE BARROS RODRIGUES
CÍVEL,BELÉM,8ª DEFENSORIA PÚBLICA CÍVEL,2026-09-23 12:22:13.678125-03:00,0892598-35.2026.8.14.0301,REINTEGRAÇÃO / MANUTENÇÃO DE POSSE (1707),JENIFFER DE BARROS RODRIGUES
CÍVEL,BELÉM,8ª DEFENSORIA PÚBLICA DE FAMÍLIA,2026-02-02 14:02:39.864289-03:00,0820028-51.2026.8.14.0301,CUMPRIMENTO DE SENTENÇA (156),ANIBAL FERNANDES QUINTELLA JUNIOR
CÍVEL,BELÉM,8ª DEFENSORIA PÚBLICA DE FAMÍLIA,2026-02-25 11:51:45.478977-03:00,0823830-57.2026.8.14.0301,CUMPRIMENTO DE SENTENÇA (156),ANIBAL FERNANDES QUINTELLA JUNIOR
CÍVEL,BELÉM,8ª DEFENSORIA PÚBLICA DE FAMÍLIA,2026-05-25 11:51:38.303386-03:00,0885480-08.2026.8.14.0301,CUMPRIMENTO DE SENTENÇA (156),LUIZ HELENO SANTOS DO VALE
CÍVEL,BELÉM,8ª DEFENSORIA PÚBLICA DE FAMÍLIA,2026-08-08 17:59:44.857023-03:00,0876920-77.2026.8.14.0301,ALIMENTOS - LEI ESPECIAL Nº 5.478/68 (69),LUCIANA TARCILA VIEIRA GUEDES
CÍVEL,BELÉM,8ª DEFENSORIA PÚBLICA DE FAMÍLIA,2026-08-08 18:11:45.048683-03:00,0876922-47.2026.8.14.0301,ALIMENTOS - LEI ESPECIAL Nº 5.478/68 (69),LUCIANA TARCILA VIEIRA GUEDES
CÍVEL,BELÉM,8ª DEFENSORIA PÚBLICA DE FAMÍLIA,2026-08-08 18:22:06.004602-03:00,0876923-32.2026.8.14.0301,ALIMENTOS - LEI ESPECIAL Nº 5.478/68 (69),LUCIANA TARCILA VIEIRA GUEDES
CÍVEL,BELÉM,8ª DEFENSORIA PÚBLICA DE FAMÍLIA,2026-08-08 18:35:58.345349-03:00,0876924-17.2026.8.14.0301,ALIMENTOS - LEI ESPECIAL Nº 5.478/68 (69),LUCIANA TARCILA VIEIRA GUEDES
CÍVEL,BELÉM,8ª DEFENSORIA PÚBLICA DE FAMÍLIA,2026-08-08 18:44:34.112525-03:00,0876925-02.2026.8.14.0301,ALIMENTOS - LEI ESPECIAL Nº 5.478/68 (69),LUCIANA TARCILA VIEIRA GUEDES
CÍVEL,BELÉM,8ª DEFENSORIA PÚBLICA DE FAMÍLIA,2026-08-08 19:34:21.649049-03:00,0876929-39.2026.8.14.0301,HOMOLOGAÇÃO DA TRANSAÇÃO EXTRAJUDICIAL (12374),LUCIANA TARCILA VIEIRA GUEDES
CÍVEL,BELÉM,8ª DEFENSORIA PUBLICA DE FAZENDA PUBLICA,2026-01-16 13:58:51.052519-03:00,0803617-30.2026.8.14.0301,PROCEDIMENTO DO JUIZADO ESPECIAL DA FAZENDA PÚBLICA,LUIS CARLOS DE AGUIAR PORTELA
CÍVEL,BELÉM,8ª DEFENSORIA PUBLICA DE FAZENDA PUBLICA,2026-01-24 13:17:29.506367-03:00,0805946-15.2026.8.14.0301,PROCEDIMENTO DO JUIZADO ESPECIAL DA FAZENDA PÚBLICA,LUIS CARLOS DE AGUIAR PORTELA
CÍVEL,BELÉM,8ª DEFENSORIA PUBLICA DE FAZENDA PUBLICA,2026-01-26 14:03:39.745629-03:00,0806154-96.2026.8.14.0301,PROCEDIMENTO DO JUIZADO ESPECIAL DA FAZENDA PÚBLICA,LUIS CARLOS DE AGUIAR PORTELA
CÍVEL,BELÉM,8ª DEFENSORIA PUBLICA DE FAZENDA PUBLICA,2026-01-26 14:36:52.852126-03:00,0806155-81.2026.8.14.0301,PROCEDIMENTO DO JUIZADO ESPECIAL DA FAZENDA PÚBLICA,LUIS CARLOS DE AGUIAR PORTELA
CÍVEL,BELÉM,8ª DEFENSORIA PUBLICA DE FAZENDA PUBLICA,2026-01-31 23:38:54.730174-03:00,0807375-17.2026.8.14.0301,PROCEDIMENTO DO JUIZADO ESPECIAL DA FAZENDA PÚBLICA,LUIS CARLOS DE AGUIAR PORTELA
CÍVEL,BELÉM,8ª DEFENSORIA PUBLICA DE FAZENDA PUBLICA,2026-02-01 09:13:01.157394-03:00,0807376-02.2026.8.14.0301,PROCEDIMENTO DO JUIZADO ESPECIAL DA FAZENDA PÚBLICA,LUIS CARLOS DE AGUIAR PORTELA
CÍVEL,BELÉM,8ª DEFENSORIA PUBLICA DE FAZENDA PUBLICA,2026-02-10 08:48:39.075307-03:00,0819903-83.2026.8.14.0301,PROCEDIMENTO DO JUIZADO ESPECIAL DA FAZENDA PÚBLICA,LUIS CARLOS DE AGUIAR PORTELA
CÍVEL,BELÉM,8ª DEFENSORIA PUBLICA DE FAZENDA PUBLICA,2026-02-10 10:58:33.366224-03:00,0819905-53.2026.8.14.0301,PROCEDIMENTO DO JUIZADO ESPECIAL DA FAZENDA PÚBLICA,LUIS CARLOS DE AGUIAR PORTELA
CÍVEL,BELÉM,8ª DEFENSORIA PUBLICA DE FAZENDA PUBLICA,2026-02-10 11:31:26.259672-03:00,0819907-23.2026.8.14.0301,PROCEDIMENTO DO JUIZADO ESPECIAL CÍVEL (436),LUIS CARLOS DE AGUIAR PORTELA
CÍVEL,BELÉM,8ª DEFENSORIA PUBLICA DE FAZENDA PUBLICA,2026-02-13 12:12:48.863700-03:00,0822122-69.2026.8.14.0301,EXECUÇÃO DE TÍTULO EXTRAJUDICIAL CONTRA A FAZENDA PÚBLICA (12079),LUIS CARLOS DE AGUIAR PORTELA
CÍVEL,BELÉM,8ª DEFENSORIA PUBLICA DE FAZENDA PUBLICA,2026-02-23 21:37:23.533219-03:00,0823137-73.2026.8.14.0301,PROCEDIMENTO COMUM CÍVEL (7),LUIS CARLOS DE AGUIAR PORTELA
CÍVEL,BELÉM,8ª DEFENSORIA PUBLICA DE FAZENDA PUBLICA,2026-02-26 10:03:17.435915-03:00,0824220-27.2026.8.14.0301,PROCEDIMENTO DO JUIZADO ESPECIAL DA FAZENDA PÚBLICA,LUIS CARLOS DE AGUIAR PORTELA
CÍVEL,BELÉM,8ª DEFENSORIA PUBLICA DE FAZENDA PUBLICA,2026-03-05 09:54:53.904187-03:00,0826686-91.2026.8.14.0301,PROCEDIMENTO DO JUIZADO ESPECIAL DA FAZENDA PÚBLICA,LUIS CARLOS DE AGUIAR PORTELA
CÍVEL,BELÉM,8ª DEFENSORIA PUBLICA DE FAZENDA PUBLICA,2026-03-22 20:14:25.616289-03:00,0836598-15.2026.8.14.0301,PROCEDIMENTO DO JUIZADO ESPECIAL DA FAZENDA PÚBLICA,LUIS CARLOS DE AGUIAR PORTELA
CÍVEL,BELÉM,8ª DEFENSORIA PUBLICA DE FAZENDA PUBLICA,2026-04-12 16:52:59.849115-03:00,0841982-56.2026.8.14.0301,PROCEDIMENTO COMUM CÍVEL (7),LUIS CARLOS DE AGUIAR PORTELA
CÍVEL,BELÉM,8ª DEFENSORIA PUBLICA DE FAZENDA PUBLICA,2026-04-22 08:28:59.590474-03:00,0844131-25.2026.8.14.0301,PROCEDIMENTO DO JUIZADO ESPECIAL DA FAZENDA PÚBLICA,LUIS CARLOS DE AGUIAR PORTELA
CÍVEL,BELÉM,8ª DEFENSORIA PUBLICA DE FAZENDA PUBLICA,2026-04-28 08:50:33.148337-03:00,0846887-07.2026.8.14.0301,PROCEDIMENTO DO JUIZADO ESPECIAL DA FAZENDA PÚBLICA,LUIS CARLOS DE AGUIAR PORTELA
CÍVEL,BELÉM,8ª DEFENSORIA PUBLICA DE FAZENDA PUBLICA,2026-04-29 12:50:13.594468-03:00,0846896-66.2026.8.14.0301,PROCEDIMENTO DO JUIZADO ESPECIAL DA FAZENDA PÚBLICA,LUIS CARLOS DE AGUIAR PORTELA
CÍVEL,BELÉM,8ª DEFENSORIA PUBLICA DE FAZENDA PUBLICA,2026-05-07 17:19:39.730331-03:00,0849280-02.2026.8.14.0301,PROCEDIMENTO DO JUIZADO ESPECIAL DA FAZENDA PÚBLICA,LUIS CARLOS DE AGUIAR PORTELA
CÍVEL,BELÉM,8ª DEFENSORIA PUBLICA DE FAZENDA PUBLICA,2026-05-15 11:41:36.257456-03:00,0851821-08.2026.8.14.0301,PROCEDIMENTO DO JUIZADO ESPECIAL DA FAZENDA PÚBLICA,LUIS CARLOS DE AGUIAR PORTELA
CÍVEL,BELÉM,8ª DEFENSORIA PUBLICA DE FAZENDA PUBLICA,2026-05-16 13:17:42.718418-03:00,0801619-18.2026.8.14.0013,ALIMENTOS - LEI ESPECIAL Nº 5.478/68 (69),LUIS CARLOS DE AGUIAR PORTELA
CÍVEL,BELÉM,8ª DEFENSORIA PUBLICA DE FAZENDA PUBLICA,2026-05-18 10:45:10.716749-03:00,0852533-95.2026.8.14.0301,PROCEDIMENTO DO JUIZADO ESPECIAL DA FAZENDA PÚBLICA,LUIS CARLOS DE AGUIAR PORTELA
CÍVEL,BELÉM,8ª DEFENSORIA PUBLICA DE FAZENDA PUBLICA,2026-05-22 10:17:03.006273-03:00,0854080-73.2026.8.14.0301,CUMPRIMENTO DE SENTENÇA CONTRA A FAZENDA PÚBLICA,LUIS CARLOS DE AGUIAR PORTELA
CÍVEL,BELÉM,8ª DEFENSORIA PUBLICA DE FAZENDA PUBLICA,2026-05-22 11:43:41.550164-03:00,0854143-98.2026.8.14.0301,PROCEDIMENTO COMUM CÍVEL (7),LUIS CARLOS DE AGUIAR PORTELA
CÍVEL,BELÉM,8ª DEFENSORIA PUBLICA DE FAZENDA PUBLICA,2026-05-22 20:49:12.826496-03:00,0855145-06.2026.8.14.0301,PROCEDIMENTO COMUM CÍVEL (7),LUIS CARLOS DE AGUIAR PORTELA
CÍVEL,BELÉM,8ª DEFENSORIA PUBLICA DE FAZENDA PUBLICA,2026-05-25 12:38:18.206752-03:00,0854710-32.2026.8.14.0301,PROCEDIMENTO DO JUIZADO ESPECIAL DA FAZENDA PÚBLICA,LUIS CARLOS DE AGUIAR PORTELA
CÍVEL,BELÉM,8ª DEFENSORIA PUBLICA DE FAZENDA PUBLICA,2026-05-28 13:08:59.369493-03:00,0856440-78.2026.8.14.0301,PROCEDIMENTO DO JUIZADO ESPECIAL DA FAZENDA PÚBLICA,LUIS CARLOS DE AGUIAR PORTELA
CÍVEL,BELÉM,8ª DEFENSORIA PUBLICA DE FAZENDA PUBLICA,2026-05-28 13:25:10.240375-03:00,0856447-70.2026.8.14.0301,EMBARGOS À EXECUÇÃO (172),LUIS CARLOS DE AGUIAR PORTELA
CÍVEL,BELÉM,8ª DEFENSORIA PUBLICA DE FAZENDA PUBLICA,2026-06-09 13:54:57.596713-03:00,0859383-68.2026.8.14.0301,PROCEDIMENTO COMUM CÍVEL (7),LUIS CARLOS DE AGUIAR PORTELA
CÍVEL,BELÉM,8ª DEFENSORIA PUBLICA DE FAZENDA PUBLICA,2026-06-10 10:41:54.621748-03:00,0859875-60.2026.8.14.0301,PROCEDIMENTO COMUM CÍVEL (7),LUIS CARLOS DE AGUIAR PORTELA
CÍVEL,BELÉM,8ª DEFENSORIA PUBLICA DE FAZENDA PUBLICA,2026-06-22 11:31:53.726599-03:00,0863248-02.2026.8.14.0301,PROCEDIMENTO DO JUIZADO ESPECIAL DA FAZENDA PÚBLICA,LUIS CARLOS DE AGUIAR PORTELA
CÍVEL,BELÉM,8ª DEFENSORIA PUBLICA DE FAZENDA PUBLICA,2026-07-15 11:30:13.083325-03:00,0870121-18.2026.8.14.0301,PROCEDIMENTO DO JUIZADO ESPECIAL DA FAZENDA PÚBLICA,LUIS CARLOS DE AGUIAR PORTELA
CÍVEL,BELÉM,8ª DEFENSORIA PUBLICA DE FAZENDA PUBLICA,2026-07-16 13:26:22.075026-03:00,0870676-35.2026.8.14.0301,PROCEDIMENTO DO JUIZADO ESPECIAL DA FAZENDA PÚBLICA,LUIS CARLOS DE AGUIAR PORTELA
CÍVEL,BELÉM,8ª DEFENSORIA PUBLICA DE FAZENDA PUBLICA,2026-07-31 11:47:43.042150-03:00,0874615-23.2026.8.14.0301,PROCEDIMENTO DO JUIZADO ESPECIAL DA FAZENDA PÚBLICA,JOSÉ ANIJAR FRAGOSO REI
CÍVEL,BELÉM,8ª DEFENSORIA PUBLICA DE FAZENDA PUBLICA,2026-08-07 13:49:42.850268-03:00,0876635-84.2026.8.14.0301,PROCEDIMENTO COMUM CÍVEL (7),JOSÉ ANIJAR FRAGOSO REI
CÍVEL,BELÉM,8ª DEFENSORIA PUBLICA DE FAZENDA PUBLICA,2026-08-12 09:24:00.106832-03:00,0878295-16.2026.8.14.0301,PROCEDIMENTO DO JUIZADO ESPECIAL DA FAZENDA PÚBLICA,LUIS CARLOS DE AGUIAR PORTELA
CÍVEL,BELÉM,8ª DEFENSORIA PUBLICA DE FAZENDA PUBLICA,2026-08-31 12:44:36.671136-03:00,0884556-94.2026.8.14.0301,AÇÃO DE ALIMENTOS DE INFÂNCIA E JUVENTUDE (1389),LUIS CARLOS DE AGUIAR PORTELA
CÍVEL,BELÉM,9ª DEFENSORIA PÚBLICA CÍVEL,2026-01-22 13:57:54.337030-03:00,0804834-11.2026.8.14.0301,INVENTÁRIO (39),ADRIANA MARTINS JORGE JOAO
CÍVEL,BELÉM,9ª DEFENSORIA PÚBLICA CÍVEL,2026-08-11 10:50:19.955471-03:00,0877441-22.2026.8.14.0301,PROCEDIMENTO COMUM CÍVEL (7),LUCIANA SOUZA DOS ANJOS
CÍVEL,BELÉM,9ª DEFENSORIA PÚBLICA DE FAMÍLIA,2026-06-03 13:44:28.466326-03:00,0858992-16.2026.8.14.0301,CUMPRIMENTO PROVISÓRIO DE DECISÃO (10980),ALANA DA SILVA FERNANDES MOLITOR
CÍVEL,BELÉM,9ª DEFENSORIA PÚBLICA DE FAMÍLIA,2026-06-23 10:34:13.722809-03:00,0863795-42.2026.8.14.0301,CUMPRIMENTO DE SENTENÇA (156),ALANA DA SILVA FERNANDES MOLITOR
CÍVEL,BELÉM,9ª DEFENSORIA PÚBLICA DE FAMÍLIA,2026-08-08 09:37:04.795294-03:00,0876794-27.2026.8.14.0301,PROCEDIMENTO COMUM CÍVEL (7),ALANA DA SILVA FERNANDES MOLITOR
CÍVEL,BELÉM,9ª DEFENSORIA PÚBLICA DE FAMÍLIA,2026-08-08 11:07:17.537666-03:00,0876818-55.2026.8.14.0301,PROCEDIMENTO COMUM CÍVEL (7),ALANA DA SILVA FERNANDES MOLITOR
CÍVEL,BELÉM,9ª DEFENSORIA PÚBLICA DE FAMÍLIA,2026-08-08 11:51:23.731396-03:00,0876830-69.2026.8.14.0301,ALIMENTOS - LEI ESPECIAL Nº 5.478/68 (69),ALANA DA SILVA FERNANDES MOLITOR
CÍVEL,BELÉM,9ª DEFENSORIA PÚBLICA DE FAMÍLIA,2026-08-08 12:03:13.023062-03:00,0876833-24.2026.8.14.0301,ALIMENTOS - LEI ESPECIAL Nº 5.478/68 (69),ALANA DA SILVA FERNANDES MOLITOR
CÍVEL,BELÉM,9ª DEFENSORIA PÚBLICA DE FAMÍLIA,2026-08-08 12:32:28.975561-03:00,0876839-31.2026.8.14.0301,ALIMENTOS - LEI ESPECIAL Nº 5.478/68 (69),ALANA DA SILVA FERNANDES MOLITOR
CÍVEL,BELÉM,9ª DEFENSORIA PÚBLICA DE FAMÍLIA,2026-08-08 12:59:00.316843-03:00,0876851-45.2026.8.14.0301,ALIMENTOS - LEI ESPECIAL Nº 5.478/68 (69),ALANA DA SILVA FERNANDES MOLITOR
CÍVEL,BELÉM,9ª DEFENSORIA PÚBLICA DE FAMÍLIA,2026-08-08 13:16:15.669800-03:00,0876857-52.2026.8.14.0301,ALIMENTOS - LEI ESPECIAL Nº 5.478/68 (69),ALANA DA SILVA FERNANDES MOLITOR
CÍVEL,BELÉM,9ª DEFENSORIA PÚBLICA DE FAMÍLIA,2026-08-08 14:39:40.730991-03:00,0877118-17.2026.8.14.0301,DIVÓRCIO CONSENSUAL (12372),ALANA DA SILVA FERNANDES MOLITOR
CÍVEL,BELÉM,9ª DEFENSORIA PÚBLICA DE FAMÍLIA,2026-08-10 19:49:40.803127-03:00,0877381-49.2026.8.14.0301,ALIMENTOS - LEI ESPECIAL Nº 5.478/68 (69),ALANA DA SILVA FERNANDES MOLITOR
CÍVEL,BELÉM,9ª DEFENSORIA PÚBLICA DE FAMÍLIA,2026-08-10 20:16:02.880940-03:00,0877379-79.2026.8.14.0301,ALIMENTOS - LEI ESPECIAL Nº 5.478/68 (69),ALANA DA SILVA FERNANDES MOLITOR
CÍVEL,BELÉM,9ª DEFENSORIA PÚBLICA DE FAMÍLIA,2026-08-10 20:39:36.558485-03:00,0877378-94.2026.8.14.0301,ALIMENTOS - LEI ESPECIAL Nº 5.478/68 (69),ALANA DA SILVA FERNANDES MOLITOR
CÍVEL,BELÉM,9ª DEFENSORIA PÚBLICA DE FAMÍLIA,2026-08-10 21:14:52.656413-03:00,0877377-12.2026.8.14.0301,ALIMENTOS - LEI ESPECIAL Nº 5.478/68 (69),ALANA DA SILVA FERNANDES MOLITOR
CÍVEL,BELÉM,9ª DEFENSORIA PÚBLICA DE FAMÍLIA,2026-08-24 12:20:38.701950-03:00,0884852-19.2026.8.14.0301,CUMPRIMENTO DE SENTENÇA (156),ALANA DA SILVA FERNANDES MOLITOR
CÍVEL,BELÉM,9ª DEFENSORIA PUBLICA DE FAZENDA PUBLICA,2026-01-12 12:24:07.553974-03:00,0801531-86.2026.8.14.0301,PROCEDIMENTO DO JUIZADO ESPECIAL DA FAZENDA PÚBLICA,GERMANA SERRA DE FREITAS BARROS
CÍVEL,BELÉM,9ª DEFENSORIA PUBLICA DE FAZENDA PUBLICA,2026-01-13 09:19:00.146491-03:00,0801748-32.2026.8.14.0301,PROCEDIMENTO DO JUIZADO ESPECIAL DA FAZENDA PÚBLICA,GERMANA SERRA DE FREITAS BARROS
CÍVEL,BELÉM,9ª DEFENSORIA PUBLICA DE FAZENDA PUBLICA,2026-01-13 09:47:48.753119-03:00,0801781-22.2026.8.14.0301,PROCEDIMENTO DO JUIZADO ESPECIAL DA FAZENDA PÚBLICA,GERMANA SERRA DE FREITAS BARROS
CÍVEL,BELÉM,9ª DEFENSORIA PUBLICA DE FAZENDA PUBLICA,2026-01-13 11:12:38.713272-03:00,0801804-65.2026.8.14.0301,PROCEDIMENTO DO JUIZADO ESPECIAL DA FAZENDA PÚBLICA,GERMANA SERRA DE FREITAS BARROS
CÍVEL,BELÉM,9ª DEFENSORIA PUBLICA DE FAZENDA PUBLICA,2026-01-13 13:12:57.228418-03:00,0801853-09.2026.8.14.0301,PROCEDIMENTO DO JUIZADO ESPECIAL DA FAZENDA PÚBLICA,GERMANA SERRA DE FREITAS BARROS
CÍVEL,BELÉM,9ª DEFENSORIA PUBLICA DE FAZENDA PUBLICA,2026-01-14 10:50:34.973611-03:00,0802245-46.2026.8.14.0301,PROCEDIMENTO DO JUIZADO ESPECIAL DA FAZENDA PÚBLICA,GERMANA SERRA DE FREITAS BARROS
CÍVEL,BELÉM,9ª DEFENSORIA PUBLICA DE FAZENDA PUBLICA,2026-01-14 11:44:11.887970-03:00,0802278-36.2026.8.14.0301,PROCEDIMENTO DO JUIZADO ESPECIAL DA FAZENDA PÚBLICA,GERMANA SERRA DE FREITAS BARROS
CÍVEL,BELÉM,9ª DEFENSORIA PUBLICA DE FAZENDA PUBLICA,2026-01-14 14:38:04.671805-03:00,0802395-27.2026.8.14.0301,PROCEDIMENTO DO JUIZADO ESPECIAL DA FAZENDA PÚBLICA,GERMANA SERRA DE FREITAS BARROS
CÍVEL,BELÉM,9ª DEFENSORIA PUBLICA DE FAZENDA PUBLICA,2026-01-15 09:18:16.890852-03:00,0802588-42.2026.8.14.0301,PROCEDIMENTO DO JUIZADO ESPECIAL DA FAZENDA PÚBLICA,GERMANA SERRA DE FREITAS BARROS
CÍVEL,BELÉM,9ª DEFENSORIA PUBLICA DE FAZENDA PUBLICA,2026-01-15 09:34:49.333590-03:00,0802601-41.2026.8.14.0301,PROCEDIMENTO DO JUIZADO ESPECIAL DA FAZENDA PÚBLICA,GERMANA SERRA DE FREITAS BARROS
CÍVEL,BELÉM,9ª DEFENSORIA PUBLICA DE FAZENDA PUBLICA,2026-01-16 10:57:43.392180-03:00,0803158-28.2026.8.14.0301,PROCEDIMENTO DO JUIZADO ESPECIAL DA FAZENDA PÚBLICA,GERMANA SERRA DE FREITAS BARROS
CÍVEL,BELÉM,9ª DEFENSORIA PUBLICA DE FAZENDA PUBLICA,2026-01-16 12:20:25.925122-03:00,0803160-95.2026.8.14.0301,PROCEDIMENTO DO JUIZADO ESPECIAL DA FAZENDA PÚBLICA,GERMANA SERRA DE FREITAS BARROS
CÍVEL,BELÉM,9ª DEFENSORIA PUBLICA DE FAZENDA PUBLICA,2026-01-16 12:27:49.542451-03:00,0803163-50.2026.8.14.0301,PROCEDIMENTO DO JUIZADO ESPECIAL DA FAZENDA PÚBLICA,GERMANA SERRA DE FREITAS BARROS
CÍVEL,BELÉM,9ª DEFENSORIA PUBLICA DE FAZENDA PUBLICA,2026-01-16 14:13:22.645981-03:00,0803166-05.2026.8.14.0301,PROCEDIMENTO DO JUIZADO ESPECIAL DA FAZENDA PÚBLICA,GERMANA SERRA DE FREITAS BARROS
CÍVEL,BELÉM,9ª DEFENSORIA PUBLICA DE FAZENDA PUBLICA,2026-01-26 12:41:26.446185-03:00,0805655-15.2026.8.14.0301,PROCEDIMENTO DO JUIZADO ESPECIAL DA FAZENDA PÚBLICA,RODRIGO CERQUEIRA DE MIRANDA
CÍVEL,BELÉM,9ª DEFENSORIA PUBLICA DE FAZENDA PUBLICA,2026-01-27 09:37:23.069739-03:00,0806004-18.2026.8.14.0301,PROCEDIMENTO DO JUIZADO ESPECIAL DA FAZENDA PÚBLICA,RODRIGO CERQUEIRA DE MIRANDA
CÍVEL,BELÉM,9ª DEFENSORIA PUBLICA DE FAZENDA PUBLICA,2026-01-27 10:59:31.179710-03:00,0806009-40.2026.8.14.0301,PROCEDIMENTO DO JUIZADO ESPECIAL DA FAZENDA PÚBLICA,RODRIGO CERQUEIRA DE MIRANDA
CÍVEL,BELÉM,9ª DEFENSORIA PUBLICA DE FAZENDA PUBLICA,2026-01-27 17:16:32.746656-03:00,0806177-42.2026.8.14.0301,PROCEDIMENTO DO JUIZADO ESPECIAL DA FAZENDA PÚBLICA,RODRIGO CERQUEIRA DE MIRANDA
CÍVEL,BELÉM,9ª DEFENSORIA PUBLICA DE FAZENDA PUBLICA,2026-01-28 10:29:49.255338-03:00,0806352-36.2026.8.14.0301,PROCEDIMENTO DO JUIZADO ESPECIAL DA FAZENDA PÚBLICA,RODRIGO CERQUEIRA DE MIRANDA
CÍVEL,BELÉM,9ª DEFENSORIA PUBLICA DE FAZENDA PUBLICA,2026-01-28 11:58:27.431369-03:00,0806353-21.2026.8.14.0301,PROCEDIMENTO DO JUIZADO ESPECIAL DA FAZENDA PÚBLICA,RODRIGO CERQUEIRA DE MIRANDA
CÍVEL,BELÉM,9ª DEFENSORIA PUBLICA DE FAZENDA PUBLICA,2026-01-29 10:03:14.204097-03:00,0806669-34.2026.8.14.0301,PROCEDIMENTO COMUM CÍVEL (7),RODRIGO CERQUEIRA DE MIRANDA
CÍVEL,BELÉM,9ª DEFENSORIA PUBLICA DE FAZENDA PUBLICA,2026-01-29 13:09:59.982383-03:00,0806970-78.2026.8.14.0301,PROCEDIMENTO DO JUIZADO ESPECIAL DA FAZENDA PÚBLICA,RODRIGO CERQUEIRA DE MIRANDA
CÍVEL,BELÉM,9ª DEFENSORIA PUBLICA DE FAZENDA PUBLICA,2026-01-30 08:40:12.388613-03:00,0806973-33.2026.8.14.0301,PROCEDIMENTO DO JUIZADO ESPECIAL DA FAZENDA PÚBLICA,RODRIGO CERQUEIRA DE MIRANDA
CÍVEL,BELÉM,9ª DEFENSORIA PUBLICA DE FAZENDA PUBLICA,2026-01-30 08:47:13.784619-03:00,0806981-10.2026.8.14.0301,PROCEDIMENTO DO JUIZADO ESPECIAL DA FAZENDA PÚBLICA,RODRIGO CERQUEIRA DE MIRANDA
CÍVEL,BELÉM,9ª DEFENSORIA PUBLICA DE FAZENDA PUBLICA,2026-01-30 08:50:30.116705-03:00,0806971-63.2026.8.14.0301,PROCEDIMENTO DO JUIZADO ESPECIAL DA FAZENDA PÚBLICA,RODRIGO CERQUEIRA DE MIRANDA
CÍVEL,BELÉM,9ª DEFENSORIA PUBLICA DE FAZENDA PUBLICA,2026-01-30 09:14:20.641371-03:00,0806996-76.2026.8.14.0301,PROCEDIMENTO DO JUIZADO ESPECIAL DA FAZENDA PÚBLICA,RODRIGO CERQUEIRA DE MIRANDA
CÍVEL,BELÉM,9ª DEFENSORIA PUBLICA DE FAZENDA PUBLICA,2026-01-30 11:29:59.027878-03:00,0807081-62.2026.8.14.0301,PROCEDIMENTO DO JUIZADO ESPECIAL DA FAZENDA PÚBLICA,RODRIGO CERQUEIRA DE MIRANDA
CÍVEL,BELÉM,9ª DEFENSORIA PUBLICA DE FAZENDA PUBLICA,2026-01-30 11:32:19.106710-03:00,0807082-47.2026.8.14.0301,PROCEDIMENTO DO JUIZADO ESPECIAL DA FAZENDA PÚBLICA,RODRIGO CERQUEIRA DE MIRANDA
CÍVEL,BELÉM,9ª DEFENSORIA PUBLICA DE FAZENDA PUBLICA,2026-01-30 11:44:00.723972-03:00,0807083-32.2026.8.14.0301,PROCEDIMENTO DO JUIZADO ESPECIAL DA FAZENDA PÚBLICA,RODRIGO CERQUEIRA DE MIRANDA
CÍVEL,BELÉM,9ª DEFENSORIA PUBLICA DE FAZENDA PUBLICA,2026-01-30 11:52:56.575607-03:00,0807084-17.2026.8.14.0301,PROCEDIMENTO DO JUIZADO ESPECIAL DA FAZENDA PÚBLICA,RODRIGO CERQUEIRA DE MIRANDA
CÍVEL,BELÉM,9ª DEFENSORIA PUBLICA DE FAZENDA PUBLICA,2026-02-05 11:57:53.991997-03:00,0817259-70.2026.8.14.0301,PROCEDIMENTO DO JUIZADO ESPECIAL DA FAZENDA PÚBLICA,RODRIGO CERQUEIRA DE MIRANDA
CÍVEL,BELÉM,9ª DEFENSORIA PUBLICA DE FAZENDA PUBLICA,2026-02-09 09:46:49.940032-03:00,0818485-13.2026.8.14.0301,PROCEDIMENTO DO JUIZADO ESPECIAL DA FAZENDA PÚBLICA,RODRIGO CERQUEIRA DE MIRANDA
CÍVEL,BELÉM,9ª DEFENSORIA PUBLICA DE FAZENDA PUBLICA,2026-02-10 11:42:59.049370-03:00,0819969-63.2026.8.14.0301,PROCEDIMENTO DO JUIZADO ESPECIAL DA FAZENDA PÚBLICA,RODRIGO CERQUEIRA DE MIRANDA
CÍVEL,BELÉM,9ª DEFENSORIA PUBLICA DE FAZENDA PUBLICA,2026-02-10 12:05:58.057365-03:00,0819972-18.2026.8.14.0301,PROCEDIMENTO DO JUIZADO ESPECIAL DA FAZENDA PÚBLICA,RODRIGO CERQUEIRA DE MIRANDA
CÍVEL,BELÉM,9ª DEFENSORIA PUBLICA DE FAZENDA PUBLICA,2026-02-10 12:40:50.015593-03:00,0819989-54.2026.8.14.0301,PROCEDIMENTO DO JUIZADO ESPECIAL DA FAZENDA PÚBLICA,RODRIGO CERQUEIRA DE MIRANDA
CÍVEL,BELÉM,9ª DEFENSORIA PUBLICA DE FAZENDA PUBLICA,2026-02-10 12:49:38.863110-03:00,0819970-48.2026.8.14.0301,PROCEDIMENTO DO JUIZADO ESPECIAL DA FAZENDA PÚBLICA,RODRIGO CERQUEIRA DE MIRANDA
CÍVEL,BELÉM,9ª DEFENSORIA PUBLICA DE FAZENDA PUBLICA,2026-02-11 11:10:15.492782-03:00,0820100-38.2026.8.14.0301,PROCEDIMENTO DO JUIZADO ESPECIAL DA FAZENDA PÚBLICA,RODRIGO CERQUEIRA DE MIRANDA
CÍVEL,BELÉM,9ª DEFENSORIA PUBLICA DE FAZENDA PUBLICA,2026-02-11 11:29:31.283153-03:00,0820098-68.2026.8.14.0301,PROCEDIMENTO DO JUIZADO ESPECIAL DA FAZENDA PÚBLICA,RODRIGO CERQUEIRA DE MIRANDA
CÍVEL,BELÉM,9ª DEFENSORIA PUBLICA DE FAZENDA PUBLICA,2026-02-11 12:02:53.594550-03:00,0820096-98.2026.8.14.0301,PROCEDIMENTO DO JUIZADO ESPECIAL DA FAZENDA PÚBLICA,RODRIGO CERQUEIRA DE MIRANDA
CÍVEL,BELÉM,9ª DEFENSORIA PUBLICA DE FAZENDA PUBLICA,2026-02-11 13:05:13.328182-03:00,0820338-57.2026.8.14.0301,PROCEDIMENTO DO JUIZADO ESPECIAL DA FAZENDA PÚBLICA,RODRIGO CERQUEIRA DE MIRANDA
CÍVEL,BELÉM,9ª DEFENSORIA PUBLICA DE FAZENDA PUBLICA,2026-02-12 09:42:29.341017-03:00,0820451-11.2026.8.14.0301,PROCEDIMENTO DO JUIZADO ESPECIAL DA FAZENDA PÚBLICA,RODRIGO CERQUEIRA DE MIRANDA
CÍVEL,BELÉM,9ª DEFENSORIA PUBLICA DE FAZENDA PUBLICA,2026-02-12 09:57:56.216763-03:00,0820452-93.2026.8.14.0301,PROCEDIMENTO DO JUIZADO ESPECIAL DA FAZENDA PÚBLICA,RODRIGO CERQUEIRA DE MIRANDA
CÍVEL,BELÉM,9ª DEFENSORIA PUBLICA DE FAZENDA PUBLICA,2026-02-12 10:49:28.108537-03:00,0820461-55.2026.8.14.0301,PROCEDIMENTO DO JUIZADO ESPECIAL DA FAZENDA PÚBLICA,RODRIGO CERQUEIRA DE MIRANDA
CÍVEL,BELÉM,9ª DEFENSORIA PUBLICA DE FAZENDA PUBLICA,2026-02-13 09:57:24.385482-03:00,0820940-48.2026.8.14.0301,PROCEDIMENTO DO JUIZADO ESPECIAL DA FAZENDA PÚBLICA,RODRIGO CERQUEIRA DE MIRANDA
CÍVEL,BELÉM,9ª DEFENSORIA PUBLICA DE FAZENDA PUBLICA,2026-02-13 10:00:21.053522-03:00,0820939-63.2026.8.14.0301,PROCEDIMENTO DO JUIZADO ESPECIAL DA FAZENDA PÚBLICA,RODRIGO CERQUEIRA DE MIRANDA
CÍVEL,BELÉM,9ª DEFENSORIA PUBLICA DE FAZENDA PUBLICA,2026-02-13 12:17:55.716059-03:00,0821082-52.2026.8.14.0301,PROCEDIMENTO DO JUIZADO ESPECIAL DA FAZENDA PÚBLICA,RODRIGO CERQUEIRA DE MIRANDA
CÍVEL,BELÉM,9ª DEFENSORIA PUBLICA DE FAZENDA PUBLICA,2026-02-13 14:15:21.405848-03:00,0821080-82.2026.8.14.0301,PROCEDIMENTO DO JUIZADO ESPECIAL DA FAZENDA PÚBLICA,RODRIGO CERQUEIRA DE MIRANDA
CÍVEL,BELÉM,9ª DEFENSORIA PUBLICA DE FAZENDA PUBLICA,2026-03-09 11:27:50.505117-03:00,0827263-69.2026.8.14.0301,PROCEDIMENTO DO JUIZADO ESPECIAL DA FAZENDA PÚBLICA,RODRIGO CERQUEIRA DE MIRANDA
CÍVEL,BELÉM,9ª DEFENSORIA PUBLICA DE FAZENDA PUBLICA,2026-03-09 11:30:10.533845-03:00,0827262-84.2026.8.14.0301,PROCEDIMENTO DO JUIZADO ESPECIAL DA FAZENDA PÚBLICA,RODRIGO CERQUEIRA DE MIRANDA
CÍVEL,BELÉM,9ª DEFENSORIA PUBLICA DE FAZENDA PUBLICA,2026-03-09 11:32:35.475788-03:00,0827260-17.2026.8.14.0301,PROCEDIMENTO DO JUIZADO ESPECIAL DA FAZENDA PÚBLICA,RODRIGO CERQUEIRA DE MIRANDA
CÍVEL,BELÉM,9ª DEFENSORIA PUBLICA DE FAZENDA PUBLICA,2026-03-09 11:52:44.482315-03:00,0827258-47.2026.8.14.0301,PROCEDIMENTO DO JUIZADO ESPECIAL DA FAZENDA PÚBLICA,RODRIGO CERQUEIRA DE MIRANDA
CÍVEL,BELÉM,9ª DEFENSORIA PUBLICA DE FAZENDA PUBLICA,2026-03-09 12:09:01.537270-03:00,0827309-58.2026.8.14.0301,PROCEDIMENTO DO JUIZADO ESPECIAL DA FAZENDA PÚBLICA,RODRIGO CERQUEIRA DE MIRANDA
CÍVEL,BELÉM,9ª DEFENSORIA PUBLICA DE FAZENDA PUBLICA,2026-03-10 09:54:03.390763-03:00,0827682-89.2026.8.14.0301,PROCEDIMENTO DO JUIZADO ESPECIAL DA FAZENDA PÚBLICA,RODRIGO CERQUEIRA DE MIRANDA
CÍVEL,BELÉM,9ª DEFENSORIA PUBLICA DE FAZENDA PUBLICA,2026-03-10 10:21:01.624288-03:00,0827683-74.2026.8.14.0301,PROCEDIMENTO DO JUIZADO ESPECIAL DA FAZENDA PÚBLICA,RODRIGO CERQUEIRA DE MIRANDA
CÍVEL,BELÉM,9ª DEFENSORIA PUBLICA DE FAZENDA PUBLICA,2026-03-10 11:52:16.162695-03:00,0827757-31.2026.8.14.0301,PROCEDIMENTO DO JUIZADO ESPECIAL DA FAZENDA PÚBLICA,RODRIGO CERQUEIRA DE MIRANDA
CÍVEL,BELÉM,9ª DEFENSORIA PUBLICA DE FAZENDA PUBLICA,2026-03-11 09:52:04.967226-03:00,0828287-35.2026.8.14.0301,PROCEDIMENTO DO JUIZADO ESPECIAL DA FAZENDA PÚBLICA,RODRIGO CERQUEIRA DE MIRANDA
CÍVEL,BELÉM,9ª DEFENSORIA PUBLICA DE FAZENDA PUBLICA,2026-03-11 11:56:12.452007-03:00,0828345-38.2026.8.14.0301,PROCEDIMENTO DO JUIZADO ESPECIAL DA FAZENDA PÚBLICA,RODRIGO CERQUEIRA DE MIRANDA
CÍVEL,BELÉM,9ª DEFENSORIA PUBLICA DE FAZENDA PUBLICA,2026-03-11 12:03:31.203373-03:00,0828347-08.2026.8.14.0301,PROCEDIMENTO DO JUIZADO ESPECIAL DA FAZENDA PÚBLICA,RODRIGO CERQUEIRA DE MIRANDA
CÍVEL,BELÉM,9ª DEFENSORIA PUBLICA DE FAZENDA PUBLICA,2026-03-11 12:41:36.651595-03:00,0828414-70.2026.8.14.0301,PROCEDIMENTO DO JUIZADO ESPECIAL DA FAZENDA PÚBLICA,RODRIGO CERQUEIRA DE MIRANDA
CÍVEL,BELÉM,9ª DEFENSORIA PUBLICA DE FAZENDA PUBLICA,2026-03-11 12:53:58.586184-03:00,0828413-85.2026.8.14.0301,PROCEDIMENTO DO JUIZADO ESPECIAL DA FAZENDA PÚBLICA,RODRIGO CERQUEIRA DE MIRANDA
CÍVEL,BELÉM,9ª DEFENSORIA PUBLICA DE FAZENDA PUBLICA,2026-03-12 09:11:08.254573-03:00,0828781-94.2026.8.14.0301,PROCEDIMENTO DO JUIZADO ESPECIAL DA FAZENDA PÚBLICA,RODRIGO CERQUEIRA DE MIRANDA
CÍVEL,BELÉM,9ª DEFENSORIA PUBLICA DE FAZENDA PUBLICA,2026-03-12 13:19:29.868113-03:00,0829235-74.2026.8.14.0301,PROCEDIMENTO DO JUIZADO ESPECIAL DA FAZENDA PÚBLICA,RODRIGO CERQUEIRA DE MIRANDA
CÍVEL,BELÉM,9ª DEFENSORIA PUBLICA DE FAZENDA PUBLICA,2026-03-13 10:58:14.748041-03:00,0829285-03.2026.8.14.0301,PROCEDIMENTO DO JUIZADO ESPECIAL DA FAZENDA PÚBLICA,RODRIGO CERQUEIRA DE MIRANDA
CÍVEL,BELÉM,9ª DEFENSORIA PUBLICA DE FAZENDA PUBLICA,2026-03-13 11:19:51.139472-03:00,0829287-70.2026.8.14.0301,PROCEDIMENTO DO JUIZADO ESPECIAL DA FAZENDA PÚBLICA,RODRIGO CERQUEIRA DE MIRANDA
CÍVEL,BELÉM,9ª DEFENSORIA PUBLICA DE FAZENDA PUBLICA,2026-03-13 11:24:25.516177-03:00,0829286-85.2026.8.14.0301,PROCEDIMENTO DO JUIZADO ESPECIAL DA FAZENDA PÚBLICA,RODRIGO CERQUEIRA DE MIRANDA
CÍVEL,BELÉM,9ª DEFENSORIA PUBLICA DE FAZENDA PUBLICA,2026-03-16 08:29:46.878946-03:00,0829863-63.2026.8.14.0301,PROCEDIMENTO DO JUIZADO ESPECIAL DA FAZENDA PÚBLICA,RODRIGO CERQUEIRA DE MIRANDA
CÍVEL,BELÉM,9ª DEFENSORIA PUBLICA DE FAZENDA PUBLICA,2026-03-17 12:08:00.469680-03:00,0830496-74.2026.8.14.0301,PROCEDIMENTO DO JUIZADO ESPECIAL DA FAZENDA PÚBLICA,RODRIGO CERQUEIRA DE MIRANDA
CÍVEL,BELÉM,9ª DEFENSORIA PUBLICA DE FAZENDA PUBLICA,2026-03-23 09:55:52.498063-03:00,0831945-67.2026.8.14.0301,PROCEDIMENTO DO JUIZADO ESPECIAL DA FAZENDA PÚBLICA,RODRIGO CERQUEIRA DE MIRANDA
CÍVEL,BELÉM,9ª DEFENSORIA PUBLICA DE FAZENDA PUBLICA,2026-03-23 10:20:52.549725-03:00,0831946-52.2026.8.14.0301,PROCEDIMENTO DO JUIZADO ESPECIAL DA FAZENDA PÚBLICA,RODRIGO CERQUEIRA DE MIRANDA
CÍVEL,BELÉM,9ª DEFENSORIA PUBLICA DE FAZENDA PUBLICA,2026-03-23 12:18:44.991182-03:00,0832040-97.2026.8.14.0301,PROCEDIMENTO DO JUIZADO ESPECIAL DA FAZENDA PÚBLICA,RODRIGO CERQUEIRA DE MIRANDA
CÍVEL,BELÉM,9ª DEFENSORIA PUBLICA DE FAZENDA PUBLICA,2026-03-24 11:38:23.455489-03:00,0832434-07.2026.8.14.0301,PROCEDIMENTO DO JUIZADO ESPECIAL DA FAZENDA PÚBLICA,RODRIGO CERQUEIRA DE MIRANDA
CÍVEL,BELÉM,9ª DEFENSORIA PUBLICA DE FAZENDA PUBLICA,2026-03-25 11:09:16.604400-03:00,0832791-84.2026.8.14.0301,PROCEDIMENTO DO JUIZADO ESPECIAL DA FAZENDA PÚBLICA,RODRIGO CERQUEIRA DE MIRANDA
CÍVEL,BELÉM,9ª DEFENSORIA PUBLICA DE FAZENDA PUBLICA,2026-03-25 11:21:24.523070-03:00,0832792-69.2026.8.14.0301,PROCEDIMENTO DO JUIZADO ESPECIAL DA FAZENDA PÚBLICA,RODRIGO CERQUEIRA DE MIRANDA
CÍVEL,BELÉM,9ª DEFENSORIA PUBLICA DE FAZENDA PUBLICA,2026-03-25 12:34:29.831121-03:00,0833064-63.2026.8.14.0301,PROCEDIMENTO DO JUIZADO ESPECIAL DA FAZENDA PÚBLICA,RODRIGO CERQUEIRA DE MIRANDA
CÍVEL,BELÉM,9ª DEFENSORIA PUBLICA DE FAZENDA PUBLICA,2026-03-26 09:06:35.621230-03:00,0833117-44.2026.8.14.0301,PROCEDIMENTO DO JUIZADO ESPECIAL DA FAZENDA PÚBLICA,RODRIGO CERQUEIRA DE MIRANDA
CÍVEL,BELÉM,9ª DEFENSORIA PUBLICA DE FAZENDA PUBLICA,2026-03-26 09:50:35.880554-03:00,0833118-29.2026.8.14.0301,PROCEDIMENTO DO JUIZADO ESPECIAL DA FAZENDA PÚBLICA,RODRIGO CERQUEIRA DE MIRANDA
CÍVEL,BELÉM,9ª DEFENSORIA PUBLICA DE FAZENDA PUBLICA,2026-03-26 11:28:08.513019-03:00,0833166-85.2026.8.14.0301,PROCEDIMENTO DO JUIZADO ESPECIAL DA FAZENDA PÚBLICA,RODRIGO CERQUEIRA DE MIRANDA
CÍVEL,BELÉM,9ª DEFENSORIA PUBLICA DE FAZENDA PUBLICA,2026-03-26 11:59:56.346145-03:00,0833165-03.2026.8.14.0301,PROCEDIMENTO DO JUIZADO ESPECIAL DA FAZENDA PÚBLICA,RODRIGO CERQUEIRA DE MIRANDA
CÍVEL,BELÉM,9ª DEFENSORIA PUBLICA DE FAZENDA PUBLICA,2026-03-27 09:24:42.706719-03:00,0833475-09.2026.8.14.0301,PROCEDIMENTO DO JUIZADO ESPECIAL DA FAZENDA PÚBLICA,RODRIGO CERQUEIRA DE MIRANDA
CÍVEL,BELÉM,9ª DEFENSORIA PUBLICA DE FAZENDA PUBLICA,2026-03-27 12:41:11.994353-03:00,0833888-22.2026.8.14.0301,PROCEDIMENTO DO JUIZADO ESPECIAL DA FAZENDA PÚBLICA,RODRIGO CERQUEIRA DE MIRANDA
CÍVEL,BELÉM,9ª DEFENSORIA PUBLICA DE FAZENDA PUBLICA,2026-03-27 12:47:22.235543-03:00,0833887-37.2026.8.14.0301,PROCEDIMENTO DO JUIZADO ESPECIAL DA FAZENDA PÚBLICA,RODRIGO CERQUEIRA DE MIRANDA
CÍVEL,BELÉM,9ª DEFENSORIA PUBLICA DE FAZENDA PUBLICA,2026-04-08 10:06:59.817577-03:00,0839493-46.2026.8.14.0301,PROCEDIMENTO DO JUIZADO ESPECIAL DA FAZENDA PÚBLICA,RODRIGO CERQUEIRA DE MIRANDA
CÍVEL,BELÉM,9ª DEFENSORIA PUBLICA DE FAZENDA PUBLICA,2026-04-09 10:56:59.272208-03:00,0840122-20.2026.8.14.0301,PROCEDIMENTO DO JUIZADO ESPECIAL DA FAZENDA PÚBLICA,RODRIGO CERQUEIRA DE MIRANDA
CÍVEL,BELÉM,9ª DEFENSORIA PUBLICA DE FAZENDA PUBLICA,2026-04-09 12:07:35.024802-03:00,0840238-26.2026.8.14.0301,PROCEDIMENTO DO JUIZADO ESPECIAL DA FAZENDA PÚBLICA,RODRIGO CERQUEIRA DE MIRANDA
CÍVEL,BELÉM,9ª DEFENSORIA PUBLICA DE FAZENDA PUBLICA,2026-04-09 13:00:51.260754-03:00,0840237-41.2026.8.14.0301,PROCEDIMENTO DO JUIZADO ESPECIAL DA FAZENDA PÚBLICA,RODRIGO CERQUEIRA DE MIRANDA
CÍVEL,BELÉM,9ª DEFENSORIA PUBLICA DE FAZENDA PUBLICA,2026-04-09 14:09:58.276563-03:00,0840329-19.2026.8.14.0301,PROCEDIMENTO DO JUIZADO ESPECIAL DA FAZENDA PÚBLICA,RODRIGO CERQUEIRA DE MIRANDA
CÍVEL,BELÉM,9ª DEFENSORIA PUBLICA DE FAZENDA PUBLICA,2026-04-09 14:25:00.800966-03:00,0840328-34.2026.8.14.0301,PROCEDIMENTO DO JUIZADO ESPECIAL DA FAZENDA PÚBLICA,RODRIGO CERQUEIRA DE MIRANDA
CÍVEL,BELÉM,9ª DEFENSORIA PUBLICA DE FAZENDA PUBLICA,2026-04-10 09:35:56.186409-03:00,0840816-86.2026.8.14.0301,PROCEDIMENTO DO JUIZADO ESPECIAL DA FAZENDA PÚBLICA,RODRIGO CERQUEIRA DE MIRANDA
CÍVEL,BELÉM,9ª DEFENSORIA PUBLICA DE FAZENDA PUBLICA,2026-04-10 13:09:56.795898-03:00,0840813-34.2026.8.14.0301,PROCEDIMENTO DO JUIZADO ESPECIAL DA FAZENDA PÚBLICA,RODRIGO CERQUEIRA DE MIRANDA
CÍVEL,BELÉM,9ª DEFENSORIA PUBLICA DE FAZENDA PUBLICA,2026-04-10 13:23:26.500080-03:00,0840806-42.2026.8.14.0301,PROCEDIMENTO DO JUIZADO ESPECIAL DA FAZENDA PÚBLICA,RODRIGO CERQUEIRA DE MIRANDA
CÍVEL,BELÉM,9ª DEFENSORIA PUBLICA DE FAZENDA PUBLICA,2026-04-10 13:40:58.435764-03:00,0840805-57.2026.8.14.0301,PROCEDIMENTO DO JUIZADO ESPECIAL DA FAZENDA PÚBLICA,RODRIGO CERQUEIRA DE MIRANDA
CÍVEL,BELÉM,9ª DEFENSORIA PUBLICA DE FAZENDA PUBLICA,2026-04-10 13:44:23.454950-03:00,0840804-72.2026.8.14.0301,PROCEDIMENTO DO JUIZADO ESPECIAL DA FAZENDA PÚBLICA,RODRIGO CERQUEIRA DE MIRANDA
CÍVEL,BELÉM,9ª DEFENSORIA PUBLICA DE FAZENDA PUBLICA,2026-04-10 14:42:33.499520-03:00,0840834-10.2026.8.14.0301,PROCEDIMENTO DO JUIZADO ESPECIAL DA FAZENDA PÚBLICA,RODRIGO CERQUEIRA DE MIRANDA
CÍVEL,BELÉM,9ª DEFENSORIA PUBLICA DE FAZENDA PUBLICA,2026-04-22 10:04:14.984836-03:00,0844245-61.2026.8.14.0301,PROCEDIMENTO DO JUIZADO ESPECIAL DA FAZENDA PÚBLICA,RODRIGO CERQUEIRA DE MIRANDA
CÍVEL,BELÉM,9ª DEFENSORIA PUBLICA DE FAZENDA PUBLICA,2026-04-22 11:35:08.835818-03:00,0844248-16.2026.8.14.0301,PROCEDIMENTO DO JUIZADO ESPECIAL DA FAZENDA PÚBLICA,RODRIGO CERQUEIRA DE MIRANDA
CÍVEL,BELÉM,9ª DEFENSORIA PUBLICA DE FAZENDA PUBLICA,2026-04-22 11:48:42.909892-03:00,0844247-31.2026.8.14.0301,PROCEDIMENTO DO JUIZADO ESPECIAL DA FAZENDA PÚBLICA,RODRIGO CERQUEIRA DE MIRANDA
CÍVEL,BELÉM,9ª DEFENSORIA PUBLICA DE FAZENDA PUBLICA,2026-04-22 11:52:30.274401-03:00,0844461-22.2026.8.14.0301,PROCEDIMENTO DO JUIZADO ESPECIAL DA FAZENDA PÚBLICA,RODRIGO CERQUEIRA DE MIRANDA
CÍVEL,BELÉM,9ª DEFENSORIA PUBLICA DE FAZENDA PUBLICA,2026-04-22 12:15:43.663650-03:00,0844246-46.2026.8.14.0301,PROCEDIMENTO DO JUIZADO ESPECIAL DA FAZENDA PÚBLICA,RODRIGO CERQUEIRA DE MIRANDA
CÍVEL,BELÉM,9ª DEFENSORIA PUBLICA DE FAZENDA PUBLICA,2026-04-22 14:11:28.213739-03:00,0844250-83.2026.8.14.0301,PROCEDIMENTO DO JUIZADO ESPECIAL DA FAZENDA PÚBLICA,RODRIGO CERQUEIRA DE MIRANDA
CÍVEL,BELÉM,9ª DEFENSORIA PUBLICA DE FAZENDA PUBLICA,2026-04-23 10:20:41.619791-03:00,0844534-91.2026.8.14.0301,PROCEDIMENTO DO JUIZADO ESPECIAL DA FAZENDA PÚBLICA,RODRIGO CERQUEIRA DE MIRANDA
CÍVEL,BELÉM,9ª DEFENSORIA PUBLICA DE FAZENDA PUBLICA,2026-04-23 13:42:19.664314-03:00,0844664-81.2026.8.14.0301,PROCEDIMENTO DO JUIZADO ESPECIAL DA FAZENDA PÚBLICA,RODRIGO CERQUEIRA DE MIRANDA
CÍVEL,BELÉM,9ª DEFENSORIA PUBLICA DE FAZENDA PUBLICA,2026-04-23 13:51:44.424977-03:00,0844663-96.2026.8.14.0301,PROCEDIMENTO DO JUIZADO ESPECIAL DA FAZENDA PÚBLICA,RODRIGO CERQUEIRA DE MIRANDA
CÍVEL,BELÉM,9ª DEFENSORIA PUBLICA DE FAZENDA PUBLICA,2026-04-24 10:54:10.473765-03:00,0845244-14.2026.8.14.0301,PROCEDIMENTO DO JUIZADO ESPECIAL DA FAZENDA PÚBLICA,RODRIGO CERQUEIRA DE MIRANDA
CÍVEL,BELÉM,9ª DEFENSORIA PUBLICA DE FAZENDA PUBLICA,2026-04-24 13:16:43.841154-03:00,0845246-81.2026.8.14.0301,PROCEDIMENTO DO JUIZADO ESPECIAL DA FAZENDA PÚBLICA,RODRIGO CERQUEIRA DE MIRANDA
CÍVEL,BELÉM,9ª DEFENSORIA PUBLICA DE FAZENDA PUBLICA,2026-04-24 13:31:14.502197-03:00,0845243-29.2026.8.14.0301,PROCEDIMENTO DO JUIZADO ESPECIAL DA FAZENDA PÚBLICA,RODRIGO CERQUEIRA DE MIRANDA
CÍVEL,BELÉM,9ª DEFENSORIA PUBLICA DE FAZENDA PUBLICA,2026-04-27 12:48:18.864609-03:00,0846951-17.2026.8.14.0301,PETIÇÃO CÍVEL (241),RODRIGO CERQUEIRA DE MIRANDA
CÍVEL,BELÉM,9ª DEFENSORIA PUBLICA DE FAZENDA PUBLICA,2026-05-04 09:24:48.327217-03:00,0847864-96.2026.8.14.0301,PROCEDIMENTO DO JUIZADO ESPECIAL DA FAZENDA PÚBLICA,RODRIGO CERQUEIRA DE MIRANDA
CÍVEL,BELÉM,9ª DEFENSORIA PUBLICA DE FAZENDA PUBLICA,2026-05-04 10:40:28.490889-03:00,0847927-24.2026.8.14.0301,PROCEDIMENTO DO JUIZADO ESPECIAL DA FAZENDA PÚBLICA,RODRIGO CERQUEIRA DE MIRANDA
CÍVEL,BELÉM,9ª DEFENSORIA PUBLICA DE FAZENDA PUBLICA,2026-05-05 12:06:32.012453-03:00,0848326-53.2026.8.14.0301,PROCEDIMENTO DO JUIZADO ESPECIAL DA FAZENDA PÚBLICA,RODRIGO CERQUEIRA DE MIRANDA
CÍVEL,BELÉM,9ª DEFENSORIA PUBLICA DE FAZENDA PUBLICA,2026-05-06 07:13:24.138042-03:00,0848535-22.2026.8.14.0301,PROCEDIMENTO DO JUIZADO ESPECIAL DA FAZENDA PÚBLICA,RODRIGO CERQUEIRA DE MIRANDA
CÍVEL,BELÉM,9ª DEFENSORIA PUBLICA DE FAZENDA PUBLICA,2026-05-06 09:08:21.476246-03:00,0848552-58.2026.8.14.0301,PROCEDIMENTO DO JUIZADO ESPECIAL DA FAZENDA PÚBLICA,RODRIGO CERQUEIRA DE MIRANDA
CÍVEL,BELÉM,9ª DEFENSORIA PUBLICA DE FAZENDA PUBLICA,2026-05-06 09:17:49.821155-03:00,0848548-21.2026.8.14.0301,PROCEDIMENTO DO JUIZADO ESPECIAL DA FAZENDA PÚBLICA,RODRIGO CERQUEIRA DE MIRANDA
CÍVEL,BELÉM,9ª DEFENSORIA PUBLICA DE FAZENDA PUBLICA,2026-05-06 10:29:54.058693-03:00,0848649-58.2026.8.14.0301,PROCEDIMENTO DO JUIZADO ESPECIAL DA FAZENDA PÚBLICA,RODRIGO CERQUEIRA DE MIRANDA
CÍVEL,BELÉM,9ª DEFENSORIA PUBLICA DE FAZENDA PUBLICA,2026-05-06 13:20:24.169485-03:00,0848991-69.2026.8.14.0301,PROCEDIMENTO DO JUIZADO ESPECIAL DA FAZENDA PÚBLICA,RODRIGO CERQUEIRA DE MIRANDA
CÍVEL,BELÉM,9ª DEFENSORIA PUBLICA DE FAZENDA PUBLICA,2026-05-07 09:09:38.221869-03:00,0848990-84.2026.8.14.0301,PROCEDIMENTO DO JUIZADO ESPECIAL DA FAZENDA PÚBLICA,RODRIGO CERQUEIRA DE MIRANDA
CÍVEL,BELÉM,9ª DEFENSORIA PUBLICA DE FAZENDA PUBLICA,2026-05-07 10:58:00.957769-03:00,0849009-90.2026.8.14.0301,PROCEDIMENTO DO JUIZADO ESPECIAL DA FAZENDA PÚBLICA,RODRIGO CERQUEIRA DE MIRANDA
CÍVEL,BELÉM,9ª DEFENSORIA PUBLICA DE FAZENDA PUBLICA,2026-05-07 11:17:07.080371-03:00,0849041-95.2026.8.14.0301,PROCEDIMENTO DO JUIZADO ESPECIAL DA FAZENDA PÚBLICA,RODRIGO CERQUEIRA DE MIRANDA
CÍVEL,BELÉM,9ª DEFENSORIA PUBLICA DE FAZENDA PUBLICA,2026-05-07 13:45:11.437993-03:00,0849283-54.2026.8.14.0301,PROCEDIMENTO DO JUIZADO ESPECIAL DA FAZENDA PÚBLICA,RODRIGO CERQUEIRA DE MIRANDA
CÍVEL,BELÉM,9ª DEFENSORIA PUBLICA DE FAZENDA PUBLICA,2026-05-08 09:55:54.462929-03:00,0849580-61.2026.8.14.0301,PROCEDIMENTO DO JUIZADO ESPECIAL DA FAZENDA PÚBLICA,RODRIGO CERQUEIRA DE MIRANDA
CÍVEL,BELÉM,9ª DEFENSORIA PUBLICA DE FAZENDA PUBLICA,2026-05-08 13:32:28.924258-03:00,0849577-09.2026.8.14.0301,PROCEDIMENTO DO JUIZADO ESPECIAL DA FAZENDA PÚBLICA,RODRIGO CERQUEIRA DE MIRANDA
CÍVEL,BELÉM,9ª DEFENSORIA PUBLICA DE FAZENDA PUBLICA,2026-05-18 10:19:28.470564-03:00,0852213-45.2026.8.14.0301,PROCEDIMENTO DO JUIZADO ESPECIAL DA FAZENDA PÚBLICA,RODRIGO CERQUEIRA DE MIRANDA
CÍVEL,BELÉM,9ª DEFENSORIA PUBLICA DE FAZENDA PUBLICA,2026-05-18 10:32:35.731235-03:00,0852302-68.2026.8.14.0301,PROCEDIMENTO DO JUIZADO ESPECIAL DA FAZENDA PÚBLICA,RODRIGO CERQUEIRA DE MIRANDA
CÍVEL,BELÉM,9ª DEFENSORIA PUBLICA DE FAZENDA PUBLICA,2026-05-18 10:36:28.155547-03:00,0852267-11.2026.8.14.0301,PROCEDIMENTO DO JUIZADO ESPECIAL DA FAZENDA PÚBLICA,RODRIGO CERQUEIRA DE MIRANDA
CÍVEL,BELÉM,9ª DEFENSORIA PUBLICA DE FAZENDA PUBLICA,2026-05-18 11:49:27.433948-03:00,0852269-78.2026.8.14.0301,PROCEDIMENTO DO JUIZADO ESPECIAL DA FAZENDA PÚBLICA,RODRIGO CERQUEIRA DE MIRANDA
CÍVEL,BELÉM,9ª DEFENSORIA PUBLICA DE FAZENDA PUBLICA,2026-05-18 13:33:40.829652-03:00,0852266-26.2026.8.14.0301,PROCEDIMENTO DO JUIZADO ESPECIAL DA FAZENDA PÚBLICA,RODRIGO CERQUEIRA DE MIRANDA
CÍVEL,BELÉM,9ª DEFENSORIA PUBLICA DE FAZENDA PUBLICA,2026-05-18 14:34:43.090871-03:00,0852575-47.2026.8.14.0301,PROCEDIMENTO DO JUIZADO ESPECIAL DA FAZENDA PÚBLICA,RODRIGO CERQUEIRA DE MIRANDA
CÍVEL,BELÉM,9ª DEFENSORIA PUBLICA DE FAZENDA PUBLICA,2026-05-19 10:13:10.714445-03:00,0852649-04.2026.8.14.0301,PROCEDIMENTO DO JUIZADO ESPECIAL DA FAZENDA PÚBLICA,RODRIGO CERQUEIRA DE MIRANDA
CÍVEL,BELÉM,9ª DEFENSORIA PUBLICA DE FAZENDA PUBLICA,2026-05-19 10:39:04.784214-03:00,0852671-62.2026.8.14.0301,PROCEDIMENTO DO JUIZADO ESPECIAL DA FAZENDA PÚBLICA,RODRIGO CERQUEIRA DE MIRANDA
CÍVEL,BELÉM,9ª DEFENSORIA PUBLICA DE FAZENDA PUBLICA,2026-05-19 16:36:56.975911-03:00,0853000-74.2026.8.14.0301,PROCEDIMENTO DO JUIZADO ESPECIAL DA FAZENDA PÚBLICA,RODRIGO CERQUEIRA DE MIRANDA
CÍVEL,BELÉM,9ª DEFENSORIA PUBLICA DE FAZENDA PUBLICA,2026-05-19 17:07:56.415071-03:00,0852999-89.2026.8.14.0301,PROCEDIMENTO DO JUIZADO ESPECIAL DA FAZENDA PÚBLICA,RODRIGO CERQUEIRA DE MIRANDA
CÍVEL,BELÉM,9ª DEFENSORIA PUBLICA DE FAZENDA PUBLICA,2026-05-19 17:58:42.989404-03:00,0853093-37.2026.8.14.0301,PROCEDIMENTO DO JUIZADO ESPECIAL DA FAZENDA PÚBLICA,RODRIGO CERQUEIRA DE MIRANDA
CÍVEL,BELÉM,9ª DEFENSORIA PUBLICA DE FAZENDA PUBLICA,2026-05-20 10:29:14.925220-03:00,0853197-29.2026.8.14.0301,PROCEDIMENTO DO JUIZADO ESPECIAL DA FAZENDA PÚBLICA,RODRIGO CERQUEIRA DE MIRANDA
CÍVEL,BELÉM,9ª DEFENSORIA PUBLICA DE FAZENDA PUBLICA,2026-05-20 13:29:46.834395-03:00,0853352-32.2026.8.14.0301,PROCEDIMENTO DO JUIZADO ESPECIAL DA FAZENDA PÚBLICA,RODRIGO CERQUEIRA DE MIRANDA
CÍVEL,BELÉM,9ª DEFENSORIA PUBLICA DE FAZENDA PUBLICA,2026-05-21 09:50:13.636930-03:00,0853652-91.2026.8.14.0301,PROCEDIMENTO DO JUIZADO ESPECIAL DA FAZENDA PÚBLICA,RODRIGO CERQUEIRA DE MIRANDA
CÍVEL,BELÉM,9ª DEFENSORIA PUBLICA DE FAZENDA PUBLICA,2026-05-21 11:11:32.782852-03:00,0853769-82.2026.8.14.0301,PROCEDIMENTO DO JUIZADO ESPECIAL DA FAZENDA PÚBLICA,RODRIGO CERQUEIRA DE MIRANDA
CÍVEL,BELÉM,9ª DEFENSORIA PUBLICA DE FAZENDA PUBLICA,2026-05-21 11:17:26.046809-03:00,0853695-28.2026.8.14.0301,PROCEDIMENTO DO JUIZADO ESPECIAL DA FAZENDA PÚBLICA,RODRIGO CERQUEIRA DE MIRANDA
CÍVEL,BELÉM,9ª DEFENSORIA PUBLICA DE FAZENDA PUBLICA,2026-05-21 11:52:28.308447-03:00,0853728-18.2026.8.14.0301,PROCEDIMENTO DO JUIZADO ESPECIAL DA FAZENDA PÚBLICA,RODRIGO CERQUEIRA DE MIRANDA
CÍVEL,BELÉM,9ª DEFENSORIA PUBLICA DE FAZENDA PUBLICA,2026-05-21 11:57:34.330627-03:00,0853727-33.2026.8.14.0301,PROCEDIMENTO DO JUIZADO ESPECIAL DA FAZENDA PÚBLICA,RODRIGO CERQUEIRA DE MIRANDA
CÍVEL,BELÉM,9ª DEFENSORIA PUBLICA DE FAZENDA PUBLICA,2026-05-21 12:02:33.543220-03:00,0853726-48.2026.8.14.0301,PROCEDIMENTO DO JUIZADO ESPECIAL DA FAZENDA PÚBLICA,RODRIGO CERQUEIRA DE MIRANDA
CÍVEL,BELÉM,9ª DEFENSORIA PUBLICA DE FAZENDA PUBLICA,2026-05-22 08:39:54.858365-03:00,0854037-39.2026.8.14.0301,PROCEDIMENTO DO JUIZADO ESPECIAL DA FAZENDA PÚBLICA,RODRIGO CERQUEIRA DE MIRANDA
CÍVEL,BELÉM,9ª DEFENSORIA PUBLICA DE FAZENDA PUBLICA,2026-05-22 09:40:25.042536-03:00,0854043-46.2026.8.14.0301,PROCEDIMENTO DO JUIZADO ESPECIAL DA FAZENDA PÚBLICA,RODRIGO CERQUEIRA DE MIRANDA
CÍVEL,BELÉM,9ª DEFENSORIA PUBLICA DE FAZENDA PUBLICA,2026-05-22 09:48:31.688751-03:00,0854122-25.2026.8.14.0301,PROCEDIMENTO DO JUIZADO ESPECIAL DA FAZENDA PÚBLICA,RODRIGO CERQUEIRA DE MIRANDA
CÍVEL,BELÉM,9ª DEFENSORIA PUBLICA DE FAZENDA PUBLICA,2026-05-22 10:25:25.171797-03:00,0854121-40.2026.8.14.0301,PROCEDIMENTO DO JUIZADO ESPECIAL DA FAZENDA PÚBLICA,RODRIGO CERQUEIRA DE MIRANDA
CÍVEL,BELÉM,9ª DEFENSORIA PUBLICA DE FAZENDA PUBLICA,2026-05-22 10:39:45.731404-03:00,0854120-55.2026.8.14.0301,PROCEDIMENTO DO JUIZADO ESPECIAL DA FAZENDA PÚBLICA,RODRIGO CERQUEIRA DE MIRANDA
CÍVEL,BELÉM,9ª DEFENSORIA PUBLICA DE FAZENDA PUBLICA,2026-05-22 11:11:43.905025-03:00,0854119-70.2026.8.14.0301,PROCEDIMENTO DO JUIZADO ESPECIAL DA FAZENDA PÚBLICA,RODRIGO CERQUEIRA DE MIRANDA
CÍVEL,BELÉM,9ª DEFENSORIA PUBLICA DE FAZENDA PUBLICA,2026-05-22 11:43:55.933281-03:00,0854203-71.2026.8.14.0301,PROCEDIMENTO DO JUIZADO ESPECIAL DA FAZENDA PÚBLICA,RODRIGO CERQUEIRA DE MIRANDA
CÍVEL,BELÉM,9ª DEFENSORIA PUBLICA DE FAZENDA PUBLICA,2026-05-28 09:36:20.699365-03:00,0855903-82.2026.8.14.0301,PROCEDIMENTO COMUM CÍVEL (7),GERMANA SERRA DE FREITAS BARROS
CÍVEL,BELÉM,9ª DEFENSORIA PUBLICA DE FAZENDA PUBLICA,2026-05-28 19:41:34.976690-03:00,0856338-56.2026.8.14.0301,CUMPRIMENTO DE SENTENÇA CONTRA A FAZENDA PÚBLICA,RODRIGO CERQUEIRA DE MIRANDA
CÍVEL,BELÉM,9ª DEFENSORIA PUBLICA DE FAZENDA PUBLICA,2026-06-01 09:27:33.628393-03:00,0856969-97.2026.8.14.0301,PROCEDIMENTO DO JUIZADO ESPECIAL DA FAZENDA PÚBLICA,GERMANA SERRA DE FREITAS BARROS
CÍVEL,BELÉM,9ª DEFENSORIA PUBLICA DE FAZENDA PUBLICA,2026-06-01 09:52:09.799111-03:00,0856963-90.2026.8.14.0301,PROCEDIMENTO DO JUIZADO ESPECIAL DA FAZENDA PÚBLICA,GERMANA SERRA DE FREITAS BARROS
CÍVEL,BELÉM,9ª DEFENSORIA PUBLICA DE FAZENDA PUBLICA,2026-06-01 09:59:40.508917-03:00,0856965-60.2026.8.14.0301,PROCEDIMENTO DO JUIZADO ESPECIAL DA FAZENDA PÚBLICA,GERMANA SERRA DE FREITAS BARROS
CÍVEL,BELÉM,9ª DEFENSORIA PUBLICA DE FAZENDA PUBLICA,2026-06-01 13:34:40.968324-03:00,0857079-96.2026.8.14.0301,PROCEDIMENTO DO JUIZADO ESPECIAL DA FAZENDA PÚBLICA,GERMANA SERRA DE FREITAS BARROS
CÍVEL,BELÉM,9ª DEFENSORIA PUBLICA DE FAZENDA PUBLICA,2026-06-01 13:53:47.053897-03:00,0857087-73.2026.8.14.0301,PROCEDIMENTO DO JUIZADO ESPECIAL DA FAZENDA PÚBLICA,GERMANA SERRA DE FREITAS BARROS
CÍVEL,BELÉM,9ª DEFENSORIA PUBLICA DE FAZENDA PUBLICA,2026-06-02 09:16:01.341298-03:00,0857377-88.2026.8.14.0301,PROCEDIMENTO DO JUIZADO ESPECIAL DA FAZENDA PÚBLICA,GERMANA SERRA DE FREITAS BARROS
CÍVEL,BELÉM,9ª DEFENSORIA PUBLICA DE FAZENDA PUBLICA,2026-06-02 09:42:00.259228-03:00,0857376-06.2026.8.14.0301,PROCEDIMENTO DO JUIZADO ESPECIAL DA FAZENDA PÚBLICA,GERMANA SERRA DE FREITAS BARROS
CÍVEL,BELÉM,9ª DEFENSORIA PUBLICA DE FAZENDA PUBLICA,2026-06-02 12:20:51.177171-03:00,0857551-97.2026.8.14.0301,PROCEDIMENTO DO JUIZADO ESPECIAL DA FAZENDA PÚBLICA,GERMANA SERRA DE FREITAS BARROS
CÍVEL,BELÉM,9ª DEFENSORIA PUBLICA DE FAZENDA PUBLICA,2026-06-03 11:30:46.749709-03:00,0857958-06.2026.8.14.0301,PROCEDIMENTO DO JUIZADO ESPECIAL DA FAZENDA PÚBLICA,GERMANA SERRA DE FREITAS BARROS
CÍVEL,BELÉM,9ª DEFENSORIA PUBLICA DE FAZENDA PUBLICA,2026-06-03 13:43:33.740565-03:00,0857961-58.2026.8.14.0301,PROCEDIMENTO DO JUIZADO ESPECIAL DA FAZENDA PÚBLICA,GERMANA SERRA DE FREITAS BARROS
CÍVEL,BELÉM,9ª DEFENSORIA PUBLICA DE FAZENDA PUBLICA,2026-06-08 10:49:51.158799-03:00,0858695-09.2026.8.14.0301,PROCEDIMENTO COMUM CÍVEL (7),RODRIGO CERQUEIRA DE MIRANDA
CÍVEL,BELÉM,9ª DEFENSORIA PUBLICA DE FAZENDA PUBLICA,2026-06-09 09:45:41.148016-03:00,0859033-80.2026.8.14.0301,PROCEDIMENTO DO JUIZADO ESPECIAL DA FAZENDA PÚBLICA,GERMANA SERRA DE FREITAS BARROS
CÍVEL,BELÉM,9ª DEFENSORIA PUBLICA DE FAZENDA PUBLICA,2026-06-15 11:30:00.876150-03:00,0860865-51.2026.8.14.0301,PROCEDIMENTO DO JUIZADO ESPECIAL DA FAZENDA PÚBLICA,GERMANA SERRA DE FREITAS BARROS
CÍVEL,BELÉM,9ª DEFENSORIA PUBLICA DE FAZENDA PUBLICA,2026-06-15 12:01:57.835029-03:00,0860866-36.2026.8.14.0301,PROCEDIMENTO DO JUIZADO ESPECIAL DA FAZENDA PÚBLICA,GERMANA SERRA DE FREITAS BARROS
CÍVEL,BELÉM,9ª DEFENSORIA PUBLICA DE FAZENDA PUBLICA,2026-06-15 12:11:05.591735-03:00,0860869-88.2026.8.14.0301,PROCEDIMENTO DO JUIZADO ESPECIAL DA FAZENDA PÚBLICA,GERMANA SERRA DE FREITAS BARROS
CÍVEL,BELÉM,9ª DEFENSORIA PUBLICA DE FAZENDA PUBLICA,2026-06-16 10:45:39.428047-03:00,0861241-37.2026.8.14.0301,PROCEDIMENTO DO JUIZADO ESPECIAL DA FAZENDA PÚBLICA,GERMANA SERRA DE FREITAS BARROS
CÍVEL,BELÉM,9ª DEFENSORIA PUBLICA DE FAZENDA PUBLICA,2026-06-16 11:28:04.681495-03:00,0861277-79.2026.8.14.0301,PROCEDIMENTO DO JUIZADO ESPECIAL DA FAZENDA PÚBLICA,GERMANA SERRA DE FREITAS BARROS
CÍVEL,BELÉM,9ª DEFENSORIA PUBLICA DE FAZENDA PUBLICA,2026-06-16 12:35:47.367212-03:00,0861331-45.2026.8.14.0301,PROCEDIMENTO DO JUIZADO ESPECIAL DA FAZENDA PÚBLICA,GERMANA SERRA DE FREITAS BARROS
CÍVEL,BELÉM,9ª DEFENSORIA PUBLICA DE FAZENDA PUBLICA,2026-06-17 13:45:27.535959-03:00,0861756-72.2026.8.14.0301,PROCEDIMENTO DO JUIZADO ESPECIAL DA FAZENDA PÚBLICA,GERMANA SERRA DE FREITAS BARROS
CÍVEL,BELÉM,9ª DEFENSORIA PUBLICA DE FAZENDA PUBLICA,2026-06-17 13:47:14.235449-03:00,0861761-94.2026.8.14.0301,PROCEDIMENTO DO JUIZADO ESPECIAL DA FAZENDA PÚBLICA,GERMANA SERRA DE FREITAS BARROS
CÍVEL,BELÉM,9ª DEFENSORIA PUBLICA DE FAZENDA PUBLICA,2026-06-17 13:51:11.146040-03:00,0861760-12.2026.8.14.0301,PROCEDIMENTO DO JUIZADO ESPECIAL DA FAZENDA PÚBLICA,GERMANA SERRA DE FREITAS BARROS
CÍVEL,BELÉM,9ª DEFENSORIA PUBLICA DE FAZENDA PUBLICA,2026-06-17 13:59:15.306512-03:00,0861766-19.2026.8.14.0301,PROCEDIMENTO DO JUIZADO ESPECIAL DA FAZENDA PÚBLICA,GERMANA SERRA DE FREITAS BARROS
CÍVEL,BELÉM,9ª DEFENSORIA PUBLICA DE FAZENDA PUBLICA,2026-06-17 14:05:39.967616-03:00,0861795-69.2026.8.14.0301,PROCEDIMENTO DO JUIZADO ESPECIAL DA FAZENDA PÚBLICA,GERMANA SERRA DE FREITAS BARROS
CÍVEL,BELÉM,9ª DEFENSORIA PUBLICA DE FAZENDA PUBLICA,2026-06-18 14:39:50.901617-03:00,0862328-28.2026.8.14.0301,PROCEDIMENTO DO JUIZADO ESPECIAL DA FAZENDA PÚBLICA,GERMANA SERRA DE FREITAS BARROS
CÍVEL,BELÉM,9ª DEFENSORIA PUBLICA DE FAZENDA PUBLICA,2026-06-19 11:58:56.783264-03:00,0862533-57.2026.8.14.0301,PROCEDIMENTO DO JUIZADO ESPECIAL DA FAZENDA PÚBLICA,GERMANA SERRA DE FREITAS BARROS
CÍVEL,BELÉM,9ª DEFENSORIA PUBLICA DE FAZENDA PUBLICA,2026-06-19 12:05:55.814256-03:00,0862524-95.2026.8.14.0301,PROCEDIMENTO DO JUIZADO ESPECIAL DA FAZENDA PÚBLICA,GERMANA SERRA DE FREITAS BARROS
CÍVEL,BELÉM,9ª DEFENSORIA PUBLICA DE FAZENDA PUBLICA,2026-06-19 12:17:48.239096-03:00,0862526-65.2026.8.14.0301,PROCEDIMENTO DO JUIZADO ESPECIAL DA FAZENDA PÚBLICA,GERMANA SERRA DE FREITAS BARROS
CÍVEL,BELÉM,9ª DEFENSORIA PUBLICA DE FAZENDA PUBLICA,2026-06-19 12:40:51.597584-03:00,0862535-27.2026.8.14.0301,PROCEDIMENTO DO JUIZADO ESPECIAL DA FAZENDA PÚBLICA,GERMANA SERRA DE FREITAS BARROS
CÍVEL,BELÉM,9ª DEFENSORIA PUBLICA DE FAZENDA PUBLICA,2026-06-19 13:06:50.336735-03:00,0862537-94.2026.8.14.0301,PROCEDIMENTO DO JUIZADO ESPECIAL DA FAZENDA PÚBLICA,GERMANA SERRA DE FREITAS BARROS
CÍVEL,BELÉM,9ª DEFENSORIA PUBLICA DE FAZENDA PUBLICA,2026-06-29 11:49:26.463634-03:00,0865279-92.2026.8.14.0301,PROCEDIMENTO DO JUIZADO ESPECIAL DA FAZENDA PÚBLICA,GERMANA SERRA DE FREITAS BARROS
CÍVEL,BELÉM,9ª DEFENSORIA PUBLICA DE FAZENDA PUBLICA,2026-06-30 10:23:32.239710-03:00,0865478-17.2026.8.14.0301,PROCEDIMENTO DO JUIZADO ESPECIAL DA FAZENDA PÚBLICA,GERMANA SERRA DE FREITAS BARROS
CÍVEL,BELÉM,9ª DEFENSORIA PUBLICA DE FAZENDA PUBLICA,2026-06-30 10:59:12.517162-03:00,0865486-91.2026.8.14.0301,PROCEDIMENTO DO JUIZADO ESPECIAL DA FAZENDA PÚBLICA,GERMANA SERRA DE FREITAS BARROS
CÍVEL,BELÉM,9ª DEFENSORIA PUBLICA DE FAZENDA PUBLICA,2026-06-30 11:16:18.212276-03:00,0865543-12.2026.8.14.0301,PROCEDIMENTO DO JUIZADO ESPECIAL DA FAZENDA PÚBLICA,GERMANA SERRA DE FREITAS BARROS
CÍVEL,BELÉM,9ª DEFENSORIA PUBLICA DE FAZENDA PUBLICA,2026-06-30 11:29:19.123879-03:00,0865544-94.2026.8.14.0301,PROCEDIMENTO DO JUIZADO ESPECIAL DA FAZENDA PÚBLICA,GERMANA SERRA DE FREITAS BARROS
CÍVEL,BELÉM,9ª DEFENSORIA PUBLICA DE FAZENDA PUBLICA,2026-06-30 12:33:10.298692-03:00,0865581-24.2026.8.14.0301,PROCEDIMENTO DO JUIZADO ESPECIAL DA FAZENDA PÚBLICA,GERMANA SERRA DE FREITAS BARROS
CÍVEL,BELÉM,9ª DEFENSORIA PUBLICA DE FAZENDA PUBLICA,2026-07-01 09:39:08.654068-03:00,0865954-55.2026.8.14.0301,PROCEDIMENTO DO JUIZADO ESPECIAL DA FAZENDA PÚBLICA,GERMANA SERRA DE FREITAS BARROS
CÍVEL,BELÉM,9ª DEFENSORIA PUBLICA DE FAZENDA PUBLICA,2026-07-01 11:16:28.589664-03:00,0866022-05.2026.8.14.0301,PROCEDIMENTO DO JUIZADO ESPECIAL DA FAZENDA PÚBLICA,GERMANA SERRA DE FREITAS BARROS
CÍVEL,BELÉM,9ª DEFENSORIA PUBLICA DE FAZENDA PUBLICA,2026-07-01 12:05:36.713328-03:00,0866074-98.2026.8.14.0301,PROCEDIMENTO DO JUIZADO ESPECIAL DA FAZENDA PÚBLICA,GERMANA SERRA DE FREITAS BARROS
CÍVEL,BELÉM,9ª DEFENSORIA PUBLICA DE FAZENDA PUBLICA,2026-07-01 12:19:40.973047-03:00,0866076-68.2026.8.14.0301,PROCEDIMENTO DO JUIZADO ESPECIAL DA FAZENDA PÚBLICA,GERMANA SERRA DE FREITAS BARROS
CÍVEL,BELÉM,9ª DEFENSORIA PUBLICA DE FAZENDA PUBLICA,2026-07-01 13:12:07.088552-03:00,0866141-63.2026.8.14.0301,PROCEDIMENTO DO JUIZADO ESPECIAL DA FAZENDA PÚBLICA,GERMANA SERRA DE FREITAS BARROS
CÍVEL,BELÉM,9ª DEFENSORIA PUBLICA DE FAZENDA PUBLICA,2026-07-01 13:47:48.046554-03:00,0866139-93.2026.8.14.0301,PROCEDIMENTO DO JUIZADO ESPECIAL DA FAZENDA PÚBLICA,GERMANA SERRA DE FREITAS BARROS
CÍVEL,BELÉM,9ª DEFENSORIA PUBLICA DE FAZENDA PUBLICA,2026-07-02 10:40:18.581139-03:00,0866408-35.2026.8.14.0301,PROCEDIMENTO DO JUIZADO ESPECIAL DA FAZENDA PÚBLICA,GERMANA SERRA DE FREITAS BARROS
CÍVEL,BELÉM,9ª DEFENSORIA PUBLICA DE FAZENDA PUBLICA,2026-07-02 11:19:56.621727-03:00,0866441-25.2026.8.14.0301,PROCEDIMENTO DO JUIZADO ESPECIAL DA FAZENDA PÚBLICA,GERMANA SERRA DE FREITAS BARROS
CÍVEL,BELÉM,9ª DEFENSORIA PUBLICA DE FAZENDA PUBLICA,2026-07-02 11:24:03.270243-03:00,0866437-85.2026.8.14.0301,PROCEDIMENTO DO JUIZADO ESPECIAL DA FAZENDA PÚBLICA,GERMANA SERRA DE FREITAS BARROS
CÍVEL,BELÉM,9ª DEFENSORIA PUBLICA DE FAZENDA PUBLICA,2026-07-02 11:24:48.055567-03:00,0866438-70.2026.8.14.0301,PROCEDIMENTO DO JUIZADO ESPECIAL DA FAZENDA PÚBLICA,GERMANA SERRA DE FREITAS BARROS
CÍVEL,BELÉM,9ª DEFENSORIA PUBLICA DE FAZENDA PUBLICA,2026-07-02 13:16:54.654598-03:00,0866525-26.2026.8.14.0301,PROCEDIMENTO DO JUIZADO ESPECIAL DA FAZENDA PÚBLICA,GERMANA SERRA DE FREITAS BARROS
CÍVEL,BELÉM,9ª DEFENSORIA PUBLICA DE FAZENDA PUBLICA,2026-07-02 13:37:51.213857-03:00,0866539-10.2026.8.14.0301,PROCEDIMENTO DO JUIZADO ESPECIAL DA FAZENDA PÚBLICA,GERMANA SERRA DE FREITAS BARROS
CÍVEL,BELÉM,9ª DEFENSORIA PUBLICA DE FAZENDA PUBLICA,2026-07-07 08:28:06.784799-03:00,0867664-13.2026.8.14.0301,PROCEDIMENTO DO JUIZADO ESPECIAL DA FAZENDA PÚBLICA,GERMANA SERRA DE FREITAS BARROS
CÍVEL,BELÉM,9ª DEFENSORIA PUBLICA DE FAZENDA PUBLICA,2026-07-09 10:12:50.275274-03:00,0868461-86.2026.8.14.0301,PROCEDIMENTO DO JUIZADO ESPECIAL DA FAZENDA PÚBLICA,ANDERSON DA SILVA PEREIRA
CÍVEL,BELÉM,9ª DEFENSORIA PUBLICA DE FAZENDA PUBLICA,2026-07-09 10:19:33.091053-03:00,0868460-04.2026.8.14.0301,PROCEDIMENTO DO JUIZADO ESPECIAL DA FAZENDA PÚBLICA,ANDERSON DA SILVA PEREIRA
CÍVEL,BELÉM,9ª DEFENSORIA PUBLICA DE FAZENDA PUBLICA,2026-07-09 10:26:02.283401-03:00,0868458-34.2026.8.14.0301,PROCEDIMENTO DO JUIZADO ESPECIAL DA FAZENDA PÚBLICA,ANDERSON DA SILVA PEREIRA
CÍVEL,BELÉM,9ª DEFENSORIA PUBLICA DE FAZENDA PUBLICA,2026-07-09 10:38:18.419543-03:00,0868510-30.2026.8.14.0301,PROCEDIMENTO DO JUIZADO ESPECIAL DA FAZENDA PÚBLICA,ANDERSON DA SILVA PEREIRA
CÍVEL,BELÉM,9ª DEFENSORIA PUBLICA DE FAZENDA PUBLICA,2026-07-10 09:02:39.407602-03:00,0868958-03.2026.8.14.0301,PROCEDIMENTO DO JUIZADO ESPECIAL DA FAZENDA PÚBLICA,ANDERSON DA SILVA PEREIRA
CÍVEL,BELÉM,9ª DEFENSORIA PUBLICA DE FAZENDA PUBLICA,2026-07-20 12:13:39.819147-03:00,0871230-67.2026.8.14.0301,PETIÇÃO CÍVEL (241),ANDERSON DA SILVA PEREIRA
CÍVEL,BELÉM,9ª DEFENSORIA PUBLICA DE FAZENDA PUBLICA,2026-07-21 09:53:40.911769-03:00,0871641-13.2026.8.14.0301,PROCEDIMENTO DO JUIZADO ESPECIAL DA FAZENDA PÚBLICA,REGINALDO TAVEIRA RIBEIRO
CÍVEL,BELÉM,9ª DEFENSORIA PUBLICA DE FAZENDA PUBLICA,2026-07-21 09:59:03.408972-03:00,0871639-43.2026.8.14.0301,PROCEDIMENTO DO JUIZADO ESPECIAL DA FAZENDA PÚBLICA,REGINALDO TAVEIRA RIBEIRO
CÍVEL,BELÉM,9ª DEFENSORIA PUBLICA DE FAZENDA PUBLICA,2026-07-21 10:06:24.628585-03:00,0871638-58.2026.8.14.0301,PROCEDIMENTO DO JUIZADO ESPECIAL DA FAZENDA PÚBLICA,REGINALDO TAVEIRA RIBEIRO
CÍVEL,BELÉM,9ª DEFENSORIA PUBLICA DE FAZENDA PUBLICA,2026-07-21 10:38:27.956439-03:00,0871637-73.2026.8.14.0301,PROCEDIMENTO DO JUIZADO ESPECIAL DA FAZENDA PÚBLICA,REGINALDO TAVEIRA RIBEIRO
CÍVEL,BELÉM,9ª DEFENSORIA PUBLICA DE FAZENDA PUBLICA,2026-07-21 10:58:32.198762-03:00,0871635-06.2026.8.14.0301,PROCEDIMENTO DO JUIZADO ESPECIAL DA FAZENDA PÚBLICA,REGINALDO TAVEIRA RIBEIRO
CÍVEL,BELÉM,9ª DEFENSORIA PUBLICA DE FAZENDA PUBLICA,2026-07-21 12:27:44.982636-03:00,0871717-37.2026.8.14.0301,PROCEDIMENTO DO JUIZADO ESPECIAL DA FAZENDA PÚBLICA,REGINALDO TAVEIRA RIBEIRO
CÍVEL,BELÉM,9ª DEFENSORIA PUBLICA DE FAZENDA PUBLICA,2026-07-22 10:54:20.916167-03:00,0871967-70.2026.8.14.0301,PROCEDIMENTO DO JUIZADO ESPECIAL DA FAZENDA PÚBLICA,REGINALDO TAVEIRA RIBEIRO
CÍVEL,BELÉM,9ª DEFENSORIA PUBLICA DE FAZENDA PUBLICA,2026-07-22 10:59:54.774849-03:00,0871973-77.2026.8.14.0301,PROCEDIMENTO DO JUIZADO ESPECIAL DA FAZENDA PÚBLICA,REGINALDO TAVEIRA RIBEIRO
CÍVEL,BELÉM,9ª DEFENSORIA PUBLICA DE FAZENDA PUBLICA,2026-07-22 11:11:58.949557-03:00,0871965-03.2026.8.14.0301,PROCEDIMENTO DO JUIZADO ESPECIAL DA FAZENDA PÚBLICA,REGINALDO TAVEIRA RIBEIRO
CÍVEL,BELÉM,9ª DEFENSORIA PUBLICA DE FAZENDA PUBLICA,2026-07-22 11:52:19.623009-03:00,0872018-81.2026.8.14.0301,PROCEDIMENTO DO JUIZADO ESPECIAL DA FAZENDA PÚBLICA,REGINALDO TAVEIRA RIBEIRO
CÍVEL,BELÉM,9ª DEFENSORIA PUBLICA DE FAZENDA PUBLICA,2026-07-22 12:37:19.973898-03:00,0872020-51.2026.8.14.0301,PROCEDIMENTO DO JUIZADO ESPECIAL DA FAZENDA PÚBLICA,REGINALDO TAVEIRA RIBEIRO
CÍVEL,BELÉM,9ª DEFENSORIA PUBLICA DE FAZENDA PUBLICA,2026-07-22 13:29:16.440394-03:00,0872107-07.2026.8.14.0301,PROCEDIMENTO DO JUIZADO ESPECIAL DA FAZENDA PÚBLICA,REGINALDO TAVEIRA RIBEIRO
CÍVEL,BELÉM,9ª DEFENSORIA PUBLICA DE FAZENDA PUBLICA,2026-07-23 11:10:10.476231-03:00,0872423-20.2026.8.14.0301,PROCEDIMENTO DO JUIZADO ESPECIAL DA FAZENDA PÚBLICA,REGINALDO TAVEIRA RIBEIRO
CÍVEL,BELÉM,9ª DEFENSORIA PUBLICA DE FAZENDA PUBLICA,2026-07-23 11:27:29.958564-03:00,0872424-05.2026.8.14.0301,PROCEDIMENTO DO JUIZADO ESPECIAL DA FAZENDA PÚBLICA,REGINALDO TAVEIRA RIBEIRO
CÍVEL,BELÉM,9ª DEFENSORIA PUBLICA DE FAZENDA PUBLICA,2026-07-23 11:59:53.799293-03:00,0872422-35.2026.8.14.0301,PROCEDIMENTO DO JUIZADO ESPECIAL DA FAZENDA PÚBLICA,REGINALDO TAVEIRA RIBEIRO
CÍVEL,BELÉM,9ª DEFENSORIA PUBLICA DE FAZENDA PUBLICA,2026-07-23 12:05:17.042142-03:00,0872421-50.2026.8.14.0301,PROCEDIMENTO DO JUIZADO ESPECIAL DA FAZENDA PÚBLICA,REGINALDO TAVEIRA RIBEIRO
CÍVEL,BELÉM,9ª DEFENSORIA PUBLICA DE FAZENDA PUBLICA,2026-07-23 12:45:53.489888-03:00,0872420-65.2026.8.14.0301,PROCEDIMENTO DO JUIZADO ESPECIAL DA FAZENDA PÚBLICA,REGINALDO TAVEIRA RIBEIRO
CÍVEL,BELÉM,9ª DEFENSORIA PUBLICA DE FAZENDA PUBLICA,2026-07-23 13:10:45.475257-03:00,0872429-27.2026.8.14.0301,PROCEDIMENTO DO JUIZADO ESPECIAL DA FAZENDA PÚBLICA,REGINALDO TAVEIRA RIBEIRO
CÍVEL,BELÉM,9ª DEFENSORIA PUBLICA DE FAZENDA PUBLICA,2026-07-23 13:33:29.745585-03:00,0872653-62.2026.8.14.0301,PROCEDIMENTO DO JUIZADO ESPECIAL DA FAZENDA PÚBLICA,REGINALDO TAVEIRA RIBEIRO
CÍVEL,BELÉM,9ª DEFENSORIA PUBLICA DE FAZENDA PUBLICA,2026-07-24 09:50:10.753302-03:00,0872673-53.2026.8.14.0301,PROCEDIMENTO DO JUIZADO ESPECIAL DA FAZENDA PÚBLICA,REGINALDO TAVEIRA RIBEIRO
CÍVEL,BELÉM,9ª DEFENSORIA PUBLICA DE FAZENDA PUBLICA,2026-07-24 12:49:16.390704-03:00,0872790-44.2026.8.14.0301,PROCEDIMENTO DO JUIZADO ESPECIAL DA FAZENDA PÚBLICA,REGINALDO TAVEIRA RIBEIRO
CÍVEL,BELÉM,9ª DEFENSORIA PUBLICA DE FAZENDA PUBLICA,2026-07-27 10:21:29.006320-03:00,0873088-36.2026.8.14.0301,PROCEDIMENTO DO JUIZADO ESPECIAL DA FAZENDA PÚBLICA,REGINALDO TAVEIRA RIBEIRO
CÍVEL,BELÉM,9ª DEFENSORIA PUBLICA DE FAZENDA PUBLICA,2026-07-27 10:24:03.723367-03:00,0873087-51.2026.8.14.0301,PROCEDIMENTO DO JUIZADO ESPECIAL DA FAZENDA PÚBLICA,REGINALDO TAVEIRA RIBEIRO
CÍVEL,BELÉM,9ª DEFENSORIA PUBLICA DE FAZENDA PUBLICA,2026-07-27 11:09:03.169109-03:00,0873147-24.2026.8.14.0301,PROCEDIMENTO DO JUIZADO ESPECIAL DA FAZENDA PÚBLICA,REGINALDO TAVEIRA RIBEIRO
CÍVEL,BELÉM,9ª DEFENSORIA PUBLICA DE FAZENDA PUBLICA,2026-07-27 11:11:37.350513-03:00,0873141-17.2026.8.14.0301,PROCEDIMENTO DO JUIZADO ESPECIAL DA FAZENDA PÚBLICA,REGINALDO TAVEIRA RIBEIRO
CÍVEL,BELÉM,9ª DEFENSORIA PUBLICA DE FAZENDA PUBLICA,2026-07-27 11:19:22.867232-03:00,0873140-32.2026.8.14.0301,PROCEDIMENTO DO JUIZADO ESPECIAL DA FAZENDA PÚBLICA,REGINALDO TAVEIRA RIBEIRO
CÍVEL,BELÉM,9ª DEFENSORIA PUBLICA DE FAZENDA PUBLICA,2026-07-27 12:38:29.307241-03:00,0873276-29.2026.8.14.0301,PROCEDIMENTO DO JUIZADO ESPECIAL DA FAZENDA PÚBLICA,REGINALDO TAVEIRA RIBEIRO
CÍVEL,BELÉM,9ª DEFENSORIA PUBLICA DE FAZENDA PUBLICA,2026-07-27 12:41:21.078942-03:00,0873275-44.2026.8.14.0301,PROCEDIMENTO DO JUIZADO ESPECIAL DA FAZENDA PÚBLICA,REGINALDO TAVEIRA RIBEIRO
CÍVEL,BELÉM,9ª DEFENSORIA PUBLICA DE FAZENDA PUBLICA,2026-07-27 12:58:57.125542-03:00,0873278-96.2026.8.14.0301,PROCEDIMENTO DO JUIZADO ESPECIAL DA FAZENDA PÚBLICA,REGINALDO TAVEIRA RIBEIRO
CÍVEL,BELÉM,9ª DEFENSORIA PUBLICA DE FAZENDA PUBLICA,2026-08-03 10:42:05.312295-03:00,0874988-54.2026.8.14.0301,PROCEDIMENTO DO JUIZADO ESPECIAL DA FAZENDA PÚBLICA,REGINALDO TAVEIRA RIBEIRO
CÍVEL,BELÉM,9ª DEFENSORIA PUBLICA DE FAZENDA PUBLICA,2026-08-03 12:11:47.592428-03:00,0875072-55.2026.8.14.0301,PROCEDIMENTO DO JUIZADO ESPECIAL DA FAZENDA PÚBLICA,REGINALDO TAVEIRA RIBEIRO
CÍVEL,BELÉM,9ª DEFENSORIA PUBLICA DE FAZENDA PUBLICA,2026-08-03 12:25:51.225880-03:00,0875074-25.2026.8.14.0301,PROCEDIMENTO DO JUIZADO ESPECIAL DA FAZENDA PÚBLICA,REGINALDO TAVEIRA RIBEIRO
CÍVEL,BELÉM,9ª DEFENSORIA PUBLICA DE FAZENDA PUBLICA,2026-08-03 12:58:40.741551-03:00,0875073-40.2026.8.14.0301,PROCEDIMENTO DO JUIZADO ESPECIAL DA FAZENDA PÚBLICA,REGINALDO TAVEIRA RIBEIRO
CÍVEL,BELÉM,9ª DEFENSORIA PUBLICA DE FAZENDA PUBLICA,2026-08-04 11:51:29.204311-03:00,0875464-92.2026.8.14.0301,PROCEDIMENTO DO JUIZADO ESPECIAL DA FAZENDA PÚBLICA,REGINALDO TAVEIRA RIBEIRO
CÍVEL,BELÉM,9ª DEFENSORIA PUBLICA DE FAZENDA PUBLICA,2026-08-04 12:37:37.085759-03:00,0875465-77.2026.8.14.0301,PROCEDIMENTO DO JUIZADO ESPECIAL DA FAZENDA PÚBLICA,REGINALDO TAVEIRA RIBEIRO
CÍVEL,BELÉM,9ª DEFENSORIA PUBLICA DE FAZENDA PUBLICA,2026-08-04 13:04:43.011280-03:00,0875463-10.2026.8.14.0301,PROCEDIMENTO DO JUIZADO ESPECIAL DA FAZENDA PÚBLICA,REGINALDO TAVEIRA RIBEIRO
CÍVEL,BELÉM,9ª DEFENSORIA PUBLICA DE FAZENDA PUBLICA,2026-08-04 13:55:48.929843-03:00,0875498-67.2026.8.14.0301,PROCEDIMENTO DO JUIZADO ESPECIAL DA FAZENDA PÚBLICA,REGINALDO TAVEIRA RIBEIRO
CÍVEL,BELÉM,9ª DEFENSORIA PUBLICA DE FAZENDA PUBLICA,2026-08-05 10:30:28.959900-03:00,0875774-98.2026.8.14.0301,PROCEDIMENTO DO JUIZADO ESPECIAL DA FAZENDA PÚBLICA,REGINALDO TAVEIRA RIBEIRO
CÍVEL,BELÉM,9ª DEFENSORIA PUBLICA DE FAZENDA PUBLICA,2026-08-05 14:33:39.744432-03:00,0875925-64.2026.8.14.0301,PROCEDIMENTO DO JUIZADO ESPECIAL DA FAZENDA PÚBLICA,REGINALDO TAVEIRA RIBEIRO
CÍVEL,BELÉM,9ª DEFENSORIA PUBLICA DE FAZENDA PUBLICA,2026-08-06 10:35:48.158279-03:00,0876181-07.2026.8.14.0301,PROCEDIMENTO DO JUIZADO ESPECIAL DA FAZENDA PÚBLICA,REGINALDO TAVEIRA RIBEIRO
CÍVEL,BELÉM,9ª DEFENSORIA PUBLICA DE FAZENDA PUBLICA,2026-08-06 10:57:44.397269-03:00,0876179-37.2026.8.14.0301,PROCEDIMENTO DO JUIZADO ESPECIAL DA FAZENDA PÚBLICA,REGINALDO TAVEIRA RIBEIRO
CÍVEL,BELÉM,9ª DEFENSORIA PUBLICA DE FAZENDA PUBLICA,2026-08-06 12:13:24.102852-03:00,0876206-20.2026.8.14.0301,PROCEDIMENTO DO JUIZADO ESPECIAL DA FAZENDA PÚBLICA,REGINALDO TAVEIRA RIBEIRO
CÍVEL,BELÉM,9ª DEFENSORIA PUBLICA DE FAZENDA PUBLICA,2026-08-07 09:27:20.274726-03:00,0876586-43.2026.8.14.0301,PROCEDIMENTO DO JUIZADO ESPECIAL DA FAZENDA PÚBLICA,REGINALDO TAVEIRA RIBEIRO
CÍVEL,BELÉM,9ª DEFENSORIA PUBLICA DE FAZENDA PUBLICA,2026-08-07 09:55:33.093541-03:00,0876585-58.2026.8.14.0301,PROCEDIMENTO DO JUIZADO ESPECIAL DA FAZENDA PÚBLICA,REGINALDO TAVEIRA RIBEIRO
CÍVEL,BELÉM,9ª DEFENSORIA PUBLICA DE FAZENDA PUBLICA,2026-08-07 10:12:49.662979-03:00,0876583-88.2026.8.14.0301,PROCEDIMENTO DO JUIZADO ESPECIAL DA FAZENDA PÚBLICA,REGINALDO TAVEIRA RIBEIRO
CÍVEL,BELÉM,9ª DEFENSORIA PUBLICA DE FAZENDA PUBLICA,2026-08-07 10:45:00.454396-03:00,0876584-73.2026.8.14.0301,PROCEDIMENTO DO JUIZADO ESPECIAL DA FAZENDA PÚBLICA,REGINALDO TAVEIRA RIBEIRO
CÍVEL,BELÉM,9ª DEFENSORIA PUBLICA DE FAZENDA PUBLICA,2026-08-07 11:17:04.151481-03:00,0876582-06.2026.8.14.0301,PROCEDIMENTO DO JUIZADO ESPECIAL DA FAZENDA PÚBLICA,REGINALDO TAVEIRA RIBEIRO
CÍVEL,BELÉM,9ª DEFENSORIA PUBLICA DE FAZENDA PUBLICA,2026-08-07 11:43:26.924484-03:00,0876581-21.2026.8.14.0301,PROCEDIMENTO DO JUIZADO ESPECIAL DA FAZENDA PÚBLICA,REGINALDO TAVEIRA RIBEIRO
CÍVEL,BELÉM,9ª DEFENSORIA PUBLICA DE FAZENDA PUBLICA,2026-08-07 12:19:16.953495-03:00,0876595-05.2026.8.14.0301,PROCEDIMENTO DO JUIZADO ESPECIAL DA FAZENDA PÚBLICA,REGINALDO TAVEIRA RIBEIRO
CÍVEL,BELÉM,9ª DEFENSORIA PUBLICA DE FAZENDA PUBLICA,2026-08-07 12:48:08.346355-03:00,0876630-62.2026.8.14.0301,PROCEDIMENTO DO JUIZADO ESPECIAL DA FAZENDA PÚBLICA,REGINALDO TAVEIRA RIBEIRO
CÍVEL,BELÉM,9ª DEFENSORIA PUBLICA DE FAZENDA PUBLICA,2026-08-17 10:20:30.740278-03:00,0879236-63.2026.8.14.0301,PROCEDIMENTO DO JUIZADO ESPECIAL DA FAZENDA PÚBLICA,REGINALDO TAVEIRA RIBEIRO
CÍVEL,BELÉM,9ª DEFENSORIA PUBLICA DE FAZENDA PUBLICA,2026-08-17 11:01:59.590362-03:00,0879250-47.2026.8.14.0301,PROCEDIMENTO DO JUIZADO ESPECIAL DA FAZENDA PÚBLICA,REGINALDO TAVEIRA RIBEIRO
CÍVEL,BELÉM,9ª DEFENSORIA PUBLICA DE FAZENDA PUBLICA,2026-08-17 13:39:20.878952-03:00,0879277-30.2026.8.14.0301,PROCEDIMENTO DO JUIZADO ESPECIAL DA FAZENDA PÚBLICA,REGINALDO TAVEIRA RIBEIRO
CÍVEL,BELÉM,9ª DEFENSORIA PUBLICA DE FAZENDA PUBLICA,2026-08-18 10:40:35.854479-03:00,0879646-24.2026.8.14.0301,PROCEDIMENTO DO JUIZADO ESPECIAL DA FAZENDA PÚBLICA,REGINALDO TAVEIRA RIBEIRO
CÍVEL,BELÉM,9ª DEFENSORIA PUBLICA DE FAZENDA PUBLICA,2026-08-18 11:10:07.169622-03:00,0879650-61.2026.8.14.0301,PROCEDIMENTO DO JUIZADO ESPECIAL DA FAZENDA PÚBLICA,REGINALDO TAVEIRA RIBEIRO
CÍVEL,BELÉM,9ª DEFENSORIA PUBLICA DE FAZENDA PUBLICA,2026-08-19 09:52:36.483156-03:00,0880208-33.2026.8.14.0301,PROCEDIMENTO DO JUIZADO ESPECIAL DA FAZENDA PÚBLICA,REGINALDO TAVEIRA RIBEIRO
CÍVEL,BELÉM,9ª DEFENSORIA PUBLICA DE FAZENDA PUBLICA,2026-08-19 10:01:40.636869-03:00,0880126-02.2026.8.14.0301,PROCEDIMENTO DO JUIZADO ESPECIAL DA FAZENDA PÚBLICA,REGINALDO TAVEIRA RIBEIRO
CÍVEL,BELÉM,9ª DEFENSORIA PUBLICA DE FAZENDA PUBLICA,2026-08-19 11:01:21.764209-03:00,0880198-86.2026.8.14.0301,PROCEDIMENTO DO JUIZADO ESPECIAL DA FAZENDA PÚBLICA,REGINALDO TAVEIRA RIBEIRO
CÍVEL,BELÉM,9ª DEFENSORIA PUBLICA DE FAZENDA PUBLICA,2026-08-19 12:14:17.959069-03:00,0880535-75.2026.8.14.0301,PROCEDIMENTO DO JUIZADO ESPECIAL DA FAZENDA PÚBLICA,REGINALDO TAVEIRA RIBEIRO
CÍVEL,BELÉM,9ª DEFENSORIA PUBLICA DE FAZENDA PUBLICA,2026-08-19 12:48:41.403405-03:00,0880534-90.2026.8.14.0301,PROCEDIMENTO DO JUIZADO ESPECIAL DA FAZENDA PÚBLICA,REGINALDO TAVEIRA RIBEIRO
CÍVEL,BELÉM,9ª DEFENSORIA PUBLICA DE FAZENDA PUBLICA,2026-08-19 14:02:44.339546-03:00,0880533-08.2026.8.14.0301,PROCEDIMENTO DO JUIZADO ESPECIAL DA FAZENDA PÚBLICA,REGINALDO TAVEIRA RIBEIRO
CÍVEL,BELÉM,9ª DEFENSORIA PUBLICA DE FAZENDA PUBLICA,2026-08-20 08:50:59.343313-03:00,0880606-77.2026.8.14.0301,PROCEDIMENTO DO JUIZADO ESPECIAL DA FAZENDA PÚBLICA,REGINALDO TAVEIRA RIBEIRO
CÍVEL,BELÉM,9ª DEFENSORIA PUBLICA DE FAZENDA PUBLICA,2026-08-20 09:42:28.558508-03:00,0880669-05.2026.8.14.0301,PROCEDIMENTO DO JUIZADO ESPECIAL DA FAZENDA PÚBLICA,REGINALDO TAVEIRA RIBEIRO
CÍVEL,BELÉM,9ª DEFENSORIA PUBLICA DE FAZENDA PUBLICA,2026-08-20 13:37:35.213321-03:00,0880908-09.2026.8.14.0301,PROCEDIMENTO DO JUIZADO ESPECIAL DA FAZENDA PÚBLICA,REGINALDO TAVEIRA RIBEIRO
CÍVEL,BELÉM,9ª DEFENSORIA PUBLICA DE FAZENDA PUBLICA,2026-08-21 10:07:55.634301-03:00,0881203-46.2026.8.14.0301,PROCEDIMENTO DO JUIZADO ESPECIAL DA FAZENDA PÚBLICA,REGINALDO TAVEIRA RIBEIRO
CÍVEL,BELÉM,9ª DEFENSORIA PUBLICA DE FAZENDA PUBLICA,2026-08-21 10:31:12.178111-03:00,0881202-61.2026.8.14.0301,PROCEDIMENTO DO JUIZADO ESPECIAL DA FAZENDA PÚBLICA,REGINALDO TAVEIRA RIBEIRO
CÍVEL,BELÉM,9ª DEFENSORIA PUBLICA DE FAZENDA PUBLICA,2026-08-21 10:40:54.623905-03:00,0881252-87.2026.8.14.0301,PROCEDIMENTO DO JUIZADO ESPECIAL DA FAZENDA PÚBLICA,REGINALDO TAVEIRA RIBEIRO
CÍVEL,BELÉM,9ª DEFENSORIA PUBLICA DE FAZENDA PUBLICA,2026-08-21 11:40:35.964876-03:00,0881253-72.2026.8.14.0301,PROCEDIMENTO DO JUIZADO ESPECIAL DA FAZENDA PÚBLICA,REGINALDO TAVEIRA RIBEIRO
CÍVEL,BELÉM,9ª DEFENSORIA PUBLICA DE FAZENDA PUBLICA,2026-08-31 09:32:19.218684-03:00,0884426-07.2026.8.14.0301,PROCEDIMENTO DO JUIZADO ESPECIAL DA FAZENDA PÚBLICA,REGINALDO TAVEIRA RIBEIRO
CÍVEL,BELÉM,9ª DEFENSORIA PUBLICA DE FAZENDA PUBLICA,2026-08-31 09:58:16.907710-03:00,0884427-89.2026.8.14.0301,PROCEDIMENTO DO JUIZADO ESPECIAL DA FAZENDA PÚBLICA,REGINALDO TAVEIRA RIBEIRO
CÍVEL,BELÉM,9ª DEFENSORIA PUBLICA DE FAZENDA PUBLICA,2026-08-31 11:56:55.017112-03:00,0884579-40.2026.8.14.0301,PROCEDIMENTO DO JUIZADO ESPECIAL DA FAZENDA PÚBLICA,REGINALDO TAVEIRA RIBEIRO
CÍVEL,BELÉM,9ª DEFENSORIA PUBLICA DE FAZENDA PUBLICA,2026-08-31 12:15:49.823729-03:00,0884584-62.2026.8.14.0301,PROCEDIMENTO DO JUIZADO ESPECIAL DA FAZENDA PÚBLICA,REGINALDO TAVEIRA RIBEIRO
CÍVEL,BELÉM,9ª DEFENSORIA PUBLICA DE FAZENDA PUBLICA,2026-08-31 12:27:58.567018-03:00,0884583-77.2026.8.14.0301,PROCEDIMENTO DO JUIZADO ESPECIAL DA FAZENDA PÚBLICA,REGINALDO TAVEIRA RIBEIRO
CÍVEL,BELÉM,9ª DEFENSORIA PUBLICA DE FAZENDA PUBLICA,2026-08-31 12:55:26.075803-03:00,0884581-10.2026.8.14.0301,PROCEDIMENTO DO JUIZADO ESPECIAL DA FAZENDA PÚBLICA,REGINALDO TAVEIRA RIBEIRO
CÍVEL,BELÉM,9ª DEFENSORIA PUBLICA DE FAZENDA PUBLICA,2026-08-31 13:10:34.596152-03:00,0884580-25.2026.8.14.0301,PROCEDIMENTO DO JUIZADO ESPECIAL DA FAZENDA PÚBLICA,REGINALDO TAVEIRA RIBEIRO
CÍVEL,BELÉM,9ª DEFENSORIA PUBLICA DE FAZENDA PUBLICA,2026-09-01 08:52:34.535861-03:00,0884906-82.2026.8.14.0301,PROCEDIMENTO DO JUIZADO ESPECIAL DA FAZENDA PÚBLICA,GERMANA SERRA DE FREITAS BARROS
CÍVEL,BELÉM,9ª DEFENSORIA PUBLICA DE FAZENDA PUBLICA,2026-09-02 11:01:12.458653-03:00,0885440-26.2026.8.14.0301,PROCEDIMENTO DO JUIZADO ESPECIAL DA FAZENDA PÚBLICA,GERMANA SERRA DE FREITAS BARROS
CÍVEL,BELÉM,9ª DEFENSORIA PUBLICA DE FAZENDA PUBLICA,2026-09-02 12:01:00.273155-03:00,0885519-05.2026.8.14.0301,PROCEDIMENTO DO JUIZADO ESPECIAL DA FAZENDA PÚBLICA,GERMANA SERRA DE FREITAS BARROS
CÍVEL,BELÉM,9ª DEFENSORIA PUBLICA DE FAZENDA PUBLICA,2026-09-02 12:15:19.355951-03:00,0885528-64.2026.8.14.0301,PROCEDIMENTO DO JUIZADO ESPECIAL DA FAZENDA PÚBLICA,GERMANA SERRA DE FREITAS BARROS
CÍVEL,BELÉM,9ª DEFENSORIA PUBLICA DE FAZENDA PUBLICA,2026-09-03 09:20:15.301005-03:00,0885831-78.2026.8.14.0301,PROCEDIMENTO DO JUIZADO ESPECIAL DA FAZENDA PÚBLICA,GERMANA SERRA DE FREITAS BARROS
CÍVEL,BELÉM,9ª DEFENSORIA PUBLICA DE FAZENDA PUBLICA,2026-09-03 09:40:27.176096-03:00,0885830-93.2026.8.14.0301,PROCEDIMENTO DO JUIZADO ESPECIAL DA FAZENDA PÚBLICA,GERMANA SERRA DE FREITAS BARROS
CÍVEL,BELÉM,9ª DEFENSORIA PUBLICA DE FAZENDA PUBLICA,2026-09-03 12:41:51.523699-03:00,0886057-83.2026.8.14.0301,PROCEDIMENTO DO JUIZADO ESPECIAL DA FAZENDA PÚBLICA,GERMANA SERRA DE FREITAS BARROS
CÍVEL,BELÉM,9ª DEFENSORIA PUBLICA DE FAZENDA PUBLICA,2026-09-04 09:24:46.602611-03:00,0886635-46.2026.8.14.0301,PROCEDIMENTO DO JUIZADO ESPECIAL DA FAZENDA PÚBLICA,GERMANA SERRA DE FREITAS BARROS
CÍVEL,BELÉM,9ª DEFENSORIA PUBLICA DE FAZENDA PUBLICA,2026-09-04 12:02:30.730120-03:00,0886636-31.2026.8.14.0301,PROCEDIMENTO DO JUIZADO ESPECIAL DA FAZENDA PÚBLICA,GERMANA SERRA DE FREITAS BARROS
CÍVEL,BELÉM,9ª DEFENSORIA PUBLICA DE FAZENDA PUBLICA,2026-09-14 09:09:51.324296-03:00,0888980-82.2026.8.14.0301,PROCEDIMENTO DO JUIZADO ESPECIAL DA FAZENDA PÚBLICA,GERMANA SERRA DE FREITAS BARROS
CÍVEL,BELÉM,9ª DEFENSORIA PUBLICA DE FAZENDA PUBLICA,2026-09-14 11:25:11.484603-03:00,0889139-25.2026.8.14.0301,PROCEDIMENTO DO JUIZADO ESPECIAL DA FAZENDA PÚBLICA,GERMANA SERRA DE FREITAS BARROS
CÍVEL,BELÉM,9ª DEFENSORIA PUBLICA DE FAZENDA PUBLICA,2026-09-14 12:38:10.167598-03:00,0889141-92.2026.8.14.0301,PROCEDIMENTO DO JUIZADO ESPECIAL DA FAZENDA PÚBLICA,GERMANA SERRA DE FREITAS BARROS
CÍVEL,BELÉM,9ª DEFENSORIA PUBLICA DE FAZENDA PUBLICA,2026-09-14 12:39:50.068210-03:00,0889140-10.2026.8.14.0301,PROCEDIMENTO DO JUIZADO ESPECIAL DA FAZENDA PÚBLICA,GERMANA SERRA DE FREITAS BARROS
CÍVEL,BELÉM,9ª DEFENSORIA PUBLICA DE FAZENDA PUBLICA,2026-09-15 10:48:26.650054-03:00,0889440-69.2026.8.14.0301,PROCEDIMENTO DO JUIZADO ESPECIAL DA FAZENDA PÚBLICA,GERMANA SERRA DE FREITAS BARROS
CÍVEL,BELÉM,9ª DEFENSORIA PUBLICA DE FAZENDA PUBLICA,2026-09-15 12:38:46.125041-03:00,0889535-02.2026.8.14.0301,PROCEDIMENTO DO JUIZADO ESPECIAL DA FAZENDA PÚBLICA,GERMANA SERRA DE FREITAS BARROS
CÍVEL,BELÉM,9ª DEFENSORIA PUBLICA DE FAZENDA PUBLICA,2026-09-16 10:34:10.106207-03:00,0889926-54.2026.8.14.0301,PROCEDIMENTO DO JUIZADO ESPECIAL DA FAZENDA PÚBLICA,GERMANA SERRA DE FREITAS BARROS
CÍVEL,BELÉM,9ª DEFENSORIA PUBLICA DE FAZENDA PUBLICA,2026-09-16 10:58:42.602611-03:00,0889971-58.2026.8.14.0301,PROCEDIMENTO DO JUIZADO ESPECIAL DA FAZENDA PÚBLICA,GERMANA SERRA DE FREITAS BARROS
CÍVEL,BELÉM,9ª DEFENSORIA PUBLICA DE FAZENDA PUBLICA,2026-09-16 11:01:14.776122-03:00,0889970-73.2026.8.14.0301,PROCEDIMENTO DO JUIZADO ESPECIAL DA FAZENDA PÚBLICA,GERMANA SERRA DE FREITAS BARROS
CÍVEL,BELÉM,9ª DEFENSORIA PUBLICA DE FAZENDA PUBLICA,2026-09-16 12:21:53.092281-03:00,0890023-54.2026.8.14.0301,PROCEDIMENTO DO JUIZADO ESPECIAL DA FAZENDA PÚBLICA,GERMANA SERRA DE FREITAS BARROS
CÍVEL,BELÉM,9ª DEFENSORIA PUBLICA DE FAZENDA PUBLICA,2026-09-16 13:07:43.889978-03:00,0890046-97.2026.8.14.0301,PROCEDIMENTO DO JUIZADO ESPECIAL DA FAZENDA PÚBLICA,GERMANA SERRA DE FREITAS BARROS
CÍVEL,BELÉM,9ª DEFENSORIA PUBLICA DE FAZENDA PUBLICA,2026-09-17 09:45:05.434702-03:00,0890362-13.2026.8.14.0301,PROCEDIMENTO DO JUIZADO ESPECIAL DA FAZENDA PÚBLICA,GERMANA SERRA DE FREITAS BARROS
CÍVEL,BELÉM,9ª DEFENSORIA PUBLICA DE FAZENDA PUBLICA,2026-09-17 10:07:45.531659-03:00,0890399-40.2026.8.14.0301,PROCEDIMENTO DO JUIZADO ESPECIAL DA FAZENDA PÚBLICA,GERMANA SERRA DE FREITAS BARROS
CÍVEL,BELÉM,9ª DEFENSORIA PUBLICA DE FAZENDA PUBLICA,2026-09-17 10:29:02.747077-03:00,0890401-10.2026.8.14.0301,PROCEDIMENTO DO JUIZADO ESPECIAL DA FAZENDA PÚBLICA,GERMANA SERRA DE FREITAS BARROS
CÍVEL,BELÉM,9ª DEFENSORIA PUBLICA DE FAZENDA PUBLICA,2026-09-17 14:03:27.212308-03:00,0890516-31.2026.8.14.0301,PROCEDIMENTO DO JUIZADO ESPECIAL DA FAZENDA PÚBLICA,GERMANA SERRA DE FREITAS BARROS
CÍVEL,BELÉM,9ª DEFENSORIA PUBLICA DE FAZENDA PUBLICA,2026-09-18 12:30:56.161537-03:00,0891028-14.2026.8.14.0301,PROCEDIMENTO DO JUIZADO ESPECIAL DA FAZENDA PÚBLICA,GERMANA SERRA DE FREITAS BARROS
CÍVEL,BELÉM,9ª DEFENSORIA PUBLICA DE FAZENDA PUBLICA,2026-09-18 12:33:22.462661-03:00,0891029-96.2026.8.14.0301,PROCEDIMENTO DO JUIZADO ESPECIAL DA FAZENDA PÚBLICA,GERMANA SERRA DE FREITAS BARROS
CÍVEL,BELÉM,9ª DEFENSORIA PUBLICA DE FAZENDA PUBLICA,2026-09-18 12:46:42.365835-03:00,0891032-51.2026.8.14.0301,PROCEDIMENTO DO JUIZADO ESPECIAL DA FAZENDA PÚBLICA,GERMANA SERRA DE FREITAS BARROS
CÍVEL,BELÉM,9ª DEFENSORIA PUBLICA DE FAZENDA PUBLICA,2026-09-18 15:27:06.376184-03:00,0891099-16.2026.8.14.0301,PROCEDIMENTO DO JUIZADO ESPECIAL DA FAZENDA PÚBLICA,GERMANA SERRA DE FREITAS BARROS
CÍVEL,BELÉM,9ª DEFENSORIA PUBLICA DE FAZENDA PUBLICA,2026-09-18 18:05:31.343302-03:00,0891229-06.2026.8.14.0301,PROCEDIMENTO DO JUIZADO ESPECIAL DA FAZENDA PÚBLICA,GERMANA SERRA DE FREITAS BARROS
CÍVEL,BELÉM,COORDENAÇÃO CIVEL,2026-01-23 10:31:35.785704-03:00,0805218-71.2026.8.14.0301,RETIFICAÇÃO OU SUPRIMENTO OU RESTAURAÇÃO DE REGISTRO CIVIL (1682),JOSE FLAVIO RIBEIRO MAUES
CÍVEL,BELÉM,COORDENAÇÃO CIVEL,2026-03-19 12:25:05.174871-03:00,0832452-28.2026.8.14.0301,RETIFICAÇÃO OU SUPRIMENTO OU RESTAURAÇÃO DE REGISTRO CIVIL (1682),ANA PAULA PEREIRA MARQUES VIEIRA
CÍVEL,BELÉM,COORDENAÇÃO CIVEL,2026-04-28 13:21:14.500794-03:00,0849294-83.2026.8.14.0301,RETIFICAÇÃO OU SUPRIMENTO OU RESTAURAÇÃO DE REGISTRO CIVIL (1682),ANA PAULA PEREIRA MARQUES VIEIRA
CÍVEL,BELÉM,COORDENAÇÃO CIVEL,2026-08-07 18:59:42.136781-03:00,0877229-98.2026.8.14.0301,EMBARGOS À EXECUÇÃO (172),ANA PAULA PEREIRA MARQUES VIEIRA
CÍVEL,BELÉM,COORDENAÇÃO NUDECON,2026-06-09 14:34:54.474270-03:00,0859268-47.2026.8.14.0301,PROCEDIMENTO COMUM CÍVEL (7),CASSIO BITAR VASCONCELOS
CÍVEL,BELÉM,COORDENAÇÃO NUDECON,2026-06-09 15:20:01.635883-03:00,0859269-32.2026.8.14.0301,PROCEDIMENTO COMUM CÍVEL (7),CASSIO BITAR VASCONCELOS
CÍVEL,BELÉM,COORDENAÇÃO NUDECON,2026-06-10 07:54:24.101297-03:00,0860292-13.2026.8.14.0301,PROCEDIMENTO COMUM CÍVEL (7),CASSIO BITAR VASCONCELOS
CÍVEL,BELÉM,COORDENAÇÃO NUDECON,2026-06-12 09:53:18.303660-03:00,0860300-87.2026.8.14.0301,PROCEDIMENTO COMUM CÍVEL (7),CASSIO BITAR VASCONCELOS
CÍVEL,BELÉM,COORDENAÇÃO NUDECON,2026-06-19 10:10:56.252882-03:00,0862436-57.2026.8.14.0301,PROCEDIMENTO COMUM CÍVEL (7),CASSIO BITAR VASCONCELOS
CÍVEL,BELÉM,COORDENAÇÃO NUDECON,2026-06-19 11:33:37.440249-03:00,0862645-26.2026.8.14.0301,PROCEDIMENTO COMUM CÍVEL (7),CASSIO BITAR VASCONCELOS
CÍVEL,BELÉM,COORDENAÇÃO NUDECON,2026-06-19 11:33:49.440682-03:00,0863211-72.2026.8.14.0301,PROCEDIMENTO COMUM CÍVEL (7),CASSIO BITAR VASCONCELOS
CÍVEL,BELÉM,COORDENAÇÃO NUDECON,2026-06-23 09:26:38.523464-03:00,0863673-29.2026.8.14.0301,PROCEDIMENTO COMUM CÍVEL (7),CASSIO BITAR VASCONCELOS
CÍVEL,BELÉM,COORDENAÇÃO NUDECON,2026-07-08 09:50:59.733620-03:00,0868068-64.2026.8.14.0301,PROCEDIMENTO COMUM CÍVEL (7),CASSIO BITAR VASCONCELOS
CÍVEL,BELÉM,COORDENAÇÃO NUDECON,2026-07-13 10:49:29.660559-03:00,0869366-91.2026.8.14.0301,PROCEDIMENTO COMUM CÍVEL (7),CASSIO BITAR VASCONCELOS
CÍVEL,BELÉM,COORDENAÇÃO NUDECON,2026-08-07 09:00:57.333648-03:00,0876975-28.2026.8.14.0301,PROCEDIMENTO COMUM CÍVEL (7),CASSIO BITAR VASCONCELOS
CÍVEL,BELÉM,COORDENAÇÃO NUDECON,2026-08-07 09:55:47.925724-03:00,0876978-80.2026.8.14.0301,PROCEDIMENTO COMUM CÍVEL (7),CASSIO BITAR VASCONCELOS
CÍVEL,BELÉM,COORDENAÇÃO NUDECON,2026-08-10 11:25:50.898108-03:00,0877820-60.2026.8.14.0301,PROCEDIMENTO COMUM CÍVEL (7),CASSIO BITAR VASCONCELOS
CÍVEL,BELÉM,COORDENAÇÃO NUDECON,2026-08-13 12:50:41.745453-03:00,0878598-30.2026.8.14.0301,PROCEDIMENTO COMUM CÍVEL (7),CASSIO BITAR VASCONCELOS
CÍVEL,BELÉM,COORDENAÇÃO NUDECON,2026-08-26 09:39:12.632800-03:00,0882702-65.2026.8.14.0301,PROCEDIMENTO COMUM CÍVEL (7),CASSIO BITAR VASCONCELOS
CÍVEL,BELÉM,COORDENAÇÃO NUDECON,2026-08-26 12:17:01.364285-03:00,0883483-87.2026.8.14.0301,PROCEDIMENTO COMUM CÍVEL (7),CASSIO BITAR VASCONCELOS
CÍVEL,BELÉM,COORDENAÇÃO NUDECON,2026-09-04 09:12:50.635869-03:00,0886837-23.2026.8.14.0301,PROCEDIMENTO COMUM CÍVEL (7),CASSIO BITAR VASCONCELOS
CÍVEL,BELÉM,COORDENAÇÃO NUDECON,2026-09-10 11:49:24.699689-03:00,0891931-49.2026.8.14.0301,PROCEDIMENTO COMUM CÍVEL (7),CASSIO BITAR VASCONCELOS
CÍVEL,BELÉM,COORDENAÇÃO NUDECON,2026-09-10 11:51:19.985243-03:00,0888134-65.2026.8.14.0301,PROCEDIMENTO COMUM CÍVEL (7),CASSIO BITAR VASCONCELOS
CÍVEL,BELÉM,COORDENAÇÃO NUDECON,2026-09-16 09:04:44.293352-03:00,0889924-84.2026.8.14.0301,PROCEDIMENTO COMUM CÍVEL (7),CASSIO BITAR VASCONCELOS
CÍVEL,BELÉM,COORDENAÇÃO NUDECON,2026-09-17 14:10:37.054477-03:00,0890568-27.2026.8.14.0301,PROCEDIMENTO COMUM CÍVEL (7),CASSIO BITAR VASCONCELOS
CÍVEL,BELÉM,COORDENAÇÃO NUGEN,2026-05-14 11:35:58.054635-03:00,0811173-95.2026.8.14.0006,DIVÓRCIO LITIGIOSO (12541),ANA LAURA MACEDO SA
CÍVEL,BELÉM,DIRETORIA DO INTERIOR,2026-02-03 22:10:28.243305-03:00,0802593-76.2026.8.14.0006,DIVÓRCIO LITIGIOSO (12541),ANA CLAUDIA DA SILVA CABRAL
CÍVEL,BELÉM,DIRETORIA DO INTERIOR,2026-02-03 22:29:30.423192-03:00,0802598-98.2026.8.14.0006,ALIMENTOS - LEI ESPECIAL Nº 5.478/68 (69),ANA CLAUDIA DA SILVA CABRAL
CÍVEL,BELÉM,DIRETORIA DO INTERIOR,2026-02-03 22:46:26.483048-03:00,0802594-61.2026.8.14.0006,ALIMENTOS - LEI ESPECIAL Nº 5.478/68 (69),ANA CLAUDIA DA SILVA CABRAL
CÍVEL,BELÉM,DIRETORIA DO INTERIOR,2026-02-03 23:21:37.912310-03:00,0802993-90.2026.8.14.0006,ALIMENTOS - LEI ESPECIAL Nº 5.478/68 (69),ANA CLAUDIA DA SILVA CABRAL
CÍVEL,BELÉM,DIRETORIA DO INTERIOR,2026-02-04 09:49:47.420209-03:00,0802995-60.2026.8.14.0006,ALIMENTOS - LEI ESPECIAL Nº 5.478/68 (69),ANA CLAUDIA DA SILVA CABRAL
CÍVEL,BELÉM,DIRETORIA DO INTERIOR,2026-02-04 11:34:35.861668-03:00,0802998-15.2026.8.14.0006,DIVÓRCIO LITIGIOSO (12541),ANA CLAUDIA DA SILVA CABRAL
CÍVEL,BELÉM,DIRETORIA DO INTERIOR,2026-02-04 12:40:00.877020-03:00,0802999-97.2026.8.14.0006,AVERIGUAÇÃO DE PATERNIDADE (123),ANA CLAUDIA DA SILVA CABRAL
CÍVEL,BELÉM,NAEFA CONCILIACAO/COORDENACAO,2026-01-07 11:42:31.576112-03:00,0800467-41.2026.8.14.0301,DIVÓRCIO CONSENSUAL (12372),JACQUELINE BASTOS LOUREIRO
CÍVEL,BELÉM,NAEFA CONCILIACAO/COORDENACAO,2026-01-08 14:09:46.745667-03:00,0800887-46.2026.8.14.0301,DIVÓRCIO CONSENSUAL (12372),JACQUELINE BASTOS LOUREIRO
CÍVEL,BELÉM,NAEFA CONCILIACAO/COORDENACAO,2026-01-08 14:31:02.550609-03:00,0800898-75.2026.8.14.0301,DIVÓRCIO CONSENSUAL (12372),JACQUELINE BASTOS LOUREIRO
CÍVEL,BELÉM,NAEFA CONCILIACAO/COORDENACAO,2026-01-08 15:10:27.194095-03:00,0800913-44.2026.8.14.0301,DIVÓRCIO CONSENSUAL (12372),JACQUELINE BASTOS LOUREIRO
CÍVEL,BELÉM,NAEFA CONCILIACAO/COORDENACAO,2026-01-08 15:23:01.084920-03:00,0800920-36.2026.8.14.0301,DIVÓRCIO CONSENSUAL (12372),JACQUELINE BASTOS LOUREIRO
CÍVEL,BELÉM,NAEFA CONCILIACAO/COORDENACAO,2026-01-09 11:10:42.827388-03:00,0801105-74.2026.8.14.0301,DIVÓRCIO CONSENSUAL (12372),JACQUELINE BASTOS LOUREIRO
CÍVEL,BELÉM,NAEFA CONCILIACAO/COORDENACAO,2026-01-09 11:54:41.977377-03:00,0801154-18.2026.8.14.0301,DIVÓRCIO CONSENSUAL (12372),JACQUELINE BASTOS LOUREIRO
CÍVEL,BELÉM,NAEFA CONCILIACAO/COORDENACAO,2026-01-09 14:37:25.419060-03:00,0801248-63.2026.8.14.0301,HOMOLOGAÇÃO DA TRANSAÇÃO EXTRAJUDICIAL (12374),JACQUELINE BASTOS LOUREIRO
CÍVEL,BELÉM,NAEFA CONCILIACAO/COORDENACAO,2026-01-09 15:35:58.296058-03:00,0801282-38.2026.8.14.0301,DIVÓRCIO CONSENSUAL (12372),JACQUELINE BASTOS LOUREIRO
CÍVEL,BELÉM,NAEFA CONCILIACAO/COORDENACAO,2026-01-12 13:59:57.166000-03:00,0801572-53.2026.8.14.0301,HOMOLOGAÇÃO DA TRANSAÇÃO EXTRAJUDICIAL (12374),JACQUELINE BASTOS LOUREIRO
CÍVEL,BELÉM,NAEFA CONCILIACAO/COORDENACAO,2026-01-16 11:37:52.769064-03:00,0803074-27.2026.8.14.0301,HOMOLOGAÇÃO DA TRANSAÇÃO EXTRAJUDICIAL (12374),JACQUELINE BASTOS LOUREIRO
CÍVEL,BELÉM,NAEFA CONCILIACAO/COORDENACAO,2026-01-16 13:18:59.698973-03:00,0803138-37.2026.8.14.0301,ALIMENTOS - LEI ESPECIAL Nº 5.478/68 (69),JACQUELINE BASTOS LOUREIRO
CÍVEL,BELÉM,NAEFA CONCILIACAO/COORDENACAO,2026-01-16 13:25:17.464523-03:00,0803162-65.2026.8.14.0301,ALIMENTOS - LEI ESPECIAL Nº 5.478/68 (69),JACQUELINE BASTOS LOUREIRO
CÍVEL,BELÉM,NAEFA CONCILIACAO/COORDENACAO,2026-01-16 13:36:35.475866-03:00,0803147-96.2026.8.14.0301,ALIMENTOS - LEI ESPECIAL Nº 5.478/68 (69),JACQUELINE BASTOS LOUREIRO
CÍVEL,BELÉM,NAEFA CONCILIACAO/COORDENACAO,2026-01-16 13:37:39.349413-03:00,0803149-66.2026.8.14.0301,HOMOLOGAÇÃO DA TRANSAÇÃO EXTRAJUDICIAL (12374),JACQUELINE BASTOS LOUREIRO
CÍVEL,BELÉM,NAEFA CONCILIACAO/COORDENACAO,2026-01-16 17:16:48.541741-03:00,0803262-20.2026.8.14.0301,AVERIGUAÇÃO DE PATERNIDADE (123),JACQUELINE BASTOS LOUREIRO
CÍVEL,BELÉM,NAEFA CONCILIACAO/COORDENACAO,2026-01-16 17:56:24.166647-03:00,0803282-11.2026.8.14.0301,AVERIGUAÇÃO DE PATERNIDADE (123),JACQUELINE BASTOS LOUREIRO
CÍVEL,BELÉM,NAEFA CONCILIACAO/COORDENACAO,2026-01-16 18:15:03.785519-03:00,0803290-85.2026.8.14.0301,DIVÓRCIO CONSENSUAL (12372),JACQUELINE BASTOS LOUREIRO
CÍVEL,BELÉM,NAEFA CONCILIACAO/COORDENACAO,2026-01-16 18:39:53.906496-03:00,0803295-10.2026.8.14.0301,ALIMENTOS - LEI ESPECIAL Nº 5.478/68 (69),JACQUELINE BASTOS LOUREIRO
CÍVEL,BELÉM,NAEFA CONCILIACAO/COORDENACAO,2026-01-26 08:33:53.247616-03:00,0805526-10.2026.8.14.0301,ALIMENTOS - LEI ESPECIAL Nº 5.478/68 (69),JACQUELINE BASTOS LOUREIRO
CÍVEL,BELÉM,NAEFA CONCILIACAO/COORDENACAO,2026-01-26 13:48:39.841488-03:00,0805640-46.2026.8.14.0301,ALIMENTOS - LEI ESPECIAL Nº 5.478/68 (69),JACQUELINE BASTOS LOUREIRO
CÍVEL,BELÉM,NAEFA CONCILIACAO/COORDENACAO,2026-01-28 10:11:05.679829-03:00,0806360-13.2026.8.14.0301,ALIMENTOS - LEI ESPECIAL Nº 5.478/68 (69),JACQUELINE BASTOS LOUREIRO
CÍVEL,BELÉM,NAEFA CONCILIACAO/COORDENACAO,2026-01-28 14:15:46.579586-03:00,0806383-56.2026.8.14.0301,ALIMENTOS - LEI ESPECIAL Nº 5.478/68 (69),JACQUELINE BASTOS LOUREIRO
CÍVEL,BELÉM,NAEFA CONCILIACAO/COORDENACAO,2026-01-28 14:28:47.748180-03:00,0806387-93.2026.8.14.0301,ALIMENTOS - LEI ESPECIAL Nº 5.478/68 (69),JACQUELINE BASTOS LOUREIRO
CÍVEL,BELÉM,NAEFA CONCILIACAO/COORDENACAO,2026-01-29 08:41:09.164059-03:00,0806599-17.2026.8.14.0301,HOMOLOGAÇÃO DA TRANSAÇÃO EXTRAJUDICIAL (12374),JACQUELINE BASTOS LOUREIRO
CÍVEL,BELÉM,NAEFA CONCILIACAO/COORDENACAO,2026-01-29 10:56:24.333286-03:00,0806955-12.2026.8.14.0301,DIVÓRCIO CONSENSUAL (12372),JACQUELINE BASTOS LOUREIRO
CÍVEL,BELÉM,NAEFA CONCILIACAO/COORDENACAO,2026-01-29 11:09:23.043307-03:00,0806953-42.2026.8.14.0301,DIVÓRCIO CONSENSUAL (12372),JACQUELINE BASTOS LOUREIRO
CÍVEL,BELÉM,NAEFA CONCILIACAO/COORDENACAO,2026-01-29 11:22:17.442075-03:00,0806956-94.2026.8.14.0301,DIVÓRCIO CONSENSUAL (12372),JACQUELINE BASTOS LOUREIRO
CÍVEL,BELÉM,NAEFA CONCILIACAO/COORDENACAO,2026-01-29 11:24:30.175906-03:00,0806954-27.2026.8.14.0301,DIVÓRCIO CONSENSUAL (12372),JACQUELINE BASTOS LOUREIRO
CÍVEL,BELÉM,NAEFA CONCILIACAO/COORDENACAO,2026-01-29 11:25:51.660963-03:00,0806980-25.2026.8.14.0301,DIVÓRCIO CONSENSUAL (12372),JACQUELINE BASTOS LOUREIRO
CÍVEL,BELÉM,NAEFA CONCILIACAO/COORDENACAO,2026-01-29 11:30:03.121995-03:00,0806979-40.2026.8.14.0301,DIVÓRCIO CONSENSUAL (12372),JACQUELINE BASTOS LOUREIRO
CÍVEL,BELÉM,NAEFA CONCILIACAO/COORDENACAO,2026-01-29 11:32:50.100358-03:00,0806968-11.2026.8.14.0301,DIVÓRCIO CONSENSUAL (12372),JACQUELINE BASTOS LOUREIRO
CÍVEL,BELÉM,NAEFA CONCILIACAO/COORDENACAO,2026-01-29 11:37:50.936901-03:00,0806975-03.2026.8.14.0301,DIVÓRCIO CONSENSUAL (12372),JACQUELINE BASTOS LOUREIRO
CÍVEL,BELÉM,NAEFA CONCILIACAO/COORDENACAO,2026-01-29 11:47:38.438959-03:00,0806972-48.2026.8.14.0301,DIVÓRCIO CONSENSUAL (12372),JACQUELINE BASTOS LOUREIRO
CÍVEL,BELÉM,NAEFA CONCILIACAO/COORDENACAO,2026-01-29 11:51:06.448510-03:00,0806967-26.2026.8.14.0301,DIVÓRCIO CONSENSUAL (12372),JACQUELINE BASTOS LOUREIRO
CÍVEL,BELÉM,NAEFA CONCILIACAO/COORDENACAO,2026-01-29 14:45:31.623078-03:00,0800438-05.2026.8.14.0070,HOMOLOGAÇÃO DA TRANSAÇÃO EXTRAJUDICIAL (12374),JACQUELINE BASTOS LOUREIRO
CÍVEL,BELÉM,NAEFA CONCILIACAO/COORDENACAO,2026-01-29 14:47:22.528077-03:00,0806966-41.2026.8.14.0301,HOMOLOGAÇÃO DA TRANSAÇÃO EXTRAJUDICIAL (12374),JACQUELINE BASTOS LOUREIRO
CÍVEL,BELÉM,NAEFA CONCILIACAO/COORDENACAO,2026-01-29 14:52:09.164195-03:00,0802135-59.2026.8.14.0006,HOMOLOGAÇÃO DA TRANSAÇÃO EXTRAJUDICIAL (12374),JACQUELINE BASTOS LOUREIRO
CÍVEL,BELÉM,NAEFA CONCILIACAO/COORDENACAO,2026-01-29 15:05:51.359307-03:00,0806964-71.2026.8.14.0301,HOMOLOGAÇÃO DA TRANSAÇÃO EXTRAJUDICIAL (12374),JACQUELINE BASTOS LOUREIRO
CÍVEL,BELÉM,NAEFA CONCILIACAO/COORDENACAO,2026-01-29 15:08:59.565640-03:00,0806963-86.2026.8.14.0301,HOMOLOGAÇÃO DA TRANSAÇÃO EXTRAJUDICIAL (12374),JACQUELINE BASTOS LOUREIRO
CÍVEL,BELÉM,NAEFA CONCILIACAO/COORDENACAO,2026-01-29 15:11:20.809853-03:00,0802134-74.2026.8.14.0006,DIVÓRCIO CONSENSUAL (12372),JACQUELINE BASTOS LOUREIRO
CÍVEL,BELÉM,NAEFA CONCILIACAO/COORDENACAO,2026-01-30 14:50:45.582981-03:00,0807140-50.2026.8.14.0301,DIVÓRCIO CONSENSUAL (12372),JACQUELINE BASTOS LOUREIRO
CÍVEL,BELÉM,NAEFA CONCILIACAO/COORDENACAO,2026-02-03 10:59:05.888104-03:00,0818900-93.2026.8.14.0301,DIVÓRCIO CONSENSUAL (12372),JACQUELINE BASTOS LOUREIRO
CÍVEL,BELÉM,NAEFA CONCILIACAO/COORDENACAO,2026-02-03 12:33:31.994250-03:00,0818897-41.2026.8.14.0301,HOMOLOGAÇÃO DA TRANSAÇÃO EXTRAJUDICIAL (12374),JACQUELINE BASTOS LOUREIRO
CÍVEL,BELÉM,NAEFA CONCILIACAO/COORDENACAO,2026-02-05 08:36:52.315127-03:00,0819120-91.2026.8.14.0301,DIVÓRCIO CONSENSUAL (12372),JACQUELINE BASTOS LOUREIRO
CÍVEL,BELÉM,NAEFA CONCILIACAO/COORDENACAO,2026-02-05 08:42:06.199091-03:00,0819169-35.2026.8.14.0301,DIVÓRCIO CONSENSUAL (12372),JACQUELINE BASTOS LOUREIRO
CÍVEL,BELÉM,NAEFA CONCILIACAO/COORDENACAO,2026-02-05 09:55:53.446218-03:00,0819175-42.2026.8.14.0301,DIVÓRCIO CONSENSUAL (12372),JACQUELINE BASTOS LOUREIRO
CÍVEL,BELÉM,NAEFA CONCILIACAO/COORDENACAO,2026-02-05 09:57:44.198601-03:00,0818903-48.2026.8.14.0301,DIVÓRCIO CONSENSUAL (12372),JACQUELINE BASTOS LOUREIRO
CÍVEL,BELÉM,NAEFA CONCILIACAO/COORDENACAO,2026-02-05 10:44:44.901283-03:00,0803094-30.2026.8.14.0006,HOMOLOGAÇÃO DA TRANSAÇÃO EXTRAJUDICIAL (12374),JACQUELINE BASTOS LOUREIRO
CÍVEL,BELÉM,NAEFA CONCILIACAO/COORDENACAO,2026-02-05 10:47:55.857370-03:00,0819365-05.2026.8.14.0301,DIVÓRCIO CONSENSUAL (12372),JACQUELINE BASTOS LOUREIRO
CÍVEL,BELÉM,NAEFA CONCILIACAO/COORDENACAO,2026-02-05 10:56:41.097972-03:00,0818896-56.2026.8.14.0301,DIVÓRCIO CONSENSUAL (12372),JACQUELINE BASTOS LOUREIRO
CÍVEL,BELÉM,NAEFA CONCILIACAO/COORDENACAO,2026-02-05 11:42:06.373092-03:00,0818905-18.2026.8.14.0301,DIVÓRCIO CONSENSUAL (12372),JACQUELINE BASTOS LOUREIRO
CÍVEL,BELÉM,NAEFA CONCILIACAO/COORDENACAO,2026-02-06 08:56:49.340476-03:00,0817983-74.2026.8.14.0301,DIVÓRCIO CONSENSUAL (12372),JACQUELINE BASTOS LOUREIRO
CÍVEL,BELÉM,NAEFA CONCILIACAO/COORDENACAO,2026-02-06 09:04:36.152188-03:00,0817980-22.2026.8.14.0301,DIVÓRCIO CONSENSUAL (12372),JACQUELINE BASTOS LOUREIRO
CÍVEL,BELÉM,NAEFA CONCILIACAO/COORDENACAO,2026-02-06 09:18:06.889890-03:00,0817972-45.2026.8.14.0301,DIVÓRCIO CONSENSUAL (12372),JACQUELINE BASTOS LOUREIRO
CÍVEL,BELÉM,NAEFA CONCILIACAO/COORDENACAO,2026-02-06 09:19:15.792266-03:00,0817947-32.2026.8.14.0301,DIVÓRCIO CONSENSUAL (12372),JACQUELINE BASTOS LOUREIRO
CÍVEL,BELÉM,NAEFA CONCILIACAO/COORDENACAO,2026-02-06 09:28:44.190075-03:00,0817986-29.2026.8.14.0301,DIVÓRCIO CONSENSUAL (12372),JACQUELINE BASTOS LOUREIRO
CÍVEL,BELÉM,NAEFA CONCILIACAO/COORDENACAO,2026-02-06 09:33:57.036319-03:00,0817944-77.2026.8.14.0301,DIVÓRCIO CONSENSUAL (12372),JACQUELINE BASTOS LOUREIRO
CÍVEL,BELÉM,NAEFA CONCILIACAO/COORDENACAO,2026-02-06 09:38:39.734079-03:00,0818068-60.2026.8.14.0301,DIVÓRCIO CONSENSUAL (12372),JACQUELINE BASTOS LOUREIRO
CÍVEL,BELÉM,NAEFA CONCILIACAO/COORDENACAO,2026-02-06 09:42:01.901925-03:00,0817990-66.2026.8.14.0301,DIVÓRCIO CONSENSUAL (12372),JACQUELINE BASTOS LOUREIRO
CÍVEL,BELÉM,NAEFA CONCILIACAO/COORDENACAO,2026-02-06 09:46:34.632587-03:00,0817937-85.2026.8.14.0301,DIVÓRCIO CONSENSUAL (12372),JACQUELINE BASTOS LOUREIRO
CÍVEL,BELÉM,NAEFA CONCILIACAO/COORDENACAO,2026-02-06 10:05:35.062698-03:00,0817966-38.2026.8.14.0301,DIVÓRCIO CONSENSUAL (12372),JACQUELINE BASTOS LOUREIRO
CÍVEL,BELÉM,NAEFA CONCILIACAO/COORDENACAO,2026-02-06 10:14:14.727709-03:00,0818255-68.2026.8.14.0301,DIVÓRCIO CONSENSUAL (12372),ANA ALICE NEVES CALDAS FIGUEIREDO
CÍVEL,BELÉM,NAEFA CONCILIACAO/COORDENACAO,2026-02-06 11:43:57.630481-03:00,0818267-82.2026.8.14.0301,HOMOLOGAÇÃO DA TRANSAÇÃO EXTRAJUDICIAL (12374),ANA ALICE NEVES CALDAS FIGUEIREDO
CÍVEL,BELÉM,NAEFA CONCILIACAO/COORDENACAO,2026-02-06 11:47:06.239149-03:00,0818253-98.2026.8.14.0301,HOMOLOGAÇÃO DA TRANSAÇÃO EXTRAJUDICIAL (12374),ANA ALICE NEVES CALDAS FIGUEIREDO
CÍVEL,BELÉM,NAEFA CONCILIACAO/COORDENACAO,2026-02-06 11:48:37.898539-03:00,0818269-52.2026.8.14.0301,HOMOLOGAÇÃO DA TRANSAÇÃO EXTRAJUDICIAL (12374),ANA ALICE NEVES CALDAS FIGUEIREDO
CÍVEL,BELÉM,NAEFA CONCILIACAO/COORDENACAO,2026-02-06 11:51:32.727521-03:00,0802868-25.2026.8.14.0006,DIVÓRCIO CONSENSUAL (12372),ANA ALICE NEVES CALDAS FIGUEIREDO
CÍVEL,BELÉM,NAEFA CONCILIACAO/COORDENACAO,2026-02-06 12:00:44.302473-03:00,0818271-22.2026.8.14.0301,HOMOLOGAÇÃO DA TRANSAÇÃO EXTRAJUDICIAL (12374),ANA ALICE NEVES CALDAS FIGUEIREDO
CÍVEL,BELÉM,NAEFA CONCILIACAO/COORDENACAO,2026-02-06 12:01:16.292331-03:00,0818256-53.2026.8.14.0301,ALIMENTOS - LEI ESPECIAL Nº 5.478/68 (69),ANA ALICE NEVES CALDAS FIGUEIREDO
CÍVEL,BELÉM,NAEFA CONCILIACAO/COORDENACAO,2026-02-06 12:07:21.830933-03:00,0818272-07.2026.8.14.0301,HOMOLOGAÇÃO DA TRANSAÇÃO EXTRAJUDICIAL (12374),ANA ALICE NEVES CALDAS FIGUEIREDO
CÍVEL,BELÉM,NAEFA CONCILIACAO/COORDENACAO,2026-02-06 12:14:32.778504-03:00,0818273-89.2026.8.14.0301,HOMOLOGAÇÃO DA TRANSAÇÃO EXTRAJUDICIAL (12374),ANA ALICE NEVES CALDAS FIGUEIREDO
CÍVEL,BELÉM,NAEFA CONCILIACAO/COORDENACAO,2026-02-06 12:24:45.943485-03:00,0818258-23.2026.8.14.0301,HOMOLOGAÇÃO DA TRANSAÇÃO EXTRAJUDICIAL (12374),ANA ALICE NEVES CALDAS FIGUEIREDO
CÍVEL,BELÉM,NAEFA CONCILIACAO/COORDENACAO,2026-02-06 12:52:58.140116-03:00,0818263-45.2026.8.14.0301,HOMOLOGAÇÃO DA TRANSAÇÃO EXTRAJUDICIAL (12374),ANA ALICE NEVES CALDAS FIGUEIREDO
CÍVEL,BELÉM,NAEFA CONCILIACAO/COORDENACAO,2026-02-06 12:53:40.759761-03:00,0817950-84.2026.8.14.0301,DIVÓRCIO CONSENSUAL (12372),JACQUELINE BASTOS LOUREIRO
CÍVEL,BELÉM,NAEFA CONCILIACAO/COORDENACAO,2026-02-06 13:07:10.285864-03:00,0818261-75.2026.8.14.0301,HOMOLOGAÇÃO DA TRANSAÇÃO EXTRAJUDICIAL (12374),ANA ALICE NEVES CALDAS FIGUEIREDO
CÍVEL,BELÉM,NAEFA CONCILIACAO/COORDENACAO,2026-02-06 13:09:54.418869-03:00,0817963-83.2026.8.14.0301,HOMOLOGAÇÃO DA TRANSAÇÃO EXTRAJUDICIAL (12374),JACQUELINE BASTOS LOUREIRO
CÍVEL,BELÉM,NAEFA CONCILIACAO/COORDENACAO,2026-02-06 13:15:09.312439-03:00,0817970-75.2026.8.14.0301,DIVÓRCIO CONSENSUAL (12372),JACQUELINE BASTOS LOUREIRO
CÍVEL,BELÉM,NAEFA CONCILIACAO/COORDENACAO,2026-02-06 13:20:38.627693-03:00,0817978-52.2026.8.14.0301,DIVÓRCIO CONSENSUAL (12372),JACQUELINE BASTOS LOUREIRO
CÍVEL,BELÉM,NAEFA CONCILIACAO/COORDENACAO,2026-02-06 13:22:04.228478-03:00,0818266-97.2026.8.14.0301,DIVÓRCIO CONSENSUAL (12372),ANA ALICE NEVES CALDAS FIGUEIREDO
CÍVEL,BELÉM,NAEFA CONCILIACAO/COORDENACAO,2026-02-09 10:50:31.420845-03:00,0818575-21.2026.8.14.0301,DIVÓRCIO CONSENSUAL (12372),JACQUELINE BASTOS LOUREIRO
CÍVEL,BELÉM,NAEFA CONCILIACAO/COORDENACAO,2026-02-09 10:56:14.932048-03:00,0818571-81.2026.8.14.0301,DIVÓRCIO CONSENSUAL (12372),JACQUELINE BASTOS LOUREIRO
CÍVEL,BELÉM,NAEFA CONCILIACAO/COORDENACAO,2026-02-09 10:59:34.159522-03:00,0818567-44.2026.8.14.0301,DIVÓRCIO CONSENSUAL (12372),JACQUELINE BASTOS LOUREIRO
CÍVEL,BELÉM,NAEFA CONCILIACAO/COORDENACAO,2026-02-09 11:01:37.605511-03:00,0818563-07.2026.8.14.0301,DIVÓRCIO CONSENSUAL (12372),JACQUELINE BASTOS LOUREIRO
CÍVEL,BELÉM,NAEFA CONCILIACAO/COORDENACAO,2026-02-09 11:08:07.612108-03:00,0818562-22.2026.8.14.0301,HOMOLOGAÇÃO DA TRANSAÇÃO EXTRAJUDICIAL (12374),JACQUELINE BASTOS LOUREIRO
CÍVEL,BELÉM,NAEFA CONCILIACAO/COORDENACAO,2026-02-09 16:00:09.184619-03:00,0818950-22.2026.8.14.0301,DIVÓRCIO CONSENSUAL (12372),JACQUELINE BASTOS LOUREIRO
CÍVEL,BELÉM,NAEFA CONCILIACAO/COORDENACAO,2026-02-09 16:13:39.654645-03:00,0818966-73.2026.8.14.0301,DIVÓRCIO CONSENSUAL (12372),JACQUELINE BASTOS LOUREIRO
CÍVEL,BELÉM,NAEFA CONCILIACAO/COORDENACAO,2026-02-09 16:40:24.775193-03:00,0818993-56.2026.8.14.0301,HOMOLOGAÇÃO DA TRANSAÇÃO EXTRAJUDICIAL (12374),JACQUELINE BASTOS LOUREIRO
CÍVEL,BELÉM,NAEFA CONCILIACAO/COORDENACAO,2026-02-10 08:18:57.212858-03:00,0819390-18.2026.8.14.0301,HOMOLOGAÇÃO DA TRANSAÇÃO EXTRAJUDICIAL (12374),JACQUELINE BASTOS LOUREIRO
CÍVEL,BELÉM,NAEFA CONCILIACAO/COORDENACAO,2026-02-10 08:28:10.498158-03:00,0819392-85.2026.8.14.0301,DIVÓRCIO CONSENSUAL (12372),JACQUELINE BASTOS LOUREIRO
CÍVEL,BELÉM,NAEFA CONCILIACAO/COORDENACAO,2026-02-10 08:39:10.894677-03:00,0819396-25.2026.8.14.0301,DIVÓRCIO CONSENSUAL (12372),JACQUELINE BASTOS LOUREIRO
CÍVEL,BELÉM,NAEFA CONCILIACAO/COORDENACAO,2026-02-10 08:43:40.880213-03:00,0819398-92.2026.8.14.0301,DIVÓRCIO CONSENSUAL (12372),JACQUELINE BASTOS LOUREIRO
CÍVEL,BELÉM,NAEFA CONCILIACAO/COORDENACAO,2026-02-10 08:44:32.087010-03:00,0819442-14.2026.8.14.0301,DIVÓRCIO CONSENSUAL (12372),JACQUELINE BASTOS LOUREIRO
CÍVEL,BELÉM,NAEFA CONCILIACAO/COORDENACAO,2026-02-10 08:48:20.027734-03:00,0819446-51.2026.8.14.0301,DIVÓRCIO CONSENSUAL (12372),JACQUELINE BASTOS LOUREIRO
CÍVEL,BELÉM,NAEFA CONCILIACAO/COORDENACAO,2026-02-10 08:49:30.778236-03:00,0819450-88.2026.8.14.0301,DIVÓRCIO CONSENSUAL (12372),JACQUELINE BASTOS LOUREIRO
CÍVEL,BELÉM,NAEFA CONCILIACAO/COORDENACAO,2026-02-10 08:53:17.188148-03:00,0819543-51.2026.8.14.0301,DIVÓRCIO CONSENSUAL (12372),JACQUELINE BASTOS LOUREIRO
CÍVEL,BELÉM,NAEFA CONCILIACAO/COORDENACAO,2026-02-10 08:57:32.885221-03:00,0819562-57.2026.8.14.0301,DIVÓRCIO CONSENSUAL (12372),JACQUELINE BASTOS LOUREIRO
CÍVEL,BELÉM,NAEFA CONCILIACAO/COORDENACAO,2026-02-10 08:59:51.661953-03:00,0819129-53.2026.8.14.0301,HOMOLOGAÇÃO DA TRANSAÇÃO EXTRAJUDICIAL (12374),JACQUELINE BASTOS LOUREIRO
CÍVEL,BELÉM,NAEFA CONCILIACAO/COORDENACAO,2026-02-10 09:06:31.508935-03:00,0819565-12.2026.8.14.0301,HOMOLOGAÇÃO DA TRANSAÇÃO EXTRAJUDICIAL (12374),JACQUELINE BASTOS LOUREIRO
CÍVEL,BELÉM,NAEFA CONCILIACAO/COORDENACAO,2026-02-10 09:10:18.103652-03:00,0819566-94.2026.8.14.0301,DIVÓRCIO CONSENSUAL (12372),JACQUELINE BASTOS LOUREIRO
CÍVEL,BELÉM,NAEFA CONCILIACAO/COORDENACAO,2026-02-10 09:27:36.285297-03:00,0819160-73.2026.8.14.0301,HOMOLOGAÇÃO DA TRANSAÇÃO EXTRAJUDICIAL (12374),JACQUELINE BASTOS LOUREIRO
CÍVEL,BELÉM,NAEFA CONCILIACAO/COORDENACAO,2026-02-10 11:00:57.208006-03:00,0819453-43.2026.8.14.0301,DIVÓRCIO CONSENSUAL (12372),JACQUELINE BASTOS LOUREIRO
CÍVEL,BELÉM,NAEFA CONCILIACAO/COORDENACAO,2026-02-10 11:10:49.574546-03:00,0819467-27.2026.8.14.0301,HOMOLOGAÇÃO DA TRANSAÇÃO EXTRAJUDICIAL (12374),JACQUELINE BASTOS LOUREIRO
CÍVEL,BELÉM,NAEFA CONCILIACAO/COORDENACAO,2026-02-10 13:32:26.510663-03:00,0819594-62.2026.8.14.0301,DIVÓRCIO CONSENSUAL (12372),JACQUELINE BASTOS LOUREIRO
CÍVEL,BELÉM,NAEFA CONCILIACAO/COORDENACAO,2026-02-10 13:38:40.494364-03:00,0800376-78.2026.8.14.0097,HOMOLOGAÇÃO DA TRANSAÇÃO EXTRAJUDICIAL (12374),JACQUELINE BASTOS LOUREIRO
CÍVEL,BELÉM,NAEFA CONCILIACAO/COORDENACAO,2026-02-10 13:46:13.828185-03:00,0803127-20.2026.8.14.0006,HOMOLOGAÇÃO DA TRANSAÇÃO EXTRAJUDICIAL (12374),JACQUELINE BASTOS LOUREIRO
CÍVEL,BELÉM,NAEFA CONCILIACAO/COORDENACAO,2026-02-10 13:48:55.851580-03:00,0800815-68.2026.8.14.0201,DIVÓRCIO CONSENSUAL (12372),JACQUELINE BASTOS LOUREIRO
CÍVEL,BELÉM,NAEFA CONCILIACAO/COORDENACAO,2026-02-10 13:51:49.185965-03:00,0819623-15.2026.8.14.0301,HOMOLOGAÇÃO DA TRANSAÇÃO EXTRAJUDICIAL (12374),JACQUELINE BASTOS LOUREIRO
CÍVEL,BELÉM,NAEFA CONCILIACAO/COORDENACAO,2026-02-10 13:52:45.221055-03:00,0819635-29.2026.8.14.0301,DIVÓRCIO CONSENSUAL (12372),JACQUELINE BASTOS LOUREIRO
CÍVEL,BELÉM,NAEFA CONCILIACAO/COORDENACAO,2026-02-10 13:55:49.755762-03:00,0819633-59.2026.8.14.0301,DIVÓRCIO CONSENSUAL (12372),JACQUELINE BASTOS LOUREIRO
CÍVEL,BELÉM,NAEFA CONCILIACAO/COORDENACAO,2026-02-11 11:31:57.603480-03:00,0820342-94.2026.8.14.0301,DIVÓRCIO CONSENSUAL (12372),JACQUELINE BASTOS LOUREIRO
CÍVEL,BELÉM,NAEFA CONCILIACAO/COORDENACAO,2026-02-11 11:40:12.339284-03:00,0820350-71.2026.8.14.0301,DIVÓRCIO CONSENSUAL (12372),JACQUELINE BASTOS LOUREIRO
CÍVEL,BELÉM,NAEFA CONCILIACAO/COORDENACAO,2026-02-11 11:48:46.200820-03:00,0820346-34.2026.8.14.0301,HOMOLOGAÇÃO DA TRANSAÇÃO EXTRAJUDICIAL (12374),JACQUELINE BASTOS LOUREIRO
CÍVEL,BELÉM,NAEFA CONCILIACAO/COORDENACAO,2026-02-11 11:53:04.587786-03:00,0820344-64.2026.8.14.0301,DIVÓRCIO CONSENSUAL (12372),JACQUELINE BASTOS LOUREIRO
CÍVEL,BELÉM,NAEFA CONCILIACAO/COORDENACAO,2026-02-11 12:00:17.441817-03:00,0820351-56.2026.8.14.0301,HOMOLOGAÇÃO DA TRANSAÇÃO EXTRAJUDICIAL (12374),JACQUELINE BASTOS LOUREIRO
CÍVEL,BELÉM,NAEFA CONCILIACAO/COORDENACAO,2026-02-12 08:37:28.828506-03:00,0820433-87.2026.8.14.0301,HOMOLOGAÇÃO DA TRANSAÇÃO EXTRAJUDICIAL (12374),JACQUELINE BASTOS LOUREIRO
CÍVEL,BELÉM,NAEFA CONCILIACAO/COORDENACAO,2026-02-12 08:55:28.438523-03:00,0820399-15.2026.8.14.0301,DIVÓRCIO CONSENSUAL (12372),JACQUELINE BASTOS LOUREIRO
CÍVEL,BELÉM,NAEFA CONCILIACAO/COORDENACAO,2026-02-12 09:00:36.760213-03:00,0820398-30.2026.8.14.0301,DIVÓRCIO CONSENSUAL (12372),JACQUELINE BASTOS LOUREIRO
CÍVEL,BELÉM,NAEFA CONCILIACAO/COORDENACAO,2026-02-12 09:07:33.049824-03:00,0820396-60.2026.8.14.0301,HOMOLOGAÇÃO DA TRANSAÇÃO EXTRAJUDICIAL (12374),JACQUELINE BASTOS LOUREIRO
CÍVEL,BELÉM,NAEFA CONCILIACAO/COORDENACAO,2026-02-12 10:26:50.360597-03:00,0820430-35.2026.8.14.0301,DIVÓRCIO CONSENSUAL (12372),JACQUELINE BASTOS LOUREIRO
CÍVEL,BELÉM,NAEFA CONCILIACAO/COORDENACAO,2026-02-13 08:33:45.325072-03:00,0820870-31.2026.8.14.0301,DIVÓRCIO CONSENSUAL (12372),JACQUELINE BASTOS LOUREIRO
CÍVEL,BELÉM,NAEFA CONCILIACAO/COORDENACAO,2026-02-13 08:39:32.914776-03:00,0820868-61.2026.8.14.0301,DIVÓRCIO CONSENSUAL (12372),JACQUELINE BASTOS LOUREIRO
CÍVEL,BELÉM,NAEFA CONCILIACAO/COORDENACAO,2026-02-13 08:44:12.788777-03:00,0820871-16.2026.8.14.0301,HOMOLOGAÇÃO DA TRANSAÇÃO EXTRAJUDICIAL (12374),JACQUELINE BASTOS LOUREIRO
CÍVEL,BELÉM,NAEFA CONCILIACAO/COORDENACAO,2026-02-13 08:48:55.292733-03:00,0820904-06.2026.8.14.0301,DIVÓRCIO CONSENSUAL (12372),JACQUELINE BASTOS LOUREIRO
CÍVEL,BELÉM,NAEFA CONCILIACAO/COORDENACAO,2026-02-13 08:53:19.272857-03:00,0820905-88.2026.8.14.0301,HOMOLOGAÇÃO DA TRANSAÇÃO EXTRAJUDICIAL (12374),JACQUELINE BASTOS LOUREIRO
CÍVEL,BELÉM,NAEFA CONCILIACAO/COORDENACAO,2026-02-13 08:57:42.150838-03:00,0820907-58.2026.8.14.0301,DIVÓRCIO CONSENSUAL (12372),JACQUELINE BASTOS LOUREIRO
CÍVEL,BELÉM,NAEFA CONCILIACAO/COORDENACAO,2026-02-13 09:02:07.899017-03:00,0820908-43.2026.8.14.0301,DIVÓRCIO CONSENSUAL (12372),JACQUELINE BASTOS LOUREIRO
CÍVEL,BELÉM,NAEFA CONCILIACAO/COORDENACAO,2026-02-13 09:05:10.968107-03:00,0820910-13.2026.8.14.0301,DIVÓRCIO CONSENSUAL (12372),JACQUELINE BASTOS LOUREIRO
CÍVEL,BELÉM,NAEFA CONCILIACAO/COORDENACAO,2026-02-13 09:09:52.484212-03:00,0820912-80.2026.8.14.0301,DIVÓRCIO CONSENSUAL (12372),JACQUELINE BASTOS LOUREIRO
CÍVEL,BELÉM,NAEFA CONCILIACAO/COORDENACAO,2026-02-13 09:16:23.764805-03:00,0820914-50.2026.8.14.0301,DIVÓRCIO CONSENSUAL (12372),JACQUELINE BASTOS LOUREIRO
CÍVEL,BELÉM,NAEFA CONCILIACAO/COORDENACAO,2026-02-13 09:24:47.555768-03:00,0820915-35.2026.8.14.0301,HOMOLOGAÇÃO DA TRANSAÇÃO EXTRAJUDICIAL (12374),JACQUELINE BASTOS LOUREIRO
CÍVEL,BELÉM,NAEFA CONCILIACAO/COORDENACAO,2026-02-13 09:32:00.758936-03:00,0820918-87.2026.8.14.0301,HOMOLOGAÇÃO DA TRANSAÇÃO EXTRAJUDICIAL (12374),JACQUELINE BASTOS LOUREIRO
CÍVEL,BELÉM,NAEFA CONCILIACAO/COORDENACAO,2026-02-13 09:38:00.154397-03:00,0820921-42.2026.8.14.0301,DIVÓRCIO CONSENSUAL (12372),JACQUELINE BASTOS LOUREIRO
CÍVEL,BELÉM,NAEFA CONCILIACAO/COORDENACAO,2026-02-13 11:14:35.431247-03:00,0821093-81.2026.8.14.0301,HOMOLOGAÇÃO DA TRANSAÇÃO EXTRAJUDICIAL (12374),ANA ALICE NEVES CALDAS FIGUEIREDO
CÍVEL,BELÉM,NAEFA CONCILIACAO/COORDENACAO,2026-02-13 11:21:26.556727-03:00,0821108-50.2026.8.14.0301,HOMOLOGAÇÃO DA TRANSAÇÃO EXTRAJUDICIAL (12374),ANA ALICE NEVES CALDAS FIGUEIREDO
CÍVEL,BELÉM,NAEFA CONCILIACAO/COORDENACAO,2026-02-13 11:25:27.638790-03:00,0821106-80.2026.8.14.0301,DIVÓRCIO CONSENSUAL (12372),ANA ALICE NEVES CALDAS FIGUEIREDO
CÍVEL,BELÉM,NAEFA CONCILIACAO/COORDENACAO,2026-02-13 11:31:06.946544-03:00,0821104-13.2026.8.14.0301,DIVÓRCIO CONSENSUAL (12372),ANA ALICE NEVES CALDAS FIGUEIREDO
CÍVEL,BELÉM,NAEFA CONCILIACAO/COORDENACAO,2026-02-13 11:31:37.097156-03:00,0821094-66.2026.8.14.0301,HOMOLOGAÇÃO DA TRANSAÇÃO EXTRAJUDICIAL (12374),ANA ALICE NEVES CALDAS FIGUEIREDO
CÍVEL,BELÉM,NAEFA CONCILIACAO/COORDENACAO,2026-02-13 11:33:35.444303-03:00,0821102-43.2026.8.14.0301,DIVÓRCIO CONSENSUAL (12372),ANA ALICE NEVES CALDAS FIGUEIREDO
CÍVEL,BELÉM,NAEFA CONCILIACAO/COORDENACAO,2026-02-13 11:36:26.903003-03:00,0803460-69.2026.8.14.0006,DIVÓRCIO CONSENSUAL (12372),ANA ALICE NEVES CALDAS FIGUEIREDO
CÍVEL,BELÉM,NAEFA CONCILIACAO/COORDENACAO,2026-02-13 11:41:30.813989-03:00,0821095-51.2026.8.14.0301,HOMOLOGAÇÃO DA TRANSAÇÃO EXTRAJUDICIAL (12374),ANA ALICE NEVES CALDAS FIGUEIREDO
CÍVEL,BELÉM,NAEFA CONCILIACAO/COORDENACAO,2026-02-13 11:47:07.236780-03:00,0821098-06.2026.8.14.0301,DIVÓRCIO CONSENSUAL (12372),ANA ALICE NEVES CALDAS FIGUEIREDO
CÍVEL,BELÉM,NAEFA CONCILIACAO/COORDENACAO,2026-02-13 11:52:57.259619-03:00,0821109-35.2026.8.14.0301,HOMOLOGAÇÃO DA TRANSAÇÃO EXTRAJUDICIAL (12374),ANA ALICE NEVES CALDAS FIGUEIREDO
CÍVEL,BELÉM,NAEFA CONCILIACAO/COORDENACAO,2026-02-13 11:58:31.403107-03:00,0821099-88.2026.8.14.0301,HOMOLOGAÇÃO DA TRANSAÇÃO EXTRAJUDICIAL (12374),ANA ALICE NEVES CALDAS FIGUEIREDO
CÍVEL,BELÉM,NAEFA CONCILIACAO/COORDENACAO,2026-02-13 12:08:06.090960-03:00,0821111-05.2026.8.14.0301,HOMOLOGAÇÃO DA TRANSAÇÃO EXTRAJUDICIAL (12374),ANA ALICE NEVES CALDAS FIGUEIREDO
CÍVEL,BELÉM,NAEFA CONCILIACAO/COORDENACAO,2026-02-13 12:19:16.781604-03:00,0821112-87.2026.8.14.0301,HOMOLOGAÇÃO DA TRANSAÇÃO EXTRAJUDICIAL (12374),ANA ALICE NEVES CALDAS FIGUEIREDO
CÍVEL,BELÉM,NAEFA CONCILIACAO/COORDENACAO,2026-02-20 10:47:40.201538-03:00,0825016-18.2026.8.14.0301,DIVÓRCIO CONSENSUAL (12372),ANA ALICE NEVES CALDAS FIGUEIREDO
CÍVEL,BELÉM,NAEFA CONCILIACAO/COORDENACAO,2026-02-20 11:11:06.876404-03:00,0822368-65.2026.8.14.0301,DIVÓRCIO CONSENSUAL (12372),JACQUELINE BASTOS LOUREIRO
CÍVEL,BELÉM,NAEFA CONCILIACAO/COORDENACAO,2026-02-20 11:19:15.438387-03:00,0822373-87.2026.8.14.0301,HOMOLOGAÇÃO DA TRANSAÇÃO EXTRAJUDICIAL (12374),JACQUELINE BASTOS LOUREIRO
CÍVEL,BELÉM,NAEFA CONCILIACAO/COORDENACAO,2026-02-20 11:27:31.508107-03:00,0822366-95.2026.8.14.0301,DIVÓRCIO CONSENSUAL (12372),JACQUELINE BASTOS LOUREIRO
CÍVEL,BELÉM,NAEFA CONCILIACAO/COORDENACAO,2026-02-20 11:37:57.498990-03:00,0822360-88.2026.8.14.0301,DIVÓRCIO CONSENSUAL (12372),JACQUELINE BASTOS LOUREIRO
CÍVEL,BELÉM,NAEFA CONCILIACAO/COORDENACAO,2026-02-20 11:44:45.725455-03:00,0822358-21.2026.8.14.0301,DIVÓRCIO CONSENSUAL (12372),JACQUELINE BASTOS LOUREIRO
CÍVEL,BELÉM,NAEFA CONCILIACAO/COORDENACAO,2026-02-24 15:25:55.884778-03:00,0823457-26.2026.8.14.0301,HOMOLOGAÇÃO DA TRANSAÇÃO EXTRAJUDICIAL (12374),JACQUELINE BASTOS LOUREIRO
CÍVEL,BELÉM,NAEFA CONCILIACAO/COORDENACAO,2026-02-24 15:35:29.887161-03:00,0823467-70.2026.8.14.0301,DIVÓRCIO CONSENSUAL (12372),JACQUELINE BASTOS LOUREIRO
CÍVEL,BELÉM,NAEFA CONCILIACAO/COORDENACAO,2026-02-24 15:38:19.152047-03:00,0823470-25.2026.8.14.0301,DIVÓRCIO CONSENSUAL (12372),JACQUELINE BASTOS LOUREIRO
CÍVEL,BELÉM,NAEFA CONCILIACAO/COORDENACAO,2026-02-24 15:41:32.265203-03:00,0823472-92.2026.8.14.0301,DIVÓRCIO CONSENSUAL (12372),JACQUELINE BASTOS LOUREIRO
CÍVEL,BELÉM,NAEFA CONCILIACAO/COORDENACAO,2026-02-25 09:15:20.006393-03:00,0823724-95.2026.8.14.0301,HOMOLOGAÇÃO DA TRANSAÇÃO EXTRAJUDICIAL (12374),JACQUELINE BASTOS LOUREIRO
CÍVEL,BELÉM,NAEFA CONCILIACAO/COORDENACAO,2026-02-25 09:19:08.136228-03:00,0823723-13.2026.8.14.0301,DIVÓRCIO CONSENSUAL (12372),JACQUELINE BASTOS LOUREIRO
CÍVEL,BELÉM,NAEFA CONCILIACAO/COORDENACAO,2026-02-25 09:23:13.164599-03:00,0823714-51.2026.8.14.0301,HOMOLOGAÇÃO DA TRANSAÇÃO EXTRAJUDICIAL (12374),JACQUELINE BASTOS LOUREIRO
CÍVEL,BELÉM,NAEFA CONCILIACAO/COORDENACAO,2026-02-25 09:27:32.555852-03:00,0823720-58.2026.8.14.0301,HOMOLOGAÇÃO DA TRANSAÇÃO EXTRAJUDICIAL (12374),JACQUELINE BASTOS LOUREIRO
CÍVEL,BELÉM,NAEFA CONCILIACAO/COORDENACAO,2026-02-25 09:35:32.751034-03:00,0823719-73.2026.8.14.0301,DIVÓRCIO CONSENSUAL (12372),JACQUELINE BASTOS LOUREIRO
CÍVEL,BELÉM,NAEFA CONCILIACAO/COORDENACAO,2026-02-25 10:50:31.086536-03:00,0823774-24.2026.8.14.0301,DIVÓRCIO CONSENSUAL (12372),JACQUELINE BASTOS LOUREIRO
CÍVEL,BELÉM,NAEFA CONCILIACAO/COORDENACAO,2026-02-25 11:08:32.021439-03:00,0823785-53.2026.8.14.0301,HOMOLOGAÇÃO DA TRANSAÇÃO EXTRAJUDICIAL (12374),JACQUELINE BASTOS LOUREIRO
CÍVEL,BELÉM,NAEFA CONCILIACAO/COORDENACAO,2026-02-27 10:51:56.117317-03:00,0824995-42.2026.8.14.0301,HOMOLOGAÇÃO DA TRANSAÇÃO EXTRAJUDICIAL (12374),ANA ALICE NEVES CALDAS FIGUEIREDO
CÍVEL,BELÉM,NAEFA CONCILIACAO/COORDENACAO,2026-02-27 10:56:46.681082-03:00,0824972-96.2026.8.14.0301,HOMOLOGAÇÃO DA TRANSAÇÃO EXTRAJUDICIAL (12374),ANA ALICE NEVES CALDAS FIGUEIREDO
CÍVEL,BELÉM,NAEFA CONCILIACAO/COORDENACAO,2026-02-27 11:48:28.073314-03:00,0825014-48.2026.8.14.0301,HOMOLOGAÇÃO DA TRANSAÇÃO EXTRAJUDICIAL (12374),ANA ALICE NEVES CALDAS FIGUEIREDO
CÍVEL,BELÉM,NAEFA CONCILIACAO/COORDENACAO,2026-02-27 11:53:42.753916-03:00,0824993-72.2026.8.14.0301,HOMOLOGAÇÃO DA TRANSAÇÃO EXTRAJUDICIAL (12374),ANA ALICE NEVES CALDAS FIGUEIREDO
CÍVEL,BELÉM,NAEFA CONCILIACAO/COORDENACAO,2026-02-27 11:55:50.274044-03:00,0825011-93.2026.8.14.0301,DIVÓRCIO CONSENSUAL (12372),ANA ALICE NEVES CALDAS FIGUEIREDO
CÍVEL,BELÉM,NAEFA CONCILIACAO/COORDENACAO,2026-02-27 11:58:34.390690-03:00,0824990-20.2026.8.14.0301,HOMOLOGAÇÃO DA TRANSAÇÃO EXTRAJUDICIAL (12374),ANA ALICE NEVES CALDAS FIGUEIREDO
CÍVEL,BELÉM,NAEFA CONCILIACAO/COORDENACAO,2026-02-27 12:05:45.195164-03:00,0825005-86.2026.8.14.0301,HOMOLOGAÇÃO DA TRANSAÇÃO EXTRAJUDICIAL (12374),ANA ALICE NEVES CALDAS FIGUEIREDO
CÍVEL,BELÉM,NAEFA CONCILIACAO/COORDENACAO,2026-02-27 12:10:05.098421-03:00,0824986-80.2026.8.14.0301,DIVÓRCIO CONSENSUAL (12372),ANA ALICE NEVES CALDAS FIGUEIREDO
CÍVEL,BELÉM,NAEFA CONCILIACAO/COORDENACAO,2026-02-27 12:11:42.743651-03:00,0824988-50.2026.8.14.0301,DIVÓRCIO CONSENSUAL (12372),ANA ALICE NEVES CALDAS FIGUEIREDO
CÍVEL,BELÉM,NAEFA CONCILIACAO/COORDENACAO,2026-02-27 12:14:01.312411-03:00,0825001-49.2026.8.14.0301,DIVÓRCIO CONSENSUAL (12372),ANA ALICE NEVES CALDAS FIGUEIREDO
CÍVEL,BELÉM,NAEFA CONCILIACAO/COORDENACAO,2026-02-27 12:17:36.549362-03:00,0824980-73.2026.8.14.0301,HOMOLOGAÇÃO DA TRANSAÇÃO EXTRAJUDICIAL (12374),ANA ALICE NEVES CALDAS FIGUEIREDO
CÍVEL,BELÉM,NAEFA CONCILIACAO/COORDENACAO,2026-02-27 12:23:17.631348-03:00,0824977-21.2026.8.14.0301,DIVÓRCIO CONSENSUAL (12372),ANA ALICE NEVES CALDAS FIGUEIREDO
CÍVEL,BELÉM,NAEFA CONCILIACAO/COORDENACAO,2026-02-27 12:41:54.250500-03:00,0825000-64.2026.8.14.0301,DIVÓRCIO CONSENSUAL (12372),ANA ALICE NEVES CALDAS FIGUEIREDO
CÍVEL,BELÉM,NAEFA CONCILIACAO/COORDENACAO,2026-02-27 12:53:51.486236-03:00,0824999-79.2026.8.14.0301,DIVÓRCIO CONSENSUAL (12372),ANA ALICE NEVES CALDAS FIGUEIREDO
CÍVEL,BELÉM,NAEFA CONCILIACAO/COORDENACAO,2026-02-27 13:10:21.244134-03:00,0824996-27.2026.8.14.0301,DIVÓRCIO CONSENSUAL (12372),ANA ALICE NEVES CALDAS FIGUEIREDO
CÍVEL,BELÉM,NAEFA CONCILIACAO/COORDENACAO,2026-03-06 09:23:13.565123-03:00,0827005-59.2026.8.14.0301,HOMOLOGAÇÃO DA TRANSAÇÃO EXTRAJUDICIAL (12374),ANA ALICE NEVES CALDAS FIGUEIREDO
CÍVEL,BELÉM,NAEFA CONCILIACAO/COORDENACAO,2026-03-06 09:27:19.630954-03:00,0826985-68.2026.8.14.0301,ALIMENTOS - LEI ESPECIAL Nº 5.478/68 (69),ANA ALICE NEVES CALDAS FIGUEIREDO
CÍVEL,BELÉM,NAEFA CONCILIACAO/COORDENACAO,2026-03-06 09:35:48.254922-03:00,0826982-16.2026.8.14.0301,DIVÓRCIO LITIGIOSO (12541),ANA ALICE NEVES CALDAS FIGUEIREDO
CÍVEL,BELÉM,NAEFA CONCILIACAO/COORDENACAO,2026-03-06 13:32:22.406146-03:00,0827015-06.2026.8.14.0301,DIVÓRCIO CONSENSUAL (12372),ANA ALICE NEVES CALDAS FIGUEIREDO
CÍVEL,BELÉM,NAEFA CONCILIACAO/COORDENACAO,2026-03-06 13:36:06.132826-03:00,0827014-21.2026.8.14.0301,DIVÓRCIO CONSENSUAL (12372),ANA ALICE NEVES CALDAS FIGUEIREDO
CÍVEL,BELÉM,NAEFA CONCILIACAO/COORDENACAO,2026-03-06 13:40:28.423419-03:00,0827013-36.2026.8.14.0301,HOMOLOGAÇÃO DA TRANSAÇÃO EXTRAJUDICIAL (12374),ANA ALICE NEVES CALDAS FIGUEIREDO
CÍVEL,BELÉM,NAEFA CONCILIACAO/COORDENACAO,2026-03-06 13:43:45.785713-03:00,0826979-61.2026.8.14.0301,DIVÓRCIO CONSENSUAL (12372),ANA ALICE NEVES CALDAS FIGUEIREDO
CÍVEL,BELÉM,NAEFA CONCILIACAO/COORDENACAO,2026-03-06 13:47:03.083132-03:00,0827011-66.2026.8.14.0301,DIVÓRCIO CONSENSUAL (12372),ANA ALICE NEVES CALDAS FIGUEIREDO
CÍVEL,BELÉM,NAEFA CONCILIACAO/COORDENACAO,2026-03-06 13:47:55.054176-03:00,0826978-76.2026.8.14.0301,DIVÓRCIO CONSENSUAL (12372),ANA ALICE NEVES CALDAS FIGUEIREDO
CÍVEL,BELÉM,NAEFA CONCILIACAO/COORDENACAO,2026-03-06 13:51:46.263656-03:00,0827009-96.2026.8.14.0301,HOMOLOGAÇÃO DA TRANSAÇÃO EXTRAJUDICIAL (12374),ANA ALICE NEVES CALDAS FIGUEIREDO
CÍVEL,BELÉM,NAEFA CONCILIACAO/COORDENACAO,2026-03-06 13:53:00.117237-03:00,0826973-54.2026.8.14.0301,DIVÓRCIO CONSENSUAL (12372),ANA ALICE NEVES CALDAS FIGUEIREDO
CÍVEL,BELÉM,NAEFA CONCILIACAO/COORDENACAO,2026-03-06 13:56:33.209100-03:00,0827007-29.2026.8.14.0301,HOMOLOGAÇÃO DA TRANSAÇÃO EXTRAJUDICIAL (12374),ANA ALICE NEVES CALDAS FIGUEIREDO
CÍVEL,BELÉM,NAEFA CONCILIACAO/COORDENACAO,2026-03-06 13:56:43.629817-03:00,0826976-09.2026.8.14.0301,DIVÓRCIO CONSENSUAL (12372),ANA ALICE NEVES CALDAS FIGUEIREDO
CÍVEL,BELÉM,NAEFA CONCILIACAO/COORDENACAO,2026-03-06 14:09:21.602235-03:00,0826959-70.2026.8.14.0301,HOMOLOGAÇÃO DA TRANSAÇÃO EXTRAJUDICIAL (12374),ANA ALICE NEVES CALDAS FIGUEIREDO
CÍVEL,BELÉM,NAEFA CONCILIACAO/COORDENACAO,2026-03-06 14:13:51.152339-03:00,0826956-18.2026.8.14.0301,HOMOLOGAÇÃO DA TRANSAÇÃO EXTRAJUDICIAL (12374),ANA ALICE NEVES CALDAS FIGUEIREDO
CÍVEL,BELÉM,NAEFA CONCILIACAO/COORDENACAO,2026-03-06 14:28:52.604426-03:00,0826947-56.2026.8.14.0301,HOMOLOGAÇÃO DA TRANSAÇÃO EXTRAJUDICIAL (12374),ANA ALICE NEVES CALDAS FIGUEIREDO
CÍVEL,BELÉM,NAEFA CONCILIACAO/COORDENACAO,2026-03-06 14:43:18.179840-03:00,0826952-78.2026.8.14.0301,HOMOLOGAÇÃO DA TRANSAÇÃO EXTRAJUDICIAL (12374),ANA ALICE NEVES CALDAS FIGUEIREDO
CÍVEL,BELÉM,NAEFA CONCILIACAO/COORDENACAO,2026-03-17 13:57:28.158404-03:00,0830256-85.2026.8.14.0301,HOMOLOGAÇÃO DA TRANSAÇÃO EXTRAJUDICIAL (12374),JACQUELINE BASTOS LOUREIRO
CÍVEL,BELÉM,NAEFA CONCILIACAO/COORDENACAO,2026-03-18 14:44:39.858143-03:00,0830694-14.2026.8.14.0301,PROCEDIMENTO COMUM CÍVEL (7),JACQUELINE BASTOS LOUREIRO
CÍVEL,BELÉM,NAEFA CONCILIACAO/COORDENACAO,2026-03-18 14:59:26.058015-03:00,0830705-43.2026.8.14.0301,DIVÓRCIO LITIGIOSO (12541),JACQUELINE BASTOS LOUREIRO
CÍVEL,BELÉM,NAEFA CONCILIACAO/COORDENACAO,2026-03-18 15:06:59.723779-03:00,0830715-87.2026.8.14.0301,DIVÓRCIO LITIGIOSO (12541),JACQUELINE BASTOS LOUREIRO
CÍVEL,BELÉM,NAEFA CONCILIACAO/COORDENACAO,2026-03-19 10:00:17.768096-03:00,0830921-04.2026.8.14.0301,PROCEDIMENTO COMUM CÍVEL (7),JACQUELINE BASTOS LOUREIRO
CÍVEL,BELÉM,NAEFA CONCILIACAO/COORDENACAO,2026-03-19 10:07:14.853640-03:00,0830940-10.2026.8.14.0301,DIVÓRCIO CONSENSUAL (12372),JACQUELINE BASTOS LOUREIRO
CÍVEL,BELÉM,NAEFA CONCILIACAO/COORDENACAO,2026-03-19 10:07:43.977796-03:00,0830915-94.2026.8.14.0301,DIVÓRCIO CONSENSUAL (12372),JACQUELINE BASTOS LOUREIRO
CÍVEL,BELÉM,NAEFA CONCILIACAO/COORDENACAO,2026-03-19 10:11:55.274670-03:00,0830934-03.2026.8.14.0301,DIVÓRCIO CONSENSUAL (12372),JACQUELINE BASTOS LOUREIRO
CÍVEL,BELÉM,NAEFA CONCILIACAO/COORDENACAO,2026-03-19 10:13:22.235469-03:00,0830919-34.2026.8.14.0301,HOMOLOGAÇÃO DA TRANSAÇÃO EXTRAJUDICIAL (12374),JACQUELINE BASTOS LOUREIRO
CÍVEL,BELÉM,NAEFA CONCILIACAO/COORDENACAO,2026-03-19 10:13:46.457601-03:00,0830933-18.2026.8.14.0301,DIVÓRCIO CONSENSUAL (12372),JACQUELINE BASTOS LOUREIRO
CÍVEL,BELÉM,NAEFA CONCILIACAO/COORDENACAO,2026-03-19 10:16:13.061549-03:00,0830930-63.2026.8.14.0301,DIVÓRCIO CONSENSUAL (12372),JACQUELINE BASTOS LOUREIRO
CÍVEL,BELÉM,NAEFA CONCILIACAO/COORDENACAO,2026-03-19 10:20:22.522300-03:00,0830929-78.2026.8.14.0301,DIVÓRCIO CONSENSUAL (12372),JACQUELINE BASTOS LOUREIRO
CÍVEL,BELÉM,NAEFA CONCILIACAO/COORDENACAO,2026-03-19 10:22:18.217708-03:00,0830925-41.2026.8.14.0301,DIVÓRCIO CONSENSUAL (12372),JACQUELINE BASTOS LOUREIRO
CÍVEL,BELÉM,NAEFA CONCILIACAO/COORDENACAO,2026-03-20 09:36:52.321162-03:00,0833522-80.2026.8.14.0301,DIVÓRCIO CONSENSUAL (12372),JACQUELINE BASTOS LOUREIRO
CÍVEL,BELÉM,NAEFA CONCILIACAO/COORDENACAO,2026-03-20 10:50:25.842192-03:00,0833517-58.2026.8.14.0301,DIVÓRCIO CONSENSUAL (12372),JACQUELINE BASTOS LOUREIRO
CÍVEL,BELÉM,NAEFA CONCILIACAO/COORDENACAO,2026-03-20 11:01:42.816479-03:00,0833513-21.2026.8.14.0301,DIVÓRCIO CONSENSUAL (12372),JACQUELINE BASTOS LOUREIRO
CÍVEL,BELÉM,NAEFA CONCILIACAO/COORDENACAO,2026-03-20 11:20:11.957042-03:00,0833503-74.2026.8.14.0301,DIVÓRCIO CONSENSUAL (12372),JACQUELINE BASTOS LOUREIRO
CÍVEL,BELÉM,NAEFA CONCILIACAO/COORDENACAO,2026-03-20 11:30:35.953056-03:00,0833502-89.2026.8.14.0301,DIVÓRCIO CONSENSUAL (12372),JACQUELINE BASTOS LOUREIRO
CÍVEL,BELÉM,NAEFA CONCILIACAO/COORDENACAO,2026-03-20 11:42:39.410484-03:00,0833500-22.2026.8.14.0301,HOMOLOGAÇÃO DA TRANSAÇÃO EXTRAJUDICIAL (12374),JACQUELINE BASTOS LOUREIRO
CÍVEL,BELÉM,NAEFA CONCILIACAO/COORDENACAO,2026-03-20 11:47:35.378824-03:00,0833494-15.2026.8.14.0301,DIVÓRCIO CONSENSUAL (12372),JACQUELINE BASTOS LOUREIRO
CÍVEL,BELÉM,NAEFA CONCILIACAO/COORDENACAO,2026-03-20 13:27:58.180275-03:00,0833489-90.2026.8.14.0301,DIVÓRCIO CONSENSUAL (12372),JACQUELINE BASTOS LOUREIRO
CÍVEL,BELÉM,NAEFA CONCILIACAO/COORDENACAO,2026-03-23 09:40:01.117169-03:00,0831917-02.2026.8.14.0301,ALIMENTOS - LEI ESPECIAL Nº 5.478/68 (69),JACQUELINE BASTOS LOUREIRO
CÍVEL,BELÉM,NAEFA CONCILIACAO/COORDENACAO,2026-03-30 13:32:05.055813-03:00,0834204-35.2026.8.14.0301,ALIMENTOS - LEI ESPECIAL Nº 5.478/68 (69),JACQUELINE BASTOS LOUREIRO
CÍVEL,BELÉM,NAEFA CONCILIACAO/COORDENACAO,2026-03-30 13:35:29.917329-03:00,0834205-20.2026.8.14.0301,ALIMENTOS - LEI ESPECIAL Nº 5.478/68 (69),JACQUELINE BASTOS LOUREIRO
CÍVEL,BELÉM,NAEFA CONCILIACAO/COORDENACAO,2026-03-31 09:10:35.085004-03:00,0834513-56.2026.8.14.0301,ALIMENTOS - LEI ESPECIAL Nº 5.478/68 (69),JACQUELINE BASTOS LOUREIRO
CÍVEL,BELÉM,NAEFA CONCILIACAO/COORDENACAO,2026-04-01 09:29:16.404096-03:00,0835026-24.2026.8.14.0301,ALIMENTOS - LEI ESPECIAL Nº 5.478/68 (69),JACQUELINE BASTOS LOUREIRO
CÍVEL,BELÉM,NAEFA CONCILIACAO/COORDENACAO,2026-04-07 09:32:22.832578-03:00,0838977-26.2026.8.14.0301,ALIMENTOS - LEI ESPECIAL Nº 5.478/68 (69),JACQUELINE BASTOS LOUREIRO
CÍVEL,BELÉM,NAEFA CONCILIACAO/COORDENACAO,2026-04-09 12:45:14.044583-03:00,0840209-73.2026.8.14.0301,ALIMENTOS - LEI ESPECIAL Nº 5.478/68 (69),JACQUELINE BASTOS LOUREIRO
CÍVEL,BELÉM,NAEFA CONCILIACAO/COORDENACAO,2026-04-10 10:45:20.280864-03:00,0842490-02.2026.8.14.0301,DIVÓRCIO CONSENSUAL (12372),JACQUELINE BASTOS LOUREIRO
CÍVEL,BELÉM,NAEFA CONCILIACAO/COORDENACAO,2026-04-10 11:07:20.264316-03:00,0842493-54.2026.8.14.0301,DIVÓRCIO CONSENSUAL (12372),JACQUELINE BASTOS LOUREIRO
CÍVEL,BELÉM,NAEFA CONCILIACAO/COORDENACAO,2026-04-10 11:25:46.555684-03:00,0842496-09.2026.8.14.0301,HOMOLOGAÇÃO DA TRANSAÇÃO EXTRAJUDICIAL (12374),JACQUELINE BASTOS LOUREIRO
CÍVEL,BELÉM,NAEFA CONCILIACAO/COORDENACAO,2026-04-13 13:37:53.087862-03:00,0842503-98.2026.8.14.0301,DIVÓRCIO CONSENSUAL (12372),JACQUELINE BASTOS LOUREIRO
CÍVEL,BELÉM,NAEFA CONCILIACAO/COORDENACAO,2026-04-14 13:12:11.433868-03:00,0841763-43.2026.8.14.0301,DIVÓRCIO CONSENSUAL (12372),JACQUELINE BASTOS LOUREIRO
CÍVEL,BELÉM,NAEFA CONCILIACAO/COORDENACAO,2026-04-14 13:29:57.852389-03:00,0842506-53.2026.8.14.0301,HOMOLOGAÇÃO DA TRANSAÇÃO EXTRAJUDICIAL (12374),JACQUELINE BASTOS LOUREIRO
CÍVEL,BELÉM,NAEFA CONCILIACAO/COORDENACAO,2026-04-14 13:39:12.954615-03:00,0842510-90.2026.8.14.0301,HOMOLOGAÇÃO DA TRANSAÇÃO EXTRAJUDICIAL (12374),JACQUELINE BASTOS LOUREIRO
CÍVEL,BELÉM,NAEFA CONCILIACAO/COORDENACAO,2026-04-14 13:45:48.244755-03:00,0842513-45.2026.8.14.0301,DIVÓRCIO CONSENSUAL (12372),JACQUELINE BASTOS LOUREIRO
CÍVEL,BELÉM,NAEFA CONCILIACAO/COORDENACAO,2026-04-14 13:51:50.420995-03:00,0841802-40.2026.8.14.0301,HOMOLOGAÇÃO DA TRANSAÇÃO EXTRAJUDICIAL (12374),JACQUELINE BASTOS LOUREIRO
CÍVEL,BELÉM,NAEFA CONCILIACAO/COORDENACAO,2026-04-15 07:44:39.572344-03:00,0842515-15.2026.8.14.0301,DIVÓRCIO CONSENSUAL (12372),JACQUELINE BASTOS LOUREIRO
CÍVEL,BELÉM,NAEFA CONCILIACAO/COORDENACAO,2026-04-15 08:15:26.154977-03:00,0842519-52.2026.8.14.0301,DIVÓRCIO CONSENSUAL (12372),JACQUELINE BASTOS LOUREIRO
CÍVEL,BELÉM,NAEFA CONCILIACAO/COORDENACAO,2026-04-15 09:40:00.445210-03:00,0842523-89.2026.8.14.0301,DIVÓRCIO CONSENSUAL (12372),JACQUELINE BASTOS LOUREIRO
CÍVEL,BELÉM,NAEFA CONCILIACAO/COORDENACAO,2026-04-15 10:47:19.334825-03:00,0842532-51.2026.8.14.0301,HOMOLOGAÇÃO DA TRANSAÇÃO EXTRAJUDICIAL (12374),JACQUELINE BASTOS LOUREIRO
CÍVEL,BELÉM,NAEFA CONCILIACAO/COORDENACAO,2026-04-15 13:25:51.939306-03:00,0842536-88.2026.8.14.0301,DIVÓRCIO CONSENSUAL (12372),JACQUELINE BASTOS LOUREIRO
CÍVEL,BELÉM,NAEFA CONCILIACAO/COORDENACAO,2026-04-15 13:42:59.260372-03:00,0842541-13.2026.8.14.0301,DIVÓRCIO CONSENSUAL (12372),JACQUELINE BASTOS LOUREIRO
CÍVEL,BELÉM,NAEFA CONCILIACAO/COORDENACAO,2026-04-15 19:30:02.699366-03:00,0842478-85.2026.8.14.0301,ALIMENTOS - LEI ESPECIAL Nº 5.478/68 (69),JACQUELINE BASTOS LOUREIRO
CÍVEL,BELÉM,NAEFA CONCILIACAO/COORDENACAO,2026-04-15 19:43:16.983711-03:00,0842482-25.2026.8.14.0301,HOMOLOGAÇÃO DA TRANSAÇÃO EXTRAJUDICIAL (12374),JACQUELINE BASTOS LOUREIRO
CÍVEL,BELÉM,NAEFA CONCILIACAO/COORDENACAO,2026-04-15 19:52:04.789319-03:00,0842486-62.2026.8.14.0301,PROCEDIMENTO COMUM CÍVEL (7),JACQUELINE BASTOS LOUREIRO
CÍVEL,BELÉM,NAEFA CONCILIACAO/COORDENACAO,2026-04-15 20:12:15.920271-03:00,0842489-17.2026.8.14.0301,HOMOLOGAÇÃO DA TRANSAÇÃO EXTRAJUDICIAL (12374),JACQUELINE BASTOS LOUREIRO
CÍVEL,BELÉM,NAEFA CONCILIACAO/COORDENACAO,2026-04-15 20:38:57.382770-03:00,0842501-31.2026.8.14.0301,DIVÓRCIO CONSENSUAL (12372),JACQUELINE BASTOS LOUREIRO
CÍVEL,BELÉM,NAEFA CONCILIACAO/COORDENACAO,2026-04-16 08:48:32.489199-03:00,0842821-81.2026.8.14.0301,DIVÓRCIO CONSENSUAL (12372),JACQUELINE BASTOS LOUREIRO
CÍVEL,BELÉM,NAEFA CONCILIACAO/COORDENACAO,2026-04-16 08:52:44.290338-03:00,0842822-66.2026.8.14.0301,DIVÓRCIO CONSENSUAL (12372),JACQUELINE BASTOS LOUREIRO
CÍVEL,BELÉM,NAEFA CONCILIACAO/COORDENACAO,2026-04-16 08:56:07.889325-03:00,0842823-51.2026.8.14.0301,DIVÓRCIO CONSENSUAL (12372),JACQUELINE BASTOS LOUREIRO
CÍVEL,BELÉM,NAEFA CONCILIACAO/COORDENACAO,2026-04-16 09:02:14.836005-03:00,0842826-06.2026.8.14.0301,DIVÓRCIO CONSENSUAL (12372),JACQUELINE BASTOS LOUREIRO
CÍVEL,BELÉM,NAEFA CONCILIACAO/COORDENACAO,2026-04-16 09:07:11.993757-03:00,0842836-50.2026.8.14.0301,DIVÓRCIO CONSENSUAL (12372),JACQUELINE BASTOS LOUREIRO
CÍVEL,BELÉM,NAEFA CONCILIACAO/COORDENACAO,2026-04-16 09:10:08.504210-03:00,0842831-28.2026.8.14.0301,DIVÓRCIO CONSENSUAL (12372),JACQUELINE BASTOS LOUREIRO
CÍVEL,BELÉM,NAEFA CONCILIACAO/COORDENACAO,2026-04-16 09:13:56.352936-03:00,0842833-95.2026.8.14.0301,DIVÓRCIO CONSENSUAL (12372),JACQUELINE BASTOS LOUREIRO
CÍVEL,BELÉM,NAEFA CONCILIACAO/COORDENACAO,2026-04-16 09:16:46.942409-03:00,0842840-87.2026.8.14.0301,DIVÓRCIO CONSENSUAL (12372),JACQUELINE BASTOS LOUREIRO
CÍVEL,BELÉM,NAEFA CONCILIACAO/COORDENACAO,2026-04-16 09:21:37.516183-03:00,0842842-57.2026.8.14.0301,HOMOLOGAÇÃO DA TRANSAÇÃO EXTRAJUDICIAL (12374),JACQUELINE BASTOS LOUREIRO
CÍVEL,BELÉM,NAEFA CONCILIACAO/COORDENACAO,2026-04-16 10:52:01.376194-03:00,0842705-75.2026.8.14.0301,HOMOLOGAÇÃO DA TRANSAÇÃO EXTRAJUDICIAL (12374),JACQUELINE BASTOS LOUREIRO
CÍVEL,BELÉM,NAEFA CONCILIACAO/COORDENACAO,2026-04-16 14:12:36.300548-03:00,0842848-64.2026.8.14.0301,HOMOLOGAÇÃO DA TRANSAÇÃO EXTRAJUDICIAL (12374),JACQUELINE BASTOS LOUREIRO
CÍVEL,BELÉM,NAEFA CONCILIACAO/COORDENACAO,2026-04-16 14:16:54.724705-03:00,0842852-04.2026.8.14.0301,HOMOLOGAÇÃO DA TRANSAÇÃO EXTRAJUDICIAL (12374),JACQUELINE BASTOS LOUREIRO
CÍVEL,BELÉM,NAEFA CONCILIACAO/COORDENACAO,2026-04-16 21:12:07.090956-03:00,0846221-06.2026.8.14.0301,HOMOLOGAÇÃO DA TRANSAÇÃO EXTRAJUDICIAL (12374),JACQUELINE BASTOS LOUREIRO
CÍVEL,BELÉM,NAEFA CONCILIACAO/COORDENACAO,2026-04-16 21:24:28.453894-03:00,0846703-51.2026.8.14.0301,DIVÓRCIO CONSENSUAL (12372),JACQUELINE BASTOS LOUREIRO
CÍVEL,BELÉM,NAEFA CONCILIACAO/COORDENACAO,2026-04-16 21:38:14.918145-03:00,0857939-97.2026.8.14.0301,HOMOLOGAÇÃO DA TRANSAÇÃO EXTRAJUDICIAL (12374),JACQUELINE BASTOS LOUREIRO
CÍVEL,BELÉM,NAEFA CONCILIACAO/COORDENACAO,2026-04-16 21:54:16.945879-03:00,0846707-88.2026.8.14.0301,HOMOLOGAÇÃO DA TRANSAÇÃO EXTRAJUDICIAL (12374),JACQUELINE BASTOS LOUREIRO
CÍVEL,BELÉM,NAEFA CONCILIACAO/COORDENACAO,2026-04-16 22:01:27.177836-03:00,0846709-58.2026.8.14.0301,DIVÓRCIO CONSENSUAL (12372),JACQUELINE BASTOS LOUREIRO
CÍVEL,BELÉM,NAEFA CONCILIACAO/COORDENACAO,2026-04-16 22:29:08.810546-03:00,0846713-95.2026.8.14.0301,DIVÓRCIO CONSENSUAL (12372),JACQUELINE BASTOS LOUREIRO
CÍVEL,BELÉM,NAEFA CONCILIACAO/COORDENACAO,2026-04-17 09:17:57.737912-03:00,0843186-38.2026.8.14.0301,DIVÓRCIO CONSENSUAL (12372),JACQUELINE BASTOS LOUREIRO
CÍVEL,BELÉM,NAEFA CONCILIACAO/COORDENACAO,2026-04-17 09:22:22.090466-03:00,0843191-60.2026.8.14.0301,HOMOLOGAÇÃO DA TRANSAÇÃO EXTRAJUDICIAL (12374),JACQUELINE BASTOS LOUREIRO
CÍVEL,BELÉM,NAEFA CONCILIACAO/COORDENACAO,2026-04-17 09:24:49.589544-03:00,0843188-08.2026.8.14.0301,DIVÓRCIO CONSENSUAL (12372),JACQUELINE BASTOS LOUREIRO
CÍVEL,BELÉM,NAEFA CONCILIACAO/COORDENACAO,2026-04-17 09:47:03.555378-03:00,0843183-83.2026.8.14.0301,HOMOLOGAÇÃO DA TRANSAÇÃO EXTRAJUDICIAL (12374),JACQUELINE BASTOS LOUREIRO
CÍVEL,BELÉM,NAEFA CONCILIACAO/COORDENACAO,2026-04-17 09:56:26.974110-03:00,0846714-80.2026.8.14.0301,HOMOLOGAÇÃO DA TRANSAÇÃO EXTRAJUDICIAL (12374),JACQUELINE BASTOS LOUREIRO
CÍVEL,BELÉM,NAEFA CONCILIACAO/COORDENACAO,2026-04-17 10:04:45.237797-03:00,0846716-50.2026.8.14.0301,DIVÓRCIO CONSENSUAL (12372),JACQUELINE BASTOS LOUREIRO
CÍVEL,BELÉM,NAEFA CONCILIACAO/COORDENACAO,2026-04-17 11:16:10.555714-03:00,0857930-38.2026.8.14.0301,DIVÓRCIO CONSENSUAL (12372),JACQUELINE BASTOS LOUREIRO
CÍVEL,BELÉM,NAEFA CONCILIACAO/COORDENACAO,2026-04-17 11:30:16.051830-03:00,0843190-75.2026.8.14.0301,DIVÓRCIO CONSENSUAL (12372),JACQUELINE BASTOS LOUREIRO
CÍVEL,BELÉM,NAEFA CONCILIACAO/COORDENACAO,2026-04-17 11:44:28.306996-03:00,0843194-15.2026.8.14.0301,HOMOLOGAÇÃO DA TRANSAÇÃO EXTRAJUDICIAL (12374),JACQUELINE BASTOS LOUREIRO
CÍVEL,BELÉM,NAEFA CONCILIACAO/COORDENACAO,2026-04-17 11:45:45.873439-03:00,0843187-23.2026.8.14.0301,HOMOLOGAÇÃO DA TRANSAÇÃO EXTRAJUDICIAL (12374),JACQUELINE BASTOS LOUREIRO
CÍVEL,BELÉM,NAEFA CONCILIACAO/COORDENACAO,2026-04-17 11:47:24.313276-03:00,0843196-82.2026.8.14.0301,HOMOLOGAÇÃO DA TRANSAÇÃO EXTRAJUDICIAL (12374),JACQUELINE BASTOS LOUREIRO
CÍVEL,BELÉM,NAEFA CONCILIACAO/COORDENACAO,2026-04-17 12:01:39.973609-03:00,0843201-07.2026.8.14.0301,DIVÓRCIO CONSENSUAL (12372),JACQUELINE BASTOS LOUREIRO
CÍVEL,BELÉM,NAEFA CONCILIACAO/COORDENACAO,2026-04-17 14:24:08.269826-03:00,0857957-21.2026.8.14.0301,DIVÓRCIO CONSENSUAL (12372),JACQUELINE BASTOS LOUREIRO
CÍVEL,BELÉM,NAEFA CONCILIACAO/COORDENACAO,2026-04-17 14:29:10.808886-03:00,0857944-22.2026.8.14.0301,HOMOLOGAÇÃO DA TRANSAÇÃO EXTRAJUDICIAL (12374),JACQUELINE BASTOS LOUREIRO
CÍVEL,BELÉM,NAEFA CONCILIACAO/COORDENACAO,2026-04-17 14:34:17.428886-03:00,0857959-88.2026.8.14.0301,HOMOLOGAÇÃO DA TRANSAÇÃO EXTRAJUDICIAL (12374),JACQUELINE BASTOS LOUREIRO
CÍVEL,BELÉM,NAEFA CONCILIACAO/COORDENACAO,2026-04-27 11:18:04.778493-03:00,0845828-81.2026.8.14.0301,HOMOLOGAÇÃO DA TRANSAÇÃO EXTRAJUDICIAL (12374),JACQUELINE BASTOS LOUREIRO
CÍVEL,BELÉM,NAEFA CONCILIACAO/COORDENACAO,2026-04-28 09:33:01.218455-03:00,0846203-82.2026.8.14.0301,DIVÓRCIO CONSENSUAL (12372),JACQUELINE BASTOS LOUREIRO
CÍVEL,BELÉM,NAEFA CONCILIACAO/COORDENACAO,2026-04-28 09:44:49.596794-03:00,0846215-96.2026.8.14.0301,HOMOLOGAÇÃO DA TRANSAÇÃO EXTRAJUDICIAL (12374),JACQUELINE BASTOS LOUREIRO
CÍVEL,BELÉM,NAEFA CONCILIACAO/COORDENACAO,2026-04-30 14:00:58.897893-03:00,0847426-70.2026.8.14.0301,DIVÓRCIO CONSENSUAL (12372),JACQUELINE BASTOS LOUREIRO
CÍVEL,BELÉM,NAEFA CONCILIACAO/COORDENACAO,2026-05-14 11:25:30.506860-03:00,0853316-87.2026.8.14.0301,HOMOLOGAÇÃO DA TRANSAÇÃO EXTRAJUDICIAL (12374),JACQUELINE BASTOS LOUREIRO
CÍVEL,BELÉM,NAEFA CONCILIACAO/COORDENACAO,2026-05-14 11:27:12.878729-03:00,0853332-41.2026.8.14.0301,DIVÓRCIO CONSENSUAL (12372),JACQUELINE BASTOS LOUREIRO
CÍVEL,BELÉM,NAEFA CONCILIACAO/COORDENACAO,2026-05-15 10:47:44.155958-03:00,0851666-05.2026.8.14.0301,ALIMENTOS - LEI ESPECIAL Nº 5.478/68 (69),JACQUELINE BASTOS LOUREIRO
CÍVEL,BELÉM,NAEFA CONCILIACAO/COORDENACAO,2026-05-19 10:26:16.664005-03:00,0853328-04.2026.8.14.0301,DIVÓRCIO CONSENSUAL (12372),JACQUELINE BASTOS LOUREIRO
CÍVEL,BELÉM,NAEFA CONCILIACAO/COORDENACAO,2026-05-19 10:29:50.963453-03:00,0853347-10.2026.8.14.0301,DIVÓRCIO CONSENSUAL (12372),JACQUELINE BASTOS LOUREIRO
CÍVEL,BELÉM,NAEFA CONCILIACAO/COORDENACAO,2026-05-19 10:39:19.045399-03:00,0857981-49.2026.8.14.0301,HOMOLOGAÇÃO DA TRANSAÇÃO EXTRAJUDICIAL (12374),JACQUELINE BASTOS LOUREIRO
CÍVEL,BELÉM,NAEFA CONCILIACAO/COORDENACAO,2026-05-19 10:43:42.994355-03:00,0853404-28.2026.8.14.0301,DIVÓRCIO LITIGIOSO (12541),JACQUELINE BASTOS LOUREIRO
CÍVEL,BELÉM,NAEFA CONCILIACAO/COORDENACAO,2026-05-19 10:46:40.980059-03:00,0857812-62.2026.8.14.0301,DIVÓRCIO CONSENSUAL (12372),JACQUELINE BASTOS LOUREIRO
CÍVEL,BELÉM,NAEFA CONCILIACAO/COORDENACAO,2026-05-19 10:49:05.616944-03:00,0857979-79.2026.8.14.0301,DIVÓRCIO CONSENSUAL (12372),JACQUELINE BASTOS LOUREIRO
CÍVEL,BELÉM,NAEFA CONCILIACAO/COORDENACAO,2026-05-20 15:11:24.621519-03:00,0853356-69.2026.8.14.0301,DIVÓRCIO CONSENSUAL (12372),JACQUELINE BASTOS LOUREIRO
CÍVEL,BELÉM,NAEFA CONCILIACAO/COORDENACAO,2026-05-20 16:09:04.227216-03:00,0853403-43.2026.8.14.0301,HOMOLOGAÇÃO DA TRANSAÇÃO EXTRAJUDICIAL (12374),JACQUELINE BASTOS LOUREIRO
CÍVEL,BELÉM,NAEFA CONCILIACAO/COORDENACAO,2026-05-20 16:24:47.943978-03:00,0853416-42.2026.8.14.0301,HOMOLOGAÇÃO DA TRANSAÇÃO EXTRAJUDICIAL (12374),JACQUELINE BASTOS LOUREIRO
CÍVEL,BELÉM,NAEFA CONCILIACAO/COORDENACAO,2026-05-20 16:34:35.924993-03:00,0853422-49.2026.8.14.0301,HOMOLOGAÇÃO DA TRANSAÇÃO EXTRAJUDICIAL (12374),JACQUELINE BASTOS LOUREIRO
CÍVEL,BELÉM,NAEFA CONCILIACAO/COORDENACAO,2026-06-02 14:30:29.305478-03:00,0857610-85.2026.8.14.0301,DIVÓRCIO CONSENSUAL (12372),JACQUELINE BASTOS LOUREIRO
CÍVEL,BELÉM,NAEFA CONCILIACAO/COORDENACAO,2026-06-02 14:52:14.415221-03:00,0857624-69.2026.8.14.0301,DIVÓRCIO CONSENSUAL (12372),JACQUELINE BASTOS LOUREIRO
CÍVEL,BELÉM,NAEFA CONCILIACAO/COORDENACAO,2026-06-02 15:33:45.654314-03:00,0857656-74.2026.8.14.0301,DIVÓRCIO CONSENSUAL (12372),JACQUELINE BASTOS LOUREIRO
CÍVEL,BELÉM,NAEFA CONCILIACAO/COORDENACAO,2026-06-03 09:02:43.454138-03:00,0857818-69.2026.8.14.0301,HOMOLOGAÇÃO DA TRANSAÇÃO EXTRAJUDICIAL (12374),JACQUELINE BASTOS LOUREIRO
CÍVEL,BELÉM,NAEFA CONCILIACAO/COORDENACAO,2026-06-03 09:23:58.792357-03:00,0857829-98.2026.8.14.0301,DIVÓRCIO CONSENSUAL (12372),JACQUELINE BASTOS LOUREIRO
CÍVEL,BELÉM,NAEFA CONCILIACAO/COORDENACAO,2026-06-03 09:40:13.493916-03:00,0812944-11.2026.8.14.0006,DIVÓRCIO CONSENSUAL (12372),JACQUELINE BASTOS LOUREIRO
CÍVEL,BELÉM,NAEFA CONCILIACAO/COORDENACAO,2026-06-03 12:06:06.994011-03:00,0857902-70.2026.8.14.0301,DIVÓRCIO CONSENSUAL (12372),JACQUELINE BASTOS LOUREIRO
CÍVEL,BELÉM,NAEFA CONCILIACAO/COORDENACAO,2026-06-03 12:28:31.616270-03:00,0857915-69.2026.8.14.0301,DIVÓRCIO CONSENSUAL (12372),JACQUELINE BASTOS LOUREIRO
CÍVEL,BELÉM,NAEFA CONCILIACAO/COORDENACAO,2026-06-03 14:25:43.706632-03:00,0857971-05.2026.8.14.0301,DIVÓRCIO CONSENSUAL (12372),JACQUELINE BASTOS LOUREIRO
CÍVEL,BELÉM,NAEFA CONCILIACAO/COORDENACAO,2026-06-03 14:34:24.303327-03:00,0857974-57.2026.8.14.0301,DIVÓRCIO CONSENSUAL (12372),JACQUELINE BASTOS LOUREIRO
CÍVEL,BELÉM,NAEFA CONCILIACAO/COORDENACAO,2026-06-03 14:40:25.052919-03:00,0857977-12.2026.8.14.0301,DIVÓRCIO CONSENSUAL (12372),JACQUELINE BASTOS LOUREIRO
CÍVEL,BELÉM,NAEFA CONCILIACAO/COORDENACAO,2026-06-12 11:15:43.952471-03:00,0860374-44.2026.8.14.0301,CUMPRIMENTO DE SENTENÇA DE OBRIGAÇÃO DE PRESTAR ALIMENTOS,JACQUELINE BASTOS LOUREIRO
CÍVEL,BELÉM,NAEFA CONCILIACAO/COORDENACAO,2026-06-16 14:05:02.316308-03:00,0861371-27.2026.8.14.0301,RECLAMAÇÃO PRÉ-PROCESSUAL (11875),JACQUELINE BASTOS LOUREIRO
CÍVEL,BELÉM,NAEFA CONCILIACAO/COORDENACAO,2026-06-16 14:14:54.164381-03:00,0814033-69.2026.8.14.0006,DIVÓRCIO CONSENSUAL (12372),JACQUELINE BASTOS LOUREIRO
CÍVEL,BELÉM,NAEFA CONCILIACAO/COORDENACAO,2026-06-16 14:32:34.931830-03:00,0861394-70.2026.8.14.0301,RECLAMAÇÃO PRÉ-PROCESSUAL (11875),JACQUELINE BASTOS LOUREIRO
CÍVEL,BELÉM,NAEFA CONCILIACAO/COORDENACAO,2026-06-16 14:38:08.488603-03:00,0814042-31.2026.8.14.0006,DIVÓRCIO CONSENSUAL (12372),JACQUELINE BASTOS LOUREIRO
CÍVEL,BELÉM,NAEFA CONCILIACAO/COORDENACAO,2026-06-16 14:50:35.707114-03:00,0861400-77.2026.8.14.0301,RECLAMAÇÃO PRÉ-PROCESSUAL (11875),JACQUELINE BASTOS LOUREIRO
CÍVEL,BELÉM,NAEFA CONCILIACAO/COORDENACAO,2026-06-16 15:18:46.608299-03:00,0861413-76.2026.8.14.0301,RECLAMAÇÃO PRÉ-PROCESSUAL (11875),JACQUELINE BASTOS LOUREIRO
CÍVEL,BELÉM,NAEFA CONCILIACAO/COORDENACAO,2026-06-16 15:27:33.193215-03:00,0861422-38.2026.8.14.0301,RECLAMAÇÃO PRÉ-PROCESSUAL (11875),JACQUELINE BASTOS LOUREIRO
CÍVEL,BELÉM,NAEFA CONCILIACAO/COORDENACAO,2026-06-16 15:34:28.316887-03:00,0861426-75.2026.8.14.0301,RECLAMAÇÃO PRÉ-PROCESSUAL (11875),JACQUELINE BASTOS LOUREIRO
CÍVEL,BELÉM,NAEFA CONCILIACAO/COORDENACAO,2026-06-16 15:43:24.877739-03:00,0861431-97.2026.8.14.0301,HOMOLOGAÇÃO DA TRANSAÇÃO EXTRAJUDICIAL (12374),JACQUELINE BASTOS LOUREIRO
CÍVEL,BELÉM,NAEFA CONCILIACAO/COORDENACAO,2026-06-16 16:17:03.973403-03:00,0861450-06.2026.8.14.0301,RECLAMAÇÃO PRÉ-PROCESSUAL (11875),JACQUELINE BASTOS LOUREIRO
CÍVEL,BELÉM,NAEFA CONCILIACAO/COORDENACAO,2026-06-16 16:25:38.869048-03:00,0861458-80.2026.8.14.0301,RECLAMAÇÃO PRÉ-PROCESSUAL (11875),JACQUELINE BASTOS LOUREIRO
CÍVEL,BELÉM,NAEFA CONCILIACAO/COORDENACAO,2026-06-17 13:54:41.766547-03:00,0861763-64.2026.8.14.0301,RECLAMAÇÃO PRÉ-PROCESSUAL (11875),JACQUELINE BASTOS LOUREIRO
CÍVEL,BELÉM,NAEFA CONCILIACAO/COORDENACAO,2026-06-17 14:17:38.467276-03:00,0861777-48.2026.8.14.0301,RECLAMAÇÃO PRÉ-PROCESSUAL (11875),JACQUELINE BASTOS LOUREIRO
CÍVEL,BELÉM,NAEFA CONCILIACAO/COORDENACAO,2026-06-17 15:56:04.818757-03:00,0866936-69.2026.8.14.0301,HOMOLOGAÇÃO DA TRANSAÇÃO EXTRAJUDICIAL (12374),JACQUELINE BASTOS LOUREIRO
CÍVEL,BELÉM,NAEFA CONCILIACAO/COORDENACAO,2026-07-02 09:13:13.416367-03:00,0805211-88.2026.8.14.0201,DIVÓRCIO CONSENSUAL (12372),JACQUELINE BASTOS LOUREIRO
CÍVEL,BELÉM,NAEFA CONCILIACAO/COORDENACAO,2026-07-02 09:48:41.261797-03:00,0866376-30.2026.8.14.0301,RECLAMAÇÃO PRÉ-PROCESSUAL (11875),JACQUELINE BASTOS LOUREIRO
CÍVEL,BELÉM,NAEFA CONCILIACAO/COORDENACAO,2026-07-03 12:58:58.842749-03:00,0866909-86.2026.8.14.0301,DIVÓRCIO CONSENSUAL (12372),JACQUELINE BASTOS LOUREIRO
CÍVEL,BELÉM,NAEFA CONCILIACAO/COORDENACAO,2026-07-03 13:06:23.280542-03:00,0866914-11.2026.8.14.0301,RECLAMAÇÃO PRÉ-PROCESSUAL (11875),JACQUELINE BASTOS LOUREIRO
CÍVEL,BELÉM,NAEFA CONCILIACAO/COORDENACAO,2026-07-03 13:08:56.135732-03:00,0866918-48.2026.8.14.0301,RECLAMAÇÃO PRÉ-PROCESSUAL (11875),JACQUELINE BASTOS LOUREIRO
CÍVEL,BELÉM,NAEFA CONCILIACAO/COORDENACAO,2026-07-03 13:14:21.310058-03:00,0866921-03.2026.8.14.0301,DIVÓRCIO CONSENSUAL (12372),JACQUELINE BASTOS LOUREIRO
CÍVEL,BELÉM,NAEFA CONCILIACAO/COORDENACAO,2026-07-03 13:20:18.615126-03:00,0866926-25.2026.8.14.0301,DIVÓRCIO CONSENSUAL (12372),JACQUELINE BASTOS LOUREIRO
CÍVEL,BELÉM,NAEFA CONCILIACAO/COORDENACAO,2026-07-03 13:25:41.590319-03:00,0815604-75.2026.8.14.0006,DIVÓRCIO CONSENSUAL (12372),JACQUELINE BASTOS LOUREIRO
CÍVEL,BELÉM,NAEFA CONCILIACAO/COORDENACAO,2026-07-03 13:29:35.539133-03:00,0866928-92.2026.8.14.0301,RECLAMAÇÃO PRÉ-PROCESSUAL (11875),JACQUELINE BASTOS LOUREIRO
CÍVEL,BELÉM,NAEFA CONCILIACAO/COORDENACAO,2026-07-03 13:33:33.762048-03:00,0866933-17.2026.8.14.0301,RECLAMAÇÃO PRÉ-PROCESSUAL (11875),JACQUELINE BASTOS LOUREIRO
CÍVEL,BELÉM,NAEFA CONCILIACAO/COORDENACAO,2026-07-08 21:14:10.336425-03:00,0868380-40.2026.8.14.0301,HOMOLOGAÇÃO DA TRANSAÇÃO EXTRAJUDICIAL (12374),JACQUELINE BASTOS LOUREIRO
CÍVEL,BELÉM,NAEFA CONCILIACAO/COORDENACAO,2026-07-14 10:22:35.963660-03:00,0869667-38.2026.8.14.0301,RECLAMAÇÃO PRÉ-PROCESSUAL (11875),JACQUELINE BASTOS LOUREIRO
CÍVEL,BELÉM,NAEFA CONCILIACAO/COORDENACAO,2026-07-14 10:47:58.134456-03:00,0869683-89.2026.8.14.0301,DIVÓRCIO CONSENSUAL (12372),JACQUELINE BASTOS LOUREIRO
CÍVEL,BELÉM,NAEFA CONCILIACAO/COORDENACAO,2026-07-14 11:01:01.083243-03:00,0869701-13.2026.8.14.0301,RECLAMAÇÃO PRÉ-PROCESSUAL (11875),JACQUELINE BASTOS LOUREIRO
CÍVEL,BELÉM,NAEFA CONCILIACAO/COORDENACAO,2026-07-14 11:22:19.706403-03:00,0869716-79.2026.8.14.0301,HOMOLOGAÇÃO DA TRANSAÇÃO EXTRAJUDICIAL (12374),JACQUELINE BASTOS LOUREIRO
CÍVEL,BELÉM,NAEFA CONCILIACAO/COORDENACAO,2026-07-14 11:30:07.371793-03:00,0869722-86.2026.8.14.0301,HOMOLOGAÇÃO DA TRANSAÇÃO EXTRAJUDICIAL (12374),JACQUELINE BASTOS LOUREIRO
CÍVEL,BELÉM,NAEFA CONCILIACAO/COORDENACAO,2026-07-14 11:34:47.649723-03:00,0869739-25.2026.8.14.0301,RECLAMAÇÃO PRÉ-PROCESSUAL (11875),JACQUELINE BASTOS LOUREIRO
CÍVEL,BELÉM,NAEFA CONCILIACAO/COORDENACAO,2026-07-14 11:35:35.521906-03:00,0869728-93.2026.8.14.0301,RECLAMAÇÃO PRÉ-PROCESSUAL (11875),JACQUELINE BASTOS LOUREIRO
CÍVEL,BELÉM,NAEFA CONCILIACAO/COORDENACAO,2026-07-14 11:48:16.189093-03:00,0869747-02.2026.8.14.0301,DIVÓRCIO LITIGIOSO (12541),JACQUELINE BASTOS LOUREIRO
CÍVEL,BELÉM,NAEFA CONCILIACAO/COORDENACAO,2026-07-14 11:57:14.684053-03:00,0869752-24.2026.8.14.0301,RECLAMAÇÃO PRÉ-PROCESSUAL (11875),JACQUELINE BASTOS LOUREIRO
CÍVEL,BELÉM,NAEFA CONCILIACAO/COORDENACAO,2026-07-14 12:00:34.836046-03:00,0869756-61.2026.8.14.0301,RECLAMAÇÃO PRÉ-PROCESSUAL (11875),JACQUELINE BASTOS LOUREIRO
CÍVEL,BELÉM,NAEFA CONCILIACAO/COORDENACAO,2026-07-14 12:04:16.914680-03:00,0869761-83.2026.8.14.0301,DIVÓRCIO CONSENSUAL (12372),JACQUELINE BASTOS LOUREIRO
CÍVEL,BELÉM,NAEFA CONCILIACAO/COORDENACAO,2026-07-14 12:50:18.817930-03:00,0869791-21.2026.8.14.0301,DIVÓRCIO CONSENSUAL (12372),JACQUELINE BASTOS LOUREIRO
CÍVEL,BELÉM,NAEFA CONCILIACAO/COORDENACAO,2026-07-14 12:52:55.100446-03:00,0869792-06.2026.8.14.0301,RECLAMAÇÃO PRÉ-PROCESSUAL (11875),JACQUELINE BASTOS LOUREIRO
CÍVEL,BELÉM,NAEFA CONCILIACAO/COORDENACAO,2026-07-14 12:57:02.202450-03:00,0869794-73.2026.8.14.0301,DIVÓRCIO CONSENSUAL (12372),JACQUELINE BASTOS LOUREIRO
CÍVEL,BELÉM,NAEFA CONCILIACAO/COORDENACAO,2026-07-15 08:59:54.500702-03:00,0870787-19.2026.8.14.0301,RECLAMAÇÃO PRÉ-PROCESSUAL (11875),JACQUELINE BASTOS LOUREIRO
CÍVEL,BELÉM,NAEFA CONCILIACAO/COORDENACAO,2026-07-15 09:07:28.137661-03:00,0870790-71.2026.8.14.0301,RECLAMAÇÃO PRÉ-PROCESSUAL (11875),JACQUELINE BASTOS LOUREIRO
CÍVEL,BELÉM,NAEFA CONCILIACAO/COORDENACAO,2026-07-15 09:12:14.383749-03:00,0870793-26.2026.8.14.0301,RECLAMAÇÃO PRÉ-PROCESSUAL (11875),JACQUELINE BASTOS LOUREIRO
CÍVEL,BELÉM,NAEFA CONCILIACAO/COORDENACAO,2026-07-15 09:26:10.779874-03:00,0870800-18.2026.8.14.0301,RECLAMAÇÃO PRÉ-PROCESSUAL (11875),JACQUELINE BASTOS LOUREIRO
CÍVEL,BELÉM,NAEFA CONCILIACAO/COORDENACAO,2026-07-15 09:31:57.416593-03:00,0870801-03.2026.8.14.0301,RECLAMAÇÃO PRÉ-PROCESSUAL (11875),JACQUELINE BASTOS LOUREIRO
CÍVEL,BELÉM,NAEFA CONCILIACAO/COORDENACAO,2026-07-15 09:53:59.740768-03:00,0870804-55.2026.8.14.0301,RECLAMAÇÃO PRÉ-PROCESSUAL (11875),JACQUELINE BASTOS LOUREIRO
CÍVEL,BELÉM,NAEFA CONCILIACAO/COORDENACAO,2026-07-15 09:59:33.813787-03:00,0870808-92.2026.8.14.0301,RECLAMAÇÃO PRÉ-PROCESSUAL (11875),JACQUELINE BASTOS LOUREIRO
CÍVEL,BELÉM,NAEFA CONCILIACAO/COORDENACAO,2026-07-15 10:28:15.052419-03:00,0870176-66.2026.8.14.0301,DIVÓRCIO CONSENSUAL (12372),JACQUELINE BASTOS LOUREIRO
CÍVEL,BELÉM,NAEFA CONCILIACAO/COORDENACAO,2026-07-16 10:52:12.654518-03:00,0870781-12.2026.8.14.0301,RECLAMAÇÃO PRÉ-PROCESSUAL (11875),JACQUELINE BASTOS LOUREIRO
CÍVEL,BELÉM,NAEFA CONCILIACAO/COORDENACAO,2026-07-17 09:34:29.632520-03:00,0879498-13.2026.8.14.0301,RECLAMAÇÃO PRÉ-PROCESSUAL (11875),JACQUELINE BASTOS LOUREIRO
CÍVEL,BELÉM,NAEFA CONCILIACAO/COORDENACAO,2026-07-17 13:02:54.188675-03:00,0870831-38.2026.8.14.0301,RECLAMAÇÃO PRÉ-PROCESSUAL (11875),JACQUELINE BASTOS LOUREIRO
CÍVEL,BELÉM,NAEFA CONCILIACAO/COORDENACAO,2026-07-22 13:48:57.859394-03:00,0872053-41.2026.8.14.0301,RECLAMAÇÃO PRÉ-PROCESSUAL (11875),JACQUELINE BASTOS LOUREIRO
CÍVEL,BELÉM,NAEFA CONCILIACAO/COORDENACAO,2026-07-22 13:54:54.781271-03:00,0872656-17.2026.8.14.0301,DIVÓRCIO CONSENSUAL (12372),JACQUELINE BASTOS LOUREIRO
CÍVEL,BELÉM,NAEFA CONCILIACAO/COORDENACAO,2026-07-22 13:58:05.688511-03:00,0872056-93.2026.8.14.0301,RECLAMAÇÃO PRÉ-PROCESSUAL (11875),JACQUELINE BASTOS LOUREIRO
CÍVEL,BELÉM,NAEFA CONCILIACAO/COORDENACAO,2026-07-22 14:21:01.429513-03:00,0872066-40.2026.8.14.0301,RECLAMAÇÃO PRÉ-PROCESSUAL (11875),JACQUELINE BASTOS LOUREIRO
CÍVEL,BELÉM,NAEFA CONCILIACAO/COORDENACAO,2026-07-22 14:27:05.688790-03:00,0872074-17.2026.8.14.0301,DIVÓRCIO CONSENSUAL (12372),JACQUELINE BASTOS LOUREIRO
CÍVEL,BELÉM,NAEFA CONCILIACAO/COORDENACAO,2026-07-22 14:41:41.957724-03:00,0872084-61.2026.8.14.0301,HOMOLOGAÇÃO DA TRANSAÇÃO EXTRAJUDICIAL (12374),JACQUELINE BASTOS LOUREIRO
CÍVEL,BELÉM,NAEFA CONCILIACAO/COORDENACAO,2026-07-22 14:57:02.105334-03:00,0872099-30.2026.8.14.0301,RECLAMAÇÃO PRÉ-PROCESSUAL (11875),JACQUELINE BASTOS LOUREIRO
CÍVEL,BELÉM,NAEFA CONCILIACAO/COORDENACAO,2026-07-22 15:02:46.396971-03:00,0872109-74.2026.8.14.0301,RECLAMAÇÃO PRÉ-PROCESSUAL (11875),JACQUELINE BASTOS LOUREIRO
CÍVEL,BELÉM,NAEFA CONCILIACAO/COORDENACAO,2026-07-22 15:06:52.464816-03:00,0872114-96.2026.8.14.0301,RECLAMAÇÃO PRÉ-PROCESSUAL (11875),JACQUELINE BASTOS LOUREIRO
CÍVEL,BELÉM,NAEFA CONCILIACAO/COORDENACAO,2026-07-22 15:12:50.633764-03:00,0872123-58.2026.8.14.0301,RECLAMAÇÃO PRÉ-PROCESSUAL (11875),JACQUELINE BASTOS LOUREIRO
CÍVEL,BELÉM,NAEFA CONCILIACAO/COORDENACAO,2026-07-23 10:48:47.248324-03:00,0872323-65.2026.8.14.0301,RECLAMAÇÃO PRÉ-PROCESSUAL (11875),JACQUELINE BASTOS LOUREIRO
CÍVEL,BELÉM,NAEFA CONCILIACAO/COORDENACAO,2026-07-23 14:03:19.398703-03:00,0872455-25.2026.8.14.0301,DIVÓRCIO LITIGIOSO (12541),JACQUELINE BASTOS LOUREIRO
CÍVEL,BELÉM,NAEFA CONCILIACAO/COORDENACAO,2026-07-24 09:13:12.275699-03:00,0872654-47.2026.8.14.0301,HOMOLOGAÇÃO DA TRANSAÇÃO EXTRAJUDICIAL (12374),JACQUELINE BASTOS LOUREIRO
CÍVEL,BELÉM,NAEFA CONCILIACAO/COORDENACAO,2026-07-27 09:40:16.997250-03:00,0803618-34.2026.8.14.0133,HOMOLOGAÇÃO DA TRANSAÇÃO EXTRAJUDICIAL (12374),JACQUELINE BASTOS LOUREIRO
CÍVEL,BELÉM,NAEFA CONCILIACAO/COORDENACAO,2026-07-27 13:09:29.595925-03:00,0873176-74.2026.8.14.0301,PROCEDIMENTO COMUM CÍVEL (7),JACQUELINE BASTOS LOUREIRO
CÍVEL,BELÉM,NAEFA CONCILIACAO/COORDENACAO,2026-07-27 13:31:21.076865-03:00,0873186-21.2026.8.14.0301,PROCEDIMENTO COMUM CÍVEL (7),JACQUELINE BASTOS LOUREIRO
CÍVEL,BELÉM,NAEFA CONCILIACAO/COORDENACAO,2026-07-27 13:39:03.754324-03:00,0873190-58.2026.8.14.0301,DIVÓRCIO LITIGIOSO (12541),JACQUELINE BASTOS LOUREIRO
CÍVEL,BELÉM,NAEFA CONCILIACAO/COORDENACAO,2026-07-27 13:51:23.238570-03:00,0873195-80.2026.8.14.0301,DIVÓRCIO LITIGIOSO (12541),JACQUELINE BASTOS LOUREIRO
CÍVEL,BELÉM,NAEFA CONCILIACAO/COORDENACAO,2026-07-27 14:10:05.355390-03:00,0805616-27.2026.8.14.0201,DIVÓRCIO LITIGIOSO (12541),JACQUELINE BASTOS LOUREIRO
CÍVEL,BELÉM,NAEFA CONCILIACAO/COORDENACAO,2026-07-27 14:49:06.206909-03:00,0873224-33.2026.8.14.0301,DIVÓRCIO LITIGIOSO (12541),JACQUELINE BASTOS LOUREIRO
CÍVEL,BELÉM,NAEFA CONCILIACAO/COORDENACAO,2026-07-27 15:13:58.909477-03:00,0873239-02.2026.8.14.0301,RECLAMAÇÃO PRÉ-PROCESSUAL (11875),JACQUELINE BASTOS LOUREIRO
CÍVEL,BELÉM,NAEFA CONCILIACAO/COORDENACAO,2026-07-27 15:36:15.504074-03:00,0873254-68.2026.8.14.0301,RECLAMAÇÃO PRÉ-PROCESSUAL (11875),JACQUELINE BASTOS LOUREIRO
CÍVEL,BELÉM,NAEFA CONCILIACAO/COORDENACAO,2026-07-27 16:03:28.517450-03:00,0873264-15.2026.8.14.0301,RECLAMAÇÃO PRÉ-PROCESSUAL (11875),JACQUELINE BASTOS LOUREIRO
CÍVEL,BELÉM,NAEFA CONCILIACAO/COORDENACAO,2026-07-28 08:56:11.150998-03:00,0873390-65.2026.8.14.0301,RECLAMAÇÃO PRÉ-PROCESSUAL (11875),JACQUELINE BASTOS LOUREIRO
CÍVEL,BELÉM,NAEFA CONCILIACAO/COORDENACAO,2026-07-28 13:05:28.402369-03:00,0873511-93.2026.8.14.0301,RECLAMAÇÃO PRÉ-PROCESSUAL (11875),JACQUELINE BASTOS LOUREIRO
CÍVEL,BELÉM,NAEFA CONCILIACAO/COORDENACAO,2026-07-28 13:51:10.914152-03:00,0873528-32.2026.8.14.0301,HOMOLOGAÇÃO DA TRANSAÇÃO EXTRAJUDICIAL (12374),JACQUELINE BASTOS LOUREIRO
CÍVEL,BELÉM,NAEFA CONCILIACAO/COORDENACAO,2026-07-28 14:18:49.443817-03:00,0873540-46.2026.8.14.0301,HOMOLOGAÇÃO DA TRANSAÇÃO EXTRAJUDICIAL (12374),JACQUELINE BASTOS LOUREIRO
CÍVEL,BELÉM,NAEFA CONCILIACAO/COORDENACAO,2026-07-29 14:19:15.680395-03:00,0873952-74.2026.8.14.0301,RECLAMAÇÃO PRÉ-PROCESSUAL (11875),JACQUELINE BASTOS LOUREIRO
CÍVEL,BELÉM,NAEFA CONCILIACAO/COORDENACAO,2026-07-31 09:51:15.001281-03:00,0874554-65.2026.8.14.0301,GUARDA DE FAMÍLIA,JACQUELINE BASTOS LOUREIRO
CÍVEL,BELÉM,NAEFA CONCILIACAO/COORDENACAO,2026-08-03 12:42:20.783171-03:00,0875062-11.2026.8.14.0301,HOMOLOGAÇÃO DA TRANSAÇÃO EXTRAJUDICIAL (12374),JACQUELINE BASTOS LOUREIRO
CÍVEL,BELÉM,NAEFA CONCILIACAO/COORDENACAO,2026-08-04 13:05:23.866836-03:00,0875442-34.2026.8.14.0301,HOMOLOGAÇÃO DA TRANSAÇÃO EXTRAJUDICIAL (12374),JACQUELINE BASTOS LOUREIRO
CÍVEL,BELÉM,NAEFA CONCILIACAO/COORDENACAO,2026-08-04 13:27:56.711926-03:00,0875461-40.2026.8.14.0301,RECLAMAÇÃO PRÉ-PROCESSUAL (11875),JACQUELINE BASTOS LOUREIRO
CÍVEL,BELÉM,NAEFA CONCILIACAO/COORDENACAO,2026-08-04 13:50:55.120456-03:00,0805880-44.2026.8.14.0201,DIVÓRCIO CONSENSUAL (12372),JACQUELINE BASTOS LOUREIRO
CÍVEL,BELÉM,NAEFA CONCILIACAO/COORDENACAO,2026-08-04 13:57:02.533895-03:00,0875485-68.2026.8.14.0301,RECLAMAÇÃO PRÉ-PROCESSUAL (11875),JACQUELINE BASTOS LOUREIRO
CÍVEL,BELÉM,NAEFA CONCILIACAO/COORDENACAO,2026-08-13 14:31:23.805198-03:00,0878395-68.2026.8.14.0301,DIVÓRCIO CONSENSUAL (12372),JACQUELINE BASTOS LOUREIRO
CÍVEL,BELÉM,NAEFA CONCILIACAO/COORDENACAO,2026-08-13 14:39:35.633147-03:00,0878402-60.2026.8.14.0301,DIVÓRCIO CONSENSUAL (12372),JACQUELINE BASTOS LOUREIRO
CÍVEL,BELÉM,NAEFA CONCILIACAO/COORDENACAO,2026-08-13 14:45:51.419013-03:00,0878408-67.2026.8.14.0301,HOMOLOGAÇÃO DA TRANSAÇÃO EXTRAJUDICIAL (12374),JACQUELINE BASTOS LOUREIRO
CÍVEL,BELÉM,NAEFA CONCILIACAO/COORDENACAO,2026-08-13 14:51:18.090010-03:00,0878417-29.2026.8.14.0301,DIVÓRCIO CONSENSUAL (12372),JACQUELINE BASTOS LOUREIRO
CÍVEL,BELÉM,NAEFA CONCILIACAO/COORDENACAO,2026-08-13 14:56:57.173881-03:00,0878423-36.2026.8.14.0301,RECLAMAÇÃO PRÉ-PROCESSUAL (11875),JACQUELINE BASTOS LOUREIRO
CÍVEL,BELÉM,NAEFA CONCILIACAO/COORDENACAO,2026-08-13 15:02:03.648560-03:00,0878429-43.2026.8.14.0301,HOMOLOGAÇÃO DA TRANSAÇÃO EXTRAJUDICIAL (12374),JACQUELINE BASTOS LOUREIRO
CÍVEL,BELÉM,NAEFA CONCILIACAO/COORDENACAO,2026-08-13 15:07:57.716139-03:00,0878436-35.2026.8.14.0301,HOMOLOGAÇÃO DA TRANSAÇÃO EXTRAJUDICIAL (12374),JACQUELINE BASTOS LOUREIRO
CÍVEL,BELÉM,NAEFA CONCILIACAO/COORDENACAO,2026-08-13 15:14:43.580411-03:00,0878440-72.2026.8.14.0301,HOMOLOGAÇÃO DA TRANSAÇÃO EXTRAJUDICIAL (12374),JACQUELINE BASTOS LOUREIRO
CÍVEL,BELÉM,NAEFA CONCILIACAO/COORDENACAO,2026-08-13 15:29:09.412070-03:00,0878448-49.2026.8.14.0301,RECLAMAÇÃO PRÉ-PROCESSUAL (11875),JACQUELINE BASTOS LOUREIRO
CÍVEL,BELÉM,NAEFA CONCILIACAO/COORDENACAO,2026-08-13 15:42:47.278729-03:00,0878461-48.2026.8.14.0301,RECLAMAÇÃO PRÉ-PROCESSUAL (11875),JACQUELINE BASTOS LOUREIRO
CÍVEL,BELÉM,NAEFA CONCILIACAO/COORDENACAO,2026-08-14 09:38:27.679364-03:00,0878673-69.2026.8.14.0301,RECLAMAÇÃO PRÉ-PROCESSUAL (11875),JACQUELINE BASTOS LOUREIRO
CÍVEL,BELÉM,NAEFA CONCILIACAO/COORDENACAO,2026-08-14 10:25:49.880438-03:00,0878703-07.2026.8.14.0301,RECLAMAÇÃO PRÉ-PROCESSUAL (11875),JACQUELINE BASTOS LOUREIRO
CÍVEL,BELÉM,NAEFA CONCILIACAO/COORDENACAO,2026-08-14 11:16:18.647469-03:00,0878738-64.2026.8.14.0301,DIVÓRCIO CONSENSUAL (12372),JACQUELINE BASTOS LOUREIRO
CÍVEL,BELÉM,NAEFA CONCILIACAO/COORDENACAO,2026-08-14 11:42:18.478766-03:00,0878756-85.2026.8.14.0301,DIVÓRCIO CONSENSUAL (12372),JACQUELINE BASTOS LOUREIRO
CÍVEL,BELÉM,NAEFA CONCILIACAO/COORDENACAO,2026-08-14 12:34:28.872501-03:00,0878782-83.2026.8.14.0301,RECLAMAÇÃO PRÉ-PROCESSUAL (11875),JACQUELINE BASTOS LOUREIRO
CÍVEL,BELÉM,NAEFA CONCILIACAO/COORDENACAO,2026-08-14 12:42:31.500837-03:00,0878787-08.2026.8.14.0301,HOMOLOGAÇÃO DA TRANSAÇÃO EXTRAJUDICIAL (12374),JACQUELINE BASTOS LOUREIRO
CÍVEL,BELÉM,NAEFA CONCILIACAO/COORDENACAO,2026-08-14 12:58:41.751486-03:00,0878794-97.2026.8.14.0301,RECLAMAÇÃO PRÉ-PROCESSUAL (11875),JACQUELINE BASTOS LOUREIRO
CÍVEL,BELÉM,NAEFA CONCILIACAO/COORDENACAO,2026-08-14 13:21:32.600196-03:00,0878805-29.2026.8.14.0301,RECLAMAÇÃO PRÉ-PROCESSUAL (11875),JACQUELINE BASTOS LOUREIRO
CÍVEL,BELÉM,NAEFA CONCILIACAO/COORDENACAO,2026-08-17 08:46:56.114072-03:00,0879119-72.2026.8.14.0301,RECLAMAÇÃO PRÉ-PROCESSUAL (11875),JACQUELINE BASTOS LOUREIRO
CÍVEL,BELÉM,NAEFA CONCILIACAO/COORDENACAO,2026-08-17 09:29:40.543880-03:00,0879254-84.2026.8.14.0301,RECLAMAÇÃO PRÉ-PROCESSUAL (11875),JACQUELINE BASTOS LOUREIRO
CÍVEL,BELÉM,NAEFA CONCILIACAO/COORDENACAO,2026-08-17 14:01:56.058786-03:00,0879276-45.2026.8.14.0301,RECLAMAÇÃO PRÉ-PROCESSUAL (11875),JACQUELINE BASTOS LOUREIRO
CÍVEL,BELÉM,NAEFA CONCILIACAO/COORDENACAO,2026-08-17 14:12:48.481843-03:00,0879279-97.2026.8.14.0301,RECLAMAÇÃO PRÉ-PROCESSUAL (11875),JACQUELINE BASTOS LOUREIRO
CÍVEL,BELÉM,NAEFA CONCILIACAO/COORDENACAO,2026-08-17 14:26:37.026931-03:00,0879286-89.2026.8.14.0301,RECLAMAÇÃO PRÉ-PROCESSUAL (11875),JACQUELINE BASTOS LOUREIRO
CÍVEL,BELÉM,NAEFA CONCILIACAO/COORDENACAO,2026-08-17 14:34:05.318680-03:00,0879290-29.2026.8.14.0301,RECLAMAÇÃO PRÉ-PROCESSUAL (11875),JACQUELINE BASTOS LOUREIRO
CÍVEL,BELÉM,NAEFA CONCILIACAO/COORDENACAO,2026-08-18 08:38:54.409469-03:00,0879492-06.2026.8.14.0301,RECLAMAÇÃO PRÉ-PROCESSUAL (11875),JACQUELINE BASTOS LOUREIRO
CÍVEL,BELÉM,NAEFA CONCILIACAO/COORDENACAO,2026-08-18 09:37:59.174763-03:00,0879645-39.2026.8.14.0301,RECLAMAÇÃO PRÉ-PROCESSUAL (11875),JACQUELINE BASTOS LOUREIRO
CÍVEL,BELÉM,NAEFA CONCILIACAO/COORDENACAO,2026-08-19 09:16:09.901116-03:00,0880086-20.2026.8.14.0301,RECLAMAÇÃO PRÉ-PROCESSUAL (11875),JACQUELINE BASTOS LOUREIRO
CÍVEL,BELÉM,NAEFA CONCILIACAO/COORDENACAO,2026-08-19 14:02:44.878958-03:00,0880329-61.2026.8.14.0301,RECLAMAÇÃO PRÉ-PROCESSUAL (11875),JACQUELINE BASTOS LOUREIRO
CÍVEL,BELÉM,NAEFA CONCILIACAO/COORDENACAO,2026-08-19 14:20:03.572162-03:00,0880347-82.2026.8.14.0301,RECLAMAÇÃO PRÉ-PROCESSUAL (11875),JACQUELINE BASTOS LOUREIRO
CÍVEL,BELÉM,NAEFA CONCILIACAO/COORDENACAO,2026-08-19 14:52:31.209065-03:00,0880366-88.2026.8.14.0301,HOMOLOGAÇÃO DA TRANSAÇÃO EXTRAJUDICIAL (12374),JACQUELINE BASTOS LOUREIRO
CÍVEL,BELÉM,NAEFA CONCILIACAO/COORDENACAO,2026-08-19 15:06:44.878573-03:00,0880378-05.2026.8.14.0301,RECLAMAÇÃO PRÉ-PROCESSUAL (11875),JACQUELINE BASTOS LOUREIRO
CÍVEL,BELÉM,NAEFA CONCILIACAO/COORDENACAO,2026-08-19 15:40:56.574945-03:00,0880409-25.2026.8.14.0301,RECLAMAÇÃO PRÉ-PROCESSUAL (11875),JACQUELINE BASTOS LOUREIRO
CÍVEL,BELÉM,NAEFA CONCILIACAO/COORDENACAO,2026-08-20 08:28:00.324428-03:00,0880598-03.2026.8.14.0301,RECLAMAÇÃO PRÉ-PROCESSUAL (11875),JACQUELINE BASTOS LOUREIRO
CÍVEL,BELÉM,NAEFA CONCILIACAO/COORDENACAO,2026-08-20 08:46:37.869578-03:00,0880623-16.2026.8.14.0301,RECLAMAÇÃO PRÉ-PROCESSUAL (11875),JACQUELINE BASTOS LOUREIRO
CÍVEL,BELÉM,NAEFA CONCILIACAO/COORDENACAO,2026-08-20 18:05:05.768610-03:00,0881041-51.2026.8.14.0301,RECLAMAÇÃO PRÉ-PROCESSUAL (11875),JACQUELINE BASTOS LOUREIRO
CÍVEL,BELÉM,NAEFA CONCILIACAO/COORDENACAO,2026-08-20 18:11:04.646206-03:00,0881043-21.2026.8.14.0301,RECLAMAÇÃO PRÉ-PROCESSUAL (11875),JACQUELINE BASTOS LOUREIRO
CÍVEL,BELÉM,NAEFA CONCILIACAO/COORDENACAO,2026-08-20 18:19:31.590847-03:00,0881044-06.2026.8.14.0301,RECLAMAÇÃO PRÉ-PROCESSUAL (11875),JACQUELINE BASTOS LOUREIRO
CÍVEL,BELÉM,NAEFA CONCILIACAO/COORDENACAO,2026-08-20 18:29:13.240054-03:00,0819731-56.2026.8.14.0006,DIVÓRCIO CONSENSUAL (12372),JACQUELINE BASTOS LOUREIRO
CÍVEL,BELÉM,NAEFA CONCILIACAO/COORDENACAO,2026-08-20 18:32:58.971511-03:00,0819732-41.2026.8.14.0006,DIVÓRCIO CONSENSUAL (12372),JACQUELINE BASTOS LOUREIRO
CÍVEL,BELÉM,NAEFA CONCILIACAO/COORDENACAO,2026-08-20 18:39:26.541115-03:00,0881054-50.2026.8.14.0301,RECLAMAÇÃO PRÉ-PROCESSUAL (11875),JACQUELINE BASTOS LOUREIRO
CÍVEL,BELÉM,NAEFA CONCILIACAO/COORDENACAO,2026-08-20 18:43:00.321927-03:00,0881056-20.2026.8.14.0301,DIVÓRCIO CONSENSUAL (12372),JACQUELINE BASTOS LOUREIRO
CÍVEL,BELÉM,NAEFA CONCILIACAO/COORDENACAO,2026-08-20 18:55:54.699563-03:00,0881065-79.2026.8.14.0301,RECLAMAÇÃO PRÉ-PROCESSUAL (11875),JACQUELINE BASTOS LOUREIRO
CÍVEL,BELÉM,NAEFA CONCILIACAO/COORDENACAO,2026-08-20 18:59:09.406043-03:00,0881110-83.2026.8.14.0301,RECLAMAÇÃO PRÉ-PROCESSUAL (11875),JACQUELINE BASTOS LOUREIRO
CÍVEL,BELÉM,NAEFA CONCILIACAO/COORDENACAO,2026-08-20 19:01:38.480556-03:00,0819736-78.2026.8.14.0006,HOMOLOGAÇÃO DA TRANSAÇÃO EXTRAJUDICIAL (12374),JACQUELINE BASTOS LOUREIRO
CÍVEL,BELÉM,NAEFA CONCILIACAO/COORDENACAO,2026-08-21 08:37:29.196895-03:00,0881128-07.2026.8.14.0301,RECLAMAÇÃO PRÉ-PROCESSUAL (11875),JACQUELINE BASTOS LOUREIRO
CÍVEL,BELÉM,NAEFA CONCILIACAO/COORDENACAO,2026-08-21 08:53:18.286415-03:00,0881130-74.2026.8.14.0301,HOMOLOGAÇÃO DA TRANSAÇÃO EXTRAJUDICIAL (12374),JACQUELINE BASTOS LOUREIRO
CÍVEL,BELÉM,NAEFA CONCILIACAO/COORDENACAO,2026-08-21 09:44:25.133819-03:00,0881168-86.2026.8.14.0301,HOMOLOGAÇÃO DA TRANSAÇÃO EXTRAJUDICIAL (12374),JACQUELINE BASTOS LOUREIRO
CÍVEL,BELÉM,NAEFA CONCILIACAO/COORDENACAO,2026-08-21 10:02:20.340209-03:00,0881181-85.2026.8.14.0301,DIVÓRCIO CONSENSUAL (12372),JACQUELINE BASTOS LOUREIRO
CÍVEL,BELÉM,NAEFA CONCILIACAO/COORDENACAO,2026-08-24 09:21:45.976879-03:00,0881651-19.2026.8.14.0301,RECLAMAÇÃO PRÉ-PROCESSUAL (11875),JACQUELINE BASTOS LOUREIRO
CÍVEL,BELÉM,NAEFA CONCILIACAO/COORDENACAO,2026-08-24 09:33:45.367064-03:00,0881655-56.2026.8.14.0301,RECLAMAÇÃO PRÉ-PROCESSUAL (11875),JACQUELINE BASTOS LOUREIRO
CÍVEL,BELÉM,NAEFA CONCILIACAO/COORDENACAO,2026-08-24 09:51:28.343240-03:00,0881663-33.2026.8.14.0301,HOMOLOGAÇÃO DA TRANSAÇÃO EXTRAJUDICIAL (12374),JACQUELINE BASTOS LOUREIRO
CÍVEL,BELÉM,NAEFA CONCILIACAO/COORDENACAO,2026-08-24 11:12:58.377582-03:00,0881875-54.2026.8.14.0301,RECLAMAÇÃO PRÉ-PROCESSUAL (11875),JACQUELINE BASTOS LOUREIRO
CÍVEL,BELÉM,NAEFA CONCILIACAO/COORDENACAO,2026-08-25 08:48:33.805063-03:00,0882066-02.2026.8.14.0301,RECLAMAÇÃO PRÉ-PROCESSUAL (11875),JACQUELINE BASTOS LOUREIRO
CÍVEL,BELÉM,NAEFA CONCILIACAO/COORDENACAO,2026-08-25 09:31:49.675592-03:00,0885154-48.2026.8.14.0301,RECLAMAÇÃO PRÉ-PROCESSUAL (11875),LUDMILA CARDOSO LOBÃO DIAS
CÍVEL,BELÉM,NAEFA CONCILIACAO/COORDENACAO,2026-08-28 08:44:42.214917-03:00,0883739-30.2026.8.14.0301,PROCEDIMENTO COMUM CÍVEL (7),JACQUELINE BASTOS LOUREIRO
CÍVEL,BELÉM,NAEFA CONCILIACAO/COORDENACAO,2026-08-28 09:07:18.507253-03:00,0883750-59.2026.8.14.0301,PROCEDIMENTO COMUM CÍVEL (7),JACQUELINE BASTOS LOUREIRO
CÍVEL,BELÉM,NAEFA CONCILIACAO/COORDENACAO,2026-08-28 11:33:42.054018-03:00,0820463-37.2026.8.14.0006,PROCEDIMENTO COMUM CÍVEL (7),JACQUELINE BASTOS LOUREIRO
CÍVEL,BELÉM,NAEFA CONCILIACAO/COORDENACAO,2026-08-31 09:01:03.105642-03:00,0884377-63.2026.8.14.0301,RECLAMAÇÃO PRÉ-PROCESSUAL (11875),JACQUELINE BASTOS LOUREIRO
CÍVEL,BELÉM,NAEFA CONCILIACAO/COORDENACAO,2026-08-31 13:51:43.936141-03:00,0884602-83.2026.8.14.0301,RECLAMAÇÃO PRÉ-PROCESSUAL (11875),JACQUELINE BASTOS LOUREIRO
CÍVEL,BELÉM,NAEFA CONCILIACAO/COORDENACAO,2026-08-31 14:44:47.182440-03:00,0884621-89.2026.8.14.0301,RECLAMAÇÃO PRÉ-PROCESSUAL (11875),JACQUELINE BASTOS LOUREIRO
CÍVEL,BELÉM,NAEFA CONCILIACAO/COORDENACAO,2026-08-31 14:55:37.693645-03:00,0884628-81.2026.8.14.0301,HOMOLOGAÇÃO DA TRANSAÇÃO EXTRAJUDICIAL (12374),JACQUELINE BASTOS LOUREIRO
CÍVEL,BELÉM,NAEFA CONCILIACAO/COORDENACAO,2026-09-01 08:57:44.399064-03:00,0884845-27.2026.8.14.0301,RECLAMAÇÃO PRÉ-PROCESSUAL (11875),JACQUELINE BASTOS LOUREIRO
CÍVEL,BELÉM,NAEFA CONCILIACAO/COORDENACAO,2026-09-01 11:18:56.015525-03:00,0884987-31.2026.8.14.0301,RECLAMAÇÃO PRÉ-PROCESSUAL (11875),JACQUELINE BASTOS LOUREIRO
CÍVEL,BELÉM,NAEFA CONCILIACAO/COORDENACAO,2026-09-01 13:02:48.133241-03:00,0804043-45.2026.8.14.0009,DIVÓRCIO CONSENSUAL (12372),JACQUELINE BASTOS LOUREIRO
CÍVEL,BELÉM,NAEFA CONCILIACAO/COORDENACAO,2026-09-01 14:32:38.162227-03:00,0885132-87.2026.8.14.0301,RECLAMAÇÃO PRÉ-PROCESSUAL (11875),JACQUELINE BASTOS LOUREIRO
CÍVEL,BELÉM,NAEFA CONCILIACAO/COORDENACAO,2026-09-01 14:48:13.190130-03:00,0885142-34.2026.8.14.0301,RECLAMAÇÃO PRÉ-PROCESSUAL (11875),JACQUELINE BASTOS LOUREIRO
CÍVEL,BELÉM,NAEFA CONCILIACAO/COORDENACAO,2026-09-02 14:36:24.609249-03:00,0885707-95.2026.8.14.0301,RECLAMAÇÃO PRÉ-PROCESSUAL (11875),JACQUELINE BASTOS LOUREIRO
CÍVEL,BELÉM,NAEFA CONCILIACAO/COORDENACAO,2026-09-02 14:55:42.430817-03:00,0885706-13.2026.8.14.0301,RECLAMAÇÃO PRÉ-PROCESSUAL (11875),JACQUELINE BASTOS LOUREIRO
CÍVEL,BELÉM,NAEFA CONCILIACAO/COORDENACAO,2026-09-02 15:03:29.607394-03:00,0885703-58.2026.8.14.0301,RECLAMAÇÃO PRÉ-PROCESSUAL (11875),JACQUELINE BASTOS LOUREIRO
CÍVEL,BELÉM,NAEFA CONCILIACAO/COORDENACAO,2026-09-03 08:13:56.217013-03:00,0885796-21.2026.8.14.0301,RECLAMAÇÃO PRÉ-PROCESSUAL (11875),JACQUELINE BASTOS LOUREIRO
CÍVEL,BELÉM,NAEFA CONCILIACAO/COORDENACAO,2026-09-03 08:19:12.035591-03:00,0885798-88.2026.8.14.0301,RECLAMAÇÃO PRÉ-PROCESSUAL (11875),JACQUELINE BASTOS LOUREIRO
CÍVEL,BELÉM,NAEFA CONCILIACAO/COORDENACAO,2026-09-03 08:21:51.927978-03:00,0885801-43.2026.8.14.0301,RECLAMAÇÃO PRÉ-PROCESSUAL (11875),JACQUELINE BASTOS LOUREIRO
CÍVEL,BELÉM,NAEFA CONCILIACAO/COORDENACAO,2026-09-03 08:38:23.779504-03:00,0886127-03.2026.8.14.0301,RECLAMAÇÃO PRÉ-PROCESSUAL (11875),LUDMILA CARDOSO LOBÃO DIAS
CÍVEL,BELÉM,NAEFA CONCILIACAO/COORDENACAO,2026-09-03 09:49:41.410724-03:00,0885829-11.2026.8.14.0301,RECLAMAÇÃO PRÉ-PROCESSUAL (11875),JACQUELINE BASTOS LOUREIRO
CÍVEL,BELÉM,NAEFA CONCILIACAO/COORDENACAO,2026-09-03 10:31:11.570318-03:00,0885868-08.2026.8.14.0301,RECLAMAÇÃO PRÉ-PROCESSUAL (11875),JACQUELINE BASTOS LOUREIRO
CÍVEL,BELÉM,NAEFA CONCILIACAO/COORDENACAO,2026-09-03 12:47:17.732378-03:00,0886004-05.2026.8.14.0301,HOMOLOGAÇÃO DA TRANSAÇÃO EXTRAJUDICIAL (12374),JACQUELINE BASTOS LOUREIRO
CÍVEL,BELÉM,NAEFA CONCILIACAO/COORDENACAO,2026-09-03 13:52:00.462137-03:00,0886067-30.2026.8.14.0301,HOMOLOGAÇÃO DA TRANSAÇÃO EXTRAJUDICIAL (12374),JACQUELINE BASTOS LOUREIRO
CÍVEL,BELÉM,NAEFA CONCILIACAO/COORDENACAO,2026-09-03 14:39:57.482103-03:00,0886119-26.2026.8.14.0301,HOMOLOGAÇÃO DA TRANSAÇÃO EXTRAJUDICIAL (12374),JACQUELINE BASTOS LOUREIRO
CÍVEL,BELÉM,NAEFA CONCILIACAO/COORDENACAO,2026-09-04 10:02:05.021006-03:00,0886384-28.2026.8.14.0301,HOMOLOGAÇÃO DA TRANSAÇÃO EXTRAJUDICIAL (12374),JACQUELINE BASTOS LOUREIRO
CÍVEL,BELÉM,NAEFA CONCILIACAO/COORDENACAO,2026-09-10 11:58:46.793417-03:00,0888082-69.2026.8.14.0301,PROCEDIMENTO COMUM CÍVEL (7),LUDMILA CARDOSO LOBÃO DIAS
CÍVEL,BELÉM,NAEFA CONCILIACAO/COORDENACAO,2026-09-15 13:31:06.353012-03:00,0889559-30.2026.8.14.0301,DIVÓRCIO LITIGIOSO (12541),LUDMILA CARDOSO LOBÃO DIAS
CÍVEL,BELÉM,NAEFA CONCILIACAO/COORDENACAO,2026-09-15 14:20:14.019837-03:00,0889590-50.2026.8.14.0301,RECLAMAÇÃO PRÉ-PROCESSUAL (11875),JACQUELINE BASTOS LOUREIRO
CÍVEL,BELÉM,NAEFA CONCILIACAO/COORDENACAO,2026-09-15 14:24:48.997295-03:00,0889595-72.2026.8.14.0301,RECLAMAÇÃO PRÉ-PROCESSUAL (11875),JACQUELINE BASTOS LOUREIRO
CÍVEL,BELÉM,NAEFA CONCILIACAO/COORDENACAO,2026-09-15 14:33:59.815144-03:00,0889605-19.2026.8.14.0301,RECLAMAÇÃO PRÉ-PROCESSUAL (11875),JACQUELINE BASTOS LOUREIRO
CÍVEL,BELÉM,NAEFA CONCILIACAO/COORDENACAO,2026-09-15 14:43:37.161643-03:00,0889614-78.2026.8.14.0301,RECLAMAÇÃO PRÉ-PROCESSUAL (11875),JACQUELINE BASTOS LOUREIRO
CÍVEL,BELÉM,NAEFA CONCILIACAO/COORDENACAO,2026-09-15 15:00:33.184292-03:00,0889627-77.2026.8.14.0301,RECLAMAÇÃO PRÉ-PROCESSUAL (11875),JACQUELINE BASTOS LOUREIRO
CÍVEL,BELÉM,NAEFA CONCILIACAO/COORDENACAO,2026-09-16 08:26:36.629980-03:00,0889856-37.2026.8.14.0301,RECLAMAÇÃO PRÉ-PROCESSUAL (11875),JACQUELINE BASTOS LOUREIRO
CÍVEL,BELÉM,NAEFA CONCILIACAO/COORDENACAO,2026-09-16 08:37:11.628101-03:00,0889859-89.2026.8.14.0301,RECLAMAÇÃO PRÉ-PROCESSUAL (11875),JACQUELINE BASTOS LOUREIRO
CÍVEL,BELÉM,NAEFA CONCILIACAO/COORDENACAO,2026-09-16 09:50:28.155152-03:00,0889891-94.2026.8.14.0301,DIVÓRCIO LITIGIOSO (12541),JACQUELINE BASTOS LOUREIRO
CÍVEL,BELÉM,NAEFA CONCILIACAO/COORDENACAO,2026-09-17 11:27:38.794265-03:00,0890437-52.2026.8.14.0301,DIVÓRCIO LITIGIOSO (12541),JACQUELINE BASTOS LOUREIRO
CÍVEL,BELÉM,NAEFA CONCILIACAO/COORDENACAO,2026-09-17 11:54:10.814667-03:00,0822437-12.2026.8.14.0006,PROCEDIMENTO COMUM CÍVEL (7),JACQUELINE BASTOS LOUREIRO
CÍVEL,BELÉM,NAEFA CONCILIACAO/COORDENACAO,2026-09-17 13:31:19.726411-03:00,0807313-83.2026.8.14.0201,ALIMENTOS - LEI ESPECIAL Nº 5.478/68 (69),JACQUELINE BASTOS LOUREIRO
CÍVEL,BELÉM,NAEFA CONCILIACAO/COORDENACAO,2026-09-21 14:41:54.446638-03:00,0891700-22.2026.8.14.0301,PROCEDIMENTO COMUM CÍVEL (7),JACQUELINE BASTOS LOUREIRO
CÍVEL,BELÉM,NAEFA CONCILIACAO/COORDENACAO,2026-09-22 12:54:58.863836-03:00,0892071-83.2026.8.14.0301,PROCEDIMENTO COMUM CÍVEL (7),JACQUELINE BASTOS LOUREIRO
CÍVEL,BELÉM,NAEFA CONCILIACAO/COORDENACAO,2026-09-22 13:59:54.421290-03:00,0892109-95.2026.8.14.0301,RECLAMAÇÃO PRÉ-PROCESSUAL (11875),JACQUELINE BASTOS LOUREIRO
CÍVEL,BELÉM,NAEFA CONCILIACAO/COORDENACAO,2026-09-22 14:22:55.328098-03:00,0892137-63.2026.8.14.0301,DIVÓRCIO LITIGIOSO (12541),LUDMILA CARDOSO LOBÃO DIAS
CÍVEL,BELÉM,NÚCLEO DAS INSTITUIÇÕES DE ENSINO SUPERIOR,2026-01-12 13:05:05.657011-03:00,0801788-14.2026.8.14.0301,RETIFICAÇÃO OU SUPRIMENTO OU RESTAURAÇÃO DE REGISTRO CIVIL (1682),PAULA CUNHA DA SILVA DENADAI
CÍVEL,BELÉM,NÚCLEO DAS INSTITUIÇÕES DE ENSINO SUPERIOR,2026-01-13 09:44:50.646757-03:00,0801796-88.2026.8.14.0301,RETIFICAÇÃO OU SUPRIMENTO OU RESTAURAÇÃO DE REGISTRO CIVIL (1682),PAULA CUNHA DA SILVA DENADAI
CÍVEL,BELÉM,NÚCLEO DAS INSTITUIÇÕES DE ENSINO SUPERIOR,2026-01-14 13:36:18.317377-03:00,0802355-45.2026.8.14.0301,RETIFICAÇÃO OU SUPRIMENTO OU RESTAURAÇÃO DE REGISTRO CIVIL (1682),PAULA CUNHA DA SILVA DENADAI
CÍVEL,BELÉM,NÚCLEO DAS INSTITUIÇÕES DE ENSINO SUPERIOR,2026-01-19 11:08:26.349295-03:00,0803486-55.2026.8.14.0301,RETIFICAÇÃO OU SUPRIMENTO OU RESTAURAÇÃO DE REGISTRO CIVIL (1682),PAULA CUNHA DA SILVA DENADAI
CÍVEL,BELÉM,NÚCLEO DAS INSTITUIÇÕES DE ENSINO SUPERIOR,2026-01-20 14:19:31.203895-03:00,0805256-83.2026.8.14.0301,ALVARÁ JUDICIAL - LEI 6858/80 (74),PAULA CUNHA DA SILVA DENADAI
CÍVEL,BELÉM,NÚCLEO DAS INSTITUIÇÕES DE ENSINO SUPERIOR,2026-01-26 10:22:11.775000-03:00,0805658-67.2026.8.14.0301,INTERDIÇÃO/CURATELA (58),VERENA MAUÉS FIDALGO BARROS
CÍVEL,BELÉM,NÚCLEO DAS INSTITUIÇÕES DE ENSINO SUPERIOR,2026-01-26 13:56:54.307399-03:00,0805659-52.2026.8.14.0301,INTERDIÇÃO/CURATELA (58),VERENA MAUÉS FIDALGO BARROS
CÍVEL,BELÉM,NÚCLEO DAS INSTITUIÇÕES DE ENSINO SUPERIOR,2026-01-27 10:10:32.753723-03:00,0801953-73.2026.8.14.0006,ALVARÁ JUDICIAL - LEI 6858/80 (74),VERENA MAUÉS FIDALGO BARROS
CÍVEL,BELÉM,NÚCLEO DAS INSTITUIÇÕES DE ENSINO SUPERIOR,2026-01-27 12:59:49.471245-03:00,0801956-28.2026.8.14.0006,ALIMENTOS - LEI ESPECIAL Nº 5.478/68 (69),VERENA MAUÉS FIDALGO BARROS
CÍVEL,BELÉM,NÚCLEO DAS INSTITUIÇÕES DE ENSINO SUPERIOR,2026-02-05 10:27:29.515917-03:00,0802719-29.2026.8.14.0006,DIVÓRCIO CONSENSUAL (12372),PAULA CUNHA DA SILVA DENADAI
CÍVEL,BELÉM,NÚCLEO DAS INSTITUIÇÕES DE ENSINO SUPERIOR,2026-02-10 11:23:40.689145-03:00,0803099-52.2026.8.14.0006,RETIFICAÇÃO OU SUPRIMENTO OU RESTAURAÇÃO DE REGISTRO CIVIL (1682),ANA MARINA MONTEIRO VALENTE DO COUTO
CÍVEL,BELÉM,NÚCLEO DAS INSTITUIÇÕES DE ENSINO SUPERIOR,2026-02-13 11:04:02.461428-03:00,0803440-78.2026.8.14.0006,RETIFICAÇÃO OU SUPRIMENTO OU RESTAURAÇÃO DE REGISTRO CIVIL (1682),ANA MARINA MONTEIRO VALENTE DO COUTO
CÍVEL,BELÉM,NÚCLEO DAS INSTITUIÇÕES DE ENSINO SUPERIOR,2026-02-20 14:23:05.753473-03:00,0804362-22.2026.8.14.0006,ALIMENTOS - LEI ESPECIAL Nº 5.478/68 (69),ANA MARINA MONTEIRO VALENTE DO COUTO
CÍVEL,BELÉM,NÚCLEO DAS INSTITUIÇÕES DE ENSINO SUPERIOR,2026-02-24 10:43:46.273962-03:00,0804094-65.2026.8.14.0006,DIVÓRCIO CONSENSUAL (12372),PAULA CUNHA DA SILVA DENADAI
CÍVEL,BELÉM,NÚCLEO DAS INSTITUIÇÕES DE ENSINO SUPERIOR,2026-02-24 11:45:49.055300-03:00,0804109-34.2026.8.14.0006,DIVÓRCIO CONSENSUAL (12372),PAULA CUNHA DA SILVA DENADAI
CÍVEL,BELÉM,NÚCLEO DAS INSTITUIÇÕES DE ENSINO SUPERIOR,2026-02-26 12:06:16.640131-03:00,0824320-79.2026.8.14.0301,RETIFICAÇÃO OU SUPRIMENTO OU RESTAURAÇÃO DE REGISTRO CIVIL (1682),ANA MARINA MONTEIRO VALENTE DO COUTO
CÍVEL,BELÉM,NÚCLEO DAS INSTITUIÇÕES DE ENSINO SUPERIOR,2026-02-27 11:28:05.353041-03:00,0804462-74.2026.8.14.0006,RETIFICAÇÃO OU SUPRIMENTO OU RESTAURAÇÃO DE REGISTRO CIVIL (1682),ANA MARINA MONTEIRO VALENTE DO COUTO
CÍVEL,BELÉM,NÚCLEO DAS INSTITUIÇÕES DE ENSINO SUPERIOR,2026-02-27 12:03:48.445328-03:00,0824784-06.2026.8.14.0301,INTERDIÇÃO/CURATELA (58),ANA MARINA MONTEIRO VALENTE DO COUTO
CÍVEL,BELÉM,NÚCLEO DAS INSTITUIÇÕES DE ENSINO SUPERIOR,2026-02-27 12:16:23.541825-03:00,0824791-95.2026.8.14.0301,RETIFICAÇÃO OU SUPRIMENTO OU RESTAURAÇÃO DE REGISTRO CIVIL (1682),PAULA CUNHA DA SILVA DENADAI
CÍVEL,BELÉM,NÚCLEO DAS INSTITUIÇÕES DE ENSINO SUPERIOR,2026-03-03 11:43:43.973938-03:00,0804798-78.2026.8.14.0006,DIVÓRCIO CONSENSUAL (12372),ANA MARINA MONTEIRO VALENTE DO COUTO
CÍVEL,BELÉM,NÚCLEO DAS INSTITUIÇÕES DE ENSINO SUPERIOR,2026-03-03 14:32:21.244738-03:00,0826044-21.2026.8.14.0301,INTERDIÇÃO/CURATELA (58),PAULA CUNHA DA SILVA DENADAI
CÍVEL,BELÉM,NÚCLEO DAS INSTITUIÇÕES DE ENSINO SUPERIOR,2026-03-05 16:40:33.222785-03:00,0841209-11.2026.8.14.0301,ALIMENTOS - LEI ESPECIAL Nº 5.478/68 (69),ANA MARINA MONTEIRO VALENTE DO COUTO
CÍVEL,BELÉM,NÚCLEO DAS INSTITUIÇÕES DE ENSINO SUPERIOR,2026-03-09 12:26:40.596042-03:00,0827284-45.2026.8.14.0301,INTERDIÇÃO/CURATELA (58),ANA MARINA MONTEIRO VALENTE DO COUTO
CÍVEL,BELÉM,NÚCLEO DAS INSTITUIÇÕES DE ENSINO SUPERIOR,2026-03-09 18:23:55.664567-03:00,0801367-33.2026.8.14.0201,DIVÓRCIO CONSENSUAL (12372),VERENA MAUÉS FIDALGO BARROS
CÍVEL,BELÉM,NÚCLEO DAS INSTITUIÇÕES DE ENSINO SUPERIOR,2026-03-10 10:43:10.126767-03:00,0827688-96.2026.8.14.0301,RETIFICAÇÃO OU SUPRIMENTO OU RESTAURAÇÃO DE REGISTRO CIVIL (1682),ANA MARINA MONTEIRO VALENTE DO COUTO
CÍVEL,BELÉM,NÚCLEO DAS INSTITUIÇÕES DE ENSINO SUPERIOR,2026-03-10 11:02:25.739438-03:00,0801391-61.2026.8.14.0201,DIVÓRCIO LITIGIOSO (12541),ANA MARINA MONTEIRO VALENTE DO COUTO
CÍVEL,BELÉM,NÚCLEO DAS INSTITUIÇÕES DE ENSINO SUPERIOR,2026-03-10 12:28:38.858755-03:00,0805423-15.2026.8.14.0006,INTERDIÇÃO/CURATELA (58),ANA MARINA MONTEIRO VALENTE DO COUTO
CÍVEL,BELÉM,NÚCLEO DAS INSTITUIÇÕES DE ENSINO SUPERIOR,2026-03-11 11:32:51.993484-03:00,0807069-60.2026.8.14.0006,DIVÓRCIO LITIGIOSO (12541),ANA MARINA MONTEIRO VALENTE DO COUTO
CÍVEL,BELÉM,NÚCLEO DAS INSTITUIÇÕES DE ENSINO SUPERIOR,2026-03-23 12:01:51.571662-03:00,0832024-46.2026.8.14.0301,INTERDIÇÃO/CURATELA (58),PAULA CUNHA DA SILVA DENADAI
CÍVEL,BELÉM,NÚCLEO DAS INSTITUIÇÕES DE ENSINO SUPERIOR,2026-03-26 10:09:54.092765-03:00,0833501-07.2026.8.14.0301,ALIMENTOS - LEI ESPECIAL Nº 5.478/68 (69),PAULA CUNHA DA SILVA DENADAI
CÍVEL,BELÉM,NÚCLEO DAS INSTITUIÇÕES DE ENSINO SUPERIOR,2026-03-26 14:50:29.447951-03:00,0833255-11.2026.8.14.0301,INTERDIÇÃO/CURATELA (58),VERENA MAUÉS FIDALGO BARROS
CÍVEL,BELÉM,NÚCLEO DAS INSTITUIÇÕES DE ENSINO SUPERIOR,2026-03-27 13:57:46.642712-03:00,0834170-60.2026.8.14.0301,DIVÓRCIO LITIGIOSO (12541),PAULA CUNHA DA SILVA DENADAI
CÍVEL,BELÉM,NÚCLEO DAS INSTITUIÇÕES DE ENSINO SUPERIOR,2026-03-30 15:16:39.126717-03:00,0834277-07.2026.8.14.0301,DIVÓRCIO CONSENSUAL (12372),VERENA MAUÉS FIDALGO BARROS
CÍVEL,BELÉM,NÚCLEO DAS INSTITUIÇÕES DE ENSINO SUPERIOR,2026-04-08 10:45:36.042705-03:00,0807961-66.2026.8.14.0006,RETIFICAÇÃO OU SUPRIMENTO OU RESTAURAÇÃO DE REGISTRO CIVIL (1682),VERENA MAUÉS FIDALGO BARROS
CÍVEL,BELÉM,NÚCLEO DAS INSTITUIÇÕES DE ENSINO SUPERIOR,2026-04-08 15:17:20.991120-03:00,0840685-14.2026.8.14.0301,INTERDIÇÃO/CURATELA (58),ANA MARINA MONTEIRO VALENTE DO COUTO
CÍVEL,BELÉM,NÚCLEO DAS INSTITUIÇÕES DE ENSINO SUPERIOR,2026-04-10 11:34:50.710266-03:00,0840762-23.2026.8.14.0301,RETIFICAÇÃO OU SUPRIMENTO OU RESTAURAÇÃO DE REGISTRO CIVIL (1682),PAULA CUNHA DA SILVA DENADAI
CÍVEL,BELÉM,NÚCLEO DAS INSTITUIÇÕES DE ENSINO SUPERIOR,2026-04-13 10:40:27.119874-03:00,0841174-51.2026.8.14.0301,ALIMENTOS - LEI ESPECIAL Nº 5.478/68 (69),PAULA CUNHA DA SILVA DENADAI
CÍVEL,BELÉM,NÚCLEO DAS INSTITUIÇÕES DE ENSINO SUPERIOR,2026-04-13 12:27:12.702304-03:00,0841237-76.2026.8.14.0301,DIVÓRCIO LITIGIOSO (12541),PAULA CUNHA DA SILVA DENADAI
CÍVEL,BELÉM,NÚCLEO DAS INSTITUIÇÕES DE ENSINO SUPERIOR,2026-04-14 12:14:53.846435-03:00,0841740-97.2026.8.14.0301,RETIFICAÇÃO OU SUPRIMENTO OU RESTAURAÇÃO DE REGISTRO CIVIL (1682),VERENA MAUÉS FIDALGO BARROS
CÍVEL,BELÉM,NÚCLEO DAS INSTITUIÇÕES DE ENSINO SUPERIOR,2026-04-14 12:17:34.877789-03:00,0808404-17.2026.8.14.0006,DIVÓRCIO LITIGIOSO (12541),ANA MARINA MONTEIRO VALENTE DO COUTO
CÍVEL,BELÉM,NÚCLEO DAS INSTITUIÇÕES DE ENSINO SUPERIOR,2026-04-14 12:31:15.509234-03:00,0841737-45.2026.8.14.0301,ALIMENTOS - LEI ESPECIAL Nº 5.478/68 (69),VERENA MAUÉS FIDALGO BARROS
CÍVEL,BELÉM,NÚCLEO DAS INSTITUIÇÕES DE ENSINO SUPERIOR,2026-04-14 13:19:21.607171-03:00,0808417-16.2026.8.14.0006,DIVÓRCIO CONSENSUAL (12372),VERENA MAUÉS FIDALGO BARROS
CÍVEL,BELÉM,NÚCLEO DAS INSTITUIÇÕES DE ENSINO SUPERIOR,2026-04-14 14:10:09.790741-03:00,0808416-31.2026.8.14.0006,RETIFICAÇÃO OU SUPRIMENTO OU RESTAURAÇÃO DE REGISTRO CIVIL (1682),VERENA MAUÉS FIDALGO BARROS
CÍVEL,BELÉM,NÚCLEO DAS INSTITUIÇÕES DE ENSINO SUPERIOR,2026-04-15 12:38:52.834604-03:00,0808557-50.2026.8.14.0006,DIVÓRCIO LITIGIOSO (12541),VERENA MAUÉS FIDALGO BARROS
CÍVEL,BELÉM,NÚCLEO DAS INSTITUIÇÕES DE ENSINO SUPERIOR,2026-04-17 13:25:33.245032-03:00,0843243-56.2026.8.14.0301,ALIMENTOS - LEI ESPECIAL Nº 5.478/68 (69),ANA MARINA MONTEIRO VALENTE DO COUTO
CÍVEL,BELÉM,NÚCLEO DAS INSTITUIÇÕES DE ENSINO SUPERIOR,2026-04-17 13:30:14.004144-03:00,0843247-93.2026.8.14.0301,ALIMENTOS - LEI ESPECIAL Nº 5.478/68 (69),VERENA MAUÉS FIDALGO BARROS
CÍVEL,BELÉM,NÚCLEO DAS INSTITUIÇÕES DE ENSINO SUPERIOR,2026-04-21 12:39:41.035911-03:00,0809117-89.2026.8.14.0006,DIVÓRCIO LITIGIOSO (12541),ANA MARINA MONTEIRO VALENTE DO COUTO
CÍVEL,BELÉM,NÚCLEO DAS INSTITUIÇÕES DE ENSINO SUPERIOR,2026-04-22 12:48:53.873776-03:00,0844185-88.2026.8.14.0301,ALIMENTOS - LEI ESPECIAL Nº 5.478/68 (69),ANA MARINA MONTEIRO VALENTE DO COUTO
CÍVEL,BELÉM,NÚCLEO DAS INSTITUIÇÕES DE ENSINO SUPERIOR,2026-04-22 14:12:10.442026-03:00,0844228-25.2026.8.14.0301,ALIMENTOS - LEI ESPECIAL Nº 5.478/68 (69),ANA MARINA MONTEIRO VALENTE DO COUTO
CÍVEL,BELÉM,NÚCLEO DAS INSTITUIÇÕES DE ENSINO SUPERIOR,2026-04-22 15:52:52.476515-03:00,0809216-59.2026.8.14.0006,RETIFICAÇÃO OU SUPRIMENTO OU RESTAURAÇÃO DE REGISTRO CIVIL (1682),VERENA MAUÉS FIDALGO BARROS
CÍVEL,BELÉM,NÚCLEO DAS INSTITUIÇÕES DE ENSINO SUPERIOR,2026-04-23 11:00:42.188414-03:00,0809220-96.2026.8.14.0006,ALIMENTOS - LEI ESPECIAL Nº 5.478/68 (69),PAULA CUNHA DA SILVA DENADAI
CÍVEL,BELÉM,NÚCLEO DAS INSTITUIÇÕES DE ENSINO SUPERIOR,2026-04-23 11:49:15.896135-03:00,0809230-43.2026.8.14.0006,ALIMENTOS - LEI ESPECIAL Nº 5.478/68 (69),PAULA CUNHA DA SILVA DENADAI
CÍVEL,BELÉM,NÚCLEO DAS INSTITUIÇÕES DE ENSINO SUPERIOR,2026-04-23 13:21:11.312157-03:00,0844646-60.2026.8.14.0301,RETIFICAÇÃO OU SUPRIMENTO OU RESTAURAÇÃO DE REGISTRO CIVIL (1682),VERENA MAUÉS FIDALGO BARROS
CÍVEL,BELÉM,NÚCLEO DAS INSTITUIÇÕES DE ENSINO SUPERIOR,2026-04-24 14:20:13.958301-03:00,0809553-48.2026.8.14.0006,DIVÓRCIO LITIGIOSO (12541),VERENA MAUÉS FIDALGO BARROS
CÍVEL,BELÉM,NÚCLEO DAS INSTITUIÇÕES DE ENSINO SUPERIOR,2026-04-27 08:53:29.670798-03:00,0802850-98.2026.8.14.0201,ALIMENTOS - LEI ESPECIAL Nº 5.478/68 (69),VERENA MAUÉS FIDALGO BARROS
CÍVEL,BELÉM,NÚCLEO DAS INSTITUIÇÕES DE ENSINO SUPERIOR,2026-04-27 11:02:14.697128-03:00,0845725-74.2026.8.14.0301,ALIMENTOS - LEI ESPECIAL Nº 5.478/68 (69),VERENA MAUÉS FIDALGO BARROS
CÍVEL,BELÉM,NÚCLEO DAS INSTITUIÇÕES DE ENSINO SUPERIOR,2026-04-28 10:40:46.072489-03:00,0802901-12.2026.8.14.0201,PROCEDIMENTO COMUM CÍVEL (7),PAULA CUNHA DA SILVA DENADAI
CÍVEL,BELÉM,NÚCLEO DAS INSTITUIÇÕES DE ENSINO SUPERIOR,2026-04-28 11:47:07.967133-03:00,0846369-17.2026.8.14.0301,ALVARÁ JUDICIAL - LEI 6858/80 (74),PAULA CUNHA DA SILVA DENADAI
CÍVEL,BELÉM,NÚCLEO DAS INSTITUIÇÕES DE ENSINO SUPERIOR,2026-04-28 13:17:31.069124-03:00,0846458-40.2026.8.14.0301,INTERDIÇÃO/CURATELA (58),ANA MARINA MONTEIRO VALENTE DO COUTO
CÍVEL,BELÉM,NÚCLEO DAS INSTITUIÇÕES DE ENSINO SUPERIOR,2026-04-29 10:45:18.445053-03:00,0846872-38.2026.8.14.0301,ALIMENTOS - LEI ESPECIAL Nº 5.478/68 (69),VERENA MAUÉS FIDALGO BARROS
CÍVEL,BELÉM,NÚCLEO DAS INSTITUIÇÕES DE ENSINO SUPERIOR,2026-04-29 11:32:08.173143-03:00,0846835-11.2026.8.14.0301,RETIFICAÇÃO OU SUPRIMENTO OU RESTAURAÇÃO DE REGISTRO CIVIL (1682),ANA MARINA MONTEIRO VALENTE DO COUTO
CÍVEL,BELÉM,NÚCLEO DAS INSTITUIÇÕES DE ENSINO SUPERIOR,2026-04-29 12:29:53.254750-03:00,0846888-89.2026.8.14.0301,GUARDA DE INFÂNCIA E JUVENTUDE (1420),VERENA MAUÉS FIDALGO BARROS
CÍVEL,BELÉM,NÚCLEO DAS INSTITUIÇÕES DE ENSINO SUPERIOR,2026-04-29 16:59:53.883403-03:00,0809923-27.2026.8.14.0006,DIVÓRCIO CONSENSUAL (12372),VERENA MAUÉS FIDALGO BARROS
CÍVEL,BELÉM,NÚCLEO DAS INSTITUIÇÕES DE ENSINO SUPERIOR,2026-04-29 18:17:07.859107-03:00,0847144-32.2026.8.14.0301,DIVÓRCIO CONSENSUAL (12372),VERENA MAUÉS FIDALGO BARROS
CÍVEL,BELÉM,NÚCLEO DAS INSTITUIÇÕES DE ENSINO SUPERIOR,2026-04-29 18:34:40.737561-03:00,0809958-84.2026.8.14.0006,DIVÓRCIO CONSENSUAL (12372),VERENA MAUÉS FIDALGO BARROS
CÍVEL,BELÉM,NÚCLEO DAS INSTITUIÇÕES DE ENSINO SUPERIOR,2026-04-29 19:55:35.438965-03:00,0809961-39.2026.8.14.0006,DIVÓRCIO CONSENSUAL (12372),VERENA MAUÉS FIDALGO BARROS
CÍVEL,BELÉM,NÚCLEO DAS INSTITUIÇÕES DE ENSINO SUPERIOR,2026-04-29 20:43:09.744594-03:00,0847158-16.2026.8.14.0301,DIVÓRCIO CONSENSUAL (12372),VERENA MAUÉS FIDALGO BARROS
CÍVEL,BELÉM,NÚCLEO DAS INSTITUIÇÕES DE ENSINO SUPERIOR,2026-04-29 20:56:04.467279-03:00,0809967-46.2026.8.14.0006,DIVÓRCIO CONSENSUAL (12372),VERENA MAUÉS FIDALGO BARROS
CÍVEL,BELÉM,NÚCLEO DAS INSTITUIÇÕES DE ENSINO SUPERIOR,2026-04-29 21:00:08.294355-03:00,0802994-72.2026.8.14.0201,PROCEDIMENTO COMUM CÍVEL (7),VERENA MAUÉS FIDALGO BARROS
CÍVEL,BELÉM,NÚCLEO DAS INSTITUIÇÕES DE ENSINO SUPERIOR,2026-04-30 10:55:14.581852-03:00,0810004-73.2026.8.14.0006,INTERDIÇÃO/CURATELA (58),ANA MARINA MONTEIRO VALENTE DO COUTO
CÍVEL,BELÉM,NÚCLEO DAS INSTITUIÇÕES DE ENSINO SUPERIOR,2026-04-30 11:28:14.028244-03:00,0847352-16.2026.8.14.0301,INTERDIÇÃO/CURATELA (58),ANA MARINA MONTEIRO VALENTE DO COUTO
CÍVEL,BELÉM,NÚCLEO DAS INSTITUIÇÕES DE ENSINO SUPERIOR,2026-04-30 12:58:25.164302-03:00,0847403-27.2026.8.14.0301,ALIMENTOS - LEI ESPECIAL Nº 5.478/68 (69),ANA MARINA MONTEIRO VALENTE DO COUTO
CÍVEL,BELÉM,NÚCLEO DAS INSTITUIÇÕES DE ENSINO SUPERIOR,2026-04-30 17:00:58.773208-03:00,0810070-53.2026.8.14.0006,DIVÓRCIO CONSENSUAL (12372),VERENA MAUÉS FIDALGO BARROS
CÍVEL,BELÉM,NÚCLEO DAS INSTITUIÇÕES DE ENSINO SUPERIOR,2026-04-30 17:15:37.992305-03:00,0810076-60.2026.8.14.0006,DIVÓRCIO CONSENSUAL (12372),VERENA MAUÉS FIDALGO BARROS
CÍVEL,BELÉM,NÚCLEO DAS INSTITUIÇÕES DE ENSINO SUPERIOR,2026-04-30 17:26:15.914399-03:00,0803035-39.2026.8.14.0201,DIVÓRCIO CONSENSUAL (12372),VERENA MAUÉS FIDALGO BARROS
CÍVEL,BELÉM,NÚCLEO DAS INSTITUIÇÕES DE ENSINO SUPERIOR,2026-04-30 18:17:11.900718-03:00,0810086-07.2026.8.14.0006,DIVÓRCIO CONSENSUAL (12372),VERENA MAUÉS FIDALGO BARROS
CÍVEL,BELÉM,NÚCLEO DAS INSTITUIÇÕES DE ENSINO SUPERIOR,2026-05-04 09:45:30.303215-03:00,0847973-13.2026.8.14.0301,RETIFICAÇÃO OU SUPRIMENTO OU RESTAURAÇÃO DE REGISTRO CIVIL (1682),VERENA MAUÉS FIDALGO BARROS
CÍVEL,BELÉM,NÚCLEO DAS INSTITUIÇÕES DE ENSINO SUPERIOR,2026-05-05 09:32:00.548507-03:00,0811181-72.2026.8.14.0006,RETIFICAÇÃO OU SUPRIMENTO OU RESTAURAÇÃO DE REGISTRO CIVIL (1682),VERENA MAUÉS FIDALGO BARROS
CÍVEL,BELÉM,NÚCLEO DAS INSTITUIÇÕES DE ENSINO SUPERIOR,2026-05-14 09:23:12.983965-03:00,0811174-80.2026.8.14.0006,RETIFICAÇÃO OU SUPRIMENTO OU RESTAURAÇÃO DE REGISTRO CIVIL (1682),VERENA MAUÉS FIDALGO BARROS
CÍVEL,BELÉM,NÚCLEO DAS INSTITUIÇÕES DE ENSINO SUPERIOR,2026-05-14 10:15:34.541791-03:00,0811432-90.2026.8.14.0006,RETIFICAÇÃO OU SUPRIMENTO OU RESTAURAÇÃO DE REGISTRO CIVIL (1682),PAULA CUNHA DA SILVA DENADAI
CÍVEL,BELÉM,NÚCLEO DAS INSTITUIÇÕES DE ENSINO SUPERIOR,2026-05-14 11:50:48.194711-03:00,0851295-41.2026.8.14.0301,INTERDIÇÃO/CURATELA (58),VERENA MAUÉS FIDALGO BARROS
CÍVEL,BELÉM,NÚCLEO DAS INSTITUIÇÕES DE ENSINO SUPERIOR,2026-05-14 12:05:23.381285-03:00,0811180-87.2026.8.14.0006,RETIFICAÇÃO OU SUPRIMENTO OU RESTAURAÇÃO DE REGISTRO CIVIL (1682),ANA MARINA MONTEIRO VALENTE DO COUTO
CÍVEL,BELÉM,NÚCLEO DAS INSTITUIÇÕES DE ENSINO SUPERIOR,2026-05-14 14:04:05.536269-03:00,0851385-49.2026.8.14.0301,RETIFICAÇÃO OU SUPRIMENTO OU RESTAURAÇÃO DE REGISTRO CIVIL (1682),VERENA MAUÉS FIDALGO BARROS
CÍVEL,BELÉM,NÚCLEO DAS INSTITUIÇÕES DE ENSINO SUPERIOR,2026-05-15 12:04:23.504757-03:00,0852295-76.2026.8.14.0301,ALVARÁ JUDICIAL - LEI 6858/80 (74),VERENA MAUÉS FIDALGO BARROS
CÍVEL,BELÉM,NÚCLEO DAS INSTITUIÇÕES DE ENSINO SUPERIOR,2026-05-18 10:25:53.015033-03:00,0811473-57.2026.8.14.0006,DIVÓRCIO LITIGIOSO (12541),ANA MARINA MONTEIRO VALENTE DO COUTO
CÍVEL,BELÉM,NÚCLEO DAS INSTITUIÇÕES DE ENSINO SUPERIOR,2026-05-18 12:41:29.387370-03:00,0803647-74.2026.8.14.0201,RETIFICAÇÃO OU SUPRIMENTO OU RESTAURAÇÃO DE REGISTRO CIVIL (1682),ANA MARINA MONTEIRO VALENTE DO COUTO
CÍVEL,BELÉM,NÚCLEO DAS INSTITUIÇÕES DE ENSINO SUPERIOR,2026-05-18 14:20:22.014292-03:00,0852296-61.2026.8.14.0301,DIVÓRCIO CONSENSUAL (12372),VERENA MAUÉS FIDALGO BARROS
CÍVEL,BELÉM,NÚCLEO DAS INSTITUIÇÕES DE ENSINO SUPERIOR,2026-05-18 14:32:53.384066-03:00,0852627-43.2026.8.14.0301,DIVÓRCIO CONSENSUAL (12372),VERENA MAUÉS FIDALGO BARROS
CÍVEL,BELÉM,NÚCLEO DAS INSTITUIÇÕES DE ENSINO SUPERIOR,2026-05-18 14:58:08.645787-03:00,0853229-34.2026.8.14.0301,RETIFICAÇÃO OU SUPRIMENTO OU RESTAURAÇÃO DE REGISTRO CIVIL (1682),ANA MARINA MONTEIRO VALENTE DO COUTO
CÍVEL,BELÉM,NÚCLEO DAS INSTITUIÇÕES DE ENSINO SUPERIOR,2026-05-20 11:58:48.141507-03:00,0853237-11.2026.8.14.0301,RETIFICAÇÃO OU SUPRIMENTO OU RESTAURAÇÃO DE REGISTRO CIVIL (1682),PAULA CUNHA DA SILVA DENADAI
CÍVEL,BELÉM,NÚCLEO DAS INSTITUIÇÕES DE ENSINO SUPERIOR,2026-05-20 12:10:58.082014-03:00,0853243-18.2026.8.14.0301,ALIMENTOS - LEI ESPECIAL Nº 5.478/68 (69),PAULA CUNHA DA SILVA DENADAI
CÍVEL,BELÉM,NÚCLEO DAS INSTITUIÇÕES DE ENSINO SUPERIOR,2026-05-21 09:51:26.665814-03:00,0854637-60.2026.8.14.0301,DIVÓRCIO LITIGIOSO (12541),VERENA MAUÉS FIDALGO BARROS
CÍVEL,BELÉM,NÚCLEO DAS INSTITUIÇÕES DE ENSINO SUPERIOR,2026-05-21 15:30:11.142197-03:00,0811875-41.2026.8.14.0006,RETIFICAÇÃO OU SUPRIMENTO OU RESTAURAÇÃO DE REGISTRO CIVIL (1682),ANA MARINA MONTEIRO VALENTE DO COUTO
CÍVEL,BELÉM,NÚCLEO DAS INSTITUIÇÕES DE ENSINO SUPERIOR,2026-05-24 15:51:25.192573-03:00,0812169-93.2026.8.14.0006,DIVÓRCIO LITIGIOSO (12541),PAULA CUNHA DA SILVA DENADAI
CÍVEL,BELÉM,NÚCLEO DAS INSTITUIÇÕES DE ENSINO SUPERIOR,2026-05-25 12:23:29.576613-03:00,0854713-84.2026.8.14.0301,INTERDIÇÃO/CURATELA (58),VERENA MAUÉS FIDALGO BARROS
CÍVEL,BELÉM,NÚCLEO DAS INSTITUIÇÕES DE ENSINO SUPERIOR,2026-05-25 14:46:21.149028-03:00,0812311-97.2026.8.14.0006,DIVÓRCIO LITIGIOSO (12541),ANA MARINA MONTEIRO VALENTE DO COUTO
CÍVEL,BELÉM,NÚCLEO DAS INSTITUIÇÕES DE ENSINO SUPERIOR,2026-05-26 10:50:43.965443-03:00,0803867-72.2026.8.14.0201,DIVÓRCIO LITIGIOSO (12541),VERENA MAUÉS FIDALGO BARROS
CÍVEL,BELÉM,NÚCLEO DAS INSTITUIÇÕES DE ENSINO SUPERIOR,2026-05-28 09:51:19.685595-03:00,0856014-66.2026.8.14.0301,OUTROS PROCEDIMENTOS DE JURISDIÇÃO VOLUNTÁRIA (1294),PAULA CUNHA DA SILVA DENADAI
CÍVEL,BELÉM,NÚCLEO DAS INSTITUIÇÕES DE ENSINO SUPERIOR,2026-05-28 13:44:58.774609-03:00,0857517-25.2026.8.14.0301,RETIFICAÇÃO OU SUPRIMENTO OU RESTAURAÇÃO DE REGISTRO CIVIL (1682),PAULA CUNHA DA SILVA DENADAI
CÍVEL,BELÉM,NÚCLEO DAS INSTITUIÇÕES DE ENSINO SUPERIOR,2026-06-03 08:57:54.512888-03:00,0812936-34.2026.8.14.0006,ALIMENTOS - LEI ESPECIAL Nº 5.478/68 (69),PAULA CUNHA DA SILVA DENADAI
CÍVEL,BELÉM,NÚCLEO DAS INSTITUIÇÕES DE ENSINO SUPERIOR,2026-06-03 11:56:46.214082-03:00,0857898-33.2026.8.14.0301,RETIFICAÇÃO OU SUPRIMENTO OU RESTAURAÇÃO DE REGISTRO CIVIL (1682),VERENA MAUÉS FIDALGO BARROS
CÍVEL,BELÉM,NÚCLEO DAS INSTITUIÇÕES DE ENSINO SUPERIOR,2026-06-08 11:12:39.251558-03:00,0813275-90.2026.8.14.0006,RETIFICAÇÃO OU SUPRIMENTO OU RESTAURAÇÃO DE REGISTRO CIVIL (1682),VERENA MAUÉS FIDALGO BARROS
CÍVEL,BELÉM,NÚCLEO DAS INSTITUIÇÕES DE ENSINO SUPERIOR,2026-06-09 12:50:26.806107-03:00,0859564-69.2026.8.14.0301,DIVÓRCIO LITIGIOSO (12541),VERENA MAUÉS FIDALGO BARROS
CÍVEL,BELÉM,NÚCLEO DAS INSTITUIÇÕES DE ENSINO SUPERIOR,2026-06-09 14:00:11.326879-03:00,0859986-44.2026.8.14.0301,DIVÓRCIO LITIGIOSO (12541),PAULA CUNHA DA SILVA DENADAI
CÍVEL,BELÉM,NÚCLEO DAS INSTITUIÇÕES DE ENSINO SUPERIOR,2026-06-09 16:50:28.194600-03:00,0859561-17.2026.8.14.0301,OUTROS PROCEDIMENTOS DE JURISDIÇÃO VOLUNTÁRIA (1294),VERENA MAUÉS FIDALGO BARROS
CÍVEL,BELÉM,NÚCLEO DAS INSTITUIÇÕES DE ENSINO SUPERIOR,2026-06-15 13:52:32.821199-03:00,0804363-04.2026.8.14.0201,RETIFICAÇÃO OU SUPRIMENTO OU RESTAURAÇÃO DE REGISTRO CIVIL (1682),PAULA CUNHA DA SILVA DENADAI
CÍVEL,BELÉM,NÚCLEO DAS INSTITUIÇÕES DE ENSINO SUPERIOR,2026-06-16 09:35:52.959463-03:00,0861219-76.2026.8.14.0301,DIVÓRCIO LITIGIOSO (12541),PAULA CUNHA DA SILVA DENADAI
CÍVEL,BELÉM,NÚCLEO DAS INSTITUIÇÕES DE ENSINO SUPERIOR,2026-06-16 10:44:37.714906-03:00,0861255-21.2026.8.14.0301,ALIMENTOS - LEI ESPECIAL Nº 5.478/68 (69),PAULA CUNHA DA SILVA DENADAI
CÍVEL,BELÉM,NÚCLEO DAS INSTITUIÇÕES DE ENSINO SUPERIOR,2026-06-16 11:07:49.004259-03:00,0861267-35.2026.8.14.0301,ALIMENTOS - LEI ESPECIAL Nº 5.478/68 (69),PAULA CUNHA DA SILVA DENADAI
CÍVEL,BELÉM,NÚCLEO DAS INSTITUIÇÕES DE ENSINO SUPERIOR,2026-06-16 11:18:02.577810-03:00,0861270-87.2026.8.14.0301,DIVÓRCIO CONSENSUAL (12372),PAULA CUNHA DA SILVA DENADAI
CÍVEL,BELÉM,NÚCLEO DAS INSTITUIÇÕES DE ENSINO SUPERIOR,2026-06-16 11:35:14.730604-03:00,0861287-26.2026.8.14.0301,ALIMENTOS - LEI ESPECIAL Nº 5.478/68 (69),PAULA CUNHA DA SILVA DENADAI
CÍVEL,BELÉM,NÚCLEO DAS INSTITUIÇÕES DE ENSINO SUPERIOR,2026-06-16 12:08:49.600168-03:00,0861317-61.2026.8.14.0301,RETIFICAÇÃO OU SUPRIMENTO OU RESTAURAÇÃO DE REGISTRO CIVIL (1682),PAULA CUNHA DA SILVA DENADAI
CÍVEL,BELÉM,NÚCLEO DAS INSTITUIÇÕES DE ENSINO SUPERIOR,2026-06-16 14:50:49.228921-03:00,0863401-35.2026.8.14.0301,DIVÓRCIO LITIGIOSO (12541),PAULA CUNHA DA SILVA DENADAI
CÍVEL,BELÉM,NÚCLEO DAS INSTITUIÇÕES DE ENSINO SUPERIOR,2026-06-18 11:42:00.438639-03:00,0865708-59.2026.8.14.0301,RETIFICAÇÃO OU SUPRIMENTO OU RESTAURAÇÃO DE REGISTRO CIVIL (1682),VERENA MAUÉS FIDALGO BARROS
CÍVEL,BELÉM,NÚCLEO DAS INSTITUIÇÕES DE ENSINO SUPERIOR,2026-06-22 10:45:32.825113-03:00,0863412-64.2026.8.14.0301,DIVÓRCIO LITIGIOSO (12541),PAULA CUNHA DA SILVA DENADAI
CÍVEL,BELÉM,NÚCLEO DAS INSTITUIÇÕES DE ENSINO SUPERIOR,2026-06-22 14:18:08.271896-03:00,0863845-68.2026.8.14.0301,RETIFICAÇÃO OU SUPRIMENTO OU RESTAURAÇÃO DE REGISTRO CIVIL (1682),ANA MARINA MONTEIRO VALENTE DO COUTO
CÍVEL,BELÉM,NÚCLEO DAS INSTITUIÇÕES DE ENSINO SUPERIOR,2026-06-23 09:39:31.110648-03:00,0865706-89.2026.8.14.0301,DIVÓRCIO LITIGIOSO (12541),VERENA MAUÉS FIDALGO BARROS
CÍVEL,BELÉM,NÚCLEO DAS INSTITUIÇÕES DE ENSINO SUPERIOR,2026-06-23 10:26:32.001643-03:00,0863420-41.2026.8.14.0301,DIVÓRCIO LITIGIOSO (12541),PAULA CUNHA DA SILVA DENADAI
CÍVEL,BELÉM,NÚCLEO DAS INSTITUIÇÕES DE ENSINO SUPERIOR,2026-06-23 11:55:43.882806-03:00,0804601-23.2026.8.14.0201,DIVÓRCIO LITIGIOSO (12541),PAULA CUNHA DA SILVA DENADAI
CÍVEL,BELÉM,NÚCLEO DAS INSTITUIÇÕES DE ENSINO SUPERIOR,2026-06-23 13:21:33.539271-03:00,0865724-13.2026.8.14.0301,ALIMENTOS - LEI ESPECIAL Nº 5.478/68 (69),VERENA MAUÉS FIDALGO BARROS
CÍVEL,BELÉM,NÚCLEO DAS INSTITUIÇÕES DE ENSINO SUPERIOR,2026-06-23 15:11:07.209797-03:00,0814735-15.2026.8.14.0006,INTERDIÇÃO/CURATELA (58),ANA MARINA MONTEIRO VALENTE DO COUTO
CÍVEL,BELÉM,NÚCLEO DAS INSTITUIÇÕES DE ENSINO SUPERIOR,2026-06-25 09:35:42.602657-03:00,0864262-21.2026.8.14.0301,RETIFICAÇÃO OU SUPRIMENTO OU RESTAURAÇÃO DE REGISTRO CIVIL (1682),ANA MARINA MONTEIRO VALENTE DO COUTO
CÍVEL,BELÉM,NÚCLEO DAS INSTITUIÇÕES DE ENSINO SUPERIOR,2026-06-25 09:36:46.708057-03:00,0864260-51.2026.8.14.0301,INTERDIÇÃO/CURATELA (58),ANA MARINA MONTEIRO VALENTE DO COUTO
CÍVEL,BELÉM,NÚCLEO DAS INSTITUIÇÕES DE ENSINO SUPERIOR,2026-06-25 09:58:11.539568-03:00,0804655-86.2026.8.14.0201,RETIFICAÇÃO OU SUPRIMENTO OU RESTAURAÇÃO DE REGISTRO CIVIL (1682),PAULA CUNHA DA SILVA DENADAI
CÍVEL,BELÉM,NÚCLEO DAS INSTITUIÇÕES DE ENSINO SUPERIOR,2026-06-25 13:52:09.392068-03:00,0864334-08.2026.8.14.0301,INTERDIÇÃO/CURATELA (58),ANA MARINA MONTEIRO VALENTE DO COUTO
CÍVEL,BELÉM,NÚCLEO DAS INSTITUIÇÕES DE ENSINO SUPERIOR,2026-06-26 10:47:50.592823-03:00,0864673-64.2026.8.14.0301,DIVÓRCIO LITIGIOSO (12541),ANA MARINA MONTEIRO VALENTE DO COUTO
CÍVEL,BELÉM,NÚCLEO DAS INSTITUIÇÕES DE ENSINO SUPERIOR,2026-06-30 09:39:55.382701-03:00,0865705-07.2026.8.14.0301,INTERDIÇÃO/CURATELA (58),VERENA MAUÉS FIDALGO BARROS
CÍVEL,BELÉM,NÚCLEO DAS INSTITUIÇÕES DE ENSINO SUPERIOR,2026-06-30 10:36:46.368523-03:00,0865704-22.2026.8.14.0301,INTERDIÇÃO/CURATELA (58),VERENA MAUÉS FIDALGO BARROS
CÍVEL,BELÉM,NÚCLEO DAS INSTITUIÇÕES DE ENSINO SUPERIOR,2026-06-30 12:26:40.022463-03:00,0865709-44.2026.8.14.0301,RETIFICAÇÃO OU SUPRIMENTO OU RESTAURAÇÃO DE REGISTRO CIVIL (1682),VERENA MAUÉS FIDALGO BARROS
CÍVEL,BELÉM,NÚCLEO DAS INSTITUIÇÕES DE ENSINO SUPERIOR,2026-06-30 15:21:24.388473-03:00,0815267-86.2026.8.14.0006,RETIFICAÇÃO OU SUPRIMENTO OU RESTAURAÇÃO DE REGISTRO CIVIL (1682),VERENA MAUÉS FIDALGO BARROS
CÍVEL,BELÉM,NÚCLEO DAS INSTITUIÇÕES DE ENSINO SUPERIOR,2026-07-01 10:46:37.266727-03:00,0866054-10.2026.8.14.0301,RETIFICAÇÃO OU SUPRIMENTO OU RESTAURAÇÃO DE REGISTRO CIVIL (1682),VERENA MAUÉS FIDALGO BARROS
CÍVEL,BELÉM,NÚCLEO DAS INSTITUIÇÕES DE ENSINO SUPERIOR,2026-07-01 12:42:07.786757-03:00,0866107-88.2026.8.14.0301,INTERDIÇÃO/CURATELA (58),VERENA MAUÉS FIDALGO BARROS
CÍVEL,BELÉM,NÚCLEO DAS INSTITUIÇÕES DE ENSINO SUPERIOR,2026-07-06 09:28:44.731834-03:00,0867274-43.2026.8.14.0301,INTERDIÇÃO/CURATELA (58),VERENA MAUÉS FIDALGO BARROS
CÍVEL,BELÉM,NÚCLEO DAS INSTITUIÇÕES DE ENSINO SUPERIOR,2026-07-06 11:25:29.868276-03:00,0867368-88.2026.8.14.0301,ALIMENTOS - LEI ESPECIAL Nº 5.478/68 (69),PAULA CUNHA DA SILVA DENADAI
CÍVEL,BELÉM,NÚCLEO DAS INSTITUIÇÕES DE ENSINO SUPERIOR,2026-07-06 11:27:38.636813-03:00,0867388-79.2026.8.14.0301,RETIFICAÇÃO OU SUPRIMENTO OU RESTAURAÇÃO DE REGISTRO CIVIL (1682),VERENA MAUÉS FIDALGO BARROS
CÍVEL,BELÉM,NÚCLEO DAS INSTITUIÇÕES DE ENSINO SUPERIOR,2026-07-08 13:20:52.749482-03:00,0868191-62.2026.8.14.0301,ALIMENTOS - LEI ESPECIAL Nº 5.478/68 (69),PAULA CUNHA DA SILVA DENADAI
CÍVEL,BELÉM,NÚCLEO DAS INSTITUIÇÕES DE ENSINO SUPERIOR,2026-07-09 14:32:05.202843-03:00,0816940-17.2026.8.14.0006,RETIFICAÇÃO OU SUPRIMENTO OU RESTAURAÇÃO DE REGISTRO CIVIL (1682),PAULA CUNHA DA SILVA DENADAI
CÍVEL,BELÉM,NÚCLEO DAS INSTITUIÇÕES DE ENSINO SUPERIOR,2026-07-13 12:44:02.939991-03:00,0869379-90.2026.8.14.0301,RETIFICAÇÃO OU SUPRIMENTO OU RESTAURAÇÃO DE REGISTRO CIVIL (1682),ANA MARINA MONTEIRO VALENTE DO COUTO
CÍVEL,BELÉM,NÚCLEO DAS INSTITUIÇÕES DE ENSINO SUPERIOR,2026-07-14 11:19:17.438755-03:00,0869785-14.2026.8.14.0301,DIVÓRCIO LITIGIOSO (12541),VERENA MAUÉS FIDALGO BARROS
CÍVEL,BELÉM,NÚCLEO DAS INSTITUIÇÕES DE ENSINO SUPERIOR,2026-07-14 14:11:04.034674-03:00,0870060-60.2026.8.14.0301,INTERDIÇÃO/CURATELA (58),VERENA MAUÉS FIDALGO BARROS
CÍVEL,BELÉM,NÚCLEO DAS INSTITUIÇÕES DE ENSINO SUPERIOR,2026-07-15 08:45:11.426035-03:00,0816473-38.2026.8.14.0006,RETIFICAÇÃO OU SUPRIMENTO OU RESTAURAÇÃO DE REGISTRO CIVIL (1682),ANA MARINA MONTEIRO VALENTE DO COUTO
CÍVEL,BELÉM,NÚCLEO DAS INSTITUIÇÕES DE ENSINO SUPERIOR,2026-07-15 10:04:19.015526-03:00,0871636-88.2026.8.14.0301,RETIFICAÇÃO OU SUPRIMENTO OU RESTAURAÇÃO DE REGISTRO CIVIL (1682),PAULA CUNHA DA SILVA DENADAI
CÍVEL,BELÉM,NÚCLEO DAS INSTITUIÇÕES DE ENSINO SUPERIOR,2026-07-15 14:24:34.601006-03:00,0816619-79.2026.8.14.0006,ALIMENTOS - LEI ESPECIAL Nº 5.478/68 (69),VERENA MAUÉS FIDALGO BARROS
CÍVEL,BELÉM,NÚCLEO DAS INSTITUIÇÕES DE ENSINO SUPERIOR,2026-07-16 10:30:27.067220-03:00,0870414-85.2026.8.14.0301,RETIFICAÇÃO OU SUPRIMENTO OU RESTAURAÇÃO DE REGISTRO CIVIL (1682),ANA MARINA MONTEIRO VALENTE DO COUTO
CÍVEL,BELÉM,NÚCLEO DAS INSTITUIÇÕES DE ENSINO SUPERIOR,2026-07-16 10:38:08.456090-03:00,0870481-50.2026.8.14.0301,RETIFICAÇÃO OU SUPRIMENTO OU RESTAURAÇÃO DE REGISTRO CIVIL (1682),VERENA MAUÉS FIDALGO BARROS
CÍVEL,BELÉM,NÚCLEO DAS INSTITUIÇÕES DE ENSINO SUPERIOR,2026-07-16 12:49:59.428776-03:00,0870485-87.2026.8.14.0301,INTERDIÇÃO/CURATELA (58),VERENA MAUÉS FIDALGO BARROS
CÍVEL,BELÉM,NÚCLEO DAS INSTITUIÇÕES DE ENSINO SUPERIOR,2026-07-16 13:55:47.429396-03:00,0816623-19.2026.8.14.0006,RETIFICAÇÃO OU SUPRIMENTO OU RESTAURAÇÃO DE REGISTRO CIVIL (1682),VERENA MAUÉS FIDALGO BARROS
CÍVEL,BELÉM,NÚCLEO DAS INSTITUIÇÕES DE ENSINO SUPERIOR,2026-07-16 15:11:07.954677-03:00,0870754-29.2026.8.14.0301,RETIFICAÇÃO OU SUPRIMENTO OU RESTAURAÇÃO DE REGISTRO CIVIL (1682),ANA MARINA MONTEIRO VALENTE DO COUTO
CÍVEL,BELÉM,NÚCLEO DAS INSTITUIÇÕES DE ENSINO SUPERIOR,2026-07-17 11:19:14.525520-03:00,0871640-28.2026.8.14.0301,DIVÓRCIO LITIGIOSO (12541),PAULA CUNHA DA SILVA DENADAI
CÍVEL,BELÉM,NÚCLEO DAS INSTITUIÇÕES DE ENSINO SUPERIOR,2026-07-21 09:40:35.084583-03:00,0805603-28.2026.8.14.0201,RETIFICAÇÃO OU SUPRIMENTO OU RESTAURAÇÃO DE REGISTRO CIVIL (1682),ANA MARINA MONTEIRO VALENTE DO COUTO
CÍVEL,BELÉM,NÚCLEO DAS INSTITUIÇÕES DE ENSINO SUPERIOR,2026-07-22 11:32:42.365533-03:00,0817923-16.2026.8.14.0006,RETIFICAÇÃO OU SUPRIMENTO OU RESTAURAÇÃO DE REGISTRO CIVIL (1682),VERENA MAUÉS FIDALGO BARROS
CÍVEL,BELÉM,NÚCLEO DAS INSTITUIÇÕES DE ENSINO SUPERIOR,2026-07-22 11:39:14.146360-03:00,0871984-09.2026.8.14.0301,DIVÓRCIO CONSENSUAL (12372),PAULA CUNHA DA SILVA DENADAI
CÍVEL,BELÉM,NÚCLEO DAS INSTITUIÇÕES DE ENSINO SUPERIOR,2026-07-23 10:52:04.100087-03:00,0817440-83.2026.8.14.0006,RETIFICAÇÃO OU SUPRIMENTO OU RESTAURAÇÃO DE REGISTRO CIVIL (1682),ANA MARINA MONTEIRO VALENTE DO COUTO
CÍVEL,BELÉM,NÚCLEO DAS INSTITUIÇÕES DE ENSINO SUPERIOR,2026-07-23 11:29:30.565033-03:00,0872351-33.2026.8.14.0301,DIVÓRCIO CONSENSUAL (12372),PAULA CUNHA DA SILVA DENADAI
CÍVEL,BELÉM,NÚCLEO DAS INSTITUIÇÕES DE ENSINO SUPERIOR,2026-07-23 15:46:56.052805-03:00,0872509-88.2026.8.14.0301,RETIFICAÇÃO OU SUPRIMENTO OU RESTAURAÇÃO DE REGISTRO CIVIL (1682),VERENA MAUÉS FIDALGO BARROS
CÍVEL,BELÉM,NÚCLEO DAS INSTITUIÇÕES DE ENSINO SUPERIOR,2026-07-23 16:15:01.081485-03:00,0805652-69.2026.8.14.0201,RETIFICAÇÃO OU SUPRIMENTO OU RESTAURAÇÃO DE REGISTRO CIVIL (1682),ANA MARINA MONTEIRO VALENTE DO COUTO
CÍVEL,BELÉM,NÚCLEO DAS INSTITUIÇÕES DE ENSINO SUPERIOR,2026-07-27 08:14:05.545673-03:00,0873127-33.2026.8.14.0301,ALIMENTOS - LEI ESPECIAL Nº 5.478/68 (69),PAULA CUNHA DA SILVA DENADAI
CÍVEL,BELÉM,NÚCLEO DAS INSTITUIÇÕES DE ENSINO SUPERIOR,2026-07-27 10:31:26.603810-03:00,0805833-70.2026.8.14.0201,DIVÓRCIO LITIGIOSO (12541),VERENA MAUÉS FIDALGO BARROS
CÍVEL,BELÉM,NÚCLEO DAS INSTITUIÇÕES DE ENSINO SUPERIOR,2026-07-27 10:50:29.506946-03:00,0874266-20.2026.8.14.0301,GUARDA DE FAMÍLIA,PAULA CUNHA DA SILVA DENADAI
CÍVEL,BELÉM,NÚCLEO DAS INSTITUIÇÕES DE ENSINO SUPERIOR,2026-07-28 09:22:42.704853-03:00,0817438-16.2026.8.14.0006,RETIFICAÇÃO OU SUPRIMENTO OU RESTAURAÇÃO DE REGISTRO CIVIL (1682),PAULA CUNHA DA SILVA DENADAI
CÍVEL,BELÉM,NÚCLEO DAS INSTITUIÇÕES DE ENSINO SUPERIOR,2026-07-28 11:32:54.579482-03:00,0873465-07.2026.8.14.0301,RETIFICAÇÃO OU SUPRIMENTO OU RESTAURAÇÃO DE REGISTRO CIVIL (1682),PAULA CUNHA DA SILVA DENADAI
CÍVEL,BELÉM,NÚCLEO DAS INSTITUIÇÕES DE ENSINO SUPERIOR,2026-07-28 12:43:28.516368-03:00,0873501-49.2026.8.14.0301,RETIFICAÇÃO OU SUPRIMENTO OU RESTAURAÇÃO DE REGISTRO CIVIL (1682),ANA MARINA MONTEIRO VALENTE DO COUTO
CÍVEL,BELÉM,NÚCLEO DAS INSTITUIÇÕES DE ENSINO SUPERIOR,2026-07-28 15:13:03.680202-03:00,0873851-37.2026.8.14.0301,ALIMENTOS - LEI ESPECIAL Nº 5.478/68 (69),ANA MARINA MONTEIRO VALENTE DO COUTO
CÍVEL,BELÉM,NÚCLEO DAS INSTITUIÇÕES DE ENSINO SUPERIOR,2026-07-28 16:23:56.292680-03:00,0873972-65.2026.8.14.0301,RETIFICAÇÃO OU SUPRIMENTO OU RESTAURAÇÃO DE REGISTRO CIVIL (1682),PAULA CUNHA DA SILVA DENADAI
CÍVEL,BELÉM,NÚCLEO DAS INSTITUIÇÕES DE ENSINO SUPERIOR,2026-07-28 20:13:30.712396-03:00,0873856-59.2026.8.14.0301,INTERDIÇÃO/CURATELA (58),ANA MARINA MONTEIRO VALENTE DO COUTO
CÍVEL,BELÉM,NÚCLEO DAS INSTITUIÇÕES DE ENSINO SUPERIOR,2026-07-29 09:48:15.666147-03:00,0873798-56.2026.8.14.0301,ALIMENTOS - LEI ESPECIAL Nº 5.478/68 (69),PAULA CUNHA DA SILVA DENADAI
CÍVEL,BELÉM,NÚCLEO DAS INSTITUIÇÕES DE ENSINO SUPERIOR,2026-07-29 10:25:50.846483-03:00,0874989-39.2026.8.14.0301,ALIMENTOS - LEI ESPECIAL Nº 5.478/68 (69),VERENA MAUÉS FIDALGO BARROS
CÍVEL,BELÉM,NÚCLEO DAS INSTITUIÇÕES DE ENSINO SUPERIOR,2026-07-29 13:10:32.455661-03:00,0873920-69.2026.8.14.0301,DIVÓRCIO CONSENSUAL (12372),ANA MARINA MONTEIRO VALENTE DO COUTO
CÍVEL,BELÉM,NÚCLEO DAS INSTITUIÇÕES DE ENSINO SUPERIOR,2026-07-29 13:14:29.882459-03:00,0817921-46.2026.8.14.0006,RETIFICAÇÃO OU SUPRIMENTO OU RESTAURAÇÃO DE REGISTRO CIVIL (1682),VERENA MAUÉS FIDALGO BARROS
CÍVEL,BELÉM,NÚCLEO DAS INSTITUIÇÕES DE ENSINO SUPERIOR,2026-07-29 14:37:02.470808-03:00,0805840-62.2026.8.14.0201,RETIFICAÇÃO OU SUPRIMENTO OU RESTAURAÇÃO DE REGISTRO CIVIL (1682),PAULA CUNHA DA SILVA DENADAI
CÍVEL,BELÉM,NÚCLEO DAS INSTITUIÇÕES DE ENSINO SUPERIOR,2026-07-29 14:48:22.454764-03:00,0874576-26.2026.8.14.0301,INTERDIÇÃO/CURATELA (58),ANA MARINA MONTEIRO VALENTE DO COUTO
CÍVEL,BELÉM,NÚCLEO DAS INSTITUIÇÕES DE ENSINO SUPERIOR,2026-07-30 16:10:41.359626-03:00,0874958-19.2026.8.14.0301,INTERDIÇÃO/CURATELA (58),VERENA MAUÉS FIDALGO BARROS
CÍVEL,BELÉM,NÚCLEO DAS INSTITUIÇÕES DE ENSINO SUPERIOR,2026-07-30 17:22:32.469695-03:00,0874957-34.2026.8.14.0301,INTERDIÇÃO/CURATELA (58),VERENA MAUÉS FIDALGO BARROS
CÍVEL,BELÉM,NÚCLEO DAS INSTITUIÇÕES DE ENSINO SUPERIOR,2026-07-31 10:33:52.114408-03:00,0874993-76.2026.8.14.0301,INTERDIÇÃO/CURATELA (58),ANA MARINA MONTEIRO VALENTE DO COUTO
CÍVEL,BELÉM,NÚCLEO DAS INSTITUIÇÕES DE ENSINO SUPERIOR,2026-07-31 11:01:43.592085-03:00,0874597-02.2026.8.14.0301,INTERDIÇÃO/CURATELA (58),ANA MARINA MONTEIRO VALENTE DO COUTO
CÍVEL,BELÉM,NÚCLEO DAS INSTITUIÇÕES DE ENSINO SUPERIOR,2026-08-03 10:43:31.768003-03:00,0874994-61.2026.8.14.0301,RETIFICAÇÃO OU SUPRIMENTO OU RESTAURAÇÃO DE REGISTRO CIVIL (1682),VERENA MAUÉS FIDALGO BARROS
CÍVEL,BELÉM,NÚCLEO DAS INSTITUIÇÕES DE ENSINO SUPERIOR,2026-08-03 11:29:29.581014-03:00,0875113-22.2026.8.14.0301,RETIFICAÇÃO OU SUPRIMENTO OU RESTAURAÇÃO DE REGISTRO CIVIL (1682),VERENA MAUÉS FIDALGO BARROS
CÍVEL,BELÉM,NÚCLEO DAS INSTITUIÇÕES DE ENSINO SUPERIOR,2026-08-03 12:17:27.179000-03:00,0875063-93.2026.8.14.0301,INTERDIÇÃO/CURATELA (58),ANA MARINA MONTEIRO VALENTE DO COUTO
CÍVEL,BELÉM,NÚCLEO DAS INSTITUIÇÕES DE ENSINO SUPERIOR,2026-08-03 16:11:28.477368-03:00,0875403-37.2026.8.14.0301,INTERDIÇÃO/CURATELA (58),VERENA MAUÉS FIDALGO BARROS
CÍVEL,BELÉM,NÚCLEO DAS INSTITUIÇÕES DE ENSINO SUPERIOR,2026-08-05 10:15:15.104198-03:00,0875768-91.2026.8.14.0301,DIVÓRCIO CONSENSUAL (12372),ANA MARINA MONTEIRO VALENTE DO COUTO
CÍVEL,BELÉM,NÚCLEO DAS INSTITUIÇÕES DE ENSINO SUPERIOR,2026-08-08 09:17:28.450912-03:00,0876817-70.2026.8.14.0301,ALIMENTOS - LEI ESPECIAL Nº 5.478/68 (69),ANA MARINA MONTEIRO VALENTE DO COUTO
CÍVEL,BELÉM,NÚCLEO DAS INSTITUIÇÕES DE ENSINO SUPERIOR,2026-08-08 09:39:13.384913-03:00,0818486-10.2026.8.14.0006,DIVÓRCIO LITIGIOSO (12541),VERENA MAUÉS FIDALGO BARROS
CÍVEL,BELÉM,NÚCLEO DAS INSTITUIÇÕES DE ENSINO SUPERIOR,2026-08-08 09:42:13.527015-03:00,0876797-79.2026.8.14.0301,DIVÓRCIO CONSENSUAL (12372),PAULA CUNHA DA SILVA DENADAI
CÍVEL,BELÉM,NÚCLEO DAS INSTITUIÇÕES DE ENSINO SUPERIOR,2026-08-08 09:56:11.870117-03:00,0876802-04.2026.8.14.0301,DIVÓRCIO LITIGIOSO (12541),VERENA MAUÉS FIDALGO BARROS
CÍVEL,BELÉM,NÚCLEO DAS INSTITUIÇÕES DE ENSINO SUPERIOR,2026-08-08 10:25:47.266674-03:00,0876804-71.2026.8.14.0301,ALIMENTOS - LEI ESPECIAL Nº 5.478/68 (69),ANA MARINA MONTEIRO VALENTE DO COUTO
CÍVEL,BELÉM,NÚCLEO DAS INSTITUIÇÕES DE ENSINO SUPERIOR,2026-08-08 10:49:58.440338-03:00,0876816-85.2026.8.14.0301,ALIMENTOS - LEI ESPECIAL Nº 5.478/68 (69),ANA MARINA MONTEIRO VALENTE DO COUTO
CÍVEL,BELÉM,NÚCLEO DAS INSTITUIÇÕES DE ENSINO SUPERIOR,2026-08-08 11:02:49.479921-03:00,0818493-02.2026.8.14.0006,ALIMENTOS - LEI ESPECIAL Nº 5.478/68 (69),VERENA MAUÉS FIDALGO BARROS
CÍVEL,BELÉM,NÚCLEO DAS INSTITUIÇÕES DE ENSINO SUPERIOR,2026-08-08 11:18:11.135136-03:00,0876827-17.2026.8.14.0301,DIVÓRCIO CONSENSUAL (12372),ANA MARINA MONTEIRO VALENTE DO COUTO
CÍVEL,BELÉM,NÚCLEO DAS INSTITUIÇÕES DE ENSINO SUPERIOR,2026-08-08 11:29:37.886860-03:00,0876819-40.2026.8.14.0301,DIVÓRCIO CONSENSUAL (12372),ANA MARINA MONTEIRO VALENTE DO COUTO
CÍVEL,BELÉM,NÚCLEO DAS INSTITUIÇÕES DE ENSINO SUPERIOR,2026-08-08 11:33:15.524035-03:00,0876832-39.2026.8.14.0301,ALIMENTOS - LEI ESPECIAL Nº 5.478/68 (69),PAULA CUNHA DA SILVA DENADAI
CÍVEL,BELÉM,NÚCLEO DAS INSTITUIÇÕES DE ENSINO SUPERIOR,2026-08-08 11:39:52.903832-03:00,0818502-61.2026.8.14.0006,ALIMENTOS - LEI ESPECIAL Nº 5.478/68 (69),VERENA MAUÉS FIDALGO BARROS
CÍVEL,BELÉM,NÚCLEO DAS INSTITUIÇÕES DE ENSINO SUPERIOR,2026-08-08 11:49:04.960020-03:00,0876882-65.2026.8.14.0301,ALIMENTOS - LEI ESPECIAL Nº 5.478/68 (69),VERENA MAUÉS FIDALGO BARROS
CÍVEL,BELÉM,NÚCLEO DAS INSTITUIÇÕES DE ENSINO SUPERIOR,2026-08-08 11:52:23.188605-03:00,0876831-54.2026.8.14.0301,DIVÓRCIO CONSENSUAL (12372),ANA MARINA MONTEIRO VALENTE DO COUTO
CÍVEL,BELÉM,NÚCLEO DAS INSTITUIÇÕES DE ENSINO SUPERIOR,2026-08-08 12:05:17.942247-03:00,0876897-34.2026.8.14.0301,DIVÓRCIO CONSENSUAL (12372),PAULA CUNHA DA SILVA DENADAI
CÍVEL,BELÉM,NÚCLEO DAS INSTITUIÇÕES DE ENSINO SUPERIOR,2026-08-08 12:12:55.970406-03:00,0876840-16.2026.8.14.0301,DIVÓRCIO LITIGIOSO (12541),PAULA CUNHA DA SILVA DENADAI
CÍVEL,BELÉM,NÚCLEO DAS INSTITUIÇÕES DE ENSINO SUPERIOR,2026-08-08 12:31:15.299493-03:00,0876838-46.2026.8.14.0301,DIVÓRCIO CONSENSUAL (12372),ANA MARINA MONTEIRO VALENTE DO COUTO
CÍVEL,BELÉM,NÚCLEO DAS INSTITUIÇÕES DE ENSINO SUPERIOR,2026-08-08 12:35:20.248777-03:00,0876845-38.2026.8.14.0301,DIVÓRCIO LITIGIOSO (12541),PAULA CUNHA DA SILVA DENADAI
CÍVEL,BELÉM,NÚCLEO DAS INSTITUIÇÕES DE ENSINO SUPERIOR,2026-08-08 12:38:19.737097-03:00,0876843-68.2026.8.14.0301,DIVÓRCIO LITIGIOSO (12541),ANA MARINA MONTEIRO VALENTE DO COUTO
CÍVEL,BELÉM,NÚCLEO DAS INSTITUIÇÕES DE ENSINO SUPERIOR,2026-08-08 12:38:23.532923-03:00,0818511-23.2026.8.14.0006,ALIMENTOS - LEI ESPECIAL Nº 5.478/68 (69),VERENA MAUÉS FIDALGO BARROS
CÍVEL,BELÉM,NÚCLEO DAS INSTITUIÇÕES DE ENSINO SUPERIOR,2026-08-08 12:53:49.648578-03:00,0876850-60.2026.8.14.0301,ALIMENTOS - LEI ESPECIAL Nº 5.478/68 (69),PAULA CUNHA DA SILVA DENADAI
CÍVEL,BELÉM,NÚCLEO DAS INSTITUIÇÕES DE ENSINO SUPERIOR,2026-08-08 13:01:24.833810-03:00,0818519-97.2026.8.14.0006,ALIMENTOS - LEI ESPECIAL Nº 5.478/68 (69),VERENA MAUÉS FIDALGO BARROS
CÍVEL,BELÉM,NÚCLEO DAS INSTITUIÇÕES DE ENSINO SUPERIOR,2026-08-08 13:09:50.333920-03:00,0876852-30.2026.8.14.0301,DIVÓRCIO CONSENSUAL (12372),ANA MARINA MONTEIRO VALENTE DO COUTO
CÍVEL,BELÉM,NÚCLEO DAS INSTITUIÇÕES DE ENSINO SUPERIOR,2026-08-08 13:10:10.114651-03:00,0818520-82.2026.8.14.0006,ALIMENTOS - LEI ESPECIAL Nº 5.478/68 (69),VERENA MAUÉS FIDALGO BARROS
CÍVEL,BELÉM,NÚCLEO DAS INSTITUIÇÕES DE ENSINO SUPERIOR,2026-08-08 13:13:13.686455-03:00,0876853-15.2026.8.14.0301,ALIMENTOS - LEI ESPECIAL Nº 5.478/68 (69),PAULA CUNHA DA SILVA DENADAI
CÍVEL,BELÉM,NÚCLEO DAS INSTITUIÇÕES DE ENSINO SUPERIOR,2026-08-08 13:24:31.777642-03:00,0818522-52.2026.8.14.0006,ALIMENTOS - LEI ESPECIAL Nº 5.478/68 (69),VERENA MAUÉS FIDALGO BARROS
CÍVEL,BELÉM,NÚCLEO DAS INSTITUIÇÕES DE ENSINO SUPERIOR,2026-08-08 13:33:00.460484-03:00,0876858-37.2026.8.14.0301,DIVÓRCIO CONSENSUAL (12372),ANA MARINA MONTEIRO VALENTE DO COUTO
CÍVEL,BELÉM,NÚCLEO DAS INSTITUIÇÕES DE ENSINO SUPERIOR,2026-08-08 13:34:54.321986-03:00,0818525-07.2026.8.14.0006,ALIMENTOS - LEI ESPECIAL Nº 5.478/68 (69),VERENA MAUÉS FIDALGO BARROS
CÍVEL,BELÉM,NÚCLEO DAS INSTITUIÇÕES DE ENSINO SUPERIOR,2026-08-08 13:37:41.683023-03:00,0876862-74.2026.8.14.0301,ALIMENTOS - LEI ESPECIAL Nº 5.478/68 (69),ANA MARINA MONTEIRO VALENTE DO COUTO
CÍVEL,BELÉM,NÚCLEO DAS INSTITUIÇÕES DE ENSINO SUPERIOR,2026-08-08 13:39:16.259168-03:00,0876863-59.2026.8.14.0301,DIVÓRCIO LITIGIOSO (12541),ANA MARINA MONTEIRO VALENTE DO COUTO
CÍVEL,BELÉM,NÚCLEO DAS INSTITUIÇÕES DE ENSINO SUPERIOR,2026-08-08 13:46:03.945015-03:00,0876865-29.2026.8.14.0301,DIVÓRCIO LITIGIOSO (12541),ANA MARINA MONTEIRO VALENTE DO COUTO
CÍVEL,BELÉM,NÚCLEO DAS INSTITUIÇÕES DE ENSINO SUPERIOR,2026-08-08 13:47:31.270307-03:00,0818526-89.2026.8.14.0006,ALIMENTOS - LEI ESPECIAL Nº 5.478/68 (69),VERENA MAUÉS FIDALGO BARROS
CÍVEL,BELÉM,NÚCLEO DAS INSTITUIÇÕES DE ENSINO SUPERIOR,2026-08-08 13:59:39.852104-03:00,0818527-74.2026.8.14.0006,ALIMENTOS - LEI ESPECIAL Nº 5.478/68 (69),VERENA MAUÉS FIDALGO BARROS
CÍVEL,BELÉM,NÚCLEO DAS INSTITUIÇÕES DE ENSINO SUPERIOR,2026-08-08 14:09:36.581666-03:00,0818529-44.2026.8.14.0006,ALIMENTOS - LEI ESPECIAL Nº 5.478/68 (69),VERENA MAUÉS FIDALGO BARROS
CÍVEL,BELÉM,NÚCLEO DAS INSTITUIÇÕES DE ENSINO SUPERIOR,2026-08-08 14:14:58.957374-03:00,0818531-14.2026.8.14.0006,ALIMENTOS - LEI ESPECIAL Nº 5.478/68 (69),VERENA MAUÉS FIDALGO BARROS
CÍVEL,BELÉM,NÚCLEO DAS INSTITUIÇÕES DE ENSINO SUPERIOR,2026-08-08 14:19:51.187513-03:00,0876896-49.2026.8.14.0301,DIVÓRCIO CONSENSUAL (12372),PAULA CUNHA DA SILVA DENADAI
CÍVEL,BELÉM,NÚCLEO DAS INSTITUIÇÕES DE ENSINO SUPERIOR,2026-08-08 14:27:35.482051-03:00,0876889-57.2026.8.14.0301,DIVÓRCIO LITIGIOSO (12541),VERENA MAUÉS FIDALGO BARROS
CÍVEL,BELÉM,NÚCLEO DAS INSTITUIÇÕES DE ENSINO SUPERIOR,2026-08-08 14:33:31.337236-03:00,0818536-36.2026.8.14.0006,ALIMENTOS - LEI ESPECIAL Nº 5.478/68 (69),VERENA MAUÉS FIDALGO BARROS
CÍVEL,BELÉM,NÚCLEO DAS INSTITUIÇÕES DE ENSINO SUPERIOR,2026-08-08 14:46:47.172009-03:00,0818537-21.2026.8.14.0006,ALIMENTOS - LEI ESPECIAL Nº 5.478/68 (69),VERENA MAUÉS FIDALGO BARROS
CÍVEL,BELÉM,NÚCLEO DAS INSTITUIÇÕES DE ENSINO SUPERIOR,2026-08-08 14:48:54.704268-03:00,0876893-94.2026.8.14.0301,DIVÓRCIO LITIGIOSO (12541),VERENA MAUÉS FIDALGO BARROS
CÍVEL,BELÉM,NÚCLEO DAS INSTITUIÇÕES DE ENSINO SUPERIOR,2026-08-08 15:02:31.068423-03:00,0876894-79.2026.8.14.0301,DIVÓRCIO LITIGIOSO (12541),VERENA MAUÉS FIDALGO BARROS
CÍVEL,BELÉM,NÚCLEO DAS INSTITUIÇÕES DE ENSINO SUPERIOR,2026-08-08 15:10:58.243856-03:00,0876907-78.2026.8.14.0301,ALIMENTOS - LEI ESPECIAL Nº 5.478/68 (69),VERENA MAUÉS FIDALGO BARROS
CÍVEL,BELÉM,NÚCLEO DAS INSTITUIÇÕES DE ENSINO SUPERIOR,2026-08-08 15:30:07.106572-03:00,0876899-04.2026.8.14.0301,DIVÓRCIO CONSENSUAL (12372),ANA MARINA MONTEIRO VALENTE DO COUTO
CÍVEL,BELÉM,NÚCLEO DAS INSTITUIÇÕES DE ENSINO SUPERIOR,2026-08-08 15:33:09.665513-03:00,0876902-56.2026.8.14.0301,ALIMENTOS - LEI ESPECIAL Nº 5.478/68 (69),VERENA MAUÉS FIDALGO BARROS
CÍVEL,BELÉM,NÚCLEO DAS INSTITUIÇÕES DE ENSINO SUPERIOR,2026-08-08 15:37:41.531460-03:00,0876903-41.2026.8.14.0301,ALIMENTOS - LEI ESPECIAL Nº 5.478/68 (69),VERENA MAUÉS FIDALGO BARROS
CÍVEL,BELÉM,NÚCLEO DAS INSTITUIÇÕES DE ENSINO SUPERIOR,2026-08-08 15:38:32.010361-03:00,0876900-86.2026.8.14.0301,ALIMENTOS - LEI ESPECIAL Nº 5.478/68 (69),PAULA CUNHA DA SILVA DENADAI
CÍVEL,BELÉM,NÚCLEO DAS INSTITUIÇÕES DE ENSINO SUPERIOR,2026-08-08 15:45:18.652699-03:00,0876904-26.2026.8.14.0301,ALIMENTOS - LEI ESPECIAL Nº 5.478/68 (69),PAULA CUNHA DA SILVA DENADAI
CÍVEL,BELÉM,NÚCLEO DAS INSTITUIÇÕES DE ENSINO SUPERIOR,2026-08-08 15:47:42.020452-03:00,0876906-93.2026.8.14.0301,DIVÓRCIO CONSENSUAL (12372),ANA MARINA MONTEIRO VALENTE DO COUTO
CÍVEL,BELÉM,NÚCLEO DAS INSTITUIÇÕES DE ENSINO SUPERIOR,2026-08-08 15:56:10.678304-03:00,0876909-48.2026.8.14.0301,DIVÓRCIO CONSENSUAL (12372),ANA MARINA MONTEIRO VALENTE DO COUTO
CÍVEL,BELÉM,NÚCLEO DAS INSTITUIÇÕES DE ENSINO SUPERIOR,2026-08-08 16:02:56.811519-03:00,0876910-33.2026.8.14.0301,DIVÓRCIO LITIGIOSO (12541),ANA MARINA MONTEIRO VALENTE DO COUTO
CÍVEL,BELÉM,NÚCLEO DAS INSTITUIÇÕES DE ENSINO SUPERIOR,2026-08-08 17:02:49.967154-03:00,0876916-40.2026.8.14.0301,ALIMENTOS - LEI ESPECIAL Nº 5.478/68 (69),VERENA MAUÉS FIDALGO BARROS
CÍVEL,BELÉM,NÚCLEO DAS INSTITUIÇÕES DE ENSINO SUPERIOR,2026-08-10 12:18:17.206621-03:00,0877843-06.2026.8.14.0301,RETIFICAÇÃO OU SUPRIMENTO OU RESTAURAÇÃO DE REGISTRO CIVIL (1682),VERENA MAUÉS FIDALGO BARROS
CÍVEL,BELÉM,NÚCLEO DAS INSTITUIÇÕES DE ENSINO SUPERIOR,2026-08-10 12:41:11.173813-03:00,0877117-32.2026.8.14.0301,RETIFICAÇÃO OU SUPRIMENTO OU RESTAURAÇÃO DE REGISTRO CIVIL (1682),ANA MARINA MONTEIRO VALENTE DO COUTO
CÍVEL,BELÉM,NÚCLEO DAS INSTITUIÇÕES DE ENSINO SUPERIOR,2026-08-10 14:03:35.000844-03:00,0877161-51.2026.8.14.0301,RETIFICAÇÃO OU SUPRIMENTO OU RESTAURAÇÃO DE REGISTRO CIVIL (1682),PAULA CUNHA DA SILVA DENADAI
CÍVEL,BELÉM,NÚCLEO DAS INSTITUIÇÕES DE ENSINO SUPERIOR,2026-08-11 10:38:04.262830-03:00,0877446-44.2026.8.14.0301,ALIMENTOS - LEI ESPECIAL Nº 5.478/68 (69),ANA MARINA MONTEIRO VALENTE DO COUTO
CÍVEL,BELÉM,NÚCLEO DAS INSTITUIÇÕES DE ENSINO SUPERIOR,2026-08-11 13:56:37.759984-03:00,0878239-80.2026.8.14.0301,RETIFICAÇÃO OU SUPRIMENTO OU RESTAURAÇÃO DE REGISTRO CIVIL (1682),ANA MARINA MONTEIRO VALENTE DO COUTO
CÍVEL,BELÉM,NÚCLEO DAS INSTITUIÇÕES DE ENSINO SUPERIOR,2026-08-12 09:22:42.638691-03:00,0818961-63.2026.8.14.0006,DIVÓRCIO CONSENSUAL (12372),PAULA CUNHA DA SILVA DENADAI
CÍVEL,BELÉM,NÚCLEO DAS INSTITUIÇÕES DE ENSINO SUPERIOR,2026-08-12 10:15:18.061676-03:00,0877901-09.2026.8.14.0301,RETIFICAÇÃO OU SUPRIMENTO OU RESTAURAÇÃO DE REGISTRO CIVIL (1682),ANA MARINA MONTEIRO VALENTE DO COUTO
CÍVEL,BELÉM,NÚCLEO DAS INSTITUIÇÕES DE ENSINO SUPERIOR,2026-08-13 10:39:15.257492-03:00,0878270-03.2026.8.14.0301,ALIMENTOS - LEI ESPECIAL Nº 5.478/68 (69),VERENA MAUÉS FIDALGO BARROS
CÍVEL,BELÉM,NÚCLEO DAS INSTITUIÇÕES DE ENSINO SUPERIOR,2026-08-14 11:38:52.779217-03:00,0878764-62.2026.8.14.0301,RETIFICAÇÃO OU SUPRIMENTO OU RESTAURAÇÃO DE REGISTRO CIVIL (1682),PAULA CUNHA DA SILVA DENADAI
CÍVEL,BELÉM,NÚCLEO DAS INSTITUIÇÕES DE ENSINO SUPERIOR,2026-08-14 12:17:59.667796-03:00,0819387-75.2026.8.14.0006,DIVÓRCIO CONSENSUAL (12372),VERENA MAUÉS FIDALGO BARROS
CÍVEL,BELÉM,NÚCLEO DAS INSTITUIÇÕES DE ENSINO SUPERIOR,2026-08-17 11:06:00.301386-03:00,0879623-78.2026.8.14.0301,DIVÓRCIO LITIGIOSO (12541),VERENA MAUÉS FIDALGO BARROS
CÍVEL,BELÉM,NÚCLEO DAS INSTITUIÇÕES DE ENSINO SUPERIOR,2026-08-17 13:10:09.087336-03:00,0806292-72.2026.8.14.0201,RETIFICAÇÃO OU SUPRIMENTO OU RESTAURAÇÃO DE REGISTRO CIVIL (1682),ANA MARINA MONTEIRO VALENTE DO COUTO
CÍVEL,BELÉM,NÚCLEO DAS INSTITUIÇÕES DE ENSINO SUPERIOR,2026-08-17 14:06:59.115802-03:00,0880259-44.2026.8.14.0301,RETIFICAÇÃO OU SUPRIMENTO OU RESTAURAÇÃO DE REGISTRO CIVIL (1682),PAULA CUNHA DA SILVA DENADAI
CÍVEL,BELÉM,NÚCLEO DAS INSTITUIÇÕES DE ENSINO SUPERIOR,2026-08-17 14:32:35.354345-03:00,0880264-66.2026.8.14.0301,ALIMENTOS - LEI ESPECIAL Nº 5.478/68 (69),PAULA CUNHA DA SILVA DENADAI
CÍVEL,BELÉM,NÚCLEO DAS INSTITUIÇÕES DE ENSINO SUPERIOR,2026-08-18 09:23:01.659268-03:00,0880220-47.2026.8.14.0301,ALIMENTOS - LEI ESPECIAL Nº 5.478/68 (69),ANA MARINA MONTEIRO VALENTE DO COUTO
CÍVEL,BELÉM,NÚCLEO DAS INSTITUIÇÕES DE ENSINO SUPERIOR,2026-08-18 11:24:04.846930-03:00,0879619-41.2026.8.14.0301,RETIFICAÇÃO OU SUPRIMENTO OU RESTAURAÇÃO DE REGISTRO CIVIL (1682),VERENA MAUÉS FIDALGO BARROS
CÍVEL,BELÉM,NÚCLEO DAS INSTITUIÇÕES DE ENSINO SUPERIOR,2026-08-18 12:33:06.022932-03:00,0880230-91.2026.8.14.0301,RETIFICAÇÃO OU SUPRIMENTO OU RESTAURAÇÃO DE REGISTRO CIVIL (1682),ANA MARINA MONTEIRO VALENTE DO COUTO
CÍVEL,BELÉM,NÚCLEO DAS INSTITUIÇÕES DE ENSINO SUPERIOR,2026-08-18 14:10:21.960352-03:00,0880248-15.2026.8.14.0301,ALIMENTOS - LEI ESPECIAL Nº 5.478/68 (69),VERENA MAUÉS FIDALGO BARROS
CÍVEL,BELÉM,NÚCLEO DAS INSTITUIÇÕES DE ENSINO SUPERIOR,2026-08-18 16:11:23.024828-03:00,0880246-45.2026.8.14.0301,RETIFICAÇÃO OU SUPRIMENTO OU RESTAURAÇÃO DE REGISTRO CIVIL (1682),VERENA MAUÉS FIDALGO BARROS
CÍVEL,BELÉM,NÚCLEO DAS INSTITUIÇÕES DE ENSINO SUPERIOR,2026-08-19 10:12:48.268693-03:00,0880252-52.2026.8.14.0301,RETIFICAÇÃO OU SUPRIMENTO OU RESTAURAÇÃO DE REGISTRO CIVIL (1682),VERENA MAUÉS FIDALGO BARROS
CÍVEL,BELÉM,NÚCLEO DAS INSTITUIÇÕES DE ENSINO SUPERIOR,2026-08-19 12:02:52.140610-03:00,0880254-22.2026.8.14.0301,RETIFICAÇÃO OU SUPRIMENTO OU RESTAURAÇÃO DE REGISTRO CIVIL (1682),ANA MARINA MONTEIRO VALENTE DO COUTO
CÍVEL,BELÉM,NÚCLEO DAS INSTITUIÇÕES DE ENSINO SUPERIOR,2026-08-19 12:43:50.149502-03:00,0880294-04.2026.8.14.0301,RETIFICAÇÃO OU SUPRIMENTO OU RESTAURAÇÃO DE REGISTRO CIVIL (1682),VERENA MAUÉS FIDALGO BARROS
CÍVEL,BELÉM,NÚCLEO DAS INSTITUIÇÕES DE ENSINO SUPERIOR,2026-08-19 13:01:03.365975-03:00,0880298-41.2026.8.14.0301,RETIFICAÇÃO OU SUPRIMENTO OU RESTAURAÇÃO DE REGISTRO CIVIL (1682),PAULA CUNHA DA SILVA DENADAI
CÍVEL,BELÉM,NÚCLEO DAS INSTITUIÇÕES DE ENSINO SUPERIOR,2026-08-20 11:46:03.682946-03:00,0882218-50.2026.8.14.0301,RETIFICAÇÃO OU SUPRIMENTO OU RESTAURAÇÃO DE REGISTRO CIVIL (1682),VERENA MAUÉS FIDALGO BARROS
CÍVEL,BELÉM,NÚCLEO DAS INSTITUIÇÕES DE ENSINO SUPERIOR,2026-08-20 13:34:29.168442-03:00,0820000-95.2026.8.14.0006,DIVÓRCIO LITIGIOSO (12541),ANA MARINA MONTEIRO VALENTE DO COUTO
CÍVEL,BELÉM,NÚCLEO DAS INSTITUIÇÕES DE ENSINO SUPERIOR,2026-08-21 13:59:01.364744-03:00,0806561-14.2026.8.14.0201,ALIMENTOS - LEI ESPECIAL Nº 5.478/68 (69),ANA MARINA MONTEIRO VALENTE DO COUTO
CÍVEL,BELÉM,NÚCLEO DAS INSTITUIÇÕES DE ENSINO SUPERIOR,2026-08-21 15:15:51.585657-03:00,0882161-32.2026.8.14.0301,RETIFICAÇÃO OU SUPRIMENTO OU RESTAURAÇÃO DE REGISTRO CIVIL (1682),VERENA MAUÉS FIDALGO BARROS
CÍVEL,BELÉM,NÚCLEO DAS INSTITUIÇÕES DE ENSINO SUPERIOR,2026-08-24 12:01:30.571370-03:00,0881773-32.2026.8.14.0301,ALIMENTOS - LEI ESPECIAL Nº 5.478/68 (69),VERENA MAUÉS FIDALGO BARROS
CÍVEL,BELÉM,NÚCLEO DAS INSTITUIÇÕES DE ENSINO SUPERIOR,2026-08-24 12:28:37.037091-03:00,0881791-53.2026.8.14.0301,RETIFICAÇÃO OU SUPRIMENTO OU RESTAURAÇÃO DE REGISTRO CIVIL (1682),ANA MARINA MONTEIRO VALENTE DO COUTO
CÍVEL,BELÉM,NÚCLEO DAS INSTITUIÇÕES DE ENSINO SUPERIOR,2026-08-25 11:16:05.909163-03:00,0882206-36.2026.8.14.0301,DIVÓRCIO CONSENSUAL (12372),VERENA MAUÉS FIDALGO BARROS
CÍVEL,BELÉM,NÚCLEO DAS INSTITUIÇÕES DE ENSINO SUPERIOR,2026-08-25 13:21:14.489854-03:00,0882801-35.2026.8.14.0301,RETIFICAÇÃO OU SUPRIMENTO OU RESTAURAÇÃO DE REGISTRO CIVIL (1682),ANA MARINA MONTEIRO VALENTE DO COUTO
CÍVEL,BELÉM,NÚCLEO DAS INSTITUIÇÕES DE ENSINO SUPERIOR,2026-08-25 13:50:19.909148-03:00,0882350-10.2026.8.14.0301,INTERDIÇÃO/CURATELA (58),VERENA MAUÉS FIDALGO BARROS
CÍVEL,BELÉM,NÚCLEO DAS INSTITUIÇÕES DE ENSINO SUPERIOR,2026-08-25 18:49:25.517993-03:00,0820217-41.2026.8.14.0006,RETIFICAÇÃO OU SUPRIMENTO OU RESTAURAÇÃO DE REGISTRO CIVIL (1682),ANA MARINA MONTEIRO VALENTE DO COUTO
CÍVEL,BELÉM,NÚCLEO DAS INSTITUIÇÕES DE ENSINO SUPERIOR,2026-08-26 09:30:40.100871-03:00,0820352-53.2026.8.14.0006,DIVÓRCIO CONSENSUAL (12372),VERENA MAUÉS FIDALGO BARROS
CÍVEL,BELÉM,NÚCLEO DAS INSTITUIÇÕES DE ENSINO SUPERIOR,2026-08-26 09:43:56.932200-03:00,0883250-90.2026.8.14.0301,DIVÓRCIO LITIGIOSO (12541),VERENA MAUÉS FIDALGO BARROS
CÍVEL,BELÉM,NÚCLEO DAS INSTITUIÇÕES DE ENSINO SUPERIOR,2026-08-26 11:54:40.681356-03:00,0882788-36.2026.8.14.0301,DIVÓRCIO CONSENSUAL (12372),ANA MARINA MONTEIRO VALENTE DO COUTO
CÍVEL,BELÉM,NÚCLEO DAS INSTITUIÇÕES DE ENSINO SUPERIOR,2026-08-26 13:35:25.212749-03:00,0883255-15.2026.8.14.0301,ALIMENTOS - LEI ESPECIAL Nº 5.478/68 (69),VERENA MAUÉS FIDALGO BARROS
CÍVEL,BELÉM,NÚCLEO DAS INSTITUIÇÕES DE ENSINO SUPERIOR,2026-08-27 10:07:57.708554-03:00,0883287-20.2026.8.14.0301,GUARDA DE FAMÍLIA,VERENA MAUÉS FIDALGO BARROS
CÍVEL,BELÉM,NÚCLEO DAS INSTITUIÇÕES DE ENSINO SUPERIOR,2026-08-27 10:43:11.667626-03:00,0883242-16.2026.8.14.0301,ALIMENTOS - LEI ESPECIAL Nº 5.478/68 (69),VERENA MAUÉS FIDALGO BARROS
CÍVEL,BELÉM,NÚCLEO DAS INSTITUIÇÕES DE ENSINO SUPERIOR,2026-08-27 11:28:48.354720-03:00,0883305-41.2026.8.14.0301,RETIFICAÇÃO OU SUPRIMENTO OU RESTAURAÇÃO DE REGISTRO CIVIL (1682),VERENA MAUÉS FIDALGO BARROS
CÍVEL,BELÉM,NÚCLEO DAS INSTITUIÇÕES DE ENSINO SUPERIOR,2026-08-27 11:49:33.597152-03:00,0883296-79.2026.8.14.0301,ALIMENTOS - LEI ESPECIAL Nº 5.478/68 (69),PAULA CUNHA DA SILVA DENADAI
CÍVEL,BELÉM,NÚCLEO DAS INSTITUIÇÕES DE ENSINO SUPERIOR,2026-08-27 12:50:05.184538-03:00,0883876-12.2026.8.14.0301,RETIFICAÇÃO OU SUPRIMENTO OU RESTAURAÇÃO DE REGISTRO CIVIL (1682),VERENA MAUÉS FIDALGO BARROS
CÍVEL,BELÉM,NÚCLEO DAS INSTITUIÇÕES DE ENSINO SUPERIOR,2026-08-28 15:08:53.049972-03:00,0884464-19.2026.8.14.0301,RETIFICAÇÃO OU SUPRIMENTO OU RESTAURAÇÃO DE REGISTRO CIVIL (1682),PAULA CUNHA DA SILVA DENADAI
CÍVEL,BELÉM,NÚCLEO DAS INSTITUIÇÕES DE ENSINO SUPERIOR,2026-08-28 15:46:44.196558-03:00,0885451-55.2026.8.14.0301,ALVARÁ JUDICIAL - LEI 6858/80 (74),ANA MARINA MONTEIRO VALENTE DO COUTO
CÍVEL,BELÉM,NÚCLEO DAS INSTITUIÇÕES DE ENSINO SUPERIOR,2026-08-31 10:28:50.409862-03:00,0884591-54.2026.8.14.0301,CUMPRIMENTO DE SENTENÇA (156),VERENA MAUÉS FIDALGO BARROS
CÍVEL,BELÉM,NÚCLEO DAS INSTITUIÇÕES DE ENSINO SUPERIOR,2026-08-31 10:29:41.823571-03:00,0820661-74.2026.8.14.0006,RETIFICAÇÃO OU SUPRIMENTO OU RESTAURAÇÃO DE REGISTRO CIVIL (1682),PAULA CUNHA DA SILVA DENADAI
CÍVEL,BELÉM,NÚCLEO DAS INSTITUIÇÕES DE ENSINO SUPERIOR,2026-08-31 10:50:39.912683-03:00,0884589-84.2026.8.14.0301,CUMPRIMENTO DE SENTENÇA (156),VERENA MAUÉS FIDALGO BARROS
CÍVEL,BELÉM,NÚCLEO DAS INSTITUIÇÕES DE ENSINO SUPERIOR,2026-08-31 11:37:50.486067-03:00,0884519-67.2026.8.14.0301,RETIFICAÇÃO OU SUPRIMENTO OU RESTAURAÇÃO DE REGISTRO CIVIL (1682),VERENA MAUÉS FIDALGO BARROS
CÍVEL,BELÉM,NÚCLEO DAS INSTITUIÇÕES DE ENSINO SUPERIOR,2026-08-31 13:06:37.358102-03:00,0884585-47.2026.8.14.0301,RETIFICAÇÃO OU SUPRIMENTO OU RESTAURAÇÃO DE REGISTRO CIVIL (1682),VERENA MAUÉS FIDALGO BARROS
CÍVEL,BELÉM,NÚCLEO DAS INSTITUIÇÕES DE ENSINO SUPERIOR,2026-08-31 13:08:37.771391-03:00,0884568-11.2026.8.14.0301,RETIFICAÇÃO OU SUPRIMENTO OU RESTAURAÇÃO DE REGISTRO CIVIL (1682),VERENA MAUÉS FIDALGO BARROS
CÍVEL,BELÉM,NÚCLEO DAS INSTITUIÇÕES DE ENSINO SUPERIOR,2026-08-31 13:52:09.106142-03:00,0885468-91.2026.8.14.0301,ALIMENTOS - LEI ESPECIAL Nº 5.478/68 (69),VERENA MAUÉS FIDALGO BARROS
CÍVEL,BELÉM,NÚCLEO DAS INSTITUIÇÕES DE ENSINO SUPERIOR,2026-09-02 11:32:21.591699-03:00,0885463-69.2026.8.14.0301,INTERDIÇÃO/CURATELA (58),VERENA MAUÉS FIDALGO BARROS
CÍVEL,BELÉM,NÚCLEO DAS INSTITUIÇÕES DE ENSINO SUPERIOR,2026-09-02 11:33:10.684147-03:00,0885465-39.2026.8.14.0301,ALIMENTOS - LEI ESPECIAL Nº 5.478/68 (69),VERENA MAUÉS FIDALGO BARROS
CÍVEL,BELÉM,NÚCLEO DAS INSTITUIÇÕES DE ENSINO SUPERIOR,2026-09-02 12:48:45.788131-03:00,0821103-40.2026.8.14.0006,RETIFICAÇÃO OU SUPRIMENTO OU RESTAURAÇÃO DE REGISTRO CIVIL (1682),VERENA MAUÉS FIDALGO BARROS
CÍVEL,BELÉM,NÚCLEO DAS INSTITUIÇÕES DE ENSINO SUPERIOR,2026-09-02 13:23:58.101292-03:00,0885516-50.2026.8.14.0301,RETIFICAÇÃO OU SUPRIMENTO OU RESTAURAÇÃO DE REGISTRO CIVIL (1682),ANA MARINA MONTEIRO VALENTE DO COUTO
CÍVEL,BELÉM,NÚCLEO DAS INSTITUIÇÕES DE ENSINO SUPERIOR,2026-09-02 15:29:45.008053-03:00,0885913-12.2026.8.14.0301,DIVÓRCIO LITIGIOSO (12541),ANA MARINA MONTEIRO VALENTE DO COUTO
CÍVEL,BELÉM,NÚCLEO DAS INSTITUIÇÕES DE ENSINO SUPERIOR,2026-09-03 11:17:08.235657-03:00,0885921-86.2026.8.14.0301,DIVÓRCIO LITIGIOSO (12541),VERENA MAUÉS FIDALGO BARROS
CÍVEL,BELÉM,NÚCLEO DAS INSTITUIÇÕES DE ENSINO SUPERIOR,2026-09-03 13:56:10.823970-03:00,0887117-91.2026.8.14.0301,ALIMENTOS - LEI ESPECIAL Nº 5.478/68 (69),VERENA MAUÉS FIDALGO BARROS
CÍVEL,BELÉM,NÚCLEO DAS INSTITUIÇÕES DE ENSINO SUPERIOR,2026-09-04 10:41:22.421674-03:00,0886491-72.2026.8.14.0301,RETIFICAÇÃO OU SUPRIMENTO OU RESTAURAÇÃO DE REGISTRO CIVIL (1682),PAULA CUNHA DA SILVA DENADAI
CÍVEL,BELÉM,NÚCLEO DAS INSTITUIÇÕES DE ENSINO SUPERIOR,2026-09-04 12:11:34.964265-03:00,0886541-98.2026.8.14.0301,PROCEDIMENTO COMUM CÍVEL (7),VERENA MAUÉS FIDALGO BARROS
CÍVEL,BELÉM,NÚCLEO DAS INSTITUIÇÕES DE ENSINO SUPERIOR,2026-09-08 10:58:50.829949-03:00,0887083-19.2026.8.14.0301,ALIMENTOS - LEI ESPECIAL Nº 5.478/68 (69),VERENA MAUÉS FIDALGO BARROS
CÍVEL,BELÉM,NÚCLEO DAS INSTITUIÇÕES DE ENSINO SUPERIOR,2026-09-08 11:49:35.697388-03:00,0887124-83.2026.8.14.0301,RETIFICAÇÃO OU SUPRIMENTO OU RESTAURAÇÃO DE REGISTRO CIVIL (1682),VERENA MAUÉS FIDALGO BARROS
CÍVEL,BELÉM,NÚCLEO DAS INSTITUIÇÕES DE ENSINO SUPERIOR,2026-09-08 12:29:08.220891-03:00,0890960-64.2026.8.14.0301,ALIMENTOS - LEI ESPECIAL Nº 5.478/68 (69),ANA MARINA MONTEIRO VALENTE DO COUTO
CÍVEL,BELÉM,NÚCLEO DAS INSTITUIÇÕES DE ENSINO SUPERIOR,2026-09-09 10:51:14.365822-03:00,0887595-02.2026.8.14.0301,ALIMENTOS - LEI ESPECIAL Nº 5.478/68 (69),PAULA CUNHA DA SILVA DENADAI
CÍVEL,BELÉM,NÚCLEO DAS INSTITUIÇÕES DE ENSINO SUPERIOR,2026-09-09 11:45:12.939554-03:00,0890971-93.2026.8.14.0301,DIVÓRCIO LITIGIOSO (12541),ANA MARINA MONTEIRO VALENTE DO COUTO
CÍVEL,BELÉM,NÚCLEO DAS INSTITUIÇÕES DE ENSINO SUPERIOR,2026-09-09 12:25:49.728954-03:00,0822584-38.2026.8.14.0006,RETIFICAÇÃO OU SUPRIMENTO OU RESTAURAÇÃO DE REGISTRO CIVIL (1682),ANA MARINA MONTEIRO VALENTE DO COUTO
CÍVEL,BELÉM,NÚCLEO DAS INSTITUIÇÕES DE ENSINO SUPERIOR,2026-09-09 12:52:15.546107-03:00,0887686-92.2026.8.14.0301,DIVÓRCIO CONSENSUAL (12372),PAULA CUNHA DA SILVA DENADAI
CÍVEL,BELÉM,NÚCLEO DAS INSTITUIÇÕES DE ENSINO SUPERIOR,2026-09-10 10:41:26.822525-03:00,0888469-84.2026.8.14.0301,ALIMENTOS - LEI ESPECIAL Nº 5.478/68 (69),VERENA MAUÉS FIDALGO BARROS
CÍVEL,BELÉM,NÚCLEO DAS INSTITUIÇÕES DE ENSINO SUPERIOR,2026-09-10 11:25:23.777210-03:00,0888057-56.2026.8.14.0301,RETIFICAÇÃO OU SUPRIMENTO OU RESTAURAÇÃO DE REGISTRO CIVIL (1682),PAULA CUNHA DA SILVA DENADAI
CÍVEL,BELÉM,NÚCLEO DAS INSTITUIÇÕES DE ENSINO SUPERIOR,2026-09-10 11:53:03.180213-03:00,0888078-32.2026.8.14.0301,RETIFICAÇÃO OU SUPRIMENTO OU RESTAURAÇÃO DE REGISTRO CIVIL (1682),PAULA CUNHA DA SILVA DENADAI
CÍVEL,BELÉM,NÚCLEO DAS INSTITUIÇÕES DE ENSINO SUPERIOR,2026-09-10 12:29:51.611641-03:00,0888105-15.2026.8.14.0301,RETIFICAÇÃO OU SUPRIMENTO OU RESTAURAÇÃO DE REGISTRO CIVIL (1682),PAULA CUNHA DA SILVA DENADAI
CÍVEL,BELÉM,NÚCLEO DAS INSTITUIÇÕES DE ENSINO SUPERIOR,2026-09-11 10:50:12.971724-03:00,0888517-43.2026.8.14.0301,INTERDIÇÃO/CURATELA (58),PAULA CUNHA DA SILVA DENADAI
CÍVEL,BELÉM,NÚCLEO DAS INSTITUIÇÕES DE ENSINO SUPERIOR,2026-09-11 12:56:53.945589-03:00,0889067-38.2026.8.14.0301,ALVARÁ JUDICIAL - LEI 6858/80 (74),PAULA CUNHA DA SILVA DENADAI
CÍVEL,BELÉM,NÚCLEO DAS INSTITUIÇÕES DE ENSINO SUPERIOR,2026-09-11 13:34:12.014929-03:00,0888653-40.2026.8.14.0301,RETIFICAÇÃO OU SUPRIMENTO OU RESTAURAÇÃO DE REGISTRO CIVIL (1682),VERENA MAUÉS FIDALGO BARROS
CÍVEL,BELÉM,NÚCLEO DAS INSTITUIÇÕES DE ENSINO SUPERIOR,2026-09-14 10:31:54.655578-03:00,0822044-87.2026.8.14.0006,RETIFICAÇÃO OU SUPRIMENTO OU RESTAURAÇÃO DE REGISTRO CIVIL (1682),PAULA CUNHA DA SILVA DENADAI
CÍVEL,BELÉM,NÚCLEO DAS INSTITUIÇÕES DE ENSINO SUPERIOR,2026-09-15 10:41:23.102073-03:00,0889436-32.2026.8.14.0301,ALIMENTOS - LEI ESPECIAL Nº 5.478/68 (69),VERENA MAUÉS FIDALGO BARROS
CÍVEL,BELÉM,NÚCLEO DAS INSTITUIÇÕES DE ENSINO SUPERIOR,2026-09-15 10:56:53.452399-03:00,0822771-46.2026.8.14.0006,ALIMENTOS - LEI ESPECIAL Nº 5.478/68 (69),ANA MARINA MONTEIRO VALENTE DO COUTO
CÍVEL,BELÉM,NÚCLEO DAS INSTITUIÇÕES DE ENSINO SUPERIOR,2026-09-15 11:48:15.128698-03:00,0889496-05.2026.8.14.0301,ALIMENTOS - LEI ESPECIAL Nº 5.478/68 (69),VERENA MAUÉS FIDALGO BARROS
CÍVEL,BELÉM,NÚCLEO DAS INSTITUIÇÕES DE ENSINO SUPERIOR,2026-09-15 14:05:17.292996-03:00,0889623-40.2026.8.14.0301,ALIMENTOS - LEI ESPECIAL Nº 5.478/68 (69),VERENA MAUÉS FIDALGO BARROS
CÍVEL,BELÉM,NÚCLEO DAS INSTITUIÇÕES DE ENSINO SUPERIOR,2026-09-15 14:40:44.729148-03:00,0807231-52.2026.8.14.0201,INTERDIÇÃO/CURATELA (58),VERENA MAUÉS FIDALGO BARROS
CÍVEL,BELÉM,NÚCLEO DAS INSTITUIÇÕES DE ENSINO SUPERIOR,2026-09-16 09:21:38.364219-03:00,0822417-21.2026.8.14.0006,RETIFICAÇÃO OU SUPRIMENTO OU RESTAURAÇÃO DE REGISTRO CIVIL (1682),PAULA CUNHA DA SILVA DENADAI
CÍVEL,BELÉM,NÚCLEO DAS INSTITUIÇÕES DE ENSINO SUPERIOR,2026-09-17 11:24:07.915575-03:00,0890450-51.2026.8.14.0301,INTERDIÇÃO/CURATELA (58),VERENA MAUÉS FIDALGO BARROS
CÍVEL,BELÉM,NÚCLEO DAS INSTITUIÇÕES DE ENSINO SUPERIOR,2026-09-17 11:50:04.251324-03:00,0890449-66.2026.8.14.0301,ALIMENTOS - LEI ESPECIAL Nº 5.478/68 (69),PAULA CUNHA DA SILVA DENADAI
CÍVEL,BELÉM,NÚCLEO DAS INSTITUIÇÕES DE ENSINO SUPERIOR,2026-09-17 12:55:41.949042-03:00,0890484-26.2026.8.14.0301,RETIFICAÇÃO OU SUPRIMENTO OU RESTAURAÇÃO DE REGISTRO CIVIL (1682),PAULA CUNHA DA SILVA DENADAI
CÍVEL,BELÉM,NÚCLEO DAS INSTITUIÇÕES DE ENSINO SUPERIOR,2026-09-17 14:12:03.297649-03:00,0890876-63.2026.8.14.0301,RETIFICAÇÃO OU SUPRIMENTO OU RESTAURAÇÃO DE REGISTRO CIVIL (1682),PAULA CUNHA DA SILVA DENADAI
CÍVEL,BELÉM,NÚCLEO DAS INSTITUIÇÕES DE ENSINO SUPERIOR,2026-09-17 15:17:43.959770-03:00,0890913-90.2026.8.14.0301,ALIMENTOS - LEI ESPECIAL Nº 5.478/68 (69),VERENA MAUÉS FIDALGO BARROS
CÍVEL,BELÉM,NÚCLEO DAS INSTITUIÇÕES DE ENSINO SUPERIOR,2026-09-18 10:28:41.440828-03:00,0890921-67.2026.8.14.0301,INTERDIÇÃO/CURATELA (58),VERENA MAUÉS FIDALGO BARROS
CÍVEL,BELÉM,NÚCLEO DAS INSTITUIÇÕES DE ENSINO SUPERIOR,2026-09-18 10:50:20.635309-03:00,0890871-41.2026.8.14.0301,PROCEDIMENTO COMUM CÍVEL (7),PAULA CUNHA DA SILVA DENADAI
CÍVEL,BELÉM,NÚCLEO DAS INSTITUIÇÕES DE ENSINO SUPERIOR,2026-09-18 11:58:53.623670-03:00,0890975-33.2026.8.14.0301,INTERDIÇÃO/CURATELA (58),PAULA CUNHA DA SILVA DENADAI
CÍVEL,BELÉM,NÚCLEO DAS INSTITUIÇÕES DE ENSINO SUPERIOR,2026-09-18 14:18:23.298280-03:00,0891039-43.2026.8.14.0301,ALIMENTOS - LEI ESPECIAL Nº 5.478/68 (69),VERENA MAUÉS FIDALGO BARROS
CÍVEL,BELÉM,NÚCLEO DAS INSTITUIÇÕES DE ENSINO SUPERIOR,2026-09-21 13:54:43.795238-03:00,0891963-54.2026.8.14.0301,ALIMENTOS - LEI ESPECIAL Nº 5.478/68 (69),ANA MARINA MONTEIRO VALENTE DO COUTO
CÍVEL,BELÉM,NÚCLEO DAS INSTITUIÇÕES DE ENSINO SUPERIOR,2026-09-22 08:52:15.601301-03:00,0891910-73.2026.8.14.0301,ALIMENTOS - LEI ESPECIAL Nº 5.478/68 (69),ANA MARINA MONTEIRO VALENTE DO COUTO
CÍVEL,BELÉM,NÚCLEO DAS INSTITUIÇÕES DE ENSINO SUPERIOR,2026-09-22 12:08:37.736905-03:00,0892053-62.2026.8.14.0301,ALIMENTOS - LEI ESPECIAL Nº 5.478/68 (69),ANA MARINA MONTEIRO VALENTE DO COUTO
CÍVEL,BELÉM,NÚCLEO DAS INSTITUIÇÕES DE ENSINO SUPERIOR,2026-09-23 10:19:51.665664-03:00,0892522-11.2026.8.14.0301,INTERDIÇÃO/CURATELA (58),ANA MARINA MONTEIRO VALENTE DO COUTO
CÍVEL,BELÉM,TRIAGEM INTEGRADA,2026-01-07 14:20:30.199656-03:00,0805194-43.2026.8.14.0301,INTERDIÇÃO/CURATELA (58),JOSE FLAVIO RIBEIRO MAUES
CÍVEL,BELÉM,TRIAGEM INTEGRADA,2026-01-07 15:00:48.745324-03:00,0801442-75.2026.8.14.0006,RETIFICAÇÃO OU SUPRIMENTO OU RESTAURAÇÃO DE REGISTRO CIVIL (1682),JOSE FLAVIO RIBEIRO MAUES
CÍVEL,BELÉM,TRIAGEM INTEGRADA,2026-01-08 10:31:53.046610-03:00,0804954-54.2026.8.14.0301,RETIFICAÇÃO OU SUPRIMENTO OU RESTAURAÇÃO DE REGISTRO CIVIL (1682),JOSE FLAVIO RIBEIRO MAUES
CÍVEL,BELÉM,TRIAGEM INTEGRADA,2026-01-08 15:37:56.724264-03:00,0815141-24.2026.8.14.0301,RETIFICAÇÃO OU SUPRIMENTO OU RESTAURAÇÃO DE REGISTRO CIVIL (1682),JOSE FLAVIO RIBEIRO MAUES
CÍVEL,BELÉM,TRIAGEM INTEGRADA,2026-01-08 17:05:00.016057-03:00,0804955-39.2026.8.14.0301,RETIFICAÇÃO OU SUPRIMENTO OU RESTAURAÇÃO DE REGISTRO CIVIL (1682),JOSE FLAVIO RIBEIRO MAUES
CÍVEL,BELÉM,TRIAGEM INTEGRADA,2026-01-09 09:36:31.068957-03:00,0815148-16.2026.8.14.0301,RETIFICAÇÃO OU SUPRIMENTO OU RESTAURAÇÃO DE REGISTRO CIVIL (1682),JOSE FLAVIO RIBEIRO MAUES
CÍVEL,BELÉM,TRIAGEM INTEGRADA,2026-01-09 10:59:42.614475-03:00,0815150-83.2026.8.14.0301,RETIFICAÇÃO OU SUPRIMENTO OU RESTAURAÇÃO DE REGISTRO CIVIL (1682),JOSE FLAVIO RIBEIRO MAUES
CÍVEL,BELÉM,TRIAGEM INTEGRADA,2026-01-14 09:57:52.029140-03:00,0806977-70.2026.8.14.0301,RETIFICAÇÃO OU SUPRIMENTO OU RESTAURAÇÃO DE REGISTRO CIVIL (1682),JOSE FLAVIO RIBEIRO MAUES
CÍVEL,BELÉM,TRIAGEM INTEGRADA,2026-01-14 13:16:20.989006-03:00,0806974-18.2026.8.14.0301,ALVARÁ JUDICIAL - LEI 6858/80 (74),JOSE FLAVIO RIBEIRO MAUES
CÍVEL,BELÉM,TRIAGEM INTEGRADA,2026-01-14 14:02:51.848067-03:00,0806978-55.2026.8.14.0301,RETIFICAÇÃO OU SUPRIMENTO OU RESTAURAÇÃO DE REGISTRO CIVIL (1682),JOSE FLAVIO RIBEIRO MAUES
CÍVEL,BELÉM,TRIAGEM INTEGRADA,2026-01-16 15:18:08.752841-03:00,0804953-69.2026.8.14.0301,RETIFICAÇÃO OU SUPRIMENTO OU RESTAURAÇÃO DE REGISTRO CIVIL (1682),JOSE FLAVIO RIBEIRO MAUES
CÍVEL,BELÉM,TRIAGEM INTEGRADA,2026-01-19 11:02:02.345583-03:00,0805193-58.2026.8.14.0301,INTERDIÇÃO/CURATELA (58),JOSE FLAVIO RIBEIRO MAUES
CÍVEL,BELÉM,TRIAGEM INTEGRADA,2026-01-19 12:34:14.638961-03:00,0815166-37.2026.8.14.0301,RETIFICAÇÃO OU SUPRIMENTO OU RESTAURAÇÃO DE REGISTRO CIVIL (1682),JOSE FLAVIO RIBEIRO MAUES
CÍVEL,BELÉM,TRIAGEM INTEGRADA,2026-01-19 13:32:16.146122-03:00,0815165-52.2026.8.14.0301,RETIFICAÇÃO OU SUPRIMENTO OU RESTAURAÇÃO DE REGISTRO CIVIL (1682),JOSE FLAVIO RIBEIRO MAUES
CÍVEL,BELÉM,TRIAGEM INTEGRADA,2026-01-19 14:04:35.690045-03:00,0832494-77.2026.8.14.0301,RETIFICAÇÃO OU SUPRIMENTO OU RESTAURAÇÃO DE REGISTRO CIVIL (1682),ANA PAULA PEREIRA MARQUES VIEIRA
CÍVEL,BELÉM,TRIAGEM INTEGRADA,2026-01-19 14:19:16.020986-03:00,0832495-62.2026.8.14.0301,RETIFICAÇÃO OU SUPRIMENTO OU RESTAURAÇÃO DE REGISTRO CIVIL (1682),ANA PAULA PEREIRA MARQUES VIEIRA
CÍVEL,BELÉM,TRIAGEM INTEGRADA,2026-01-19 14:48:50.108863-03:00,0806995-91.2026.8.14.0301,RETIFICAÇÃO OU SUPRIMENTO OU RESTAURAÇÃO DE REGISTRO CIVIL (1682),JOSE FLAVIO RIBEIRO MAUES
CÍVEL,BELÉM,TRIAGEM INTEGRADA,2026-01-19 14:50:15.300575-03:00,0806997-61.2026.8.14.0301,RETIFICAÇÃO OU SUPRIMENTO OU RESTAURAÇÃO DE REGISTRO CIVIL (1682),JOSE FLAVIO RIBEIRO MAUES
CÍVEL,BELÉM,TRIAGEM INTEGRADA,2026-01-19 15:01:03.579075-03:00,0845045-89.2026.8.14.0301,RETIFICAÇÃO OU SUPRIMENTO OU RESTAURAÇÃO DE REGISTRO CIVIL (1682),ANA PAULA PEREIRA MARQUES VIEIRA
CÍVEL,BELÉM,TRIAGEM INTEGRADA,2026-01-19 15:31:21.139631-03:00,0845049-29.2026.8.14.0301,ALVARÁ JUDICIAL - LEI 6858/80 (74),ANA PAULA PEREIRA MARQUES VIEIRA
CÍVEL,BELÉM,TRIAGEM INTEGRADA,2026-01-20 09:01:38.958770-03:00,0804290-23.2026.8.14.0301,RETIFICAÇÃO OU SUPRIMENTO OU RESTAURAÇÃO DE REGISTRO CIVIL (1682),JOSE FLAVIO RIBEIRO MAUES
CÍVEL,BELÉM,TRIAGEM INTEGRADA,2026-01-20 09:42:00.718696-03:00,0804291-08.2026.8.14.0301,RETIFICAÇÃO OU SUPRIMENTO OU RESTAURAÇÃO DE REGISTRO CIVIL (1682),JOSE FLAVIO RIBEIRO MAUES
CÍVEL,BELÉM,TRIAGEM INTEGRADA,2026-01-20 11:35:13.697700-03:00,0804289-38.2026.8.14.0301,RETIFICAÇÃO OU SUPRIMENTO OU RESTAURAÇÃO DE REGISTRO CIVIL (1682),JOSE FLAVIO RIBEIRO MAUES
CÍVEL,BELÉM,TRIAGEM INTEGRADA,2026-01-22 08:45:04.505380-03:00,0826835-87.2026.8.14.0301,RETIFICAÇÃO OU SUPRIMENTO OU RESTAURAÇÃO DE REGISTRO CIVIL (1682),ANA PAULA PEREIRA MARQUES VIEIRA
CÍVEL,BELÉM,TRIAGEM INTEGRADA,2026-01-30 09:09:01.139153-03:00,0819915-97.2026.8.14.0301,RETIFICAÇÃO OU SUPRIMENTO OU RESTAURAÇÃO DE REGISTRO CIVIL (1682),ANA PAULA PEREIRA MARQUES VIEIRA
CÍVEL,BELÉM,TRIAGEM INTEGRADA,2026-01-30 09:44:35.018474-03:00,0819916-82.2026.8.14.0301,RETIFICAÇÃO OU SUPRIMENTO OU RESTAURAÇÃO DE REGISTRO CIVIL (1682),ANA PAULA PEREIRA MARQUES VIEIRA
CÍVEL,BELÉM,TRIAGEM INTEGRADA,2026-02-04 09:02:50.174991-03:00,0819919-37.2026.8.14.0301,RETIFICAÇÃO OU SUPRIMENTO OU RESTAURAÇÃO DE REGISTRO CIVIL (1682),ANA PAULA PEREIRA MARQUES VIEIRA
CÍVEL,BELÉM,TRIAGEM INTEGRADA,2026-02-04 09:33:18.357597-03:00,0819922-89.2026.8.14.0301,RETIFICAÇÃO OU SUPRIMENTO OU RESTAURAÇÃO DE REGISTRO CIVIL (1682),ANA PAULA PEREIRA MARQUES VIEIRA
CÍVEL,BELÉM,TRIAGEM INTEGRADA,2026-02-04 09:49:14.382178-03:00,0819924-59.2026.8.14.0301,ALVARÁ JUDICIAL - LEI 6858/80 (74),ANA PAULA PEREIRA MARQUES VIEIRA
CÍVEL,BELÉM,TRIAGEM INTEGRADA,2026-02-04 12:20:10.265521-03:00,0819927-14.2026.8.14.0301,RETIFICAÇÃO OU SUPRIMENTO OU RESTAURAÇÃO DE REGISTRO CIVIL (1682),ANA PAULA PEREIRA MARQUES VIEIRA
CÍVEL,BELÉM,TRIAGEM INTEGRADA,2026-02-04 13:33:41.999660-03:00,0819928-96.2026.8.14.0301,RETIFICAÇÃO OU SUPRIMENTO OU RESTAURAÇÃO DE REGISTRO CIVIL (1682),ANA PAULA PEREIRA MARQUES VIEIRA
CÍVEL,BELÉM,TRIAGEM INTEGRADA,2026-02-04 14:11:15.372323-03:00,0819929-81.2026.8.14.0301,RETIFICAÇÃO OU SUPRIMENTO OU RESTAURAÇÃO DE REGISTRO CIVIL (1682),ANA PAULA PEREIRA MARQUES VIEIRA
CÍVEL,BELÉM,TRIAGEM INTEGRADA,2026-02-05 11:24:32.789329-03:00,0819930-66.2026.8.14.0301,ALVARÁ JUDICIAL - LEI 6858/80 (74),ANA PAULA PEREIRA MARQUES VIEIRA
CÍVEL,BELÉM,TRIAGEM INTEGRADA,2026-02-05 11:54:06.145644-03:00,0819942-80.2026.8.14.0301,INTERDIÇÃO/CURATELA (58),ANA PAULA PEREIRA MARQUES VIEIRA
CÍVEL,BELÉM,TRIAGEM INTEGRADA,2026-02-05 13:24:25.380251-03:00,0819944-50.2026.8.14.0301,INTERDIÇÃO/CURATELA (58),ANA PAULA PEREIRA MARQUES VIEIRA
CÍVEL,BELÉM,TRIAGEM INTEGRADA,2026-02-06 09:29:51.712103-03:00,0819945-35.2026.8.14.0301,RETIFICAÇÃO OU SUPRIMENTO OU RESTAURAÇÃO DE REGISTRO CIVIL (1682),ANA PAULA PEREIRA MARQUES VIEIRA
CÍVEL,BELÉM,TRIAGEM INTEGRADA,2026-02-07 10:20:13.709694-03:00,0819946-20.2026.8.14.0301,RETIFICAÇÃO OU SUPRIMENTO OU RESTAURAÇÃO DE REGISTRO CIVIL (1682),ANA PAULA PEREIRA MARQUES VIEIRA
CÍVEL,BELÉM,TRIAGEM INTEGRADA,2026-02-07 10:43:44.157421-03:00,0819947-05.2026.8.14.0301,ALVARÁ JUDICIAL - LEI 6858/80 (74),ANA PAULA PEREIRA MARQUES VIEIRA
CÍVEL,BELÉM,TRIAGEM INTEGRADA,2026-02-07 10:59:18.882443-03:00,0819948-87.2026.8.14.0301,RETIFICAÇÃO OU SUPRIMENTO OU RESTAURAÇÃO DE REGISTRO CIVIL (1682),ANA PAULA PEREIRA MARQUES VIEIRA
CÍVEL,BELÉM,TRIAGEM INTEGRADA,2026-02-07 11:19:16.351081-03:00,0819949-72.2026.8.14.0301,RETIFICAÇÃO OU SUPRIMENTO OU RESTAURAÇÃO DE REGISTRO CIVIL (1682),ANA PAULA PEREIRA MARQUES VIEIRA
CÍVEL,BELÉM,TRIAGEM INTEGRADA,2026-02-12 11:15:48.980790-03:00,0820797-59.2026.8.14.0301,RETIFICAÇÃO OU SUPRIMENTO OU RESTAURAÇÃO DE REGISTRO CIVIL (1682),ANA PAULA PEREIRA MARQUES VIEIRA
CÍVEL,BELÉM,TRIAGEM INTEGRADA,2026-02-26 12:19:44.198093-03:00,0824330-26.2026.8.14.0301,RETIFICAÇÃO OU SUPRIMENTO OU RESTAURAÇÃO DE REGISTRO CIVIL (1682),ANA PAULA PEREIRA MARQUES VIEIRA
CÍVEL,BELÉM,TRIAGEM INTEGRADA,2026-03-01 14:54:33.429428-03:00,0825308-03.2026.8.14.0301,ALVARÁ JUDICIAL - LEI 6858/80 (74),ANA PAULA PEREIRA MARQUES VIEIRA
CÍVEL,BELÉM,TRIAGEM INTEGRADA,2026-03-06 11:37:49.381143-03:00,0826916-36.2026.8.14.0301,RETIFICAÇÃO OU SUPRIMENTO OU RESTAURAÇÃO DE REGISTRO CIVIL (1682),ANA PAULA PEREIRA MARQUES VIEIRA
CÍVEL,BELÉM,TRIAGEM INTEGRADA,2026-03-13 11:33:10.130533-03:00,0829865-33.2026.8.14.0301,INTERDIÇÃO/CURATELA (58),ANA PAULA PEREIRA MARQUES VIEIRA
CÍVEL,BELÉM,TRIAGEM INTEGRADA,2026-03-19 08:12:49.858827-03:00,0832201-10.2026.8.14.0301,RETIFICAÇÃO OU SUPRIMENTO OU RESTAURAÇÃO DE REGISTRO CIVIL (1682),ANA PAULA PEREIRA MARQUES VIEIRA
CÍVEL,BELÉM,TRIAGEM INTEGRADA,2026-03-19 10:22:10.929101-03:00,0832213-24.2026.8.14.0301,RETIFICAÇÃO OU SUPRIMENTO OU RESTAURAÇÃO DE REGISTRO CIVIL (1682),ANA PAULA PEREIRA MARQUES VIEIRA
CÍVEL,BELÉM,TRIAGEM INTEGRADA,2026-03-19 10:49:36.864267-03:00,0832216-76.2026.8.14.0301,RETIFICAÇÃO OU SUPRIMENTO OU RESTAURAÇÃO DE REGISTRO CIVIL (1682),ANA PAULA PEREIRA MARQUES VIEIRA
CÍVEL,BELÉM,TRIAGEM INTEGRADA,2026-03-19 11:29:57.082868-03:00,0832223-68.2026.8.14.0301,RETIFICAÇÃO OU SUPRIMENTO OU RESTAURAÇÃO DE REGISTRO CIVIL (1682),ANA PAULA PEREIRA MARQUES VIEIRA
CÍVEL,BELÉM,TRIAGEM INTEGRADA,2026-03-20 11:48:44.632435-03:00,0832454-95.2026.8.14.0301,RETIFICAÇÃO OU SUPRIMENTO OU RESTAURAÇÃO DE REGISTRO CIVIL (1682),ANA PAULA PEREIRA MARQUES VIEIRA
CÍVEL,BELÉM,TRIAGEM INTEGRADA,2026-03-20 11:56:36.856607-03:00,0834213-94.2026.8.14.0301,RETIFICAÇÃO OU SUPRIMENTO OU RESTAURAÇÃO DE REGISTRO CIVIL (1682),ANA PAULA PEREIRA MARQUES VIEIRA
CÍVEL,BELÉM,TRIAGEM INTEGRADA,2026-03-22 19:20:59.062331-03:00,0834361-08.2026.8.14.0301,RETIFICAÇÃO OU SUPRIMENTO OU RESTAURAÇÃO DE REGISTRO CIVIL (1682),ANA PAULA PEREIRA MARQUES VIEIRA
CÍVEL,BELÉM,TRIAGEM INTEGRADA,2026-03-22 20:46:38.407754-03:00,0834387-06.2026.8.14.0301,RETIFICAÇÃO OU SUPRIMENTO OU RESTAURAÇÃO DE REGISTRO CIVIL (1682),ANA PAULA PEREIRA MARQUES VIEIRA
CÍVEL,BELÉM,TRIAGEM INTEGRADA,2026-03-22 21:04:26.981070-03:00,0834390-58.2026.8.14.0301,RETIFICAÇÃO OU SUPRIMENTO OU RESTAURAÇÃO DE REGISTRO CIVIL (1682),ANA PAULA PEREIRA MARQUES VIEIRA
CÍVEL,BELÉM,TRIAGEM INTEGRADA,2026-03-22 21:37:14.222143-03:00,0834392-28.2026.8.14.0301,ALVARÁ JUDICIAL - LEI 6858/80 (74),ANA PAULA PEREIRA MARQUES VIEIRA
CÍVEL,BELÉM,TRIAGEM INTEGRADA,2026-03-22 22:42:23.247800-03:00,0834396-65.2026.8.14.0301,RETIFICAÇÃO OU SUPRIMENTO OU RESTAURAÇÃO DE REGISTRO CIVIL (1682),ANA PAULA PEREIRA MARQUES VIEIRA
CÍVEL,BELÉM,TRIAGEM INTEGRADA,2026-03-22 23:03:58.540465-03:00,0834395-80.2026.8.14.0301,RETIFICAÇÃO OU SUPRIMENTO OU RESTAURAÇÃO DE REGISTRO CIVIL (1682),ANA PAULA PEREIRA MARQUES VIEIRA
CÍVEL,BELÉM,TRIAGEM INTEGRADA,2026-03-22 23:22:09.826790-03:00,0834397-50.2026.8.14.0301,RETIFICAÇÃO OU SUPRIMENTO OU RESTAURAÇÃO DE REGISTRO CIVIL (1682),ANA PAULA PEREIRA MARQUES VIEIRA
CÍVEL,BELÉM,TRIAGEM INTEGRADA,2026-03-23 00:08:11.467323-03:00,0834398-35.2026.8.14.0301,RETIFICAÇÃO OU SUPRIMENTO OU RESTAURAÇÃO DE REGISTRO CIVIL (1682),ANA PAULA PEREIRA MARQUES VIEIRA
CÍVEL,BELÉM,TRIAGEM INTEGRADA,2026-03-23 11:42:30.384837-03:00,0834399-20.2026.8.14.0301,RETIFICAÇÃO OU SUPRIMENTO OU RESTAURAÇÃO DE REGISTRO CIVIL (1682),ANA PAULA PEREIRA MARQUES VIEIRA
CÍVEL,BELÉM,TRIAGEM INTEGRADA,2026-03-24 13:24:06.995539-03:00,0834402-72.2026.8.14.0301,RETIFICAÇÃO OU SUPRIMENTO OU RESTAURAÇÃO DE REGISTRO CIVIL (1682),ANA PAULA PEREIRA MARQUES VIEIRA
CÍVEL,BELÉM,TRIAGEM INTEGRADA,2026-03-30 09:50:14.982217-03:00,0834401-87.2026.8.14.0301,RETIFICAÇÃO OU SUPRIMENTO OU RESTAURAÇÃO DE REGISTRO CIVIL (1682),ANA PAULA PEREIRA MARQUES VIEIRA
CÍVEL,BELÉM,TRIAGEM INTEGRADA,2026-04-04 17:45:52.486079-03:00,0838949-58.2026.8.14.0301,ALVARÁ JUDICIAL - LEI 6858/80 (74),ANA PAULA PEREIRA MARQUES VIEIRA
CÍVEL,BELÉM,TRIAGEM INTEGRADA,2026-04-04 18:06:16.393330-03:00,0838947-88.2026.8.14.0301,RETIFICAÇÃO OU SUPRIMENTO OU RESTAURAÇÃO DE REGISTRO CIVIL (1682),ANA PAULA PEREIRA MARQUES VIEIRA
CÍVEL,BELÉM,TRIAGEM INTEGRADA,2026-04-04 18:26:40.585050-03:00,0838948-73.2026.8.14.0301,RETIFICAÇÃO OU SUPRIMENTO OU RESTAURAÇÃO DE REGISTRO CIVIL (1682),ANA PAULA PEREIRA MARQUES VIEIRA
CÍVEL,BELÉM,TRIAGEM INTEGRADA,2026-04-07 13:39:50.068501-03:00,0840908-64.2026.8.14.0301,INTERDIÇÃO/CURATELA (58),ANA PAULA PEREIRA MARQUES VIEIRA
CÍVEL,BELÉM,TRIAGEM INTEGRADA,2026-04-08 14:19:16.225291-03:00,0840911-19.2026.8.14.0301,RETIFICAÇÃO OU SUPRIMENTO OU RESTAURAÇÃO DE REGISTRO CIVIL (1682),ANA PAULA PEREIRA MARQUES VIEIRA
CÍVEL,BELÉM,TRIAGEM INTEGRADA,2026-04-10 12:04:02.302645-03:00,0840929-40.2026.8.14.0301,INTERDIÇÃO/CURATELA (58),ANA PAULA PEREIRA MARQUES VIEIRA
CÍVEL,BELÉM,TRIAGEM INTEGRADA,2026-04-10 12:57:45.770151-03:00,0840864-45.2026.8.14.0301,ALVARÁ JUDICIAL - LEI 6858/80 (74),ANA PAULA PEREIRA MARQUES VIEIRA
CÍVEL,BELÉM,TRIAGEM INTEGRADA,2026-04-10 17:54:34.596471-03:00,0842116-83.2026.8.14.0301,INTERDIÇÃO/CURATELA (58),ANA PAULA PEREIRA MARQUES VIEIRA
CÍVEL,BELÉM,TRIAGEM INTEGRADA,2026-04-13 13:57:21.856579-03:00,0841888-11.2026.8.14.0301,RETIFICAÇÃO OU SUPRIMENTO OU RESTAURAÇÃO DE REGISTRO CIVIL (1682),ANA PAULA PEREIRA MARQUES VIEIRA
CÍVEL,BELÉM,TRIAGEM INTEGRADA,2026-04-14 09:57:24.566925-03:00,0842301-24.2026.8.14.0301,INTERDIÇÃO/CURATELA (58),ANA PAULA PEREIRA MARQUES VIEIRA
CÍVEL,BELÉM,TRIAGEM INTEGRADA,2026-04-14 11:00:39.718643-03:00,0849286-09.2026.8.14.0301,INTERDIÇÃO/CURATELA (58),ANA PAULA PEREIRA MARQUES VIEIRA
CÍVEL,BELÉM,TRIAGEM INTEGRADA,2026-04-14 11:33:57.055244-03:00,0844422-25.2026.8.14.0301,ALVARÁ JUDICIAL - LEI 6858/80 (74),ANA PAULA PEREIRA MARQUES VIEIRA
CÍVEL,BELÉM,TRIAGEM INTEGRADA,2026-04-14 11:58:28.623949-03:00,0844424-92.2026.8.14.0301,INTERDIÇÃO/CURATELA (58),ANA PAULA PEREIRA MARQUES VIEIRA
CÍVEL,BELÉM,TRIAGEM INTEGRADA,2026-04-14 13:14:13.069738-03:00,0844425-77.2026.8.14.0301,INTERDIÇÃO/CURATELA (58),ANA PAULA PEREIRA MARQUES VIEIRA
CÍVEL,BELÉM,TRIAGEM INTEGRADA,2026-04-14 13:45:32.856216-03:00,0844557-37.2026.8.14.0301,INTERDIÇÃO/CURATELA (58),ANA PAULA PEREIRA MARQUES VIEIRA
CÍVEL,BELÉM,TRIAGEM INTEGRADA,2026-04-14 14:13:03.888498-03:00,0844944-52.2026.8.14.0301,INTERDIÇÃO/CURATELA (58),ANA PAULA PEREIRA MARQUES VIEIRA
CÍVEL,BELÉM,TRIAGEM INTEGRADA,2026-04-14 19:40:50.950583-03:00,0844954-96.2026.8.14.0301,RETIFICAÇÃO OU SUPRIMENTO OU RESTAURAÇÃO DE REGISTRO CIVIL (1682),ANA PAULA PEREIRA MARQUES VIEIRA
CÍVEL,BELÉM,TRIAGEM INTEGRADA,2026-04-14 21:05:54.701339-03:00,0844981-79.2026.8.14.0301,RETIFICAÇÃO OU SUPRIMENTO OU RESTAURAÇÃO DE REGISTRO CIVIL (1682),ANA PAULA PEREIRA MARQUES VIEIRA
CÍVEL,BELÉM,TRIAGEM INTEGRADA,2026-04-15 08:42:33.708301-03:00,0844971-35.2026.8.14.0301,RETIFICAÇÃO OU SUPRIMENTO OU RESTAURAÇÃO DE REGISTRO CIVIL (1682),ANA PAULA PEREIRA MARQUES VIEIRA
CÍVEL,BELÉM,TRIAGEM INTEGRADA,2026-04-15 10:12:09.272655-03:00,0844973-05.2026.8.14.0301,RETIFICAÇÃO OU SUPRIMENTO OU RESTAURAÇÃO DE REGISTRO CIVIL (1682),ANA PAULA PEREIRA MARQUES VIEIRA
CÍVEL,BELÉM,TRIAGEM INTEGRADA,2026-04-15 10:27:15.264518-03:00,0842313-38.2026.8.14.0301,RETIFICAÇÃO OU SUPRIMENTO OU RESTAURAÇÃO DE REGISTRO CIVIL (1682),ANA PAULA PEREIRA MARQUES VIEIRA
CÍVEL,BELÉM,TRIAGEM INTEGRADA,2026-04-15 11:24:52.365537-03:00,0844980-94.2026.8.14.0301,RETIFICAÇÃO OU SUPRIMENTO OU RESTAURAÇÃO DE REGISTRO CIVIL (1682),ANA PAULA PEREIRA MARQUES VIEIRA
CÍVEL,BELÉM,TRIAGEM INTEGRADA,2026-04-15 20:43:21.083541-03:00,0844987-86.2026.8.14.0301,RETIFICAÇÃO OU SUPRIMENTO OU RESTAURAÇÃO DE REGISTRO CIVIL (1682),ANA PAULA PEREIRA MARQUES VIEIRA
CÍVEL,BELÉM,TRIAGEM INTEGRADA,2026-04-15 21:26:10.641256-03:00,0844997-33.2026.8.14.0301,ALVARÁ JUDICIAL - LEI 6858/80 (74),ANA PAULA PEREIRA MARQUES VIEIRA
CÍVEL,BELÉM,TRIAGEM INTEGRADA,2026-04-16 13:46:51.406374-03:00,0845004-25.2026.8.14.0301,INTERDIÇÃO/CURATELA (58),ANA PAULA PEREIRA MARQUES VIEIRA
CÍVEL,BELÉM,TRIAGEM INTEGRADA,2026-04-16 17:48:17.724259-03:00,0845001-70.2026.8.14.0301,RETIFICAÇÃO OU SUPRIMENTO OU RESTAURAÇÃO DE REGISTRO CIVIL (1682),ANA PAULA PEREIRA MARQUES VIEIRA
CÍVEL,BELÉM,TRIAGEM INTEGRADA,2026-04-24 08:51:15.134388-03:00,0845949-12.2026.8.14.0301,ALVARÁ JUDICIAL - LEI 6858/80 (74),ANA PAULA PEREIRA MARQUES VIEIRA
CÍVEL,BELÉM,TRIAGEM INTEGRADA,2026-04-24 10:31:22.789235-03:00,0845966-48.2026.8.14.0301,RETIFICAÇÃO OU SUPRIMENTO OU RESTAURAÇÃO DE REGISTRO CIVIL (1682),ANA PAULA PEREIRA MARQUES VIEIRA
CÍVEL,BELÉM,TRIAGEM INTEGRADA,2026-04-24 10:34:58.446716-03:00,0845972-55.2026.8.14.0301,RETIFICAÇÃO OU SUPRIMENTO OU RESTAURAÇÃO DE REGISTRO CIVIL (1682),ANA PAULA PEREIRA MARQUES VIEIRA
CÍVEL,BELÉM,TRIAGEM INTEGRADA,2026-04-24 12:25:18.145219-03:00,0845978-62.2026.8.14.0301,RETIFICAÇÃO OU SUPRIMENTO OU RESTAURAÇÃO DE REGISTRO CIVIL (1682),ANA PAULA PEREIRA MARQUES VIEIRA
CÍVEL,BELÉM,TRIAGEM INTEGRADA,2026-04-27 11:05:04.035311-03:00,0845996-83.2026.8.14.0301,INTERDIÇÃO/CURATELA (58),ANA PAULA PEREIRA MARQUES VIEIRA
CÍVEL,BELÉM,TRIAGEM INTEGRADA,2026-04-27 13:27:22.722013-03:00,0845989-91.2026.8.14.0301,ALVARÁ JUDICIAL - LEI 6858/80 (74),ANA PAULA PEREIRA MARQUES VIEIRA
CÍVEL,BELÉM,TRIAGEM INTEGRADA,2026-04-27 14:05:28.487560-03:00,0846005-45.2026.8.14.0301,RETIFICAÇÃO OU SUPRIMENTO OU RESTAURAÇÃO DE REGISTRO CIVIL (1682),ANA PAULA PEREIRA MARQUES VIEIRA
CÍVEL,BELÉM,TRIAGEM INTEGRADA,2026-04-27 14:32:47.027929-03:00,0846006-30.2026.8.14.0301,RETIFICAÇÃO OU SUPRIMENTO OU RESTAURAÇÃO DE REGISTRO CIVIL (1682),ANA PAULA PEREIRA MARQUES VIEIRA
CÍVEL,BELÉM,TRIAGEM INTEGRADA,2026-04-28 10:48:56.828207-03:00,0849287-91.2026.8.14.0301,RETIFICAÇÃO OU SUPRIMENTO OU RESTAURAÇÃO DE REGISTRO CIVIL (1682),ANA PAULA PEREIRA MARQUES VIEIRA
CÍVEL,BELÉM,TRIAGEM INTEGRADA,2026-04-28 12:31:40.323809-03:00,0851350-89.2026.8.14.0301,INTERDIÇÃO/CURATELA (58),ANA PAULA PEREIRA MARQUES VIEIRA
CÍVEL,BELÉM,TRIAGEM INTEGRADA,2026-04-28 13:06:20.572706-03:00,0851377-72.2026.8.14.0301,INTERDIÇÃO/CURATELA (58),ANA PAULA PEREIRA MARQUES VIEIRA
CÍVEL,BELÉM,TRIAGEM INTEGRADA,2026-04-28 14:10:52.192356-03:00,0849296-53.2026.8.14.0301,RETIFICAÇÃO OU SUPRIMENTO OU RESTAURAÇÃO DE REGISTRO CIVIL (1682),ANA PAULA PEREIRA MARQUES VIEIRA
CÍVEL,BELÉM,TRIAGEM INTEGRADA,2026-04-29 12:41:41.234486-03:00,0851376-87.2026.8.14.0301,INTERDIÇÃO/CURATELA (58),ANA PAULA PEREIRA MARQUES VIEIRA
CÍVEL,BELÉM,TRIAGEM INTEGRADA,2026-04-29 13:10:00.171149-03:00,0851381-12.2026.8.14.0301,INTERDIÇÃO/CURATELA (58),ANA PAULA PEREIRA MARQUES VIEIRA
CÍVEL,BELÉM,TRIAGEM INTEGRADA,2026-05-08 13:43:10.619277-03:00,0850533-25.2026.8.14.0301,INTERDIÇÃO/CURATELA (58),ANA PAULA PEREIRA MARQUES VIEIRA
CÍVEL,BELÉM,TRIAGEM INTEGRADA,2026-05-11 11:25:33.773789-03:00,0850538-47.2026.8.14.0301,RETIFICAÇÃO OU SUPRIMENTO OU RESTAURAÇÃO DE REGISTRO CIVIL (1682),ANA PAULA PEREIRA MARQUES VIEIRA
CÍVEL,BELÉM,TRIAGEM INTEGRADA,2026-05-11 11:51:33.046639-03:00,0850569-67.2026.8.14.0301,ALVARÁ JUDICIAL - LEI 6858/80 (74),ANA PAULA PEREIRA MARQUES VIEIRA
CÍVEL,BELÉM,TRIAGEM INTEGRADA,2026-05-11 12:55:30.388755-03:00,0858634-51.2026.8.14.0301,ALVARÁ JUDICIAL - LEI 6858/80 (74),ANA PAULA PEREIRA MARQUES VIEIRA
CÍVEL,BELÉM,TRIAGEM INTEGRADA,2026-05-12 09:57:12.597855-03:00,0850568-82.2026.8.14.0301,RETIFICAÇÃO OU SUPRIMENTO OU RESTAURAÇÃO DE REGISTRO CIVIL (1682),ANA PAULA PEREIRA MARQUES VIEIRA
CÍVEL,BELÉM,TRIAGEM INTEGRADA,2026-05-12 10:59:23.591547-03:00,0850567-97.2026.8.14.0301,INTERDIÇÃO/CURATELA (58),ANA PAULA PEREIRA MARQUES VIEIRA
CÍVEL,BELÉM,TRIAGEM INTEGRADA,2026-05-12 12:56:09.347190-03:00,0850562-75.2026.8.14.0301,RETIFICAÇÃO OU SUPRIMENTO OU RESTAURAÇÃO DE REGISTRO CIVIL (1682),ANA PAULA PEREIRA MARQUES VIEIRA
CÍVEL,BELÉM,TRIAGEM INTEGRADA,2026-05-12 13:54:41.142123-03:00,0850561-90.2026.8.14.0301,RETIFICAÇÃO OU SUPRIMENTO OU RESTAURAÇÃO DE REGISTRO CIVIL (1682),ANA PAULA PEREIRA MARQUES VIEIRA
CÍVEL,BELÉM,TRIAGEM INTEGRADA,2026-05-12 14:01:19.970684-03:00,0850560-08.2026.8.14.0301,ALVARÁ JUDICIAL - LEI 6858/80 (74),ANA PAULA PEREIRA MARQUES VIEIRA
CÍVEL,BELÉM,TRIAGEM INTEGRADA,2026-05-13 11:29:40.966579-03:00,0853075-16.2026.8.14.0301,RETIFICAÇÃO OU SUPRIMENTO OU RESTAURAÇÃO DE REGISTRO CIVIL (1682),ANA PAULA PEREIRA MARQUES VIEIRA
CÍVEL,BELÉM,TRIAGEM INTEGRADA,2026-05-14 12:09:17.205683-03:00,0853406-95.2026.8.14.0301,INTERDIÇÃO/CURATELA (58),ANA PAULA PEREIRA MARQUES VIEIRA
CÍVEL,BELÉM,TRIAGEM INTEGRADA,2026-05-18 11:43:57.249516-03:00,0858715-97.2026.8.14.0301,RETIFICAÇÃO OU SUPRIMENTO OU RESTAURAÇÃO DE REGISTRO CIVIL (1682),ANA PAULA PEREIRA MARQUES VIEIRA
CÍVEL,BELÉM,TRIAGEM INTEGRADA,2026-05-21 09:07:14.385683-03:00,0859161-03.2026.8.14.0301,INTERDIÇÃO/CURATELA (58),ANA PAULA PEREIRA MARQUES VIEIRA
CÍVEL,BELÉM,TRIAGEM INTEGRADA,2026-05-21 10:00:05.195981-03:00,0858750-57.2026.8.14.0301,RETIFICAÇÃO OU SUPRIMENTO OU RESTAURAÇÃO DE REGISTRO CIVIL (1682),ANA PAULA PEREIRA MARQUES VIEIRA
CÍVEL,BELÉM,TRIAGEM INTEGRADA,2026-05-21 10:54:15.294070-03:00,0858753-12.2026.8.14.0301,RETIFICAÇÃO OU SUPRIMENTO OU RESTAURAÇÃO DE REGISTRO CIVIL (1682),ANA PAULA PEREIRA MARQUES VIEIRA
CÍVEL,BELÉM,TRIAGEM INTEGRADA,2026-05-21 11:40:17.881892-03:00,0858788-69.2026.8.14.0301,INTERDIÇÃO/CURATELA (58),ANA PAULA PEREIRA MARQUES VIEIRA
CÍVEL,BELÉM,TRIAGEM INTEGRADA,2026-05-21 12:06:15.059387-03:00,0858791-24.2026.8.14.0301,INTERDIÇÃO/CURATELA (58),ANA PAULA PEREIRA MARQUES VIEIRA
CÍVEL,BELÉM,TRIAGEM INTEGRADA,2026-05-21 12:23:01.561487-03:00,0858792-09.2026.8.14.0301,ALVARÁ JUDICIAL - LEI 6858/80 (74),ANA PAULA PEREIRA MARQUES VIEIRA
CÍVEL,BELÉM,TRIAGEM INTEGRADA,2026-05-21 14:04:28.379155-03:00,0859787-22.2026.8.14.0301,RETIFICAÇÃO OU SUPRIMENTO OU RESTAURAÇÃO DE REGISTRO CIVIL (1682),ANA PAULA PEREIRA MARQUES VIEIRA
CÍVEL,BELÉM,TRIAGEM INTEGRADA,2026-05-26 12:12:27.955961-03:00,0859784-67.2026.8.14.0301,INTERDIÇÃO/CURATELA (58),ANA PAULA PEREIRA MARQUES VIEIRA
CÍVEL,BELÉM,TRIAGEM INTEGRADA,2026-05-26 12:59:44.659464-03:00,0859780-30.2026.8.14.0301,INTERDIÇÃO/CURATELA (58),ANA PAULA PEREIRA MARQUES VIEIRA
CÍVEL,BELÉM,TRIAGEM INTEGRADA,2026-05-26 13:54:51.991676-03:00,0859772-53.2026.8.14.0301,INTERDIÇÃO/CURATELA (58),ANA PAULA PEREIRA MARQUES VIEIRA
CÍVEL,BELÉM,TRIAGEM INTEGRADA,2026-05-27 08:47:54.081006-03:00,0861003-18.2026.8.14.0301,INTERDIÇÃO/CURATELA (58),ANA PAULA PEREIRA MARQUES VIEIRA
CÍVEL,BELÉM,TRIAGEM INTEGRADA,2026-05-27 09:43:28.251809-03:00,0859157-63.2026.8.14.0301,INTERDIÇÃO/CURATELA (58),ANA PAULA PEREIRA MARQUES VIEIRA
CÍVEL,BELÉM,TRIAGEM INTEGRADA,2026-06-01 14:17:40.008978-03:00,0858803-38.2026.8.14.0301,RETIFICAÇÃO OU SUPRIMENTO OU RESTAURAÇÃO DE REGISTRO CIVIL (1682),ANA PAULA PEREIRA MARQUES VIEIRA
CÍVEL,BELÉM,TRIAGEM INTEGRADA,2026-06-09 09:01:08.953807-03:00,0859794-14.2026.8.14.0301,ALVARÁ JUDICIAL - LEI 6858/80 (74),ANA PAULA PEREIRA MARQUES VIEIRA
CÍVEL,BELÉM,TRIAGEM INTEGRADA,2026-06-09 10:14:28.693226-03:00,0859792-44.2026.8.14.0301,RETIFICAÇÃO OU SUPRIMENTO OU RESTAURAÇÃO DE REGISTRO CIVIL (1682),ANA PAULA PEREIRA MARQUES VIEIRA
CÍVEL,BELÉM,TRIAGEM INTEGRADA,2026-06-09 10:17:29.124748-03:00,0859790-74.2026.8.14.0301,RETIFICAÇÃO OU SUPRIMENTO OU RESTAURAÇÃO DE REGISTRO CIVIL (1682),ANA PAULA PEREIRA MARQUES VIEIRA
CÍVEL,BELÉM,TRIAGEM INTEGRADA,2026-06-09 10:21:08.298856-03:00,0859791-59.2026.8.14.0301,RETIFICAÇÃO OU SUPRIMENTO OU RESTAURAÇÃO DE REGISTRO CIVIL (1682),ANA PAULA PEREIRA MARQUES VIEIRA
CÍVEL,BELÉM,TRIAGEM INTEGRADA,2026-06-09 10:57:28.593555-03:00,0859795-96.2026.8.14.0301,ALVARÁ JUDICIAL - LEI 6858/80 (74),ANA PAULA PEREIRA MARQUES VIEIRA
CÍVEL,BELÉM,TRIAGEM INTEGRADA,2026-06-09 12:25:53.221602-03:00,0859798-51.2026.8.14.0301,INTERDIÇÃO/CURATELA (58),ANA PAULA PEREIRA MARQUES VIEIRA
CÍVEL,BELÉM,TRIAGEM INTEGRADA,2026-06-10 10:10:14.668563-03:00,0859763-91.2026.8.14.0301,INTERDIÇÃO/CURATELA (58),ANA PAULA PEREIRA MARQUES VIEIRA
CÍVEL,BELÉM,TRIAGEM INTEGRADA,2026-06-16 09:39:52.858399-03:00,0862483-31.2026.8.14.0301,INTERDIÇÃO/CURATELA (58),ANA PAULA PEREIRA MARQUES VIEIRA
CÍVEL,BELÉM,TRIAGEM INTEGRADA,2026-06-22 12:52:57.130409-03:00,0863031-56.2026.8.14.0301,INTERDIÇÃO/CURATELA (58),ANA PAULA PEREIRA MARQUES VIEIRA
CÍVEL,BELÉM,TRIAGEM INTEGRADA,2026-06-22 13:18:32.264040-03:00,0863091-29.2026.8.14.0301,ALVARÁ JUDICIAL - LEI 6858/80 (74),ANA PAULA PEREIRA MARQUES VIEIRA
CÍVEL,BELÉM,TRIAGEM INTEGRADA,2026-06-23 12:09:32.065289-03:00,0863522-63.2026.8.14.0301,RETIFICAÇÃO OU SUPRIMENTO OU RESTAURAÇÃO DE REGISTRO CIVIL (1682),ANA PAULA PEREIRA MARQUES VIEIRA
CÍVEL,BELÉM,TRIAGEM INTEGRADA,2026-06-24 12:28:48.194043-03:00,0864339-30.2026.8.14.0301,ALVARÁ JUDICIAL - LEI 6858/80 (74),ANA PAULA PEREIRA MARQUES VIEIRA
CÍVEL,BELÉM,TRIAGEM INTEGRADA,2026-06-24 12:44:29.924360-03:00,0864302-03.2026.8.14.0301,INTERDIÇÃO/CURATELA (58),ANA PAULA PEREIRA MARQUES VIEIRA
CÍVEL,BELÉM,TRIAGEM INTEGRADA,2026-06-24 12:59:52.988336-03:00,0864348-89.2026.8.14.0301,RETIFICAÇÃO OU SUPRIMENTO OU RESTAURAÇÃO DE REGISTRO CIVIL (1682),ANA PAULA PEREIRA MARQUES VIEIRA
CÍVEL,BELÉM,TRIAGEM INTEGRADA,2026-06-25 10:32:15.649948-03:00,0864364-43.2026.8.14.0301,INTERDIÇÃO/CURATELA (58),ANA PAULA PEREIRA MARQUES VIEIRA
CÍVEL,BELÉM,TRIAGEM INTEGRADA,2026-06-25 11:09:15.333550-03:00,0864381-79.2026.8.14.0301,INTERDIÇÃO/CURATELA (58),ANA PAULA PEREIRA MARQUES VIEIRA
CÍVEL,BELÉM,TRIAGEM INTEGRADA,2026-06-25 13:30:19.532537-03:00,0864394-78.2026.8.14.0301,RETIFICAÇÃO OU SUPRIMENTO OU RESTAURAÇÃO DE REGISTRO CIVIL (1682),ANA PAULA PEREIRA MARQUES VIEIRA
CÍVEL,BELÉM,TRIAGEM INTEGRADA,2026-06-25 13:44:42.357763-03:00,0864407-77.2026.8.14.0301,RETIFICAÇÃO OU SUPRIMENTO OU RESTAURAÇÃO DE REGISTRO CIVIL (1682),ANA PAULA PEREIRA MARQUES VIEIRA
CÍVEL,BELÉM,TRIAGEM INTEGRADA,2026-06-27 00:35:51.640652-03:00,0864997-54.2026.8.14.0301,RETIFICAÇÃO OU SUPRIMENTO OU RESTAURAÇÃO DE REGISTRO CIVIL (1682),ANA PAULA PEREIRA MARQUES VIEIRA
CÍVEL,BELÉM,TRIAGEM INTEGRADA,2026-06-29 09:12:06.343830-03:00,0866038-56.2026.8.14.0301,INTERDIÇÃO/CURATELA (58),JOSE FLAVIO RIBEIRO MAUES
CÍVEL,BELÉM,TRIAGEM INTEGRADA,2026-06-29 10:05:07.235011-03:00,0865429-73.2026.8.14.0301,RETIFICAÇÃO OU SUPRIMENTO OU RESTAURAÇÃO DE REGISTRO CIVIL (1682),JOSE FLAVIO RIBEIRO MAUES
CÍVEL,BELÉM,TRIAGEM INTEGRADA,2026-07-01 10:58:38.406945-03:00,0866230-86.2026.8.14.0301,RETIFICAÇÃO OU SUPRIMENTO OU RESTAURAÇÃO DE REGISTRO CIVIL (1682),JOSE FLAVIO RIBEIRO MAUES
CÍVEL,BELÉM,TRIAGEM INTEGRADA,2026-07-01 11:50:18.900219-03:00,0866232-56.2026.8.14.0301,RETIFICAÇÃO OU SUPRIMENTO OU RESTAURAÇÃO DE REGISTRO CIVIL (1682),JOSE FLAVIO RIBEIRO MAUES
CÍVEL,BELÉM,TRIAGEM INTEGRADA,2026-07-01 12:34:33.672554-03:00,0866241-18.2026.8.14.0301,RETIFICAÇÃO OU SUPRIMENTO OU RESTAURAÇÃO DE REGISTRO CIVIL (1682),JOSE FLAVIO RIBEIRO MAUES
CÍVEL,BELÉM,TRIAGEM INTEGRADA,2026-07-02 12:36:09.002352-03:00,0866770-37.2026.8.14.0301,RETIFICAÇÃO OU SUPRIMENTO OU RESTAURAÇÃO DE REGISTRO CIVIL (1682),JOSE FLAVIO RIBEIRO MAUES
CÍVEL,BELÉM,TRIAGEM INTEGRADA,2026-07-02 12:49:31.329170-03:00,0866769-52.2026.8.14.0301,RETIFICAÇÃO OU SUPRIMENTO OU RESTAURAÇÃO DE REGISTRO CIVIL (1682),JOSE FLAVIO RIBEIRO MAUES
CÍVEL,BELÉM,TRIAGEM INTEGRADA,2026-07-06 09:49:10.285097-03:00,0869253-40.2026.8.14.0301,INTERDIÇÃO/CURATELA (58),JOSE FLAVIO RIBEIRO MAUES
CÍVEL,BELÉM,TRIAGEM INTEGRADA,2026-07-06 13:01:17.838482-03:00,0867876-34.2026.8.14.0301,RETIFICAÇÃO OU SUPRIMENTO OU RESTAURAÇÃO DE REGISTRO CIVIL (1682),JOSE FLAVIO RIBEIRO MAUES
CÍVEL,BELÉM,TRIAGEM INTEGRADA,2026-07-06 18:52:32.336971-03:00,0867877-19.2026.8.14.0301,RETIFICAÇÃO OU SUPRIMENTO OU RESTAURAÇÃO DE REGISTRO CIVIL (1682),JOSE FLAVIO RIBEIRO MAUES
CÍVEL,BELÉM,TRIAGEM INTEGRADA,2026-07-06 19:24:28.388794-03:00,0867874-64.2026.8.14.0301,RETIFICAÇÃO OU SUPRIMENTO OU RESTAURAÇÃO DE REGISTRO CIVIL (1682),JOSE FLAVIO RIBEIRO MAUES
CÍVEL,BELÉM,TRIAGEM INTEGRADA,2026-07-07 10:52:32.458405-03:00,0867875-49.2026.8.14.0301,INTERDIÇÃO/CURATELA (58),JOSE FLAVIO RIBEIRO MAUES
CÍVEL,BELÉM,TRIAGEM INTEGRADA,2026-07-08 10:49:00.288376-03:00,0869244-78.2026.8.14.0301,RETIFICAÇÃO OU SUPRIMENTO OU RESTAURAÇÃO DE REGISTRO CIVIL (1682),JOSE FLAVIO RIBEIRO MAUES
CÍVEL,BELÉM,TRIAGEM INTEGRADA,2026-07-08 13:12:28.542585-03:00,0869242-11.2026.8.14.0301,INTERDIÇÃO/CURATELA (58),JOSE FLAVIO RIBEIRO MAUES
CÍVEL,BELÉM,TRIAGEM INTEGRADA,2026-07-09 10:00:43.326263-03:00,0869243-93.2026.8.14.0301,RETIFICAÇÃO OU SUPRIMENTO OU RESTAURAÇÃO DE REGISTRO CIVIL (1682),JOSE FLAVIO RIBEIRO MAUES
CÍVEL,BELÉM,TRIAGEM INTEGRADA,2026-07-09 13:08:49.411222-03:00,0868894-90.2026.8.14.0301,RETIFICAÇÃO OU SUPRIMENTO OU RESTAURAÇÃO DE REGISTRO CIVIL (1682),JOSE FLAVIO RIBEIRO MAUES
CÍVEL,BELÉM,TRIAGEM INTEGRADA,2026-07-10 12:00:55.124431-03:00,0869250-85.2026.8.14.0301,INTERDIÇÃO/CURATELA (58),JOSE FLAVIO RIBEIRO MAUES
CÍVEL,BELÉM,TRIAGEM INTEGRADA,2026-07-13 09:06:55.527328-03:00,0869431-86.2026.8.14.0301,RETIFICAÇÃO OU SUPRIMENTO OU RESTAURAÇÃO DE REGISTRO CIVIL (1682),JOSE FLAVIO RIBEIRO MAUES
CÍVEL,BELÉM,TRIAGEM INTEGRADA,2026-07-14 11:57:15.465557-03:00,0869758-31.2026.8.14.0301,RETIFICAÇÃO OU SUPRIMENTO OU RESTAURAÇÃO DE REGISTRO CIVIL (1682),JOSE FLAVIO RIBEIRO MAUES
CÍVEL,BELÉM,TRIAGEM INTEGRADA,2026-07-14 12:45:06.665962-03:00,0869897-80.2026.8.14.0301,RETIFICAÇÃO OU SUPRIMENTO OU RESTAURAÇÃO DE REGISTRO CIVIL (1682),JOSE FLAVIO RIBEIRO MAUES
CÍVEL,BELÉM,TRIAGEM INTEGRADA,2026-07-17 09:59:45.179599-03:00,0871261-87.2026.8.14.0301,RETIFICAÇÃO OU SUPRIMENTO OU RESTAURAÇÃO DE REGISTRO CIVIL (1682),ANA PAULA PEREIRA MARQUES VIEIRA
CÍVEL,BELÉM,TRIAGEM INTEGRADA,2026-07-23 10:41:44.421096-03:00,0873185-36.2026.8.14.0301,ALVARÁ JUDICIAL - LEI 6858/80 (74),ANA PAULA PEREIRA MARQUES VIEIRA
CÍVEL,BELÉM,TRIAGEM INTEGRADA,2026-07-27 09:09:37.068420-03:00,0873230-40.2026.8.14.0301,INTERDIÇÃO/CURATELA (58),ANA PAULA PEREIRA MARQUES VIEIRA
CÍVEL,BELÉM,TRIAGEM INTEGRADA,2026-07-27 10:53:08.483248-03:00,0873243-39.2026.8.14.0301,INTERDIÇÃO/CURATELA (58),ANA PAULA PEREIRA MARQUES VIEIRA
CÍVEL,BELÉM,TRIAGEM INTEGRADA,2026-07-27 15:02:45.259400-03:00,0873256-38.2026.8.14.0301,ALVARÁ JUDICIAL - LEI 6858/80 (74),ANA PAULA PEREIRA MARQUES VIEIRA
CÍVEL,BELÉM,TRIAGEM INTEGRADA,2026-07-29 09:45:58.048598-03:00,0873924-09.2026.8.14.0301,ALVARÁ JUDICIAL - LEI 6858/80 (74),ANA PAULA PEREIRA MARQUES VIEIRA
CÍVEL,BELÉM,TRIAGEM INTEGRADA,2026-07-29 13:26:57.234947-03:00,0874985-02.2026.8.14.0301,RETIFICAÇÃO OU SUPRIMENTO OU RESTAURAÇÃO DE REGISTRO CIVIL (1682),ANA PAULA PEREIRA MARQUES VIEIRA
CÍVEL,BELÉM,TRIAGEM INTEGRADA,2026-07-31 16:26:14.194831-03:00,0817944-89.2026.8.14.0006,RETIFICAÇÃO OU SUPRIMENTO OU RESTAURAÇÃO DE REGISTRO CIVIL (1682),ANA PAULA PEREIRA MARQUES VIEIRA
CÍVEL,BELÉM,TRIAGEM INTEGRADA,2026-07-31 16:51:24.908157-03:00,0875025-81.2026.8.14.0301,ALVARÁ JUDICIAL - LEI 6858/80 (74),ANA PAULA PEREIRA MARQUES VIEIRA
CÍVEL,BELÉM,TRIAGEM INTEGRADA,2026-08-01 17:36:47.843081-03:00,0875142-72.2026.8.14.0301,INTERDIÇÃO/CURATELA (58),ANA PAULA PEREIRA MARQUES VIEIRA
CÍVEL,BELÉM,TRIAGEM INTEGRADA,2026-08-03 10:39:37.915613-03:00,0875152-19.2026.8.14.0301,RETIFICAÇÃO OU SUPRIMENTO OU RESTAURAÇÃO DE REGISTRO CIVIL (1682),ANA PAULA PEREIRA MARQUES VIEIRA
CÍVEL,BELÉM,TRIAGEM INTEGRADA,2026-08-03 11:35:42.033813-03:00,0875155-71.2026.8.14.0301,ALVARÁ JUDICIAL - LEI 6858/80 (74),ANA PAULA PEREIRA MARQUES VIEIRA
CÍVEL,BELÉM,TRIAGEM INTEGRADA,2026-08-03 14:19:17.218888-03:00,0875911-80.2026.8.14.0301,RETIFICAÇÃO OU SUPRIMENTO OU RESTAURAÇÃO DE REGISTRO CIVIL (1682),ANA PAULA PEREIRA MARQUES VIEIRA
CÍVEL,BELÉM,TRIAGEM INTEGRADA,2026-08-03 15:37:13.008771-03:00,0875955-02.2026.8.14.0301,INTERDIÇÃO/CURATELA (58),ANA PAULA PEREIRA MARQUES VIEIRA
CÍVEL,BELÉM,TRIAGEM INTEGRADA,2026-08-04 11:13:33.402414-03:00,0875971-53.2026.8.14.0301,INTERDIÇÃO/CURATELA (58),ANA PAULA PEREIRA MARQUES VIEIRA
CÍVEL,BELÉM,TRIAGEM INTEGRADA,2026-08-04 11:34:44.372036-03:00,0875972-38.2026.8.14.0301,INTERDIÇÃO/CURATELA (58),ANA PAULA PEREIRA MARQUES VIEIRA
CÍVEL,BELÉM,TRIAGEM INTEGRADA,2026-08-04 13:11:08.866460-03:00,0875978-45.2026.8.14.0301,INTERDIÇÃO/CURATELA (58),ANA PAULA PEREIRA MARQUES VIEIRA
CÍVEL,BELÉM,TRIAGEM INTEGRADA,2026-08-05 11:15:43.837126-03:00,0875917-87.2026.8.14.0301,RETIFICAÇÃO OU SUPRIMENTO OU RESTAURAÇÃO DE REGISTRO CIVIL (1682),ANA PAULA PEREIRA MARQUES VIEIRA
CÍVEL,BELÉM,TRIAGEM INTEGRADA,2026-08-05 13:39:49.631850-03:00,0875933-41.2026.8.14.0301,RETIFICAÇÃO OU SUPRIMENTO OU RESTAURAÇÃO DE REGISTRO CIVIL (1682),ANA PAULA PEREIRA MARQUES VIEIRA
CÍVEL,BELÉM,TRIAGEM INTEGRADA,2026-08-06 10:43:41.253150-03:00,0876251-24.2026.8.14.0301,RETIFICAÇÃO OU SUPRIMENTO OU RESTAURAÇÃO DE REGISTRO CIVIL (1682),ANA PAULA PEREIRA MARQUES VIEIRA
CÍVEL,BELÉM,TRIAGEM INTEGRADA,2026-08-06 13:06:43.852106-03:00,0876244-32.2026.8.14.0301,INTERDIÇÃO/CURATELA (58),ANA PAULA PEREIRA MARQUES VIEIRA
CÍVEL,BELÉM,TRIAGEM INTEGRADA,2026-08-06 13:16:16.365318-03:00,0877164-06.2026.8.14.0301,RETIFICAÇÃO OU SUPRIMENTO OU RESTAURAÇÃO DE REGISTRO CIVIL (1682),ANA PAULA PEREIRA MARQUES VIEIRA
CÍVEL,BELÉM,TRIAGEM INTEGRADA,2026-08-11 12:38:09.274884-03:00,0818770-18.2026.8.14.0006,RETIFICAÇÃO OU SUPRIMENTO OU RESTAURAÇÃO DE REGISTRO CIVIL (1682),ANA PAULA PEREIRA MARQUES VIEIRA
CÍVEL,BELÉM,TRIAGEM INTEGRADA,2026-08-11 13:56:50.239678-03:00,0877590-18.2026.8.14.0301,RETIFICAÇÃO OU SUPRIMENTO OU RESTAURAÇÃO DE REGISTRO CIVIL (1682),ANA PAULA PEREIRA MARQUES VIEIRA
CÍVEL,BELÉM,TRIAGEM INTEGRADA,2026-08-12 15:04:34.827243-03:00,0879252-17.2026.8.14.0301,ALVARÁ JUDICIAL - LEI 6858/80 (74),ANA PAULA PEREIRA MARQUES VIEIRA
CÍVEL,BELÉM,TRIAGEM INTEGRADA,2026-08-12 16:38:37.566962-03:00,0879265-16.2026.8.14.0301,INTERDIÇÃO/CURATELA (58),ANA PAULA PEREIRA MARQUES VIEIRA
CÍVEL,BELÉM,TRIAGEM INTEGRADA,2026-08-12 17:40:11.116980-03:00,0879271-23.2026.8.14.0301,RETIFICAÇÃO OU SUPRIMENTO OU RESTAURAÇÃO DE REGISTRO CIVIL (1682),ANA PAULA PEREIRA MARQUES VIEIRA
CÍVEL,BELÉM,TRIAGEM INTEGRADA,2026-08-12 19:03:49.802146-03:00,0819303-74.2026.8.14.0006,RETIFICAÇÃO OU SUPRIMENTO OU RESTAURAÇÃO DE REGISTRO CIVIL (1682),ANA PAULA PEREIRA MARQUES VIEIRA
CÍVEL,BELÉM,TRIAGEM INTEGRADA,2026-08-12 19:43:23.840948-03:00,0879781-36.2026.8.14.0301,RETIFICAÇÃO OU SUPRIMENTO OU RESTAURAÇÃO DE REGISTRO CIVIL (1682),ANA PAULA PEREIRA MARQUES VIEIRA
CÍVEL,BELÉM,TRIAGEM INTEGRADA,2026-08-13 18:05:06.646556-03:00,0879786-58.2026.8.14.0301,ALVARÁ JUDICIAL - LEI 6858/80 (74),ANA PAULA PEREIRA MARQUES VIEIRA
CÍVEL,BELÉM,TRIAGEM INTEGRADA,2026-08-13 22:04:14.983810-03:00,0879808-19.2026.8.14.0301,INTERDIÇÃO/CURATELA (58),ANA PAULA PEREIRA MARQUES VIEIRA
CÍVEL,BELÉM,TRIAGEM INTEGRADA,2026-08-14 11:17:51.482774-03:00,0879824-70.2026.8.14.0301,RETIFICAÇÃO OU SUPRIMENTO OU RESTAURAÇÃO DE REGISTRO CIVIL (1682),ANA PAULA PEREIRA MARQUES VIEIRA
CÍVEL,BELÉM,TRIAGEM INTEGRADA,2026-08-14 13:19:40.181234-03:00,0879835-02.2026.8.14.0301,INTERDIÇÃO/CURATELA (58),ANA PAULA PEREIRA MARQUES VIEIRA
CÍVEL,BELÉM,TRIAGEM INTEGRADA,2026-08-14 13:40:33.990425-03:00,0879871-44.2026.8.14.0301,RETIFICAÇÃO OU SUPRIMENTO OU RESTAURAÇÃO DE REGISTRO CIVIL (1682),ANA PAULA PEREIRA MARQUES VIEIRA
CÍVEL,BELÉM,TRIAGEM INTEGRADA,2026-08-14 14:03:42.923942-03:00,0879880-06.2026.8.14.0301,RETIFICAÇÃO OU SUPRIMENTO OU RESTAURAÇÃO DE REGISTRO CIVIL (1682),ANA PAULA PEREIRA MARQUES VIEIRA
CÍVEL,BELÉM,TRIAGEM INTEGRADA,2026-08-14 14:24:54.545306-03:00,0879890-50.2026.8.14.0301,ALVARÁ JUDICIAL - LEI 6858/80 (74),ANA PAULA PEREIRA MARQUES VIEIRA
CÍVEL,BELÉM,TRIAGEM INTEGRADA,2026-08-17 11:13:19.711632-03:00,0886637-16.2026.8.14.0301,ALVARÁ JUDICIAL - LEI 6858/80 (74),ANA PAULA PEREIRA MARQUES VIEIRA
CÍVEL,BELÉM,TRIAGEM INTEGRADA,2026-08-18 13:15:09.984610-03:00,0879917-33.2026.8.14.0301,RETIFICAÇÃO OU SUPRIMENTO OU RESTAURAÇÃO DE REGISTRO CIVIL (1682),ANA PAULA PEREIRA MARQUES VIEIRA
CÍVEL,BELÉM,TRIAGEM INTEGRADA,2026-08-19 09:30:58.764870-03:00,0880972-19.2026.8.14.0301,INTERDIÇÃO/CURATELA (58),ANA PAULA PEREIRA MARQUES VIEIRA
CÍVEL,BELÉM,TRIAGEM INTEGRADA,2026-08-19 11:11:58.521053-03:00,0880981-78.2026.8.14.0301,INTERDIÇÃO/CURATELA (58),ANA PAULA PEREIRA MARQUES VIEIRA
CÍVEL,BELÉM,TRIAGEM INTEGRADA,2026-08-19 11:58:43.203315-03:00,0880987-85.2026.8.14.0301,ALVARÁ JUDICIAL - LEI 6858/80 (74),ANA PAULA PEREIRA MARQUES VIEIRA
CÍVEL,BELÉM,TRIAGEM INTEGRADA,2026-08-19 13:57:19.163889-03:00,0880992-10.2026.8.14.0301,ALVARÁ JUDICIAL - LEI 6858/80 (74),ANA PAULA PEREIRA MARQUES VIEIRA
CÍVEL,BELÉM,TRIAGEM INTEGRADA,2026-08-21 11:56:54.037764-03:00,0881359-34.2026.8.14.0301,ALVARÁ JUDICIAL - LEI 6858/80 (74),ANA PAULA PEREIRA MARQUES VIEIRA
CÍVEL,BELÉM,TRIAGEM INTEGRADA,2026-08-21 14:13:46.445055-03:00,0881361-04.2026.8.14.0301,RETIFICAÇÃO OU SUPRIMENTO OU RESTAURAÇÃO DE REGISTRO CIVIL (1682),ANA PAULA PEREIRA MARQUES VIEIRA
CÍVEL,BELÉM,TRIAGEM INTEGRADA,2026-08-23 12:37:50.577856-03:00,0884596-76.2026.8.14.0301,RETIFICAÇÃO OU SUPRIMENTO OU RESTAURAÇÃO DE REGISTRO CIVIL (1682),ANA PAULA PEREIRA MARQUES VIEIRA
CÍVEL,BELÉM,TRIAGEM INTEGRADA,2026-08-24 13:46:37.793873-03:00,0885083-46.2026.8.14.0301,RETIFICAÇÃO OU SUPRIMENTO OU RESTAURAÇÃO DE REGISTRO CIVIL (1682),ANA PAULA PEREIRA MARQUES VIEIRA
CÍVEL,BELÉM,TRIAGEM INTEGRADA,2026-08-25 13:11:10.494515-03:00,0884616-67.2026.8.14.0301,RETIFICAÇÃO OU SUPRIMENTO OU RESTAURAÇÃO DE REGISTRO CIVIL (1682),ANA PAULA PEREIRA MARQUES VIEIRA
CÍVEL,BELÉM,TRIAGEM INTEGRADA,2026-08-26 10:37:50.197499-03:00,0884622-74.2026.8.14.0301,RETIFICAÇÃO OU SUPRIMENTO OU RESTAURAÇÃO DE REGISTRO CIVIL (1682),ANA PAULA PEREIRA MARQUES VIEIRA
CÍVEL,BELÉM,TRIAGEM INTEGRADA,2026-08-26 11:28:41.155874-03:00,0884636-58.2026.8.14.0301,INTERDIÇÃO/CURATELA (58),ANA PAULA PEREIRA MARQUES VIEIRA
CÍVEL,BELÉM,TRIAGEM INTEGRADA,2026-08-27 10:38:37.867995-03:00,0883883-04.2026.8.14.0301,RETIFICAÇÃO OU SUPRIMENTO OU RESTAURAÇÃO DE REGISTRO CIVIL (1682),ANA PAULA PEREIRA MARQUES VIEIRA
CÍVEL,BELÉM,TRIAGEM INTEGRADA,2026-08-31 12:49:45.993302-03:00,0884660-86.2026.8.14.0301,INTERDIÇÃO/CURATELA (58),ANA PAULA PEREIRA MARQUES VIEIRA
CÍVEL,BELÉM,TRIAGEM INTEGRADA,2026-09-01 10:32:03.366585-03:00,0885094-75.2026.8.14.0301,RETIFICAÇÃO OU SUPRIMENTO OU RESTAURAÇÃO DE REGISTRO CIVIL (1682),ANA PAULA PEREIRA MARQUES VIEIRA
CÍVEL,BELÉM,TRIAGEM INTEGRADA,2026-09-02 11:30:40.120263-03:00,0886657-07.2026.8.14.0301,INTERDIÇÃO/CURATELA (58),ANA PAULA PEREIRA MARQUES VIEIRA
CÍVEL,BELÉM,TRIAGEM INTEGRADA,2026-09-04 09:50:52.129445-03:00,0886683-05.2026.8.14.0301,INTERDIÇÃO/CURATELA (58),ANA PAULA PEREIRA MARQUES VIEIRA
CÍVEL,BELÉM,TRIAGEM INTEGRADA,2026-09-08 11:43:59.403764-03:00,0888257-63.2026.8.14.0301,RETIFICAÇÃO OU SUPRIMENTO OU RESTAURAÇÃO DE REGISTRO CIVIL (1682),ANA PAULA PEREIRA MARQUES VIEIRA
CÍVEL,BELÉM,TRIAGEM INTEGRADA,2026-09-09 13:24:35.049916-03:00,0888274-02.2026.8.14.0301,ALVARÁ JUDICIAL - LEI 6858/80 (74),ANA PAULA PEREIRA MARQUES VIEIRA
CÍVEL,BELÉM,TRIAGEM INTEGRADA,2026-09-14 09:52:48.984822-03:00,0889691-87.2026.8.14.0301,RETIFICAÇÃO OU SUPRIMENTO OU RESTAURAÇÃO DE REGISTRO CIVIL (1682),ANA PAULA PEREIRA MARQUES VIEIRA
CÍVEL,BELÉM,TRIAGEM INTEGRADA,2026-09-16 09:25:30.990024-03:00,0890172-50.2026.8.14.0301,ALVARÁ JUDICIAL - LEI 6858/80 (74),ANA PAULA PEREIRA MARQUES VIEIRA
CÍVEL,BELÉM,TRIAGEM INTEGRADA,2026-09-16 11:25:43.027276-03:00,0890173-35.2026.8.14.0301,ALVARÁ JUDICIAL - LEI 6858/80 (74),ANA PAULA PEREIRA MARQUES VIEIRA
CÍVEL,BELÉM,TRIAGEM INTEGRADA,2026-09-17 10:11:57.287583-03:00,0890761-42.2026.8.14.0301,RETIFICAÇÃO OU SUPRIMENTO OU RESTAURAÇÃO DE REGISTRO CIVIL (1682),JOSE FLAVIO RIBEIRO MAUES
CÍVEL,BELÉM,TRIAGEM INTEGRADA,2026-09-17 13:40:05.553302-03:00,0891300-08.2026.8.14.0301,ALVARÁ JUDICIAL - LEI 6858/80 (74),ANA PAULA PEREIRA MARQUES VIEIRA
CÍVEL,BELÉM,UNAMA - ALCINDO CACELA,2026-08-08 09:24:56.126161-03:00,0876792-57.2026.8.14.0301,DIVÓRCIO CONSENSUAL (12372),PAULA CUNHA DA SILVA DENADAI
CÍVEL,BELÉM,UNAMA - ALCINDO CACELA,2026-08-08 09:58:21.350452-03:00,0876798-64.2026.8.14.0301,ALIMENTOS - LEI ESPECIAL Nº 5.478/68 (69),PAULA CUNHA DA SILVA DENADAI
CÍVEL,BELÉM,UNAMA - ALCINDO CACELA,2026-08-08 10:08:48.800506-03:00,0876801-19.2026.8.14.0301,DIVÓRCIO CONSENSUAL (12372),PAULA CUNHA DA SILVA DENADAI
CÍVEL,BELÉM,UNAMA - ALCINDO CACELA,2026-08-08 10:28:58.523164-03:00,0876805-56.2026.8.14.0301,DIVÓRCIO CONSENSUAL (12372),PAULA CUNHA DA SILVA DENADAI
CÍVEL,BELÉM,UNAMA - ALCINDO CACELA,2026-08-08 10:40:05.534878-03:00,0876809-93.2026.8.14.0301,DIVÓRCIO CONSENSUAL (12372),PAULA CUNHA DA SILVA DENADAI
CÍVEL,BELÉM,UNAMA - ALCINDO CACELA,2026-08-08 10:55:15.779147-03:00,0876811-63.2026.8.14.0301,DIVÓRCIO CONSENSUAL (12372),PAULA CUNHA DA SILVA DENADAI
CÍVEL,BELÉM,UNAMA - ALCINDO CACELA,2026-08-08 11:33:44.871102-03:00,0876821-10.2026.8.14.0301,DIVÓRCIO CONSENSUAL (12372),PAULA CUNHA DA SILVA DENADAI
CÍVEL,BELÉM,UNAMA - ALCINDO CACELA,2026-08-08 12:35:25.636962-03:00,0876841-98.2026.8.14.0301,DIVÓRCIO LITIGIOSO (12541),PAULA CUNHA DA SILVA DENADAI
CÍVEL,BELÉM,UNAMA - ALCINDO CACELA,2026-08-08 12:51:24.537462-03:00,0876846-23.2026.8.14.0301,DIVÓRCIO LITIGIOSO (12541),PAULA CUNHA DA SILVA DENADAI
CÍVEL,BELÉM,UNAMA - ALCINDO CACELA,2026-08-08 13:18:43.510074-03:00,0876854-97.2026.8.14.0301,DIVÓRCIO LITIGIOSO (12541),PAULA CUNHA DA SILVA DENADAI
CÍVEL,BELÉM,UNAMA - ALCINDO CACELA,2026-08-08 13:24:07.792465-03:00,0876856-67.2026.8.14.0301,DIVÓRCIO CONSENSUAL (12372),PAULA CUNHA DA SILVA DENADAI
CRIMINAL,BELÉM,1ª  DEFENSORIA PUBLICA DE ENFRENTAMENTO A VIOLENCIA DE GENERO,2026-02-03 11:33:14.350065-03:00,0802466-20.2026.8.14.0401,MEDIDAS PROTETIVAS DE URGÊNCIA (LEI MARIA DA PENHA) CRIMINAL (1268),DAIANE LIMA DOS SANTOS
CRIMINAL,BELÉM,1ª  DEFENSORIA PUBLICA DE ENFRENTAMENTO A VIOLENCIA DE GENERO,2026-04-01 10:44:38.481216-03:00,0806094-17.2026.8.14.0401,"CRIMES DE CALÚNIA, INJÚRIA E DIFAMAÇÃO DE COMPETÊNCIA DO JUIZ SINGULAR (288)",DAIANE LIMA DOS SANTOS
CRIMINAL,BELÉM,1ª  DEFENSORIA PUBLICA DE ENFRENTAMENTO A VIOLENCIA DE GENERO,2026-05-28 12:14:05.745497-03:00,0810596-96.2026.8.14.0401,"CRIMES DE CALÚNIA, INJÚRIA E DIFAMAÇÃO DE COMPETÊNCIA DO JUIZ SINGULAR (288)",FLORIANO BARBOSA JUNIOR
CRIMINAL,BELÉM,1ª  DEFENSORIA PUBLICA DE ENFRENTAMENTO A VIOLENCIA DE GENERO,2026-07-03 10:45:53.367738-03:00,0812743-95.2026.8.14.0401,MEDIDAS PROTETIVAS DE URGÊNCIA (LEI MARIA DA PENHA) CRIMINAL (1268),DAIANE LIMA DOS SANTOS
CRIMINAL,BELÉM,1ª  DEFENSORIA PUBLICA DE ENFRENTAMENTO A VIOLENCIA DE GENERO,2026-07-07 12:30:42.619536-03:00,0813584-90.2026.8.14.0401,MEDIDAS PROTETIVAS DE URGÊNCIA (LEI MARIA DA PENHA) CRIMINAL (1268),DAIANE LIMA DOS SANTOS
CRIMINAL,BELÉM,1ª  DEFENSORIA PUBLICA DE ENFRENTAMENTO A VIOLENCIA DE GENERO,2026-07-07 13:43:34.569013-03:00,0816383-30.2026.8.14.0006,MEDIDAS PROTETIVAS DE URGÊNCIA (LEI MARIA DA PENHA) CRIMINAL (1268),DAIANE LIMA DOS SANTOS
CRIMINAL,BELÉM,1ª  DEFENSORIA PUBLICA DE ENFRENTAMENTO A VIOLENCIA DE GENERO,2026-09-10 12:55:09.885049-03:00,0818044-23.2026.8.14.0401,MEDIDAS PROTETIVAS DE URGÊNCIA (LEI MARIA DA PENHA) CRIMINAL (1268),DAIANE LIMA DOS SANTOS
CRIMINAL,BELÉM,1ª  DEFENSORIA PUBLICA DE ENFRENTAMENTO A VIOLENCIA DE GENERO,2026-09-18 10:57:21.071931-03:00,0818963-12.2026.8.14.0401,"CRIMES DE CALÚNIA, INJÚRIA E DIFAMAÇÃO DE COMPETÊNCIA DO JUIZ SINGULAR (288)",DAIANE LIMA DOS SANTOS
CRIMINAL,BELÉM,2ª  DEFENSORIA PUBLICA DE ENFRENTAMENTO A VIOLENCIA DE GENERO,2026-01-26 10:26:51.801109-03:00,0801530-92.2026.8.14.0401,MEDIDAS PROTETIVAS DE URGÊNCIA (LEI MARIA DA PENHA) CRIMINAL (1268),FLORIANO BARBOSA JUNIOR
CRIMINAL,BELÉM,2ª  DEFENSORIA PUBLICA DE ENFRENTAMENTO A VIOLENCIA DE GENERO,2026-02-10 15:01:04.201172-03:00,0802414-24.2026.8.14.0401,MEDIDAS PROTETIVAS DE URGÊNCIA (LEI MARIA DA PENHA) CRIMINAL (1268),ANNALU MARINHO FERREIRA
CRIMINAL,BELÉM,2ª  DEFENSORIA PUBLICA DE ENFRENTAMENTO A VIOLENCIA DE GENERO,2026-03-09 11:50:09.908476-03:00,0803992-22.2026.8.14.0401,"CRIMES DE CALÚNIA, INJÚRIA E DIFAMAÇÃO DE COMPETÊNCIA DO JUIZ SINGULAR (288)",FLORIANO BARBOSA JUNIOR
CRIMINAL,BELÉM,2ª  DEFENSORIA PUBLICA DE ENFRENTAMENTO A VIOLENCIA DE GENERO,2026-04-14 12:03:51.176509-03:00,0806772-32.2026.8.14.0401,"CRIMES DE CALÚNIA, INJÚRIA E DIFAMAÇÃO DE COMPETÊNCIA DO JUIZ SINGULAR (288)",FLORIANO BARBOSA JUNIOR
CRIMINAL,BELÉM,2ª  DEFENSORIA PUBLICA DE ENFRENTAMENTO A VIOLENCIA DE GENERO,2026-04-28 08:43:19.069166-03:00,0807858-38.2026.8.14.0401,"CRIMES DE CALÚNIA, INJÚRIA E DIFAMAÇÃO DE COMPETÊNCIA DO JUIZ SINGULAR (288)",FLORIANO BARBOSA JUNIOR
CRIMINAL,BELÉM,2ª  DEFENSORIA PUBLICA DE ENFRENTAMENTO A VIOLENCIA DE GENERO,2026-04-28 10:13:49.100747-03:00,0807860-08.2026.8.14.0401,"CRIMES DE CALÚNIA, INJÚRIA E DIFAMAÇÃO DE COMPETÊNCIA DO JUIZ SINGULAR (288)",FLORIANO BARBOSA JUNIOR
CRIMINAL,BELÉM,2ª  DEFENSORIA PUBLICA DE ENFRENTAMENTO A VIOLENCIA DE GENERO,2026-06-15 14:31:11.928360-03:00,0811468-14.2026.8.14.0401,"CRIMES DE CALÚNIA, INJÚRIA E DIFAMAÇÃO DE COMPETÊNCIA DO JUIZ SINGULAR (288)",FLORIANO BARBOSA JUNIOR
CRIMINAL,BELÉM,2ª  DEFENSORIA PUBLICA DE ENFRENTAMENTO A VIOLENCIA DE GENERO,2026-06-16 09:28:55.083672-03:00,0811470-81.2026.8.14.0401,PETIÇÃO CRIMINAL (1727),FLORIANO BARBOSA JUNIOR
CRIMINAL,BELÉM,2ª  DEFENSORIA PUBLICA DE ENFRENTAMENTO A VIOLENCIA DE GENERO,2026-06-17 10:33:15.358348-03:00,0811758-29.2026.8.14.0401,"CRIMES DE CALÚNIA, INJÚRIA E DIFAMAÇÃO DE COMPETÊNCIA DO JUIZ SINGULAR (288)",FLORIANO BARBOSA JUNIOR
CRIMINAL,BELÉM,2ª  DEFENSORIA PUBLICA DE ENFRENTAMENTO A VIOLENCIA DE GENERO,2026-07-07 12:56:32.285443-03:00,0813093-83.2026.8.14.0401,MEDIDAS PROTETIVAS DE URGÊNCIA (LEI MARIA DA PENHA) CRIMINAL (1268),ANNALU MARINHO FERREIRA
CRIMINAL,BELÉM,2ª  DEFENSORIA PUBLICA DE ENFRENTAMENTO A VIOLENCIA DE GENERO,2026-08-21 16:06:56.881326-03:00,0816425-58.2026.8.14.0401,MEDIDAS PROTETIVAS DE URGÊNCIA (LEI MARIA DA PENHA) CRIMINAL (1268),FLORIANO BARBOSA JUNIOR
CRIMINAL,BELÉM,2ª  DEFENSORIA PUBLICA DE ENFRENTAMENTO A VIOLENCIA DE GENERO,2026-08-28 14:26:06.124978-03:00,0817082-97.2026.8.14.0401,"CRIMES DE CALÚNIA, INJÚRIA E DIFAMAÇÃO DE COMPETÊNCIA DO JUIZ SINGULAR (288)",FLORIANO BARBOSA JUNIOR
CRIMINAL,BELÉM,2ª  DEFENSORIA PUBLICA DE ENFRENTAMENTO A VIOLENCIA DE GENERO,2026-09-18 12:18:37.002317-03:00,0818814-16.2026.8.14.0401,"CRIMES DE CALÚNIA, INJÚRIA E DIFAMAÇÃO DE COMPETÊNCIA DO JUIZ SINGULAR (288)",FLORIANO BARBOSA JUNIOR
CRIMINAL,BELÉM,3ª  DEFENSORIA PUBLICA DE ENFRENTAMENTO A VIOLENCIA DE GENERO,2026-01-20 10:42:22.451090-03:00,0800969-68.2026.8.14.0401,"CRIMES DE CALÚNIA, INJÚRIA E DIFAMAÇÃO DE COMPETÊNCIA DO JUIZ SINGULAR (288)",JOSEANE ROCHA GODOY SANTANA
CRIMINAL,BELÉM,3ª  DEFENSORIA PUBLICA DE ENFRENTAMENTO A VIOLENCIA DE GENERO,2026-01-23 12:23:47.790144-03:00,0801680-94.2026.8.14.0006,MEDIDAS PROTETIVAS DE URGÊNCIA (LEI MARIA DA PENHA) CRIMINAL (1268),ANNALU MARINHO FERREIRA
CRIMINAL,BELÉM,3ª  DEFENSORIA PUBLICA DE ENFRENTAMENTO A VIOLENCIA DE GENERO,2026-03-12 08:50:08.889098-03:00,0804270-23.2026.8.14.0401,"CRIMES DE CALÚNIA, INJÚRIA E DIFAMAÇÃO DE COMPETÊNCIA DO JUIZ SINGULAR (288)",ANNALU MARINHO FERREIRA
CRIMINAL,BELÉM,3ª  DEFENSORIA PUBLICA DE ENFRENTAMENTO A VIOLENCIA DE GENERO,2026-04-27 10:25:08.639291-03:00,0807786-51.2026.8.14.0401,"CRIMES DE CALÚNIA, INJÚRIA E DIFAMAÇÃO DE COMPETÊNCIA DO JUIZ SINGULAR (288)",ANNALU MARINHO FERREIRA
CRIMINAL,BELÉM,3ª  DEFENSORIA PUBLICA DE ENFRENTAMENTO A VIOLENCIA DE GENERO,2026-05-26 12:09:46.785699-03:00,0809880-69.2026.8.14.0401,MEDIDAS PROTETIVAS DE URGÊNCIA (LEI MARIA DA PENHA) CRIMINAL (1268),JOSEANE ROCHA GODOY SANTANA
CRIMINAL,BELÉM,3ª  DEFENSORIA PUBLICA DE ENFRENTAMENTO A VIOLENCIA DE GENERO,2026-06-16 15:01:11.463933-03:00,0811507-11.2026.8.14.0401,MEDIDAS PROTETIVAS DE URGÊNCIA (LEI MARIA DA PENHA) CRIMINAL (1268),ANNALU MARINHO FERREIRA
CRIMINAL,BELÉM,3ª  DEFENSORIA PUBLICA DE ENFRENTAMENTO A VIOLENCIA DE GENERO,2026-08-18 14:56:24.020813-03:00,0816291-31.2026.8.14.0401,MEDIDAS PROTETIVAS DE URGÊNCIA (LEI MARIA DA PENHA) CRIMINAL (1268),ANNALU MARINHO FERREIRA
CRIMINAL,BELÉM,3ª  DEFENSORIA PUBLICA DE ENFRENTAMENTO A VIOLENCIA DE GENERO,2026-09-02 10:50:05.240549-03:00,0817319-34.2026.8.14.0401,MEDIDAS PROTETIVAS DE URGÊNCIA (LEI MARIA DA PENHA) CRIMINAL (1268),ANNALU MARINHO FERREIRA
CRIMINAL,BELÉM,3ª  DEFENSORIA PUBLICA DE ENFRENTAMENTO A VIOLENCIA DE GENERO,2026-09-15 14:40:00.462795-03:00,0818562-13.2026.8.14.0401,"CRIMES DE CALÚNIA, INJÚRIA E DIFAMAÇÃO DE COMPETÊNCIA DO JUIZ SINGULAR (288)",ANNALU MARINHO FERREIRA
CRIMINAL,BELÉM,3ª  DEFENSORIA PUBLICA DE ENFRENTAMENTO A VIOLENCIA DE GENERO,2026-09-17 14:12:56.299384-03:00,0818710-24.2026.8.14.0401,MEDIDAS PROTETIVAS DE URGÊNCIA (LEI MARIA DA PENHA) CRIMINAL (1268),ANNALU MARINHO FERREIRA
CRIMINAL,BELÉM,4ª  DEFENSORIA PUBLICA DE ENFRENTAMENTO A VIOLENCIA DE GENERO,2026-02-04 11:29:41.760018-03:00,0802089-49.2026.8.14.0401,"CRIMES DE CALÚNIA, INJÚRIA E DIFAMAÇÃO DE COMPETÊNCIA DO JUIZ SINGULAR (288)",JOSEANE ROCHA GODOY SANTANA
CRIMINAL,BELÉM,4ª  DEFENSORIA PUBLICA DE ENFRENTAMENTO A VIOLENCIA DE GENERO,2026-07-20 13:13:01.550440-03:00,0814112-27.2026.8.14.0401,MEDIDAS PROTETIVAS DE URGÊNCIA (LEI MARIA DA PENHA) CRIMINAL (1268),JOSEANE ROCHA GODOY SANTANA
CRIMINAL,BELÉM,4ª  DEFENSORIA PUBLICA DE ENFRENTAMENTO A VIOLENCIA DE GENERO,2026-08-20 13:49:18.269370-03:00,0816355-41.2026.8.14.0401,MEDIDAS PROTETIVAS DE URGÊNCIA (LEI MARIA DA PENHA) CRIMINAL (1268),JOSEANE ROCHA GODOY SANTANA
CRIMINAL,BELÉM,6ª DEFENSORIA PUBLICA CRIMINAL ESPECIALIZADA,2026-06-15 09:34:26.132418-03:00,0811362-52.2026.8.14.0401,INSANIDADE MENTAL DO ACUSADO (333),LUCIANA TARCILA VIEIRA GUEDES
CRIMINAL,BELÉM,COORDENAÇÃO NUGEN,2026-02-13 11:14:33.543990-03:00,0802636-89.2026.8.14.0401,MEDIDAS PROTETIVAS DE URGÊNCIA (LEI MARIA DA PENHA) CRIMINAL (1268),LARISSA MACHADO SILVA NOGUEIRA
