Áreas,Comarcas,Defensorias,Datas de Cadastro,Processos,Ações,Defensores
CÍVEL,ICOARACI,1ª DEFENSORIA PÚBLICA CÍVEL DE ICOARACI,2026-01-07 09:49:25.285748-03:00,0800090-79.2026.8.14.0201,DIVÓRCIO CONSENSUAL (12372),LISIANNE DE SA ROCHA
CÍVEL,ICOARACI,1ª DEFENSORIA PÚBLICA CÍVEL DE ICOARACI,2026-01-08 09:20:16.227318-03:00,0800115-92.2026.8.14.0201,GUARDA DE INFÂNCIA E JUVENTUDE (1420),LISIANNE DE SA ROCHA
CÍVEL,ICOARACI,1ª DEFENSORIA PÚBLICA CÍVEL DE ICOARACI,2026-01-08 11:59:54.229060-03:00,0800118-47.2026.8.14.0201,PROCEDIMENTO COMUM CÍVEL (7),LISIANNE DE SA ROCHA
CÍVEL,ICOARACI,1ª DEFENSORIA PÚBLICA CÍVEL DE ICOARACI,2026-01-12 09:26:25.583458-03:00,0800176-50.2026.8.14.0201,ALIMENTOS - LEI ESPECIAL Nº 5.478/68 (69),LISIANNE DE SA ROCHA
CÍVEL,ICOARACI,1ª DEFENSORIA PÚBLICA CÍVEL DE ICOARACI,2026-01-12 12:30:49.193624-03:00,0800166-06.2026.8.14.0201,ALIMENTOS - LEI ESPECIAL Nº 5.478/68 (69),LISIANNE DE SA ROCHA
CÍVEL,ICOARACI,1ª DEFENSORIA PÚBLICA CÍVEL DE ICOARACI,2026-01-13 09:33:51.833903-03:00,0800178-20.2026.8.14.0201,DIVÓRCIO LITIGIOSO (12541),LISIANNE DE SA ROCHA
CÍVEL,ICOARACI,1ª DEFENSORIA PÚBLICA CÍVEL DE ICOARACI,2026-01-13 10:35:33.875287-03:00,0800179-05.2026.8.14.0201,ALIMENTOS - LEI ESPECIAL Nº 5.478/68 (69),LISIANNE DE SA ROCHA
CÍVEL,ICOARACI,1ª DEFENSORIA PÚBLICA CÍVEL DE ICOARACI,2026-01-13 11:36:21.322922-03:00,0800180-87.2026.8.14.0201,ALIMENTOS - LEI ESPECIAL Nº 5.478/68 (69),LISIANNE DE SA ROCHA
CÍVEL,ICOARACI,1ª DEFENSORIA PÚBLICA CÍVEL DE ICOARACI,2026-01-13 11:51:15.329928-03:00,0800181-72.2026.8.14.0201,PROCEDIMENTO COMUM CÍVEL (7),LISIANNE DE SA ROCHA
CÍVEL,ICOARACI,1ª DEFENSORIA PÚBLICA CÍVEL DE ICOARACI,2026-01-14 09:36:18.069545-03:00,0800214-62.2026.8.14.0201,DIVÓRCIO CONSENSUAL (12372),LISIANNE DE SA ROCHA
CÍVEL,ICOARACI,1ª DEFENSORIA PÚBLICA CÍVEL DE ICOARACI,2026-01-14 09:52:21.483298-03:00,0800215-47.2026.8.14.0201,ALIMENTOS - LEI ESPECIAL Nº 5.478/68 (69),LISIANNE DE SA ROCHA
CÍVEL,ICOARACI,1ª DEFENSORIA PÚBLICA CÍVEL DE ICOARACI,2026-01-15 10:04:24.757466-03:00,0800220-69.2026.8.14.0201,RETIFICAÇÃO OU SUPRIMENTO OU RESTAURAÇÃO DE REGISTRO CIVIL (1682),LISIANNE DE SA ROCHA
CÍVEL,ICOARACI,1ª DEFENSORIA PÚBLICA CÍVEL DE ICOARACI,2026-01-15 10:28:39.989827-03:00,0800221-54.2026.8.14.0201,DIVÓRCIO CONSENSUAL (12372),LISIANNE DE SA ROCHA
CÍVEL,ICOARACI,1ª DEFENSORIA PÚBLICA CÍVEL DE ICOARACI,2026-01-15 10:42:15.913497-03:00,0800223-24.2026.8.14.0201,ALIMENTOS - LEI ESPECIAL Nº 5.478/68 (69),LISIANNE DE SA ROCHA
CÍVEL,ICOARACI,1ª DEFENSORIA PÚBLICA CÍVEL DE ICOARACI,2026-01-15 10:57:18.318385-03:00,0800224-09.2026.8.14.0201,ALIMENTOS - LEI ESPECIAL Nº 5.478/68 (69),LISIANNE DE SA ROCHA
CÍVEL,ICOARACI,1ª DEFENSORIA PÚBLICA CÍVEL DE ICOARACI,2026-01-15 12:01:45.328910-03:00,0800367-95.2026.8.14.0201,PROCEDIMENTO COMUM CÍVEL (7),LISIANNE DE SA ROCHA
CÍVEL,ICOARACI,1ª DEFENSORIA PÚBLICA CÍVEL DE ICOARACI,2026-01-15 12:09:51.667365-03:00,0800248-37.2026.8.14.0201,GUARDA DE INFÂNCIA E JUVENTUDE (1420),LISIANNE DE SA ROCHA
CÍVEL,ICOARACI,1ª DEFENSORIA PÚBLICA CÍVEL DE ICOARACI,2026-01-15 12:12:52.724093-03:00,0800271-80.2026.8.14.0201,ALIMENTOS - LEI ESPECIAL Nº 5.478/68 (69),LISIANNE DE SA ROCHA
CÍVEL,ICOARACI,1ª DEFENSORIA PÚBLICA CÍVEL DE ICOARACI,2026-01-19 09:58:08.677049-03:00,0800304-70.2026.8.14.0201,DIVÓRCIO CONSENSUAL (12372),LISIANNE DE SA ROCHA
CÍVEL,ICOARACI,1ª DEFENSORIA PÚBLICA CÍVEL DE ICOARACI,2026-01-19 11:19:28.475699-03:00,0800305-55.2026.8.14.0201,ALIMENTOS - LEI ESPECIAL Nº 5.478/68 (69),LISIANNE DE SA ROCHA
CÍVEL,ICOARACI,1ª DEFENSORIA PÚBLICA CÍVEL DE ICOARACI,2026-01-20 11:47:19.352671-03:00,0800326-31.2026.8.14.0201,PROCEDIMENTO COMUM CÍVEL (7),LISIANNE DE SA ROCHA
CÍVEL,ICOARACI,1ª DEFENSORIA PÚBLICA CÍVEL DE ICOARACI,2026-01-21 10:13:41.218392-03:00,0800357-51.2026.8.14.0201,ALIMENTOS - LEI ESPECIAL Nº 5.478/68 (69),FERNANDO JOSE SAMPAIO LOBO
CÍVEL,ICOARACI,1ª DEFENSORIA PÚBLICA CÍVEL DE ICOARACI,2026-01-21 10:14:16.689387-03:00,0800356-66.2026.8.14.0201,PROCEDIMENTO COMUM CÍVEL (7),FERNANDO JOSE SAMPAIO LOBO
CÍVEL,ICOARACI,1ª DEFENSORIA PÚBLICA CÍVEL DE ICOARACI,2026-01-21 10:30:02.554107-03:00,0800342-82.2026.8.14.0201,ALIMENTOS - LEI ESPECIAL Nº 5.478/68 (69),FERNANDO JOSE SAMPAIO LOBO
CÍVEL,ICOARACI,1ª DEFENSORIA PÚBLICA CÍVEL DE ICOARACI,2026-01-21 11:55:57.227089-03:00,0800343-67.2026.8.14.0201,ALIMENTOS - LEI ESPECIAL Nº 5.478/68 (69),FERNANDO JOSE SAMPAIO LOBO
CÍVEL,ICOARACI,1ª DEFENSORIA PÚBLICA CÍVEL DE ICOARACI,2026-01-21 12:04:39.245436-03:00,0800354-96.2026.8.14.0201,DIVÓRCIO CONSENSUAL (12372),LISIANNE DE SA ROCHA
CÍVEL,ICOARACI,1ª DEFENSORIA PÚBLICA CÍVEL DE ICOARACI,2026-01-22 09:29:50.662530-03:00,0800600-92.2026.8.14.0201,ALIMENTOS - LEI ESPECIAL Nº 5.478/68 (69),LISIANNE DE SA ROCHA
CÍVEL,ICOARACI,1ª DEFENSORIA PÚBLICA CÍVEL DE ICOARACI,2026-01-22 10:40:06.061460-03:00,0800413-84.2026.8.14.0201,GUARDA DE INFÂNCIA E JUVENTUDE (1420),LISIANNE DE SA ROCHA
CÍVEL,ICOARACI,1ª DEFENSORIA PÚBLICA CÍVEL DE ICOARACI,2026-01-23 08:19:14.147328-03:00,0800414-69.2026.8.14.0201,DIVÓRCIO CONSENSUAL (12372),LISIANNE DE SA ROCHA
CÍVEL,ICOARACI,1ª DEFENSORIA PÚBLICA CÍVEL DE ICOARACI,2026-01-23 08:57:52.310845-03:00,0800415-54.2026.8.14.0201,PROCEDIMENTO COMUM CÍVEL (7),LISIANNE DE SA ROCHA
CÍVEL,ICOARACI,1ª DEFENSORIA PÚBLICA CÍVEL DE ICOARACI,2026-01-26 11:42:17.540437-03:00,0800467-50.2026.8.14.0201,ALIMENTOS - LEI ESPECIAL Nº 5.478/68 (69),LISIANNE DE SA ROCHA
CÍVEL,ICOARACI,1ª DEFENSORIA PÚBLICA CÍVEL DE ICOARACI,2026-01-27 10:53:10.800057-03:00,0800519-46.2026.8.14.0201,CUMPRIMENTO DE SENTENÇA (156),LISIANNE DE SA ROCHA
CÍVEL,ICOARACI,1ª DEFENSORIA PÚBLICA CÍVEL DE ICOARACI,2026-01-27 11:35:23.525915-03:00,0800478-79.2026.8.14.0201,PETIÇÃO CÍVEL (241),LISIANNE DE SA ROCHA
CÍVEL,ICOARACI,1ª DEFENSORIA PÚBLICA CÍVEL DE ICOARACI,2026-01-28 10:05:41.888511-03:00,0800493-48.2026.8.14.0201,PROCEDIMENTO COMUM CÍVEL (7),LISIANNE DE SA ROCHA
CÍVEL,ICOARACI,1ª DEFENSORIA PÚBLICA CÍVEL DE ICOARACI,2026-02-03 09:06:26.384116-03:00,0800705-69.2026.8.14.0201,PROCEDIMENTO COMUM CÍVEL (7),LISIANNE DE SA ROCHA
CÍVEL,ICOARACI,1ª DEFENSORIA PÚBLICA CÍVEL DE ICOARACI,2026-02-03 11:25:34.242709-03:00,0800642-44.2026.8.14.0201,ALIMENTOS - LEI ESPECIAL Nº 5.478/68 (69),LISIANNE DE SA ROCHA
CÍVEL,ICOARACI,1ª DEFENSORIA PÚBLICA CÍVEL DE ICOARACI,2026-02-05 09:37:21.949533-03:00,0800703-02.2026.8.14.0201,ALIMENTOS - LEI ESPECIAL Nº 5.478/68 (69),LISIANNE DE SA ROCHA
CÍVEL,ICOARACI,1ª DEFENSORIA PÚBLICA CÍVEL DE ICOARACI,2026-02-05 12:19:00.662920-03:00,0800704-84.2026.8.14.0201,PROCEDIMENTO COMUM CÍVEL (7),LISIANNE DE SA ROCHA
CÍVEL,ICOARACI,1ª DEFENSORIA PÚBLICA CÍVEL DE ICOARACI,2026-02-06 08:22:34.438071-03:00,0800747-21.2026.8.14.0201,AÇÃO DE ALIMENTOS DE INFÂNCIA E JUVENTUDE (1389),LISIANNE DE SA ROCHA
CÍVEL,ICOARACI,1ª DEFENSORIA PÚBLICA CÍVEL DE ICOARACI,2026-02-06 12:15:51.050984-03:00,0800749-88.2026.8.14.0201,ALIMENTOS - LEI ESPECIAL Nº 5.478/68 (69),LISIANNE DE SA ROCHA
CÍVEL,ICOARACI,1ª DEFENSORIA PÚBLICA CÍVEL DE ICOARACI,2026-02-06 12:41:45.255639-03:00,0800748-06.2026.8.14.0201,ALIMENTOS - LEI ESPECIAL Nº 5.478/68 (69),LISIANNE DE SA ROCHA
CÍVEL,ICOARACI,1ª DEFENSORIA PÚBLICA CÍVEL DE ICOARACI,2026-02-09 11:06:11.635991-03:00,0800775-86.2026.8.14.0201,DIVÓRCIO LITIGIOSO (12541),LISIANNE DE SA ROCHA
CÍVEL,ICOARACI,1ª DEFENSORIA PÚBLICA CÍVEL DE ICOARACI,2026-02-10 12:38:32.029003-03:00,0800820-90.2026.8.14.0201,DIVÓRCIO LITIGIOSO (12541),LISIANNE DE SA ROCHA
CÍVEL,ICOARACI,1ª DEFENSORIA PÚBLICA CÍVEL DE ICOARACI,2026-02-24 11:49:52.282441-03:00,0801070-26.2026.8.14.0201,PROCEDIMENTO COMUM CÍVEL (7),LISIANNE DE SA ROCHA
CÍVEL,ICOARACI,1ª DEFENSORIA PÚBLICA CÍVEL DE ICOARACI,2026-02-26 10:12:47.343457-03:00,0801167-26.2026.8.14.0201,DIVÓRCIO LITIGIOSO (12541),LISIANNE DE SA ROCHA
CÍVEL,ICOARACI,1ª DEFENSORIA PÚBLICA CÍVEL DE ICOARACI,2026-02-26 10:55:24.268304-03:00,0801145-65.2026.8.14.0201,PROCEDIMENTO COMUM CÍVEL (7),LISIANNE DE SA ROCHA
CÍVEL,ICOARACI,1ª DEFENSORIA PÚBLICA CÍVEL DE ICOARACI,2026-03-02 09:10:08.990729-03:00,0801253-94.2026.8.14.0201,PROCEDIMENTO COMUM CÍVEL (7),LISIANNE DE SA ROCHA
CÍVEL,ICOARACI,1ª DEFENSORIA PÚBLICA CÍVEL DE ICOARACI,2026-03-02 11:12:42.201247-03:00,0801288-54.2026.8.14.0201,ALIMENTOS - LEI ESPECIAL Nº 5.478/68 (69),LISIANNE DE SA ROCHA
CÍVEL,ICOARACI,1ª DEFENSORIA PÚBLICA CÍVEL DE ICOARACI,2026-03-05 09:49:27.524696-03:00,0801289-39.2026.8.14.0201,DIVÓRCIO LITIGIOSO (12541),LISIANNE DE SA ROCHA
CÍVEL,ICOARACI,1ª DEFENSORIA PÚBLICA CÍVEL DE ICOARACI,2026-03-11 12:59:55.196350-03:00,0801483-39.2026.8.14.0201,CUMPRIMENTO DE SENTENÇA (156),LISIANNE DE SA ROCHA
CÍVEL,ICOARACI,1ª DEFENSORIA PÚBLICA CÍVEL DE ICOARACI,2026-03-12 08:24:50.222934-03:00,0801788-23.2026.8.14.0201,CUMPRIMENTO DE SENTENÇA (156),LISIANNE DE SA ROCHA
CÍVEL,ICOARACI,1ª DEFENSORIA PÚBLICA CÍVEL DE ICOARACI,2026-03-12 10:42:15.712391-03:00,0801484-24.2026.8.14.0201,PROCEDIMENTO COMUM CÍVEL (7),LISIANNE DE SA ROCHA
CÍVEL,ICOARACI,1ª DEFENSORIA PÚBLICA CÍVEL DE ICOARACI,2026-03-12 11:02:40.288329-03:00,0801485-09.2026.8.14.0201,CUMPRIMENTO DE SENTENÇA (156),LISIANNE DE SA ROCHA
CÍVEL,ICOARACI,1ª DEFENSORIA PÚBLICA CÍVEL DE ICOARACI,2026-03-12 13:25:05.202586-03:00,0801486-91.2026.8.14.0201,PROCEDIMENTO COMUM CÍVEL (7),LISIANNE DE SA ROCHA
CÍVEL,ICOARACI,1ª DEFENSORIA PÚBLICA CÍVEL DE ICOARACI,2026-03-14 09:15:50.534542-03:00,0801630-65.2026.8.14.0201,PROCEDIMENTO COMUM CÍVEL (7),LISIANNE DE SA ROCHA
CÍVEL,ICOARACI,1ª DEFENSORIA PÚBLICA CÍVEL DE ICOARACI,2026-03-14 09:17:50.213734-03:00,0801627-13.2026.8.14.0201,ALIMENTOS - LEI ESPECIAL Nº 5.478/68 (69),LISIANNE DE SA ROCHA
CÍVEL,ICOARACI,1ª DEFENSORIA PÚBLICA CÍVEL DE ICOARACI,2026-03-14 10:18:17.577214-03:00,0801569-10.2026.8.14.0201,RETIFICAÇÃO OU SUPRIMENTO OU RESTAURAÇÃO DE REGISTRO CIVIL (1682),LISIANNE DE SA ROCHA
CÍVEL,ICOARACI,1ª DEFENSORIA PÚBLICA CÍVEL DE ICOARACI,2026-03-14 13:02:32.777397-03:00,0801626-28.2026.8.14.0201,ALIMENTOS - LEI ESPECIAL Nº 5.478/68 (69),LISIANNE DE SA ROCHA
CÍVEL,ICOARACI,1ª DEFENSORIA PÚBLICA CÍVEL DE ICOARACI,2026-03-14 13:16:50.267533-03:00,0801650-56.2026.8.14.0201,DIVÓRCIO LITIGIOSO (12541),LISIANNE DE SA ROCHA
CÍVEL,ICOARACI,1ª DEFENSORIA PÚBLICA CÍVEL DE ICOARACI,2026-03-16 08:58:39.596300-03:00,0801669-62.2026.8.14.0201,PROCEDIMENTO COMUM CÍVEL (7),LISIANNE DE SA ROCHA
CÍVEL,ICOARACI,1ª DEFENSORIA PÚBLICA CÍVEL DE ICOARACI,2026-03-16 09:01:51.058908-03:00,0801670-47.2026.8.14.0201,PROCEDIMENTO COMUM CÍVEL (7),LISIANNE DE SA ROCHA
CÍVEL,ICOARACI,1ª DEFENSORIA PÚBLICA CÍVEL DE ICOARACI,2026-03-16 10:24:58.380781-03:00,0801823-80.2026.8.14.0201,CUMPRIMENTO DE SENTENÇA (156),LISIANNE DE SA ROCHA
CÍVEL,ICOARACI,1ª DEFENSORIA PÚBLICA CÍVEL DE ICOARACI,2026-03-16 11:53:37.000847-03:00,0801873-09.2026.8.14.0201,CUMPRIMENTO DE SENTENÇA (156),LISIANNE DE SA ROCHA
CÍVEL,ICOARACI,1ª DEFENSORIA PÚBLICA CÍVEL DE ICOARACI,2026-03-17 09:44:39.837877-03:00,0801824-65.2026.8.14.0201,DIVÓRCIO LITIGIOSO (12541),LISIANNE DE SA ROCHA
CÍVEL,ICOARACI,1ª DEFENSORIA PÚBLICA CÍVEL DE ICOARACI,2026-03-17 15:01:31.598959-03:00,0801729-35.2026.8.14.0201,PROCEDIMENTO COMUM CÍVEL (7),LISIANNE DE SA ROCHA
CÍVEL,ICOARACI,1ª DEFENSORIA PÚBLICA CÍVEL DE ICOARACI,2026-03-19 08:56:31.615586-03:00,0801787-38.2026.8.14.0201,DIVÓRCIO LITIGIOSO (12541),LISIANNE DE SA ROCHA
CÍVEL,ICOARACI,1ª DEFENSORIA PÚBLICA CÍVEL DE ICOARACI,2026-03-19 09:05:54.543005-03:00,0801782-16.2026.8.14.0201,DIVÓRCIO LITIGIOSO (12541),LISIANNE DE SA ROCHA
CÍVEL,ICOARACI,1ª DEFENSORIA PÚBLICA CÍVEL DE ICOARACI,2026-03-19 12:04:57.245936-03:00,0801800-37.2026.8.14.0201,ALIMENTOS - LEI ESPECIAL Nº 5.478/68 (69),LISIANNE DE SA ROCHA
CÍVEL,ICOARACI,1ª DEFENSORIA PÚBLICA CÍVEL DE ICOARACI,2026-03-19 13:13:02.509168-03:00,0801822-95.2026.8.14.0201,ALIMENTOS - LEI ESPECIAL Nº 5.478/68 (69),LISIANNE DE SA ROCHA
CÍVEL,ICOARACI,1ª DEFENSORIA PÚBLICA CÍVEL DE ICOARACI,2026-03-20 09:35:15.913829-03:00,0801821-13.2026.8.14.0201,ALIMENTOS - LEI ESPECIAL Nº 5.478/68 (69),LISIANNE DE SA ROCHA
CÍVEL,ICOARACI,1ª DEFENSORIA PÚBLICA CÍVEL DE ICOARACI,2026-03-20 09:51:57.847723-03:00,0801850-63.2026.8.14.0201,PROCEDIMENTO COMUM CÍVEL (7),LISIANNE DE SA ROCHA
CÍVEL,ICOARACI,1ª DEFENSORIA PÚBLICA CÍVEL DE ICOARACI,2026-03-20 11:02:16.861382-03:00,0806493-67.2026.8.14.0006,PROCEDIMENTO COMUM CÍVEL (7),LISIANNE DE SA ROCHA
CÍVEL,ICOARACI,1ª DEFENSORIA PÚBLICA CÍVEL DE ICOARACI,2026-03-20 11:40:41.666809-03:00,0801852-33.2026.8.14.0201,CUMPRIMENTO DE SENTENÇA (156),LISIANNE DE SA ROCHA
CÍVEL,ICOARACI,1ª DEFENSORIA PÚBLICA CÍVEL DE ICOARACI,2026-03-20 12:26:43.911133-03:00,0801855-85.2026.8.14.0201,DIVÓRCIO LITIGIOSO (12541),LISIANNE DE SA ROCHA
CÍVEL,ICOARACI,1ª DEFENSORIA PÚBLICA CÍVEL DE ICOARACI,2026-03-25 10:39:36.291456-03:00,0802009-06.2026.8.14.0201,ALIMENTOS - LEI ESPECIAL Nº 5.478/68 (69),LISIANNE DE SA ROCHA
CÍVEL,ICOARACI,1ª DEFENSORIA PÚBLICA CÍVEL DE ICOARACI,2026-03-26 11:13:41.455413-03:00,0802032-49.2026.8.14.0201,PROCEDIMENTO COMUM CÍVEL (7),LISIANNE DE SA ROCHA
CÍVEL,ICOARACI,1ª DEFENSORIA PÚBLICA CÍVEL DE ICOARACI,2026-03-27 10:38:03.668570-03:00,0802083-60.2026.8.14.0201,ALIMENTOS - LEI ESPECIAL Nº 5.478/68 (69),LISIANNE DE SA ROCHA
CÍVEL,ICOARACI,1ª DEFENSORIA PÚBLICA CÍVEL DE ICOARACI,2026-03-30 08:12:29.571162-03:00,0802107-88.2026.8.14.0201,ALIMENTOS - LEI ESPECIAL Nº 5.478/68 (69),LISIANNE DE SA ROCHA
CÍVEL,ICOARACI,1ª DEFENSORIA PÚBLICA CÍVEL DE ICOARACI,2026-03-30 12:01:45.533815-03:00,0802101-81.2026.8.14.0201,DIVÓRCIO CONSENSUAL (12372),LISIANNE DE SA ROCHA
CÍVEL,ICOARACI,1ª DEFENSORIA PÚBLICA CÍVEL DE ICOARACI,2026-04-10 08:44:25.463881-03:00,0802462-98.2026.8.14.0201,ALIMENTOS - LEI ESPECIAL Nº 5.478/68 (69),LISIANNE DE SA ROCHA
CÍVEL,ICOARACI,1ª DEFENSORIA PÚBLICA CÍVEL DE ICOARACI,2026-04-13 11:15:21.626372-03:00,0802450-84.2026.8.14.0201,CUMPRIMENTO DE SENTENÇA (156),LISIANNE DE SA ROCHA
CÍVEL,ICOARACI,1ª DEFENSORIA PÚBLICA CÍVEL DE ICOARACI,2026-04-15 10:27:48.455561-03:00,0802589-36.2026.8.14.0201,CUMPRIMENTO DE SENTENÇA (156),LISIANNE DE SA ROCHA
CÍVEL,ICOARACI,1ª DEFENSORIA PÚBLICA CÍVEL DE ICOARACI,2026-04-15 13:02:23.659665-03:00,0802590-21.2026.8.14.0201,CUMPRIMENTO DE SENTENÇA (156),LISIANNE DE SA ROCHA
CÍVEL,ICOARACI,1ª DEFENSORIA PÚBLICA CÍVEL DE ICOARACI,2026-04-15 13:13:21.013600-03:00,0802591-06.2026.8.14.0201,ALIMENTOS - LEI ESPECIAL Nº 5.478/68 (69),LISIANNE DE SA ROCHA
CÍVEL,ICOARACI,1ª DEFENSORIA PÚBLICA CÍVEL DE ICOARACI,2026-04-15 13:21:41.042856-03:00,0802592-88.2026.8.14.0201,CUMPRIMENTO DE SENTENÇA (156),LISIANNE DE SA ROCHA
CÍVEL,ICOARACI,1ª DEFENSORIA PÚBLICA CÍVEL DE ICOARACI,2026-04-16 10:59:36.913486-03:00,0802593-73.2026.8.14.0201,PROCEDIMENTO COMUM CÍVEL (7),LISIANNE DE SA ROCHA
CÍVEL,ICOARACI,1ª DEFENSORIA PÚBLICA CÍVEL DE ICOARACI,2026-04-16 12:13:40.161826-03:00,0802594-58.2026.8.14.0201,CUMPRIMENTO DE SENTENÇA (156),LISIANNE DE SA ROCHA
CÍVEL,ICOARACI,1ª DEFENSORIA PÚBLICA CÍVEL DE ICOARACI,2026-04-17 12:26:20.484523-03:00,0802621-41.2026.8.14.0201,PROCEDIMENTO COMUM CÍVEL (7),LISIANNE DE SA ROCHA
CÍVEL,ICOARACI,1ª DEFENSORIA PÚBLICA CÍVEL DE ICOARACI,2026-04-17 13:58:11.676249-03:00,0802624-93.2026.8.14.0201,PROCEDIMENTO COMUM CÍVEL (7),LISIANNE DE SA ROCHA
CÍVEL,ICOARACI,1ª DEFENSORIA PÚBLICA CÍVEL DE ICOARACI,2026-04-17 14:30:08.657774-03:00,0802622-26.2026.8.14.0201,PROCEDIMENTO COMUM CÍVEL (7),LISIANNE DE SA ROCHA
CÍVEL,ICOARACI,1ª DEFENSORIA PÚBLICA CÍVEL DE ICOARACI,2026-04-17 14:35:43.038595-03:00,0802623-11.2026.8.14.0201,PROCEDIMENTO COMUM CÍVEL (7),LISIANNE DE SA ROCHA
CÍVEL,ICOARACI,1ª DEFENSORIA PÚBLICA CÍVEL DE ICOARACI,2026-04-23 10:26:04.720391-03:00,0802759-08.2026.8.14.0201,ALIMENTOS - LEI ESPECIAL Nº 5.478/68 (69),LISIANNE DE SA ROCHA
CÍVEL,ICOARACI,1ª DEFENSORIA PÚBLICA CÍVEL DE ICOARACI,2026-04-23 10:32:07.353737-03:00,0802760-90.2026.8.14.0201,PROCEDIMENTO COMUM CÍVEL (7),LISIANNE DE SA ROCHA
CÍVEL,ICOARACI,1ª DEFENSORIA PÚBLICA CÍVEL DE ICOARACI,2026-04-23 10:44:11.419680-03:00,0802761-75.2026.8.14.0201,PROCEDIMENTO COMUM CÍVEL (7),LISIANNE DE SA ROCHA
CÍVEL,ICOARACI,1ª DEFENSORIA PÚBLICA CÍVEL DE ICOARACI,2026-04-28 11:24:47.960584-03:00,0802992-05.2026.8.14.0201,ALIMENTOS - LEI ESPECIAL Nº 5.478/68 (69),LISIANNE DE SA ROCHA
CÍVEL,ICOARACI,1ª DEFENSORIA PÚBLICA CÍVEL DE ICOARACI,2026-04-30 10:27:40.883528-03:00,0803202-56.2026.8.14.0201,ALIMENTOS - LEI ESPECIAL Nº 5.478/68 (69),LISIANNE DE SA ROCHA
CÍVEL,ICOARACI,1ª DEFENSORIA PÚBLICA CÍVEL DE ICOARACI,2026-04-30 11:08:57.789653-03:00,0803141-98.2026.8.14.0201,PROCEDIMENTO COMUM CÍVEL (7),LISIANNE DE SA ROCHA
CÍVEL,ICOARACI,1ª DEFENSORIA PÚBLICA CÍVEL DE ICOARACI,2026-04-30 14:33:29.135207-03:00,0803045-83.2026.8.14.0201,ALIMENTOS - LEI ESPECIAL Nº 5.478/68 (69),LISIANNE DE SA ROCHA
CÍVEL,ICOARACI,1ª DEFENSORIA PÚBLICA CÍVEL DE ICOARACI,2026-05-04 13:29:01.776917-03:00,0803142-83.2026.8.14.0201,ALIMENTOS - LEI ESPECIAL Nº 5.478/68 (69),LISIANNE DE SA ROCHA
CÍVEL,ICOARACI,1ª DEFENSORIA PÚBLICA CÍVEL DE ICOARACI,2026-05-20 11:31:43.994801-03:00,0803721-31.2026.8.14.0201,DIVÓRCIO LITIGIOSO (12541),LISIANNE DE SA ROCHA
CÍVEL,ICOARACI,1ª DEFENSORIA PÚBLICA CÍVEL DE ICOARACI,2026-05-25 11:25:10.676616-03:00,0803843-44.2026.8.14.0201,ALIMENTOS - LEI ESPECIAL Nº 5.478/68 (69),CLARICE DOS SANTOS OTONI
CÍVEL,ICOARACI,1ª DEFENSORIA PÚBLICA CÍVEL DE ICOARACI,2026-05-26 09:32:36.241553-03:00,0803876-34.2026.8.14.0201,PROCEDIMENTO COMUM CÍVEL (7),CLARICE DOS SANTOS OTONI
CÍVEL,ICOARACI,1ª DEFENSORIA PÚBLICA CÍVEL DE ICOARACI,2026-05-26 10:02:03.397416-03:00,0803872-94.2026.8.14.0201,DIVÓRCIO LITIGIOSO (12541),CLARICE DOS SANTOS OTONI
CÍVEL,ICOARACI,1ª DEFENSORIA PÚBLICA CÍVEL DE ICOARACI,2026-05-26 11:17:10.886018-03:00,0803873-79.2026.8.14.0201,PROCEDIMENTO COMUM CÍVEL (7),CLARICE DOS SANTOS OTONI
CÍVEL,ICOARACI,1ª DEFENSORIA PÚBLICA CÍVEL DE ICOARACI,2026-05-26 13:32:07.276862-03:00,0803912-76.2026.8.14.0201,ALIMENTOS - LEI ESPECIAL Nº 5.478/68 (69),CLARICE DOS SANTOS OTONI
CÍVEL,ICOARACI,1ª DEFENSORIA PÚBLICA CÍVEL DE ICOARACI,2026-05-28 11:33:14.111005-03:00,0803971-64.2026.8.14.0201,PROCEDIMENTO COMUM CÍVEL (7),CLARICE DOS SANTOS OTONI
CÍVEL,ICOARACI,1ª DEFENSORIA PÚBLICA CÍVEL DE ICOARACI,2026-05-28 12:32:54.826090-03:00,0803972-49.2026.8.14.0201,DIVÓRCIO CONSENSUAL (12372),CLARICE DOS SANTOS OTONI
CÍVEL,ICOARACI,1ª DEFENSORIA PÚBLICA CÍVEL DE ICOARACI,2026-05-28 14:18:40.687281-03:00,0804190-77.2026.8.14.0201,DIVÓRCIO LITIGIOSO (12541),CLARICE DOS SANTOS OTONI
CÍVEL,ICOARACI,1ª DEFENSORIA PÚBLICA CÍVEL DE ICOARACI,2026-06-01 08:38:48.384421-03:00,0804121-45.2026.8.14.0201,ALIMENTOS - LEI ESPECIAL Nº 5.478/68 (69),CLARICE DOS SANTOS OTONI
CÍVEL,ICOARACI,1ª DEFENSORIA PÚBLICA CÍVEL DE ICOARACI,2026-06-04 16:14:48.903787-03:00,0804123-15.2026.8.14.0201,HOMOLOGAÇÃO DA TRANSAÇÃO EXTRAJUDICIAL (12374),CLARICE DOS SANTOS OTONI
CÍVEL,ICOARACI,1ª DEFENSORIA PÚBLICA CÍVEL DE ICOARACI,2026-06-08 11:43:36.134219-03:00,0804189-92.2026.8.14.0201,ALIMENTOS - LEI ESPECIAL Nº 5.478/68 (69),CLARICE DOS SANTOS OTONI
CÍVEL,ICOARACI,1ª DEFENSORIA PÚBLICA CÍVEL DE ICOARACI,2026-06-09 09:41:42.468902-03:00,0804199-39.2026.8.14.0201,PROCEDIMENTO COMUM CÍVEL (7),CLARICE DOS SANTOS OTONI
CÍVEL,ICOARACI,1ª DEFENSORIA PÚBLICA CÍVEL DE ICOARACI,2026-06-10 13:11:08.468359-03:00,0804229-74.2026.8.14.0201,DIVÓRCIO LITIGIOSO (12541),CLARICE DOS SANTOS OTONI
CÍVEL,ICOARACI,1ª DEFENSORIA PÚBLICA CÍVEL DE ICOARACI,2026-06-10 13:39:10.380837-03:00,0804226-22.2026.8.14.0201,DIVÓRCIO LITIGIOSO (12541),CLARICE DOS SANTOS OTONI
CÍVEL,ICOARACI,1ª DEFENSORIA PÚBLICA CÍVEL DE ICOARACI,2026-06-20 13:12:41.014888-03:00,0862719-80.2026.8.14.0301,RETIFICAÇÃO OU SUPRIMENTO OU RESTAURAÇÃO DE REGISTRO CIVIL (1682),CLARICE DOS SANTOS OTONI
CÍVEL,ICOARACI,1ª DEFENSORIA PÚBLICA CÍVEL DE ICOARACI,2026-06-20 14:44:38.013206-03:00,0862731-94.2026.8.14.0301,OUTROS PROCEDIMENTOS DE JURISDIÇÃO VOLUNTÁRIA (1294),CLARICE DOS SANTOS OTONI
CÍVEL,ICOARACI,1ª DEFENSORIA PÚBLICA CÍVEL DE ICOARACI,2026-06-22 09:54:24.033153-03:00,0804631-58.2026.8.14.0201,ALIMENTOS - LEI ESPECIAL Nº 5.478/68 (69),CLARICE DOS SANTOS OTONI
CÍVEL,ICOARACI,1ª DEFENSORIA PÚBLICA CÍVEL DE ICOARACI,2026-06-29 08:59:47.630782-03:00,0804860-18.2026.8.14.0201,ALIMENTOS - LEI ESPECIAL Nº 5.478/68 (69),CLARICE DOS SANTOS OTONI
CÍVEL,ICOARACI,1ª DEFENSORIA PÚBLICA CÍVEL DE ICOARACI,2026-06-29 11:39:39.983308-03:00,0804859-33.2026.8.14.0201,PROCEDIMENTO COMUM CÍVEL (7),CLARICE DOS SANTOS OTONI
CÍVEL,ICOARACI,1ª DEFENSORIA PÚBLICA CÍVEL DE ICOARACI,2026-06-30 09:24:22.161930-03:00,0804766-70.2026.8.14.0201,ALIMENTOS - LEI ESPECIAL Nº 5.478/68 (69),CLARICE DOS SANTOS OTONI
CÍVEL,ICOARACI,1ª DEFENSORIA PÚBLICA CÍVEL DE ICOARACI,2026-06-30 10:34:06.190996-03:00,0804768-40.2026.8.14.0201,PROCEDIMENTO COMUM CÍVEL (7),CLARICE DOS SANTOS OTONI
CÍVEL,ICOARACI,1ª DEFENSORIA PÚBLICA CÍVEL DE ICOARACI,2026-06-30 13:40:33.347296-03:00,0804861-03.2026.8.14.0201,CUMPRIMENTO DE SENTENÇA (156),CLARICE DOS SANTOS OTONI
CÍVEL,ICOARACI,1ª DEFENSORIA PÚBLICA CÍVEL DE ICOARACI,2026-07-01 10:33:49.087393-03:00,0804856-78.2026.8.14.0201,PROCEDIMENTO COMUM CÍVEL (7),CLARICE DOS SANTOS OTONI
CÍVEL,ICOARACI,1ª DEFENSORIA PÚBLICA CÍVEL DE ICOARACI,2026-07-02 12:49:28.920286-03:00,0805039-49.2026.8.14.0201,CUMPRIMENTO DE SENTENÇA (156),CLARICE DOS SANTOS OTONI
CÍVEL,ICOARACI,1ª DEFENSORIA PÚBLICA CÍVEL DE ICOARACI,2026-07-02 13:37:03.600969-03:00,0805085-38.2026.8.14.0201,CUMPRIMENTO DE SENTENÇA (156),CLARICE DOS SANTOS OTONI
CÍVEL,ICOARACI,1ª DEFENSORIA PÚBLICA CÍVEL DE ICOARACI,2026-07-07 11:58:48.649859-03:00,0805037-79.2026.8.14.0201,CUMPRIMENTO DE SENTENÇA (156),CLARICE DOS SANTOS OTONI
CÍVEL,ICOARACI,1ª DEFENSORIA PÚBLICA CÍVEL DE ICOARACI,2026-07-07 12:49:53.487922-03:00,0805081-98.2026.8.14.0201,DIVÓRCIO LITIGIOSO (12541),CLARICE DOS SANTOS OTONI
CÍVEL,ICOARACI,1ª DEFENSORIA PÚBLICA CÍVEL DE ICOARACI,2026-07-08 08:50:24.963367-03:00,0805068-02.2026.8.14.0201,CUMPRIMENTO DE SENTENÇA (156),CLARICE DOS SANTOS OTONI
CÍVEL,ICOARACI,1ª DEFENSORIA PÚBLICA CÍVEL DE ICOARACI,2026-07-08 10:18:05.865851-03:00,0805073-24.2026.8.14.0201,CUMPRIMENTO DE SENTENÇA (156),CLARICE DOS SANTOS OTONI
CÍVEL,ICOARACI,1ª DEFENSORIA PÚBLICA CÍVEL DE ICOARACI,2026-07-09 08:19:41.869367-03:00,0805078-46.2026.8.14.0201,ALIMENTOS - LEI ESPECIAL Nº 5.478/68 (69),CLARICE DOS SANTOS OTONI
CÍVEL,ICOARACI,1ª DEFENSORIA PÚBLICA CÍVEL DE ICOARACI,2026-07-09 11:26:59.094142-03:00,0805084-53.2026.8.14.0201,ALIMENTOS - LEI ESPECIAL Nº 5.478/68 (69),CLARICE DOS SANTOS OTONI
CÍVEL,ICOARACI,1ª DEFENSORIA PÚBLICA CÍVEL DE ICOARACI,2026-07-27 09:45:56.919313-03:00,0805609-35.2026.8.14.0201,DIVÓRCIO CONSENSUAL (12372),CLARICE DOS SANTOS OTONI
CÍVEL,ICOARACI,1ª DEFENSORIA PÚBLICA CÍVEL DE ICOARACI,2026-07-27 10:35:56.533133-03:00,0805607-65.2026.8.14.0201,ALIMENTOS - LEI ESPECIAL Nº 5.478/68 (69),CLARICE DOS SANTOS OTONI
CÍVEL,ICOARACI,1ª DEFENSORIA PÚBLICA CÍVEL DE ICOARACI,2026-07-27 12:02:11.667613-03:00,0805606-80.2026.8.14.0201,DIVÓRCIO CONSENSUAL (12372),CLARICE DOS SANTOS OTONI
CÍVEL,ICOARACI,1ª DEFENSORIA PÚBLICA CÍVEL DE ICOARACI,2026-07-28 12:10:15.943151-03:00,0805653-54.2026.8.14.0201,DIVÓRCIO LITIGIOSO (12541),CLARICE DOS SANTOS OTONI
CÍVEL,ICOARACI,1ª DEFENSORIA PÚBLICA CÍVEL DE ICOARACI,2026-07-29 10:32:04.549986-03:00,0805699-43.2026.8.14.0201,GUARDA DE FAMÍLIA,CLARICE DOS SANTOS OTONI
CÍVEL,ICOARACI,1ª DEFENSORIA PÚBLICA CÍVEL DE ICOARACI,2026-07-29 11:38:06.624530-03:00,0805706-35.2026.8.14.0201,CUMPRIMENTO DE SENTENÇA (156),CLARICE DOS SANTOS OTONI
CÍVEL,ICOARACI,1ª DEFENSORIA PÚBLICA CÍVEL DE ICOARACI,2026-07-30 13:45:00.004951-03:00,0805830-18.2026.8.14.0201,DIVÓRCIO LITIGIOSO (12541),CLARICE DOS SANTOS OTONI
CÍVEL,ICOARACI,1ª DEFENSORIA PÚBLICA CÍVEL DE ICOARACI,2026-08-03 10:36:36.172147-03:00,0805839-77.2026.8.14.0201,CUMPRIMENTO DE SENTENÇA (156),CLARICE DOS SANTOS OTONI
CÍVEL,ICOARACI,1ª DEFENSORIA PÚBLICA CÍVEL DE ICOARACI,2026-08-04 10:09:02.398034-03:00,0805865-75.2026.8.14.0201,PROCEDIMENTO COMUM CÍVEL (7),CLARICE DOS SANTOS OTONI
CÍVEL,ICOARACI,1ª DEFENSORIA PÚBLICA CÍVEL DE ICOARACI,2026-08-04 11:49:27.555402-03:00,0805887-36.2026.8.14.0201,ALIMENTOS - LEI ESPECIAL Nº 5.478/68 (69),CLARICE DOS SANTOS OTONI
CÍVEL,ICOARACI,1ª DEFENSORIA PÚBLICA CÍVEL DE ICOARACI,2026-08-08 13:11:51.450016-03:00,0806041-54.2026.8.14.0201,AVERIGUAÇÃO DE PATERNIDADE (123),LISIANNE DE SA ROCHA
CÍVEL,ICOARACI,1ª DEFENSORIA PÚBLICA CÍVEL DE ICOARACI,2026-08-10 10:50:51.530359-03:00,0806100-42.2026.8.14.0201,ALIMENTOS - LEI ESPECIAL Nº 5.478/68 (69),CLARICE DOS SANTOS OTONI
CÍVEL,ICOARACI,1ª DEFENSORIA PÚBLICA CÍVEL DE ICOARACI,2026-08-10 11:51:08.329040-03:00,0806101-27.2026.8.14.0201,CUMPRIMENTO DE SENTENÇA (156),CLARICE DOS SANTOS OTONI
CÍVEL,ICOARACI,1ª DEFENSORIA PÚBLICA CÍVEL DE ICOARACI,2026-08-11 10:15:58.287351-03:00,0806124-70.2026.8.14.0201,PROCEDIMENTO COMUM CÍVEL (7),CLARICE DOS SANTOS OTONI
CÍVEL,ICOARACI,1ª DEFENSORIA PÚBLICA CÍVEL DE ICOARACI,2026-08-11 11:02:31.125082-03:00,0806138-54.2026.8.14.0201,DIVÓRCIO CONSENSUAL (12372),CLARICE DOS SANTOS OTONI
CÍVEL,ICOARACI,1ª DEFENSORIA PÚBLICA CÍVEL DE ICOARACI,2026-08-12 11:02:32.685147-03:00,0806164-52.2026.8.14.0201,CUMPRIMENTO DE SENTENÇA (156),CLARICE DOS SANTOS OTONI
CÍVEL,ICOARACI,1ª DEFENSORIA PÚBLICA CÍVEL DE ICOARACI,2026-08-12 11:05:32.612340-03:00,0806163-67.2026.8.14.0201,CUMPRIMENTO DE SENTENÇA (156),CLARICE DOS SANTOS OTONI
CÍVEL,ICOARACI,1ª DEFENSORIA PÚBLICA CÍVEL DE ICOARACI,2026-08-13 09:59:53.414344-03:00,0806237-24.2026.8.14.0201,CUMPRIMENTO DE SENTENÇA (156),CLARICE DOS SANTOS OTONI
CÍVEL,ICOARACI,1ª DEFENSORIA PÚBLICA CÍVEL DE ICOARACI,2026-08-13 10:07:22.654029-03:00,0806322-10.2026.8.14.0201,CUMPRIMENTO DE SENTENÇA (156),CLARICE DOS SANTOS OTONI
CÍVEL,ICOARACI,1ª DEFENSORIA PÚBLICA CÍVEL DE ICOARACI,2026-08-13 10:19:53.559520-03:00,0806236-39.2026.8.14.0201,CUMPRIMENTO DE SENTENÇA (156),CLARICE DOS SANTOS OTONI
CÍVEL,ICOARACI,1ª DEFENSORIA PÚBLICA CÍVEL DE ICOARACI,2026-08-13 11:08:20.694288-03:00,0806235-54.2026.8.14.0201,CUMPRIMENTO DE SENTENÇA (156),CLARICE DOS SANTOS OTONI
CÍVEL,ICOARACI,1ª DEFENSORIA PÚBLICA CÍVEL DE ICOARACI,2026-08-17 09:27:21.098743-03:00,0806317-85.2026.8.14.0201,DIVÓRCIO LITIGIOSO (12541),CLARICE DOS SANTOS OTONI
CÍVEL,ICOARACI,1ª DEFENSORIA PÚBLICA CÍVEL DE ICOARACI,2026-08-17 10:28:10.883889-03:00,0801397-41.2026.8.14.0501,DIVÓRCIO LITIGIOSO (12541),CLARICE DOS SANTOS OTONI
CÍVEL,ICOARACI,1ª DEFENSORIA PÚBLICA CÍVEL DE ICOARACI,2026-08-18 08:41:53.398297-03:00,0806315-18.2026.8.14.0201,CUMPRIMENTO DE SENTENÇA (156),CLARICE DOS SANTOS OTONI
CÍVEL,ICOARACI,1ª DEFENSORIA PÚBLICA CÍVEL DE ICOARACI,2026-08-19 08:34:44.239111-03:00,0806353-30.2026.8.14.0201,DIVÓRCIO LITIGIOSO (12541),CLARICE DOS SANTOS OTONI
CÍVEL,ICOARACI,1ª DEFENSORIA PÚBLICA CÍVEL DE ICOARACI,2026-08-19 08:51:31.497959-03:00,0806351-60.2026.8.14.0201,DIVÓRCIO CONSENSUAL (12372),CLARICE DOS SANTOS OTONI
CÍVEL,ICOARACI,1ª DEFENSORIA PÚBLICA CÍVEL DE ICOARACI,2026-08-19 10:42:58.962833-03:00,0806371-51.2026.8.14.0201,GUARDA DE FAMÍLIA,CLARICE DOS SANTOS OTONI
CÍVEL,ICOARACI,1ª DEFENSORIA PÚBLICA CÍVEL DE ICOARACI,2026-08-19 10:55:50.954950-03:00,0806362-89.2026.8.14.0201,PROCEDIMENTO COMUM CÍVEL (7),CLARICE DOS SANTOS OTONI
CÍVEL,ICOARACI,1ª DEFENSORIA PÚBLICA CÍVEL DE ICOARACI,2026-08-20 08:41:48.317830-03:00,0806391-42.2026.8.14.0201,DIVÓRCIO LITIGIOSO (12541),CLARICE DOS SANTOS OTONI
CÍVEL,ICOARACI,1ª DEFENSORIA PÚBLICA CÍVEL DE ICOARACI,2026-08-20 13:49:26.835029-03:00,0806426-02.2026.8.14.0201,PROCEDIMENTO COMUM CÍVEL (7),CLARICE DOS SANTOS OTONI
CÍVEL,ICOARACI,1ª DEFENSORIA PÚBLICA CÍVEL DE ICOARACI,2026-08-21 10:09:04.717109-03:00,0806427-84.2026.8.14.0201,ALIMENTOS - LEI ESPECIAL Nº 5.478/68 (69),CLARICE DOS SANTOS OTONI
CÍVEL,ICOARACI,1ª DEFENSORIA PÚBLICA CÍVEL DE ICOARACI,2026-08-28 09:52:17.839111-03:00,0806727-46.2026.8.14.0201,GUARDA DE FAMÍLIA,CLARICE DOS SANTOS OTONI
CÍVEL,ICOARACI,1ª DEFENSORIA PÚBLICA CÍVEL DE ICOARACI,2026-08-31 09:41:08.441613-03:00,0806725-76.2026.8.14.0201,ALIMENTOS - LEI ESPECIAL Nº 5.478/68 (69),CLARICE DOS SANTOS OTONI
CÍVEL,ICOARACI,1ª DEFENSORIA PÚBLICA CÍVEL DE ICOARACI,2026-08-31 11:37:25.051359-03:00,0806731-83.2026.8.14.0201,GUARDA DE FAMÍLIA,CLARICE DOS SANTOS OTONI
CÍVEL,ICOARACI,1ª DEFENSORIA PÚBLICA CÍVEL DE ICOARACI,2026-09-01 10:08:33.706052-03:00,0806765-58.2026.8.14.0201,CUMPRIMENTO DE SENTENÇA (156),CLARICE DOS SANTOS OTONI
CÍVEL,ICOARACI,1ª DEFENSORIA PÚBLICA CÍVEL DE ICOARACI,2026-09-01 10:42:28.765274-03:00,0806764-73.2026.8.14.0201,CUMPRIMENTO DE SENTENÇA (156),CLARICE DOS SANTOS OTONI
CÍVEL,ICOARACI,1ª DEFENSORIA PÚBLICA CÍVEL DE ICOARACI,2026-09-01 11:40:29.962013-03:00,0806785-49.2026.8.14.0201,DIVÓRCIO LITIGIOSO (12541),CLARICE DOS SANTOS OTONI
CÍVEL,ICOARACI,1ª DEFENSORIA PÚBLICA CÍVEL DE ICOARACI,2026-09-02 09:38:22.624252-03:00,0806793-26.2026.8.14.0201,PROCEDIMENTO COMUM CÍVEL (7),CLARICE DOS SANTOS OTONI
CÍVEL,ICOARACI,1ª DEFENSORIA PÚBLICA CÍVEL DE ICOARACI,2026-09-02 11:32:18.956284-03:00,0806789-86.2026.8.14.0201,GUARDA DE FAMÍLIA,CLARICE DOS SANTOS OTONI
CÍVEL,ICOARACI,1ª DEFENSORIA PÚBLICA CÍVEL DE ICOARACI,2026-09-02 12:18:35.211029-03:00,0806795-93.2026.8.14.0201,DIVÓRCIO LITIGIOSO (12541),CLARICE DOS SANTOS OTONI
CÍVEL,ICOARACI,1ª DEFENSORIA PÚBLICA CÍVEL DE ICOARACI,2026-09-03 09:48:47.825310-03:00,0806834-90.2026.8.14.0201,ALIMENTOS - LEI ESPECIAL Nº 5.478/68 (69),CLARICE DOS SANTOS OTONI
CÍVEL,ICOARACI,1ª DEFENSORIA PÚBLICA CÍVEL DE ICOARACI,2026-09-03 10:24:22.308663-03:00,0806833-08.2026.8.14.0201,PROCEDIMENTO COMUM CÍVEL (7),CLARICE DOS SANTOS OTONI
CÍVEL,ICOARACI,1ª DEFENSORIA PÚBLICA CÍVEL DE ICOARACI,2026-09-16 12:35:36.744038-03:00,0807266-12.2026.8.14.0201,ALIMENTOS - LEI ESPECIAL Nº 5.478/68 (69),CLARICE DOS SANTOS OTONI
CÍVEL,ICOARACI,1ª DEFENSORIA PÚBLICA CÍVEL DE ICOARACI,2026-09-16 13:36:34.055394-03:00,0807267-94.2026.8.14.0201,PROCEDIMENTO COMUM CÍVEL (7),CLARICE DOS SANTOS OTONI
CÍVEL,ICOARACI,1ª DEFENSORIA PÚBLICA CÍVEL DE ICOARACI,2026-09-17 09:32:59.215774-03:00,0807290-40.2026.8.14.0201,DIVÓRCIO CONSENSUAL (12372),CLARICE DOS SANTOS OTONI
CÍVEL,ICOARACI,1ª DEFENSORIA PÚBLICA CÍVEL DE ICOARACI,2026-09-17 10:20:12.986860-03:00,0807369-19.2026.8.14.0201,DIVÓRCIO CONSENSUAL (12372),CLARICE DOS SANTOS OTONI
CÍVEL,ICOARACI,1ª DEFENSORIA PÚBLICA CÍVEL DE ICOARACI,2026-09-17 12:28:47.262918-03:00,0807315-53.2026.8.14.0201,PROCEDIMENTO COMUM CÍVEL (7),CLARICE DOS SANTOS OTONI
CÍVEL,ICOARACI,1ª DEFENSORIA PÚBLICA CÍVEL DE ICOARACI,2026-09-17 12:58:15.456887-03:00,0807316-38.2026.8.14.0201,DIVÓRCIO LITIGIOSO (12541),CLARICE DOS SANTOS OTONI
CÍVEL,ICOARACI,1ª DEFENSORIA PÚBLICA CÍVEL DE ICOARACI,2026-09-18 10:04:53.068109-03:00,0807338-96.2026.8.14.0201,RETIFICAÇÃO OU SUPRIMENTO OU RESTAURAÇÃO DE REGISTRO CIVIL (1682),CLARICE DOS SANTOS OTONI
CÍVEL,ICOARACI,1ª DEFENSORIA PÚBLICA CÍVEL DE ICOARACI,2026-09-18 10:25:25.414829-03:00,0807337-14.2026.8.14.0201,RETIFICAÇÃO OU SUPRIMENTO OU RESTAURAÇÃO DE REGISTRO CIVIL (1682),CLARICE DOS SANTOS OTONI
CÍVEL,ICOARACI,1ª DEFENSORIA PÚBLICA CÍVEL DE ICOARACI,2026-09-18 10:30:31.574845-03:00,0807336-29.2026.8.14.0201,RETIFICAÇÃO OU SUPRIMENTO OU RESTAURAÇÃO DE REGISTRO CIVIL (1682),CLARICE DOS SANTOS OTONI
CÍVEL,ICOARACI,1ª DEFENSORIA PÚBLICA CÍVEL DE ICOARACI,2026-09-18 10:31:54.522099-03:00,0807335-44.2026.8.14.0201,RETIFICAÇÃO OU SUPRIMENTO OU RESTAURAÇÃO DE REGISTRO CIVIL (1682),CLARICE DOS SANTOS OTONI
CÍVEL,ICOARACI,1ª DEFENSORIA PÚBLICA CÍVEL DE ICOARACI,2026-09-18 10:47:32.650377-03:00,0807342-36.2026.8.14.0201,RETIFICAÇÃO OU SUPRIMENTO OU RESTAURAÇÃO DE REGISTRO CIVIL (1682),CLARICE DOS SANTOS OTONI
CÍVEL,ICOARACI,1ª DEFENSORIA PÚBLICA CÍVEL DE ICOARACI,2026-09-18 11:17:49.276022-03:00,0807343-21.2026.8.14.0201,RETIFICAÇÃO OU SUPRIMENTO OU RESTAURAÇÃO DE REGISTRO CIVIL (1682),CLARICE DOS SANTOS OTONI
CÍVEL,ICOARACI,1ª DEFENSORIA PÚBLICA CÍVEL DE ICOARACI,2026-09-18 11:35:41.672184-03:00,0807367-49.2026.8.14.0201,RETIFICAÇÃO OU SUPRIMENTO OU RESTAURAÇÃO DE REGISTRO CIVIL (1682),CLARICE DOS SANTOS OTONI
CÍVEL,ICOARACI,1ª DEFENSORIA PÚBLICA CÍVEL DE ICOARACI,2026-09-18 11:46:51.294610-03:00,0807368-34.2026.8.14.0201,RETIFICAÇÃO OU SUPRIMENTO OU RESTAURAÇÃO DE REGISTRO CIVIL (1682),CLARICE DOS SANTOS OTONI
CÍVEL,ICOARACI,1ª DEFENSORIA PÚBLICA DA INFANCIA E JUVENTUDE ICOARACI,2026-01-23 11:18:33.370815-03:00,0800455-36.2026.8.14.0201,ADOÇÃO FORA DO CADASTRO,WALBERT PANTOJA DE BRITO
CÍVEL,ICOARACI,1ª DEFENSORIA PÚBLICA DA INFANCIA E JUVENTUDE ICOARACI,2026-02-27 13:16:31.046898-03:00,0801162-04.2026.8.14.0201,ADOÇÃO FORA DO CADASTRO,WALBERT PANTOJA DE BRITO
CÍVEL,ICOARACI,1ª DEFENSORIA PÚBLICA DA INFANCIA E JUVENTUDE ICOARACI,2026-02-27 13:47:40.046885-03:00,0801164-71.2026.8.14.0201,ADOÇÃO FORA DO CADASTRO,WALBERT PANTOJA DE BRITO
CÍVEL,ICOARACI,1ª DEFENSORIA PÚBLICA DA INFANCIA E JUVENTUDE ICOARACI,2026-03-04 14:42:46.743153-03:00,0801260-86.2026.8.14.0201,DESTITUIÇÃO DO PODER FAMILIAR,WALBERT PANTOJA DE BRITO
CÍVEL,ICOARACI,1ª DEFENSORIA PÚBLICA DA INFANCIA E JUVENTUDE ICOARACI,2026-03-05 11:23:32.324331-03:00,0801270-33.2026.8.14.0201,PROCEDIMENTO COMUM INFÂNCIA E JUVENTUDE (1706),WALBERT PANTOJA DE BRITO
CÍVEL,ICOARACI,1ª DEFENSORIA PÚBLICA DA INFANCIA E JUVENTUDE ICOARACI,2026-03-14 09:12:20.467844-03:00,0801554-41.2026.8.14.0201,RETIFICAÇÃO OU SUPRIMENTO OU RESTAURAÇÃO DE REGISTRO CIVIL (1682),WALBERT PANTOJA DE BRITO
CÍVEL,ICOARACI,1ª DEFENSORIA PÚBLICA DA INFANCIA E JUVENTUDE ICOARACI,2026-03-14 10:03:18.990140-03:00,0801564-85.2026.8.14.0201,RETIFICAÇÃO OU SUPRIMENTO OU RESTAURAÇÃO DE REGISTRO CIVIL (1682),WALBERT PANTOJA DE BRITO
CÍVEL,ICOARACI,1ª DEFENSORIA PÚBLICA DA INFANCIA E JUVENTUDE ICOARACI,2026-03-14 11:04:10.041501-03:00,0801580-39.2026.8.14.0201,ALIMENTOS - LEI ESPECIAL Nº 5.478/68 (69),WALBERT PANTOJA DE BRITO
CÍVEL,ICOARACI,1ª DEFENSORIA PÚBLICA DA INFANCIA E JUVENTUDE ICOARACI,2026-03-14 11:48:18.269452-03:00,0801594-23.2026.8.14.0201,DIVÓRCIO CONSENSUAL (12372),WALBERT PANTOJA DE BRITO
CÍVEL,ICOARACI,1ª DEFENSORIA PÚBLICA DA INFANCIA E JUVENTUDE ICOARACI,2026-03-14 12:26:37.325928-03:00,0801610-74.2026.8.14.0201,ALIMENTOS - LEI ESPECIAL Nº 5.478/68 (69),WALBERT PANTOJA DE BRITO
CÍVEL,ICOARACI,1ª DEFENSORIA PÚBLICA DA INFANCIA E JUVENTUDE ICOARACI,2026-03-14 15:02:14.935460-03:00,0801680-91.2026.8.14.0201,ALIMENTOS - LEI ESPECIAL Nº 5.478/68 (69),WALBERT PANTOJA DE BRITO
CÍVEL,ICOARACI,1ª DEFENSORIA PÚBLICA DA INFANCIA E JUVENTUDE ICOARACI,2026-03-17 09:05:43.449127-03:00,0801718-06.2026.8.14.0201,PROCEDIMENTO COMUM INFÂNCIA E JUVENTUDE (1706),WALBERT PANTOJA DE BRITO
CÍVEL,ICOARACI,1ª DEFENSORIA PÚBLICA DA INFANCIA E JUVENTUDE ICOARACI,2026-03-19 13:23:54.442390-03:00,0801947-63.2026.8.14.0201,ADOÇÃO FORA DO CADASTRO C/C DESTITUIÇÃO DO PODER FAMILIAR,WALBERT PANTOJA DE BRITO
CÍVEL,ICOARACI,1ª DEFENSORIA PÚBLICA DA INFANCIA E JUVENTUDE ICOARACI,2026-03-20 09:29:36.081198-03:00,0801981-38.2026.8.14.0201,PROCEDIMENTO COMUM INFÂNCIA E JUVENTUDE (1706),WALBERT PANTOJA DE BRITO
CÍVEL,ICOARACI,1ª DEFENSORIA PÚBLICA DA INFANCIA E JUVENTUDE ICOARACI,2026-04-10 07:40:59.039481-03:00,0802369-38.2026.8.14.0201,PROCEDIMENTO COMUM INFÂNCIA E JUVENTUDE (1706),WALBERT PANTOJA DE BRITO
CÍVEL,ICOARACI,1ª DEFENSORIA PÚBLICA DA INFANCIA E JUVENTUDE ICOARACI,2026-05-07 13:13:27.424454-03:00,0803311-70.2026.8.14.0201,SUSPENSÃO DO PODER FAMILIAR,WALBERT PANTOJA DE BRITO
CÍVEL,ICOARACI,1ª DEFENSORIA PÚBLICA DA INFANCIA E JUVENTUDE ICOARACI,2026-05-08 10:13:45.304475-03:00,0803348-97.2026.8.14.0201,AÇÃO CIVIL PÚBLICA INFÂNCIA E JUVENTUDE (1690),WALBERT PANTOJA DE BRITO
CÍVEL,ICOARACI,1ª DEFENSORIA PÚBLICA DA INFANCIA E JUVENTUDE ICOARACI,2026-06-03 13:38:45.052235-03:00,0804106-76.2026.8.14.0201,PROCEDIMENTO COMUM CÍVEL (7),WALBERT PANTOJA DE BRITO
CÍVEL,ICOARACI,1ª DEFENSORIA PÚBLICA DA INFANCIA E JUVENTUDE ICOARACI,2026-06-08 14:13:52.495004-03:00,0804178-63.2026.8.14.0201,ADOÇÃO FORA DO CADASTRO C/C DESTITUIÇÃO DO PODER FAMILIAR,WALBERT PANTOJA DE BRITO
CÍVEL,ICOARACI,1ª DEFENSORIA PÚBLICA DA INFANCIA E JUVENTUDE ICOARACI,2026-06-22 09:36:12.335863-03:00,0804561-41.2026.8.14.0201,PROCEDIMENTO COMUM INFÂNCIA E JUVENTUDE (1706),WALBERT PANTOJA DE BRITO
CÍVEL,ICOARACI,1ª DEFENSORIA PÚBLICA DA INFANCIA E JUVENTUDE ICOARACI,2026-06-22 12:47:02.468520-03:00,0804566-63.2026.8.14.0201,PROCEDIMENTO COMUM INFÂNCIA E JUVENTUDE (1706),WALBERT PANTOJA DE BRITO
CÍVEL,ICOARACI,1ª DEFENSORIA PÚBLICA DA INFANCIA E JUVENTUDE ICOARACI,2026-06-24 12:20:59.758976-03:00,0804629-88.2026.8.14.0201,PROCEDIMENTO COMUM INFÂNCIA E JUVENTUDE (1706),WALBERT PANTOJA DE BRITO
CÍVEL,ICOARACI,1ª DEFENSORIA PÚBLICA DA INFANCIA E JUVENTUDE ICOARACI,2026-07-13 10:31:56.549277-03:00,0805173-76.2026.8.14.0201,AÇÃO CIVIL PÚBLICA INFÂNCIA E JUVENTUDE (1690),WALBERT PANTOJA DE BRITO
CÍVEL,ICOARACI,1ª DEFENSORIA PÚBLICA DA INFANCIA E JUVENTUDE ICOARACI,2026-07-15 11:52:41.318653-03:00,0805263-84.2026.8.14.0201,ADOÇÃO FORA DO CADASTRO C/C DESTITUIÇÃO DO PODER FAMILIAR,WALBERT PANTOJA DE BRITO
CÍVEL,ICOARACI,1ª DEFENSORIA PÚBLICA DA INFANCIA E JUVENTUDE ICOARACI,2026-07-28 09:54:11.357883-03:00,0805639-70.2026.8.14.0201,PROCEDIMENTO COMUM INFÂNCIA E JUVENTUDE (1706),MÁRCIO ALVES FIGUEIRA
CÍVEL,ICOARACI,1ª DEFENSORIA PÚBLICA DA INFANCIA E JUVENTUDE ICOARACI,2026-08-27 13:32:09.535846-03:00,0806633-98.2026.8.14.0201,PROCEDIMENTO COMUM INFÂNCIA E JUVENTUDE (1706),WALBERT PANTOJA DE BRITO
CÍVEL,ICOARACI,1ª DEFENSORIA PÚBLICA DA INFANCIA E JUVENTUDE ICOARACI,2026-09-02 12:59:48.215108-03:00,0806797-63.2026.8.14.0201,ADOÇÃO FORA DO CADASTRO,WALBERT PANTOJA DE BRITO
CÍVEL,ICOARACI,1ª DEFENSORIA PÚBLICA DA INFANCIA E JUVENTUDE ICOARACI,2026-09-02 14:17:00.916012-03:00,0806814-02.2026.8.14.0201,ADOÇÃO FORA DO CADASTRO,WALBERT PANTOJA DE BRITO
CÍVEL,ICOARACI,1ª DEFENSORIA PÚBLICA DA INFANCIA E JUVENTUDE ICOARACI,2026-09-11 10:17:35.161475-03:00,0807113-76.2026.8.14.0201,RETIFICAÇÃO OU SUPRIMENTO OU RESTAURAÇÃO DE REGISTRO CIVIL (1682),WALBERT PANTOJA DE BRITO
CÍVEL,ICOARACI,1ª DEFENSORIA PÚBLICA DA INFANCIA E JUVENTUDE ICOARACI,2026-09-11 11:28:25.023044-03:00,0807118-98.2026.8.14.0201,RETIFICAÇÃO OU SUPRIMENTO OU RESTAURAÇÃO DE REGISTRO CIVIL (1682),WALBERT PANTOJA DE BRITO
CÍVEL,ICOARACI,1ª DEFENSORIA PÚBLICA DA INFANCIA E JUVENTUDE ICOARACI,2026-09-18 09:42:56.532492-03:00,0807334-59.2026.8.14.0201,RETIFICAÇÃO OU SUPRIMENTO OU RESTAURAÇÃO DE REGISTRO CIVIL (1682),WALBERT PANTOJA DE BRITO
CÍVEL,ICOARACI,1ª DEFENSORIA PÚBLICA DA INFANCIA E JUVENTUDE ICOARACI,2026-09-23 10:20:59.943001-03:00,0807515-60.2026.8.14.0201,AÇÃO CIVIL PÚBLICA INFÂNCIA E JUVENTUDE (1690),WALBERT PANTOJA DE BRITO
CÍVEL,ICOARACI,1ª DEFENSORIA PÚBLICA DO JUIZADO CRIMINAL ICOARACI,2026-03-14 09:53:06.714022-03:00,0801562-18.2026.8.14.0201,ALIMENTOS - LEI ESPECIAL Nº 5.478/68 (69),JOÃO PERES DE ANDRADE FILHO
CÍVEL,ICOARACI,1ª DEFENSORIA PÚBLICA DO JUIZADO CRIMINAL ICOARACI,2026-03-14 10:45:01.120407-03:00,0801576-02.2026.8.14.0201,ALIMENTOS - LEI ESPECIAL Nº 5.478/68 (69),JOÃO PERES DE ANDRADE FILHO
CÍVEL,ICOARACI,1ª DEFENSORIA PÚBLICA DO JUIZADO CRIMINAL ICOARACI,2026-03-14 11:02:47.126809-03:00,0801579-54.2026.8.14.0201,RETIFICAÇÃO OU SUPRIMENTO OU RESTAURAÇÃO DE REGISTRO CIVIL (1682),JOÃO PERES DE ANDRADE FILHO
CÍVEL,ICOARACI,1ª DEFENSORIA PÚBLICA DO JUIZADO CRIMINAL ICOARACI,2026-03-14 11:59:32.887259-03:00,0801598-60.2026.8.14.0201,ALIMENTOS - LEI ESPECIAL Nº 5.478/68 (69),JOÃO PERES DE ANDRADE FILHO
CÍVEL,ICOARACI,1ª DEFENSORIA PÚBLICA DO JUIZADO CRIMINAL ICOARACI,2026-03-14 12:58:21.490427-03:00,0801624-58.2026.8.14.0201,ALIMENTOS - LEI ESPECIAL Nº 5.478/68 (69),JOÃO PERES DE ANDRADE FILHO
CÍVEL,ICOARACI,2ª DEFENSORIA PÚBLICA CÍVEL DE ICOARACI,2026-01-08 09:33:27.067676-03:00,0800114-10.2026.8.14.0201,ALIMENTOS - LEI ESPECIAL Nº 5.478/68 (69),GABRIEL MONTENEGRO DUARTE PEREIRA
CÍVEL,ICOARACI,2ª DEFENSORIA PÚBLICA CÍVEL DE ICOARACI,2026-01-08 10:30:47.152902-03:00,0800113-25.2026.8.14.0201,AÇÃO DE ALIMENTOS DE INFÂNCIA E JUVENTUDE (1389),GABRIEL MONTENEGRO DUARTE PEREIRA
CÍVEL,ICOARACI,2ª DEFENSORIA PÚBLICA CÍVEL DE ICOARACI,2026-01-08 11:38:10.112910-03:00,0800117-62.2026.8.14.0201,ALIMENTOS - LEI ESPECIAL Nº 5.478/68 (69),GABRIEL MONTENEGRO DUARTE PEREIRA
CÍVEL,ICOARACI,2ª DEFENSORIA PÚBLICA CÍVEL DE ICOARACI,2026-01-12 09:11:59.758950-03:00,0800161-81.2026.8.14.0201,DIVÓRCIO LITIGIOSO (12541),GABRIEL MONTENEGRO DUARTE PEREIRA
CÍVEL,ICOARACI,2ª DEFENSORIA PÚBLICA CÍVEL DE ICOARACI,2026-01-12 11:59:08.483429-03:00,0800164-36.2026.8.14.0201,ALIMENTOS - LEI ESPECIAL Nº 5.478/68 (69),GABRIEL MONTENEGRO DUARTE PEREIRA
CÍVEL,ICOARACI,2ª DEFENSORIA PÚBLICA CÍVEL DE ICOARACI,2026-01-13 10:35:00.213441-03:00,0800184-27.2026.8.14.0201,ALIMENTOS - LEI ESPECIAL Nº 5.478/68 (69),GABRIEL MONTENEGRO DUARTE PEREIRA
CÍVEL,ICOARACI,2ª DEFENSORIA PÚBLICA CÍVEL DE ICOARACI,2026-01-13 12:55:28.805504-03:00,0800186-94.2026.8.14.0201,CUMPRIMENTO DE SENTENÇA (156),GABRIEL MONTENEGRO DUARTE PEREIRA
CÍVEL,ICOARACI,2ª DEFENSORIA PÚBLICA CÍVEL DE ICOARACI,2026-01-15 13:23:09.638378-03:00,0800233-68.2026.8.14.0201,GUARDA DE INFÂNCIA E JUVENTUDE (1420),GABRIEL MONTENEGRO DUARTE PEREIRA
CÍVEL,ICOARACI,2ª DEFENSORIA PÚBLICA CÍVEL DE ICOARACI,2026-01-15 14:40:33.601465-03:00,0800232-83.2026.8.14.0201,ALIMENTOS - LEI ESPECIAL Nº 5.478/68 (69),GABRIEL MONTENEGRO DUARTE PEREIRA
CÍVEL,ICOARACI,2ª DEFENSORIA PÚBLICA CÍVEL DE ICOARACI,2026-01-16 10:03:41.759775-03:00,0800237-08.2026.8.14.0201,DIVÓRCIO CONSENSUAL (12372),GABRIEL MONTENEGRO DUARTE PEREIRA
CÍVEL,ICOARACI,2ª DEFENSORIA PÚBLICA CÍVEL DE ICOARACI,2026-01-16 11:40:38.738869-03:00,0800242-30.2026.8.14.0201,ALIMENTOS - LEI ESPECIAL Nº 5.478/68 (69),GABRIEL MONTENEGRO DUARTE PEREIRA
CÍVEL,ICOARACI,2ª DEFENSORIA PÚBLICA CÍVEL DE ICOARACI,2026-01-19 10:52:04.700297-03:00,0800281-27.2026.8.14.0201,ALIMENTOS - LEI ESPECIAL Nº 5.478/68 (69),GABRIEL MONTENEGRO DUARTE PEREIRA
CÍVEL,ICOARACI,2ª DEFENSORIA PÚBLICA CÍVEL DE ICOARACI,2026-01-20 10:06:33.548238-03:00,0800316-84.2026.8.14.0201,GUARDA DE INFÂNCIA E JUVENTUDE (1420),GABRIEL MONTENEGRO DUARTE PEREIRA
CÍVEL,ICOARACI,2ª DEFENSORIA PÚBLICA CÍVEL DE ICOARACI,2026-01-20 10:46:16.351638-03:00,0800309-92.2026.8.14.0201,ALIMENTOS - LEI ESPECIAL Nº 5.478/68 (69),GABRIEL MONTENEGRO DUARTE PEREIRA
CÍVEL,ICOARACI,2ª DEFENSORIA PÚBLICA CÍVEL DE ICOARACI,2026-01-20 11:46:04.968180-03:00,0800315-02.2026.8.14.0201,AÇÃO DE ALIMENTOS DE INFÂNCIA E JUVENTUDE (1389),GABRIEL MONTENEGRO DUARTE PEREIRA
CÍVEL,ICOARACI,2ª DEFENSORIA PÚBLICA CÍVEL DE ICOARACI,2026-01-21 10:31:05.839173-03:00,0800341-97.2026.8.14.0201,ALIMENTOS - LEI ESPECIAL Nº 5.478/68 (69),GABRIEL MONTENEGRO DUARTE PEREIRA
CÍVEL,ICOARACI,2ª DEFENSORIA PÚBLICA CÍVEL DE ICOARACI,2026-01-21 18:00:50.452509-03:00,0800358-36.2026.8.14.0201,ALIMENTOS - LEI ESPECIAL Nº 5.478/68 (69),GABRIEL MONTENEGRO DUARTE PEREIRA
CÍVEL,ICOARACI,2ª DEFENSORIA PÚBLICA CÍVEL DE ICOARACI,2026-01-23 09:35:55.901713-03:00,0800388-71.2026.8.14.0201,AÇÃO DE ALIMENTOS DE INFÂNCIA E JUVENTUDE (1389),GABRIEL MONTENEGRO DUARTE PEREIRA
CÍVEL,ICOARACI,2ª DEFENSORIA PÚBLICA CÍVEL DE ICOARACI,2026-01-23 09:39:21.292249-03:00,0800389-56.2026.8.14.0201,PROCEDIMENTO COMUM CÍVEL (7),GABRIEL MONTENEGRO DUARTE PEREIRA
CÍVEL,ICOARACI,2ª DEFENSORIA PÚBLICA CÍVEL DE ICOARACI,2026-01-23 11:15:02.209785-03:00,0800395-63.2026.8.14.0201,AÇÃO DE ALIMENTOS DE INFÂNCIA E JUVENTUDE (1389),GABRIEL MONTENEGRO DUARTE PEREIRA
CÍVEL,ICOARACI,2ª DEFENSORIA PÚBLICA CÍVEL DE ICOARACI,2026-01-23 12:50:10.726619-03:00,0800404-25.2026.8.14.0201,ALIMENTOS - LEI ESPECIAL Nº 5.478/68 (69),GABRIEL MONTENEGRO DUARTE PEREIRA
CÍVEL,ICOARACI,2ª DEFENSORIA PÚBLICA CÍVEL DE ICOARACI,2026-01-26 14:16:05.919773-03:00,0800462-28.2026.8.14.0201,DIVÓRCIO LITIGIOSO (12541),GABRIEL MONTENEGRO DUARTE PEREIRA
CÍVEL,ICOARACI,2ª DEFENSORIA PÚBLICA CÍVEL DE ICOARACI,2026-01-28 09:59:40.125326-03:00,0800503-92.2026.8.14.0201,DIVÓRCIO CONSENSUAL (12372),GABRIEL MONTENEGRO DUARTE PEREIRA
CÍVEL,ICOARACI,2ª DEFENSORIA PÚBLICA CÍVEL DE ICOARACI,2026-01-28 12:37:53.725034-03:00,0800237-29.2026.8.14.0097,AÇÃO DE ALIMENTOS DE INFÂNCIA E JUVENTUDE (1389),GABRIEL MONTENEGRO DUARTE PEREIRA
CÍVEL,ICOARACI,2ª DEFENSORIA PÚBLICA CÍVEL DE ICOARACI,2026-01-29 08:25:03.061449-03:00,0800523-83.2026.8.14.0201,DIVÓRCIO CONSENSUAL (12372),GABRIEL MONTENEGRO DUARTE PEREIRA
CÍVEL,ICOARACI,2ª DEFENSORIA PÚBLICA CÍVEL DE ICOARACI,2026-01-29 09:22:07.732594-03:00,0800524-68.2026.8.14.0201,AÇÃO DE ALIMENTOS DE INFÂNCIA E JUVENTUDE (1389),GABRIEL MONTENEGRO DUARTE PEREIRA
CÍVEL,ICOARACI,2ª DEFENSORIA PÚBLICA CÍVEL DE ICOARACI,2026-01-29 11:50:51.218113-03:00,0800531-60.2026.8.14.0201,DIVÓRCIO CONSENSUAL (12372),GABRIEL MONTENEGRO DUARTE PEREIRA
CÍVEL,ICOARACI,2ª DEFENSORIA PÚBLICA CÍVEL DE ICOARACI,2026-01-30 10:41:38.835745-03:00,0800555-88.2026.8.14.0201,ALIMENTOS - LEI ESPECIAL Nº 5.478/68 (69),GABRIEL MONTENEGRO DUARTE PEREIRA
CÍVEL,ICOARACI,2ª DEFENSORIA PÚBLICA CÍVEL DE ICOARACI,2026-01-30 11:58:33.949501-03:00,0800976-54.2026.8.14.0015,AÇÃO DE ALIMENTOS DE INFÂNCIA E JUVENTUDE (1389),GABRIEL MONTENEGRO DUARTE PEREIRA
CÍVEL,ICOARACI,2ª DEFENSORIA PÚBLICA CÍVEL DE ICOARACI,2026-01-30 15:01:25.412578-03:00,0800584-41.2026.8.14.0201,ALIMENTOS - LEI ESPECIAL Nº 5.478/68 (69),GABRIEL MONTENEGRO DUARTE PEREIRA
CÍVEL,ICOARACI,2ª DEFENSORIA PÚBLICA CÍVEL DE ICOARACI,2026-02-02 09:52:27.596252-03:00,0800643-29.2026.8.14.0201,AÇÃO DE ALIMENTOS DE INFÂNCIA E JUVENTUDE (1389),GABRIEL MONTENEGRO DUARTE PEREIRA
CÍVEL,ICOARACI,2ª DEFENSORIA PÚBLICA CÍVEL DE ICOARACI,2026-02-02 12:42:06.278975-03:00,0800597-40.2026.8.14.0201,GUARDA DE INFÂNCIA E JUVENTUDE (1420),GABRIEL MONTENEGRO DUARTE PEREIRA
CÍVEL,ICOARACI,2ª DEFENSORIA PÚBLICA CÍVEL DE ICOARACI,2026-02-03 11:47:32.855457-03:00,0800629-45.2026.8.14.0201,PROCEDIMENTO COMUM CÍVEL (7),GABRIEL MONTENEGRO DUARTE PEREIRA
CÍVEL,ICOARACI,2ª DEFENSORIA PÚBLICA CÍVEL DE ICOARACI,2026-02-04 12:21:36.708142-03:00,0800676-19.2026.8.14.0201,GUARDA DE INFÂNCIA E JUVENTUDE (1420),GABRIEL MONTENEGRO DUARTE PEREIRA
CÍVEL,ICOARACI,2ª DEFENSORIA PÚBLICA CÍVEL DE ICOARACI,2026-02-05 08:37:16.735132-03:00,0800689-18.2026.8.14.0201,ALIMENTOS - LEI ESPECIAL Nº 5.478/68 (69),GABRIEL MONTENEGRO DUARTE PEREIRA
CÍVEL,ICOARACI,2ª DEFENSORIA PÚBLICA CÍVEL DE ICOARACI,2026-02-09 10:18:35.808364-03:00,0800773-19.2026.8.14.0201,CUMPRIMENTO DE SENTENÇA (156),GABRIEL MONTENEGRO DUARTE PEREIRA
CÍVEL,ICOARACI,2ª DEFENSORIA PÚBLICA CÍVEL DE ICOARACI,2026-02-09 11:27:45.646262-03:00,0800776-71.2026.8.14.0201,AÇÃO DE ALIMENTOS DE INFÂNCIA E JUVENTUDE (1389),GABRIEL MONTENEGRO DUARTE PEREIRA
CÍVEL,ICOARACI,2ª DEFENSORIA PÚBLICA CÍVEL DE ICOARACI,2026-02-09 13:40:15.567021-03:00,0800788-85.2026.8.14.0201,ALIMENTOS - LEI ESPECIAL Nº 5.478/68 (69),GABRIEL MONTENEGRO DUARTE PEREIRA
CÍVEL,ICOARACI,2ª DEFENSORIA PÚBLICA CÍVEL DE ICOARACI,2026-02-10 10:02:37.180806-03:00,0800808-76.2026.8.14.0201,ALIMENTOS - LEI ESPECIAL Nº 5.478/68 (69),GABRIEL MONTENEGRO DUARTE PEREIRA
CÍVEL,ICOARACI,2ª DEFENSORIA PÚBLICA CÍVEL DE ICOARACI,2026-02-10 10:43:31.943099-03:00,0800843-36.2026.8.14.0201,DIVÓRCIO CONSENSUAL (12372),GABRIEL MONTENEGRO DUARTE PEREIRA
CÍVEL,ICOARACI,2ª DEFENSORIA PÚBLICA CÍVEL DE ICOARACI,2026-02-10 12:08:57.561866-03:00,0800813-98.2026.8.14.0201,DIVÓRCIO CONSENSUAL (12372),GABRIEL MONTENEGRO DUARTE PEREIRA
CÍVEL,ICOARACI,2ª DEFENSORIA PÚBLICA CÍVEL DE ICOARACI,2026-02-11 10:22:43.888771-03:00,0800835-59.2026.8.14.0201,DIVÓRCIO CONSENSUAL (12372),GABRIEL MONTENEGRO DUARTE PEREIRA
CÍVEL,ICOARACI,2ª DEFENSORIA PÚBLICA CÍVEL DE ICOARACI,2026-02-11 10:43:00.527820-03:00,0800837-29.2026.8.14.0201,DIVÓRCIO CONSENSUAL (12372),GABRIEL MONTENEGRO DUARTE PEREIRA
CÍVEL,ICOARACI,2ª DEFENSORIA PÚBLICA CÍVEL DE ICOARACI,2026-02-11 11:29:19.025899-03:00,0800842-51.2026.8.14.0201,GUARDA DE INFÂNCIA E JUVENTUDE (1420),GABRIEL MONTENEGRO DUARTE PEREIRA
CÍVEL,ICOARACI,2ª DEFENSORIA PÚBLICA CÍVEL DE ICOARACI,2026-03-09 12:05:13.707761-03:00,0801366-48.2026.8.14.0201,AVERIGUAÇÃO DE PATERNIDADE (123),GABRIEL MONTENEGRO DUARTE PEREIRA
CÍVEL,ICOARACI,2ª DEFENSORIA PÚBLICA CÍVEL DE ICOARACI,2026-03-10 10:14:47.068571-03:00,0801430-58.2026.8.14.0201,AÇÃO DE ALIMENTOS DE INFÂNCIA E JUVENTUDE (1389),GABRIEL MONTENEGRO DUARTE PEREIRA
CÍVEL,ICOARACI,2ª DEFENSORIA PÚBLICA CÍVEL DE ICOARACI,2026-03-10 11:56:05.086024-03:00,0801426-21.2026.8.14.0201,GUARDA DE INFÂNCIA E JUVENTUDE (1420),GABRIEL MONTENEGRO DUARTE PEREIRA
CÍVEL,ICOARACI,2ª DEFENSORIA PÚBLICA CÍVEL DE ICOARACI,2026-03-11 13:58:08.158414-03:00,0801437-50.2026.8.14.0201,ALIMENTOS - LEI ESPECIAL Nº 5.478/68 (69),GABRIEL MONTENEGRO DUARTE PEREIRA
CÍVEL,ICOARACI,2ª DEFENSORIA PÚBLICA CÍVEL DE ICOARACI,2026-03-14 09:52:57.806650-03:00,0801563-03.2026.8.14.0201,RETIFICAÇÃO OU SUPRIMENTO OU RESTAURAÇÃO DE REGISTRO CIVIL (1682),GABRIEL MONTENEGRO DUARTE PEREIRA
CÍVEL,ICOARACI,2ª DEFENSORIA PÚBLICA CÍVEL DE ICOARACI,2026-03-14 10:44:39.135096-03:00,0801575-17.2026.8.14.0201,ALIMENTOS - LEI ESPECIAL Nº 5.478/68 (69),GABRIEL MONTENEGRO DUARTE PEREIRA
CÍVEL,ICOARACI,2ª DEFENSORIA PÚBLICA CÍVEL DE ICOARACI,2026-03-14 11:21:58.518605-03:00,0801585-61.2026.8.14.0201,RETIFICAÇÃO OU SUPRIMENTO OU RESTAURAÇÃO DE REGISTRO CIVIL (1682),GABRIEL MONTENEGRO DUARTE PEREIRA
CÍVEL,ICOARACI,2ª DEFENSORIA PÚBLICA CÍVEL DE ICOARACI,2026-03-14 11:38:29.073664-03:00,0801600-30.2026.8.14.0201,ALIMENTOS - LEI ESPECIAL Nº 5.478/68 (69),GABRIEL MONTENEGRO DUARTE PEREIRA
CÍVEL,ICOARACI,2ª DEFENSORIA PÚBLICA CÍVEL DE ICOARACI,2026-03-14 12:05:55.265079-03:00,0801599-45.2026.8.14.0201,ALIMENTOS - LEI ESPECIAL Nº 5.478/68 (69),GABRIEL MONTENEGRO DUARTE PEREIRA
CÍVEL,ICOARACI,2ª DEFENSORIA PÚBLICA CÍVEL DE ICOARACI,2026-03-14 12:32:36.765463-03:00,0801614-14.2026.8.14.0201,RETIFICAÇÃO OU SUPRIMENTO OU RESTAURAÇÃO DE REGISTRO CIVIL (1682),GABRIEL MONTENEGRO DUARTE PEREIRA
CÍVEL,ICOARACI,2ª DEFENSORIA PÚBLICA CÍVEL DE ICOARACI,2026-03-14 13:05:43.370891-03:00,0801636-72.2026.8.14.0201,DIVÓRCIO CONSENSUAL (12372),GABRIEL MONTENEGRO DUARTE PEREIRA
CÍVEL,ICOARACI,2ª DEFENSORIA PÚBLICA CÍVEL DE ICOARACI,2026-03-16 10:58:38.987651-03:00,0801673-02.2026.8.14.0201,ALIMENTOS - LEI ESPECIAL Nº 5.478/68 (69),GABRIEL MONTENEGRO DUARTE PEREIRA
CÍVEL,ICOARACI,2ª DEFENSORIA PÚBLICA CÍVEL DE ICOARACI,2026-03-19 13:50:58.139774-03:00,0801846-26.2026.8.14.0201,ALIMENTOS - LEI ESPECIAL Nº 5.478/68 (69),GABRIEL MONTENEGRO DUARTE PEREIRA
CÍVEL,ICOARACI,2ª DEFENSORIA PÚBLICA CÍVEL DE ICOARACI,2026-03-20 12:28:04.059451-03:00,0801841-04.2026.8.14.0201,ALIMENTOS - LEI ESPECIAL Nº 5.478/68 (69),GABRIEL MONTENEGRO DUARTE PEREIRA
CÍVEL,ICOARACI,2ª DEFENSORIA PÚBLICA CÍVEL DE ICOARACI,2026-03-24 10:21:39.869357-03:00,0801940-71.2026.8.14.0201,DIVÓRCIO CONSENSUAL (12372),GABRIEL MONTENEGRO DUARTE PEREIRA
CÍVEL,ICOARACI,2ª DEFENSORIA PÚBLICA CÍVEL DE ICOARACI,2026-03-24 11:05:21.289376-03:00,0801935-49.2026.8.14.0201,ALIMENTOS - LEI ESPECIAL Nº 5.478/68 (69),GABRIEL MONTENEGRO DUARTE PEREIRA
CÍVEL,ICOARACI,2ª DEFENSORIA PÚBLICA CÍVEL DE ICOARACI,2026-03-24 11:40:38.594437-03:00,0801939-86.2026.8.14.0201,CUMPRIMENTO PROVISÓRIO DE SENTENÇA (157),GABRIEL MONTENEGRO DUARTE PEREIRA
CÍVEL,ICOARACI,2ª DEFENSORIA PÚBLICA CÍVEL DE ICOARACI,2026-03-24 13:26:28.188238-03:00,0801988-30.2026.8.14.0201,ALIMENTOS - LEI ESPECIAL Nº 5.478/68 (69),GABRIEL MONTENEGRO DUARTE PEREIRA
CÍVEL,ICOARACI,2ª DEFENSORIA PÚBLICA CÍVEL DE ICOARACI,2026-03-25 13:17:32.358242-03:00,0801982-23.2026.8.14.0201,CUMPRIMENTO DE SENTENÇA (156),GABRIEL MONTENEGRO DUARTE PEREIRA
CÍVEL,ICOARACI,2ª DEFENSORIA PÚBLICA CÍVEL DE ICOARACI,2026-03-26 08:13:27.223600-03:00,0802006-51.2026.8.14.0201,DIVÓRCIO CONSENSUAL (12372),GABRIEL MONTENEGRO DUARTE PEREIRA
CÍVEL,ICOARACI,2ª DEFENSORIA PÚBLICA CÍVEL DE ICOARACI,2026-03-26 13:11:07.340452-03:00,0802040-26.2026.8.14.0201,DIVÓRCIO LITIGIOSO (12541),GABRIEL MONTENEGRO DUARTE PEREIRA
CÍVEL,ICOARACI,2ª DEFENSORIA PÚBLICA CÍVEL DE ICOARACI,2026-03-30 10:39:25.287838-03:00,0802105-21.2026.8.14.0201,DIVÓRCIO LITIGIOSO (12541),GABRIEL MONTENEGRO DUARTE PEREIRA
CÍVEL,ICOARACI,2ª DEFENSORIA PÚBLICA CÍVEL DE ICOARACI,2026-03-31 12:14:15.180935-03:00,0802148-55.2026.8.14.0201,ALIMENTOS - LEI ESPECIAL Nº 5.478/68 (69),GABRIEL MONTENEGRO DUARTE PEREIRA
CÍVEL,ICOARACI,2ª DEFENSORIA PÚBLICA CÍVEL DE ICOARACI,2026-04-07 10:07:39.866324-03:00,0802258-54.2026.8.14.0201,ALIMENTOS - LEI ESPECIAL Nº 5.478/68 (69),GABRIEL MONTENEGRO DUARTE PEREIRA
CÍVEL,ICOARACI,2ª DEFENSORIA PÚBLICA CÍVEL DE ICOARACI,2026-04-07 10:29:06.372127-03:00,0802249-92.2026.8.14.0201,DIVÓRCIO CONSENSUAL (12372),GABRIEL MONTENEGRO DUARTE PEREIRA
CÍVEL,ICOARACI,2ª DEFENSORIA PÚBLICA CÍVEL DE ICOARACI,2026-04-07 11:34:18.191908-03:00,0802259-39.2026.8.14.0201,ALIMENTOS - LEI ESPECIAL Nº 5.478/68 (69),GABRIEL MONTENEGRO DUARTE PEREIRA
CÍVEL,ICOARACI,2ª DEFENSORIA PÚBLICA CÍVEL DE ICOARACI,2026-04-08 10:41:44.429420-03:00,0802296-66.2026.8.14.0201,DIVÓRCIO LITIGIOSO (12541),GABRIEL MONTENEGRO DUARTE PEREIRA
CÍVEL,ICOARACI,2ª DEFENSORIA PÚBLICA CÍVEL DE ICOARACI,2026-04-09 09:43:05.430764-03:00,0802328-71.2026.8.14.0201,CUMPRIMENTO DE SENTENÇA (156),GABRIEL MONTENEGRO DUARTE PEREIRA
CÍVEL,ICOARACI,2ª DEFENSORIA PÚBLICA CÍVEL DE ICOARACI,2026-04-09 11:33:13.937032-03:00,0802339-03.2026.8.14.0201,ALIMENTOS - LEI ESPECIAL Nº 5.478/68 (69),GABRIEL MONTENEGRO DUARTE PEREIRA
CÍVEL,ICOARACI,2ª DEFENSORIA PÚBLICA CÍVEL DE ICOARACI,2026-04-09 11:39:21.515940-03:00,0802338-18.2026.8.14.0201,DIVÓRCIO CONSENSUAL (12372),GABRIEL MONTENEGRO DUARTE PEREIRA
CÍVEL,ICOARACI,2ª DEFENSORIA PÚBLICA CÍVEL DE ICOARACI,2026-04-09 12:39:49.228758-03:00,0802351-17.2026.8.14.0201,ALIMENTOS - LEI ESPECIAL Nº 5.478/68 (69),GABRIEL MONTENEGRO DUARTE PEREIRA
CÍVEL,ICOARACI,2ª DEFENSORIA PÚBLICA CÍVEL DE ICOARACI,2026-04-13 08:41:46.263952-03:00,0802410-05.2026.8.14.0201,DIVÓRCIO CONSENSUAL (12372),GABRIEL MONTENEGRO DUARTE PEREIRA
CÍVEL,ICOARACI,2ª DEFENSORIA PÚBLICA CÍVEL DE ICOARACI,2026-04-27 10:26:42.341686-03:00,0802863-97.2026.8.14.0201,ALIMENTOS - LEI ESPECIAL Nº 5.478/68 (69),GABRIEL MONTENEGRO DUARTE PEREIRA
CÍVEL,ICOARACI,2ª DEFENSORIA PÚBLICA CÍVEL DE ICOARACI,2026-04-27 11:06:20.155007-03:00,0802847-46.2026.8.14.0201,ALIMENTOS - LEI ESPECIAL Nº 5.478/68 (69),GABRIEL MONTENEGRO DUARTE PEREIRA
CÍVEL,ICOARACI,2ª DEFENSORIA PÚBLICA CÍVEL DE ICOARACI,2026-04-28 09:55:55.000513-03:00,0802903-79.2026.8.14.0201,ALIMENTOS - LEI ESPECIAL Nº 5.478/68 (69),GABRIEL MONTENEGRO DUARTE PEREIRA
CÍVEL,ICOARACI,2ª DEFENSORIA PÚBLICA CÍVEL DE ICOARACI,2026-06-01 09:08:59.355144-03:00,0804005-39.2026.8.14.0201,CUMPRIMENTO DE SENTENÇA (156),GABRIEL MONTENEGRO DUARTE PEREIRA
CÍVEL,ICOARACI,2ª DEFENSORIA PÚBLICA CÍVEL DE ICOARACI,2026-06-01 09:40:59.089544-03:00,0804008-91.2026.8.14.0201,PROCEDIMENTO COMUM CÍVEL (7),GABRIEL MONTENEGRO DUARTE PEREIRA
CÍVEL,ICOARACI,2ª DEFENSORIA PÚBLICA CÍVEL DE ICOARACI,2026-06-01 17:48:06.639423-03:00,0804045-21.2026.8.14.0201,DIVÓRCIO LITIGIOSO (12541),GABRIEL MONTENEGRO DUARTE PEREIRA
CÍVEL,ICOARACI,2ª DEFENSORIA PÚBLICA CÍVEL DE ICOARACI,2026-06-02 09:38:09.879105-03:00,0804048-73.2026.8.14.0201,DIVÓRCIO CONSENSUAL (12372),GABRIEL MONTENEGRO DUARTE PEREIRA
CÍVEL,ICOARACI,2ª DEFENSORIA PÚBLICA CÍVEL DE ICOARACI,2026-06-02 10:29:08.482607-03:00,0804058-20.2026.8.14.0201,ALIMENTOS - LEI ESPECIAL Nº 5.478/68 (69),GABRIEL MONTENEGRO DUARTE PEREIRA
CÍVEL,ICOARACI,2ª DEFENSORIA PÚBLICA CÍVEL DE ICOARACI,2026-06-03 13:42:10.977966-03:00,0804113-68.2026.8.14.0201,ALIMENTOS - LEI ESPECIAL Nº 5.478/68 (69),GABRIEL MONTENEGRO DUARTE PEREIRA
CÍVEL,ICOARACI,2ª DEFENSORIA PÚBLICA CÍVEL DE ICOARACI,2026-06-09 14:20:34.051240-03:00,0804217-60.2026.8.14.0201,ALIMENTOS - LEI ESPECIAL Nº 5.478/68 (69),GABRIEL MONTENEGRO DUARTE PEREIRA
CÍVEL,ICOARACI,2ª DEFENSORIA PÚBLICA CÍVEL DE ICOARACI,2026-06-15 08:50:15.719157-03:00,0804334-51.2026.8.14.0201,ALIMENTOS - LEI ESPECIAL Nº 5.478/68 (69),GABRIEL MONTENEGRO DUARTE PEREIRA
CÍVEL,ICOARACI,2ª DEFENSORIA PÚBLICA CÍVEL DE ICOARACI,2026-06-15 10:47:12.063909-03:00,0804344-95.2026.8.14.0201,ALIMENTOS - LEI ESPECIAL Nº 5.478/68 (69),GABRIEL MONTENEGRO DUARTE PEREIRA
CÍVEL,ICOARACI,2ª DEFENSORIA PÚBLICA CÍVEL DE ICOARACI,2026-06-15 10:54:04.296108-03:00,0804337-06.2026.8.14.0201,ALIMENTOS - LEI ESPECIAL Nº 5.478/68 (69),GABRIEL MONTENEGRO DUARTE PEREIRA
CÍVEL,ICOARACI,2ª DEFENSORIA PÚBLICA CÍVEL DE ICOARACI,2026-06-15 10:55:24.463213-03:00,0804335-36.2026.8.14.0201,DIVÓRCIO LITIGIOSO (12541),GABRIEL MONTENEGRO DUARTE PEREIRA
CÍVEL,ICOARACI,2ª DEFENSORIA PÚBLICA CÍVEL DE ICOARACI,2026-06-16 12:32:46.200068-03:00,0861607-76.2026.8.14.0301,DIVÓRCIO LITIGIOSO (12541),GABRIEL MONTENEGRO DUARTE PEREIRA
CÍVEL,ICOARACI,2ª DEFENSORIA PÚBLICA CÍVEL DE ICOARACI,2026-06-17 09:36:47.013456-03:00,0804397-76.2026.8.14.0201,ALIMENTOS - LEI ESPECIAL Nº 5.478/68 (69),GABRIEL MONTENEGRO DUARTE PEREIRA
CÍVEL,ICOARACI,2ª DEFENSORIA PÚBLICA CÍVEL DE ICOARACI,2026-06-18 11:50:05.261110-03:00,0804433-21.2026.8.14.0201,ALIMENTOS - LEI ESPECIAL Nº 5.478/68 (69),GABRIEL MONTENEGRO DUARTE PEREIRA
CÍVEL,ICOARACI,2ª DEFENSORIA PÚBLICA CÍVEL DE ICOARACI,2026-06-18 12:05:01.766926-03:00,0804541-50.2026.8.14.0201,ALIMENTOS - LEI ESPECIAL Nº 5.478/68 (69),GABRIEL MONTENEGRO DUARTE PEREIRA
CÍVEL,ICOARACI,2ª DEFENSORIA PÚBLICA CÍVEL DE ICOARACI,2026-06-18 12:18:42.551433-03:00,0804446-20.2026.8.14.0201,DIVÓRCIO CONSENSUAL (12372),GABRIEL MONTENEGRO DUARTE PEREIRA
CÍVEL,ICOARACI,2ª DEFENSORIA PÚBLICA CÍVEL DE ICOARACI,2026-06-18 12:24:58.176468-03:00,0804444-50.2026.8.14.0201,DIVÓRCIO CONSENSUAL (12372),GABRIEL MONTENEGRO DUARTE PEREIRA
CÍVEL,ICOARACI,2ª DEFENSORIA PÚBLICA CÍVEL DE ICOARACI,2026-06-19 08:16:18.786853-03:00,0804450-57.2026.8.14.0201,AVERIGUAÇÃO DE PATERNIDADE (123),GABRIEL MONTENEGRO DUARTE PEREIRA
CÍVEL,ICOARACI,2ª DEFENSORIA PÚBLICA CÍVEL DE ICOARACI,2026-06-22 11:33:37.995938-03:00,0804564-93.2026.8.14.0201,ALIMENTOS - LEI ESPECIAL Nº 5.478/68 (69),GABRIEL MONTENEGRO DUARTE PEREIRA
CÍVEL,ICOARACI,2ª DEFENSORIA PÚBLICA CÍVEL DE ICOARACI,2026-06-26 09:16:40.804403-03:00,0804678-32.2026.8.14.0201,ALIMENTOS - LEI ESPECIAL Nº 5.478/68 (69),GABRIEL MONTENEGRO DUARTE PEREIRA
CÍVEL,ICOARACI,2ª DEFENSORIA PÚBLICA CÍVEL DE ICOARACI,2026-07-09 10:19:11.552089-03:00,0805072-39.2026.8.14.0201,ALIMENTOS - LEI ESPECIAL Nº 5.478/68 (69),GABRIEL MONTENEGRO DUARTE PEREIRA
CÍVEL,ICOARACI,2ª DEFENSORIA PÚBLICA CÍVEL DE ICOARACI,2026-07-20 11:00:39.773846-03:00,0805411-95.2026.8.14.0201,ALIMENTOS - LEI ESPECIAL Nº 5.478/68 (69),GABRIEL MONTENEGRO DUARTE PEREIRA
CÍVEL,ICOARACI,2ª DEFENSORIA PÚBLICA CÍVEL DE ICOARACI,2026-07-20 14:14:36.690125-03:00,0805432-71.2026.8.14.0201,CUMPRIMENTO DE SENTENÇA (156),GABRIEL MONTENEGRO DUARTE PEREIRA
CÍVEL,ICOARACI,2ª DEFENSORIA PÚBLICA CÍVEL DE ICOARACI,2026-07-22 10:14:42.884217-03:00,0805484-67.2026.8.14.0201,ALIMENTOS - LEI ESPECIAL Nº 5.478/68 (69),GABRIEL MONTENEGRO DUARTE PEREIRA
CÍVEL,ICOARACI,2ª DEFENSORIA PÚBLICA CÍVEL DE ICOARACI,2026-07-22 10:47:41.594076-03:00,0805485-52.2026.8.14.0201,ALIMENTOS - LEI ESPECIAL Nº 5.478/68 (69),GABRIEL MONTENEGRO DUARTE PEREIRA
CÍVEL,ICOARACI,2ª DEFENSORIA PÚBLICA CÍVEL DE ICOARACI,2026-07-22 10:54:07.633105-03:00,0805488-07.2026.8.14.0201,DIVÓRCIO CONSENSUAL (12372),GABRIEL MONTENEGRO DUARTE PEREIRA
CÍVEL,ICOARACI,2ª DEFENSORIA PÚBLICA CÍVEL DE ICOARACI,2026-07-23 10:41:05.859992-03:00,0805501-06.2026.8.14.0201,DIVÓRCIO CONSENSUAL (12372),GABRIEL MONTENEGRO DUARTE PEREIRA
CÍVEL,ICOARACI,2ª DEFENSORIA PÚBLICA CÍVEL DE ICOARACI,2026-07-23 11:43:17.101981-03:00,0805506-28.2026.8.14.0201,DIVÓRCIO CONSENSUAL (12372),GABRIEL MONTENEGRO DUARTE PEREIRA
CÍVEL,ICOARACI,2ª DEFENSORIA PÚBLICA CÍVEL DE ICOARACI,2026-07-27 09:38:32.973299-03:00,0805599-88.2026.8.14.0201,ALIMENTOS - LEI ESPECIAL Nº 5.478/68 (69),GABRIEL MONTENEGRO DUARTE PEREIRA
CÍVEL,ICOARACI,2ª DEFENSORIA PÚBLICA CÍVEL DE ICOARACI,2026-07-27 09:48:08.234624-03:00,0805592-96.2026.8.14.0201,ALIMENTOS - LEI ESPECIAL Nº 5.478/68 (69),GABRIEL MONTENEGRO DUARTE PEREIRA
CÍVEL,ICOARACI,2ª DEFENSORIA PÚBLICA CÍVEL DE ICOARACI,2026-07-27 10:07:41.786197-03:00,0805598-06.2026.8.14.0201,ALIMENTOS - LEI ESPECIAL Nº 5.478/68 (69),GABRIEL MONTENEGRO DUARTE PEREIRA
CÍVEL,ICOARACI,2ª DEFENSORIA PÚBLICA CÍVEL DE ICOARACI,2026-07-27 10:14:27.898961-03:00,0805594-66.2026.8.14.0201,ALIMENTOS - LEI ESPECIAL Nº 5.478/68 (69),CLARICE DOS SANTOS OTONI
CÍVEL,ICOARACI,2ª DEFENSORIA PÚBLICA CÍVEL DE ICOARACI,2026-07-27 10:44:50.518940-03:00,0805605-95.2026.8.14.0201,ALIMENTOS - LEI ESPECIAL Nº 5.478/68 (69),GABRIEL MONTENEGRO DUARTE PEREIRA
CÍVEL,ICOARACI,2ª DEFENSORIA PÚBLICA CÍVEL DE ICOARACI,2026-07-27 13:50:36.899811-03:00,0805637-03.2026.8.14.0201,ALIMENTOS - LEI ESPECIAL Nº 5.478/68 (69),GABRIEL MONTENEGRO DUARTE PEREIRA
CÍVEL,ICOARACI,2ª DEFENSORIA PÚBLICA CÍVEL DE ICOARACI,2026-07-28 12:28:27.035688-03:00,0805793-88.2026.8.14.0201,ALIMENTOS - LEI ESPECIAL Nº 5.478/68 (69),GABRIEL MONTENEGRO DUARTE PEREIRA
CÍVEL,ICOARACI,2ª DEFENSORIA PÚBLICA CÍVEL DE ICOARACI,2026-07-29 10:33:10.748242-03:00,0805703-80.2026.8.14.0201,ALIMENTOS - LEI ESPECIAL Nº 5.478/68 (69),GABRIEL MONTENEGRO DUARTE PEREIRA
CÍVEL,ICOARACI,2ª DEFENSORIA PÚBLICA CÍVEL DE ICOARACI,2026-07-29 10:48:33.614166-03:00,0805702-95.2026.8.14.0201,ALIMENTOS - LEI ESPECIAL Nº 5.478/68 (69),GABRIEL MONTENEGRO DUARTE PEREIRA
CÍVEL,ICOARACI,2ª DEFENSORIA PÚBLICA CÍVEL DE ICOARACI,2026-07-31 11:56:50.976921-03:00,0805795-58.2026.8.14.0201,ALIMENTOS - LEI ESPECIAL Nº 5.478/68 (69),GABRIEL MONTENEGRO DUARTE PEREIRA
CÍVEL,ICOARACI,2ª DEFENSORIA PÚBLICA CÍVEL DE ICOARACI,2026-08-04 10:36:27.827273-03:00,0805868-30.2026.8.14.0201,ALIMENTOS - LEI ESPECIAL Nº 5.478/68 (69),GABRIEL MONTENEGRO DUARTE PEREIRA
CÍVEL,ICOARACI,2ª DEFENSORIA PÚBLICA CÍVEL DE ICOARACI,2026-08-04 11:28:38.666599-03:00,0805873-52.2026.8.14.0201,ALIMENTOS - LEI ESPECIAL Nº 5.478/68 (69),GABRIEL MONTENEGRO DUARTE PEREIRA
CÍVEL,ICOARACI,2ª DEFENSORIA PÚBLICA CÍVEL DE ICOARACI,2026-08-05 10:36:01.165545-03:00,0805908-12.2026.8.14.0201,ALIMENTOS - LEI ESPECIAL Nº 5.478/68 (69),GABRIEL MONTENEGRO DUARTE PEREIRA
CÍVEL,ICOARACI,2ª DEFENSORIA PÚBLICA CÍVEL DE ICOARACI,2026-08-05 10:48:10.195258-03:00,0805910-79.2026.8.14.0201,ALIMENTOS - LEI ESPECIAL Nº 5.478/68 (69),GABRIEL MONTENEGRO DUARTE PEREIRA
CÍVEL,ICOARACI,2ª DEFENSORIA PÚBLICA CÍVEL DE ICOARACI,2026-08-10 09:38:18.488526-03:00,0806084-88.2026.8.14.0201,ALIMENTOS - LEI ESPECIAL Nº 5.478/68 (69),GABRIEL MONTENEGRO DUARTE PEREIRA
CÍVEL,ICOARACI,2ª DEFENSORIA PÚBLICA CÍVEL DE ICOARACI,2026-08-10 10:39:42.043202-03:00,0806085-73.2026.8.14.0201,ALIMENTOS - LEI ESPECIAL Nº 5.478/68 (69),GABRIEL MONTENEGRO DUARTE PEREIRA
CÍVEL,ICOARACI,2ª DEFENSORIA PÚBLICA CÍVEL DE ICOARACI,2026-08-10 11:34:46.624505-03:00,0806094-35.2026.8.14.0201,ALIMENTOS - LEI ESPECIAL Nº 5.478/68 (69),GABRIEL MONTENEGRO DUARTE PEREIRA
CÍVEL,ICOARACI,2ª DEFENSORIA PÚBLICA CÍVEL DE ICOARACI,2026-08-10 12:36:37.751506-03:00,0806109-04.2026.8.14.0201,CUMPRIMENTO DE SENTENÇA (156),GABRIEL MONTENEGRO DUARTE PEREIRA
CÍVEL,ICOARACI,2ª DEFENSORIA PÚBLICA CÍVEL DE ICOARACI,2026-08-12 10:24:16.419009-03:00,0806155-90.2026.8.14.0201,GUARDA DE FAMÍLIA,GABRIEL MONTENEGRO DUARTE PEREIRA
CÍVEL,ICOARACI,2ª DEFENSORIA PÚBLICA CÍVEL DE ICOARACI,2026-08-12 11:52:10.070242-03:00,0806162-82.2026.8.14.0201,ALIMENTOS - LEI ESPECIAL Nº 5.478/68 (69),GABRIEL MONTENEGRO DUARTE PEREIRA
CÍVEL,ICOARACI,2ª DEFENSORIA PÚBLICA CÍVEL DE ICOARACI,2026-08-13 09:38:05.119533-03:00,0806193-05.2026.8.14.0201,CUMPRIMENTO DE SENTENÇA (156),GABRIEL MONTENEGRO DUARTE PEREIRA
CÍVEL,ICOARACI,2ª DEFENSORIA PÚBLICA CÍVEL DE ICOARACI,2026-08-13 11:34:31.989005-03:00,0806200-94.2026.8.14.0201,ALIMENTOS - LEI ESPECIAL Nº 5.478/68 (69),GABRIEL MONTENEGRO DUARTE PEREIRA
CÍVEL,ICOARACI,2ª DEFENSORIA PÚBLICA CÍVEL DE ICOARACI,2026-08-17 09:24:56.061862-03:00,0806279-73.2026.8.14.0201,ALIMENTOS - LEI ESPECIAL Nº 5.478/68 (69),GABRIEL MONTENEGRO DUARTE PEREIRA
CÍVEL,ICOARACI,2ª DEFENSORIA PÚBLICA CÍVEL DE ICOARACI,2026-08-17 11:24:13.677780-03:00,0806280-58.2026.8.14.0201,ALIMENTOS - LEI ESPECIAL Nº 5.478/68 (69),GABRIEL MONTENEGRO DUARTE PEREIRA
CÍVEL,ICOARACI,2ª DEFENSORIA PÚBLICA CÍVEL DE ICOARACI,2026-08-17 11:31:42.229493-03:00,0806282-28.2026.8.14.0201,ALIMENTOS - LEI ESPECIAL Nº 5.478/68 (69),GABRIEL MONTENEGRO DUARTE PEREIRA
CÍVEL,ICOARACI,2ª DEFENSORIA PÚBLICA CÍVEL DE ICOARACI,2026-08-18 09:38:23.243009-03:00,0806313-48.2026.8.14.0201,ALIMENTOS - LEI ESPECIAL Nº 5.478/68 (69),GABRIEL MONTENEGRO DUARTE PEREIRA
CÍVEL,ICOARACI,2ª DEFENSORIA PÚBLICA CÍVEL DE ICOARACI,2026-08-18 10:43:21.716977-03:00,0806316-03.2026.8.14.0201,ALIMENTOS - LEI ESPECIAL Nº 5.478/68 (69),GABRIEL MONTENEGRO DUARTE PEREIRA
CÍVEL,ICOARACI,2ª DEFENSORIA PÚBLICA CÍVEL DE ICOARACI,2026-08-19 10:04:02.720592-03:00,0806356-82.2026.8.14.0201,ALIMENTOS - LEI ESPECIAL Nº 5.478/68 (69),GABRIEL MONTENEGRO DUARTE PEREIRA
CÍVEL,ICOARACI,2ª DEFENSORIA PÚBLICA CÍVEL DE ICOARACI,2026-08-19 10:18:19.148082-03:00,0806363-74.2026.8.14.0201,ALIMENTOS - LEI ESPECIAL Nº 5.478/68 (69),GABRIEL MONTENEGRO DUARTE PEREIRA
CÍVEL,ICOARACI,2ª DEFENSORIA PÚBLICA CÍVEL DE ICOARACI,2026-08-19 11:18:36.656480-03:00,0806368-96.2026.8.14.0201,ALIMENTOS - LEI ESPECIAL Nº 5.478/68 (69),GABRIEL MONTENEGRO DUARTE PEREIRA
CÍVEL,ICOARACI,2ª DEFENSORIA PÚBLICA CÍVEL DE ICOARACI,2026-08-19 11:28:14.500247-03:00,0806367-14.2026.8.14.0201,CUMPRIMENTO DE SENTENÇA (156),GABRIEL MONTENEGRO DUARTE PEREIRA
CÍVEL,ICOARACI,2ª DEFENSORIA PÚBLICA CÍVEL DE ICOARACI,2026-08-19 11:42:24.276791-03:00,0806366-29.2026.8.14.0201,ALIMENTOS - LEI ESPECIAL Nº 5.478/68 (69),GABRIEL MONTENEGRO DUARTE PEREIRA
CÍVEL,ICOARACI,2ª DEFENSORIA PÚBLICA CÍVEL DE ICOARACI,2026-08-19 12:17:29.073826-03:00,0806373-21.2026.8.14.0201,ALIMENTOS - LEI ESPECIAL Nº 5.478/68 (69),GABRIEL MONTENEGRO DUARTE PEREIRA
CÍVEL,ICOARACI,2ª DEFENSORIA PÚBLICA CÍVEL DE ICOARACI,2026-08-20 09:50:12.088473-03:00,0806397-49.2026.8.14.0201,ALIMENTOS - LEI ESPECIAL Nº 5.478/68 (69),GABRIEL MONTENEGRO DUARTE PEREIRA
CÍVEL,ICOARACI,2ª DEFENSORIA PÚBLICA CÍVEL DE ICOARACI,2026-08-20 11:00:18.066830-03:00,0806436-46.2026.8.14.0201,ALIMENTOS - LEI ESPECIAL Nº 5.478/68 (69),GABRIEL MONTENEGRO DUARTE PEREIRA
CÍVEL,ICOARACI,2ª DEFENSORIA PÚBLICA CÍVEL DE ICOARACI,2026-08-24 09:23:38.359646-03:00,0806504-93.2026.8.14.0201,ALIMENTOS - LEI ESPECIAL Nº 5.478/68 (69),GABRIEL MONTENEGRO DUARTE PEREIRA
CÍVEL,ICOARACI,2ª DEFENSORIA PÚBLICA CÍVEL DE ICOARACI,2026-08-24 10:43:42.160561-03:00,0806508-33.2026.8.14.0201,ALIMENTOS - LEI ESPECIAL Nº 5.478/68 (69),GABRIEL MONTENEGRO DUARTE PEREIRA
CÍVEL,ICOARACI,2ª DEFENSORIA PÚBLICA CÍVEL DE ICOARACI,2026-08-24 11:06:20.369289-03:00,0806512-70.2026.8.14.0201,PROCEDIMENTO COMUM CÍVEL (7),GABRIEL MONTENEGRO DUARTE PEREIRA
CÍVEL,ICOARACI,2ª DEFENSORIA PÚBLICA CÍVEL DE ICOARACI,2026-08-24 11:55:49.484142-03:00,0806524-84.2026.8.14.0201,ALIMENTOS - LEI ESPECIAL Nº 5.478/68 (69),GABRIEL MONTENEGRO DUARTE PEREIRA
CÍVEL,ICOARACI,2ª DEFENSORIA PÚBLICA CÍVEL DE ICOARACI,2026-08-24 12:06:19.932575-03:00,0806540-38.2026.8.14.0201,PROCEDIMENTO COMUM CÍVEL (7),GABRIEL MONTENEGRO DUARTE PEREIRA
CÍVEL,ICOARACI,2ª DEFENSORIA PÚBLICA CÍVEL DE ICOARACI,2026-08-25 09:10:48.054117-03:00,0806553-37.2026.8.14.0201,CUMPRIMENTO DE SENTENÇA (156),GABRIEL MONTENEGRO DUARTE PEREIRA
CÍVEL,ICOARACI,2ª DEFENSORIA PÚBLICA CÍVEL DE ICOARACI,2026-08-26 11:11:35.650511-03:00,0806589-79.2026.8.14.0201,ALIMENTOS - LEI ESPECIAL Nº 5.478/68 (69),GABRIEL MONTENEGRO DUARTE PEREIRA
CÍVEL,ICOARACI,2ª DEFENSORIA PÚBLICA CÍVEL DE ICOARACI,2026-08-27 10:17:27.621776-03:00,0806628-76.2026.8.14.0201,CUMPRIMENTO DE SENTENÇA (156),GABRIEL MONTENEGRO DUARTE PEREIRA
CÍVEL,ICOARACI,2ª DEFENSORIA PÚBLICA CÍVEL DE ICOARACI,2026-08-31 10:49:53.280764-03:00,0806736-08.2026.8.14.0201,ALIMENTOS - LEI ESPECIAL Nº 5.478/68 (69),GABRIEL MONTENEGRO DUARTE PEREIRA
CÍVEL,ICOARACI,2ª DEFENSORIA PÚBLICA CÍVEL DE ICOARACI,2026-08-31 12:45:46.206830-03:00,0806739-60.2026.8.14.0201,ALIMENTOS - LEI ESPECIAL Nº 5.478/68 (69),GABRIEL MONTENEGRO DUARTE PEREIRA
CÍVEL,ICOARACI,2ª DEFENSORIA PÚBLICA CÍVEL DE ICOARACI,2026-08-31 13:12:10.563859-03:00,0806742-15.2026.8.14.0201,ALIMENTOS - LEI ESPECIAL Nº 5.478/68 (69),GABRIEL MONTENEGRO DUARTE PEREIRA
CÍVEL,ICOARACI,2ª DEFENSORIA PÚBLICA CÍVEL DE ICOARACI,2026-09-01 12:55:33.313028-03:00,0807104-17.2026.8.14.0201,ALIMENTOS - LEI ESPECIAL Nº 5.478/68 (69),GABRIEL MONTENEGRO DUARTE PEREIRA
CÍVEL,ICOARACI,2ª DEFENSORIA PÚBLICA CÍVEL DE ICOARACI,2026-09-08 11:06:05.641980-03:00,0806995-03.2026.8.14.0201,ALIMENTOS - LEI ESPECIAL Nº 5.478/68 (69),GABRIEL MONTENEGRO DUARTE PEREIRA
CÍVEL,ICOARACI,2ª DEFENSORIA PÚBLICA CÍVEL DE ICOARACI,2026-09-09 09:58:00.036235-03:00,0807032-30.2026.8.14.0201,DIVÓRCIO LITIGIOSO (12541),GABRIEL MONTENEGRO DUARTE PEREIRA
CÍVEL,ICOARACI,2ª DEFENSORIA PÚBLICA CÍVEL DE ICOARACI,2026-09-09 10:03:17.955858-03:00,0807021-98.2026.8.14.0201,PROCEDIMENTO COMUM CÍVEL (7),GABRIEL MONTENEGRO DUARTE PEREIRA
CÍVEL,ICOARACI,2ª DEFENSORIA PÚBLICA CÍVEL DE ICOARACI,2026-09-09 11:53:30.456075-03:00,0807075-64.2026.8.14.0201,DIVÓRCIO LITIGIOSO (12541),GABRIEL MONTENEGRO DUARTE PEREIRA
CÍVEL,ICOARACI,2ª DEFENSORIA PÚBLICA CÍVEL DE ICOARACI,2026-09-09 11:53:33.233516-03:00,0807030-60.2026.8.14.0201,PROCEDIMENTO COMUM CÍVEL (7),GABRIEL MONTENEGRO DUARTE PEREIRA
CÍVEL,ICOARACI,2ª DEFENSORIA PÚBLICA CÍVEL DE ICOARACI,2026-09-09 12:50:04.343604-03:00,0807047-96.2026.8.14.0201,CUMPRIMENTO DE SENTENÇA (156),GABRIEL MONTENEGRO DUARTE PEREIRA
CÍVEL,ICOARACI,2ª DEFENSORIA PÚBLICA CÍVEL DE ICOARACI,2026-09-10 09:35:13.842368-03:00,0807132-82.2026.8.14.0201,ALIMENTOS - LEI ESPECIAL Nº 5.478/68 (69),GABRIEL MONTENEGRO DUARTE PEREIRA
CÍVEL,ICOARACI,2ª DEFENSORIA PÚBLICA CÍVEL DE ICOARACI,2026-09-10 11:16:11.976433-03:00,0807079-04.2026.8.14.0201,CUMPRIMENTO DE SENTENÇA (156),GABRIEL MONTENEGRO DUARTE PEREIRA
CÍVEL,ICOARACI,2ª DEFENSORIA PÚBLICA CÍVEL DE ICOARACI,2026-09-21 10:40:08.927003-03:00,0807423-82.2026.8.14.0201,DIVÓRCIO CONSENSUAL (12372),GABRIEL MONTENEGRO DUARTE PEREIRA
CÍVEL,ICOARACI,2ª DEFENSORIA PÚBLICA CÍVEL DE ICOARACI,2026-09-21 10:53:29.926604-03:00,0807426-37.2026.8.14.0201,CUMPRIMENTO DE SENTENÇA DE OBRIGAÇÃO DE PRESTAR ALIMENTOS,GABRIEL MONTENEGRO DUARTE PEREIRA
CÍVEL,ICOARACI,2ª DEFENSORIA PÚBLICA CÍVEL DE ICOARACI,2026-09-21 11:52:15.649738-03:00,0807441-06.2026.8.14.0201,DIVÓRCIO LITIGIOSO (12541),GABRIEL MONTENEGRO DUARTE PEREIRA
CÍVEL,ICOARACI,2ª DEFENSORIA PÚBLICA CÍVEL DE ICOARACI,2026-09-22 09:49:30.830914-03:00,0807485-25.2026.8.14.0201,DIVÓRCIO LITIGIOSO (12541),GABRIEL MONTENEGRO DUARTE PEREIRA
CÍVEL,ICOARACI,2ª DEFENSORIA PÚBLICA CÍVEL DE ICOARACI,2026-09-22 10:22:16.682209-03:00,0807483-55.2026.8.14.0201,ALIMENTOS - LEI ESPECIAL Nº 5.478/68 (69),GABRIEL MONTENEGRO DUARTE PEREIRA
CÍVEL,ICOARACI,2ª DEFENSORIA PÚBLICA CÍVEL DE ICOARACI,2026-09-22 10:30:09.811927-03:00,0807477-48.2026.8.14.0201,ALIMENTOS - LEI ESPECIAL Nº 5.478/68 (69),GABRIEL MONTENEGRO DUARTE PEREIRA
CÍVEL,ICOARACI,2ª DEFENSORIA PÚBLICA CRIMINAL DE ICOARACI,2026-08-28 21:48:35.407381-03:00,0806673-80.2026.8.14.0201,ALIMENTOS - LEI ESPECIAL Nº 5.478/68 (69),FRANCISCO JOSÉ PINHO VIEIRA
CÍVEL,ICOARACI,3ª DEFENSORIA PÚBLICA CÍVEL DE ICOARACI,2026-01-09 10:14:13.014680-03:00,0800133-16.2026.8.14.0201,DIVÓRCIO LITIGIOSO (12541),FRANCISCO JOSÉ PINHO VIEIRA
CÍVEL,ICOARACI,3ª DEFENSORIA PÚBLICA CÍVEL DE ICOARACI,2026-01-09 10:51:27.105454-03:00,0800272-65.2026.8.14.0201,ALIMENTOS - LEI ESPECIAL Nº 5.478/68 (69),FRANCISCO JOSÉ PINHO VIEIRA
CÍVEL,ICOARACI,3ª DEFENSORIA PÚBLICA CÍVEL DE ICOARACI,2026-01-19 08:32:54.087994-03:00,0800338-45.2026.8.14.0201,DIVÓRCIO CONSENSUAL (12372),FRANCISCO JOSÉ PINHO VIEIRA
CÍVEL,ICOARACI,3ª DEFENSORIA PÚBLICA CÍVEL DE ICOARACI,2026-01-20 09:23:35.937136-03:00,0800312-47.2026.8.14.0201,AVERIGUAÇÃO DE PATERNIDADE (123),FRANCISCO JOSÉ PINHO VIEIRA
CÍVEL,ICOARACI,3ª DEFENSORIA PÚBLICA CÍVEL DE ICOARACI,2026-01-20 11:55:34.799576-03:00,0800324-61.2026.8.14.0201,AÇÃO DE ALIMENTOS DE INFÂNCIA E JUVENTUDE (1389),FRANCISCO JOSÉ PINHO VIEIRA
CÍVEL,ICOARACI,3ª DEFENSORIA PÚBLICA CÍVEL DE ICOARACI,2026-01-21 08:36:51.502319-03:00,0800336-75.2026.8.14.0201,AÇÃO DE ALIMENTOS DE INFÂNCIA E JUVENTUDE (1389),FRANCISCO JOSÉ PINHO VIEIRA
CÍVEL,ICOARACI,3ª DEFENSORIA PÚBLICA CÍVEL DE ICOARACI,2026-01-21 12:51:01.965384-03:00,0800361-88.2026.8.14.0201,ALIMENTOS - LEI ESPECIAL Nº 5.478/68 (69),FRANCISCO JOSÉ PINHO VIEIRA
CÍVEL,ICOARACI,3ª DEFENSORIA PÚBLICA CÍVEL DE ICOARACI,2026-01-22 13:32:53.520002-03:00,0800385-19.2026.8.14.0201,DIVÓRCIO LITIGIOSO (12541),FRANCISCO JOSÉ PINHO VIEIRA
CÍVEL,ICOARACI,3ª DEFENSORIA PÚBLICA CÍVEL DE ICOARACI,2026-01-22 14:09:19.227351-03:00,0800384-34.2026.8.14.0201,DIVÓRCIO LITIGIOSO (12541),FRANCISCO JOSÉ PINHO VIEIRA
CÍVEL,ICOARACI,3ª DEFENSORIA PÚBLICA CÍVEL DE ICOARACI,2026-01-23 08:52:19.951967-03:00,0800397-33.2026.8.14.0201,DIVÓRCIO LITIGIOSO (12541),FRANCISCO JOSÉ PINHO VIEIRA
CÍVEL,ICOARACI,3ª DEFENSORIA PÚBLICA CÍVEL DE ICOARACI,2026-01-23 10:27:49.285520-03:00,0800394-78.2026.8.14.0201,CUMPRIMENTO DE SENTENÇA (156),FRANCISCO JOSÉ PINHO VIEIRA
CÍVEL,ICOARACI,3ª DEFENSORIA PÚBLICA CÍVEL DE ICOARACI,2026-01-23 13:22:25.788612-03:00,0800407-77.2026.8.14.0201,ALIMENTOS - LEI ESPECIAL Nº 5.478/68 (69),FRANCISCO JOSÉ PINHO VIEIRA
CÍVEL,ICOARACI,3ª DEFENSORIA PÚBLICA CÍVEL DE ICOARACI,2026-01-26 10:00:56.813793-03:00,0800448-44.2026.8.14.0201,DIVÓRCIO LITIGIOSO (12541),FRANCISCO JOSÉ PINHO VIEIRA
CÍVEL,ICOARACI,3ª DEFENSORIA PÚBLICA CÍVEL DE ICOARACI,2026-01-26 12:34:11.361275-03:00,0800449-29.2026.8.14.0201,GUARDA DE INFÂNCIA E JUVENTUDE (1420),FRANCISCO JOSÉ PINHO VIEIRA
CÍVEL,ICOARACI,3ª DEFENSORIA PÚBLICA CÍVEL DE ICOARACI,2026-01-28 10:12:34.056350-03:00,0800514-24.2026.8.14.0201,DIVÓRCIO LITIGIOSO (12541),FRANCISCO JOSÉ PINHO VIEIRA
CÍVEL,ICOARACI,3ª DEFENSORIA PÚBLICA CÍVEL DE ICOARACI,2026-01-28 10:31:02.601372-03:00,0800515-09.2026.8.14.0201,AÇÃO DE ALIMENTOS DE INFÂNCIA E JUVENTUDE (1389),FRANCISCO JOSÉ PINHO VIEIRA
CÍVEL,ICOARACI,3ª DEFENSORIA PÚBLICA CÍVEL DE ICOARACI,2026-01-28 11:13:52.788528-03:00,0800516-91.2026.8.14.0201,DIVÓRCIO CONSENSUAL (12372),FRANCISCO JOSÉ PINHO VIEIRA
CÍVEL,ICOARACI,3ª DEFENSORIA PÚBLICA CÍVEL DE ICOARACI,2026-01-28 11:14:12.852055-03:00,0800517-76.2026.8.14.0201,GUARDA DE INFÂNCIA E JUVENTUDE (1420),FRANCISCO JOSÉ PINHO VIEIRA
CÍVEL,ICOARACI,3ª DEFENSORIA PÚBLICA CÍVEL DE ICOARACI,2026-01-29 09:33:41.757034-03:00,0800552-36.2026.8.14.0201,DIVÓRCIO LITIGIOSO (12541),FRANCISCO JOSÉ PINHO VIEIRA
CÍVEL,ICOARACI,3ª DEFENSORIA PÚBLICA CÍVEL DE ICOARACI,2026-01-29 11:35:24.578033-03:00,0800563-65.2026.8.14.0201,DIVÓRCIO LITIGIOSO (12541),FRANCISCO JOSÉ PINHO VIEIRA
CÍVEL,ICOARACI,3ª DEFENSORIA PÚBLICA CÍVEL DE ICOARACI,2026-01-30 10:12:05.618359-03:00,0800564-50.2026.8.14.0201,AÇÃO DE ALIMENTOS DE INFÂNCIA E JUVENTUDE (1389),FRANCISCO JOSÉ PINHO VIEIRA
CÍVEL,ICOARACI,3ª DEFENSORIA PÚBLICA CÍVEL DE ICOARACI,2026-01-30 12:22:38.756645-03:00,0800562-80.2026.8.14.0201,CUMPRIMENTO DE SENTENÇA (156),FRANCISCO JOSÉ PINHO VIEIRA
CÍVEL,ICOARACI,3ª DEFENSORIA PÚBLICA CÍVEL DE ICOARACI,2026-01-30 13:32:20.314006-03:00,0800561-95.2026.8.14.0201,DIVÓRCIO CONSENSUAL (12372),FRANCISCO JOSÉ PINHO VIEIRA
CÍVEL,ICOARACI,3ª DEFENSORIA PÚBLICA CÍVEL DE ICOARACI,2026-02-02 09:39:42.304239-03:00,0800592-18.2026.8.14.0201,DIVÓRCIO LITIGIOSO (12541),FRANCISCO JOSÉ PINHO VIEIRA
CÍVEL,ICOARACI,3ª DEFENSORIA PÚBLICA CÍVEL DE ICOARACI,2026-02-02 14:23:01.379494-03:00,0800619-98.2026.8.14.0201,AVERIGUAÇÃO DE PATERNIDADE (123),FRANCISCO JOSÉ PINHO VIEIRA
CÍVEL,ICOARACI,3ª DEFENSORIA PÚBLICA CÍVEL DE ICOARACI,2026-02-02 14:27:46.151805-03:00,0800618-16.2026.8.14.0201,ALIMENTOS - LEI ESPECIAL Nº 5.478/68 (69),FRANCISCO JOSÉ PINHO VIEIRA
CÍVEL,ICOARACI,3ª DEFENSORIA PÚBLICA CÍVEL DE ICOARACI,2026-02-03 09:57:46.714318-03:00,0800628-60.2026.8.14.0201,ALIMENTOS - LEI ESPECIAL Nº 5.478/68 (69),FRANCISCO JOSÉ PINHO VIEIRA
CÍVEL,ICOARACI,3ª DEFENSORIA PÚBLICA CÍVEL DE ICOARACI,2026-02-03 12:46:46.417529-03:00,0800784-48.2026.8.14.0201,AÇÃO DE ALIMENTOS DE INFÂNCIA E JUVENTUDE (1389),FRANCISCO JOSÉ PINHO VIEIRA
CÍVEL,ICOARACI,3ª DEFENSORIA PÚBLICA CÍVEL DE ICOARACI,2026-02-03 13:22:21.863813-03:00,0800640-74.2026.8.14.0201,ALIMENTOS - LEI ESPECIAL Nº 5.478/68 (69),FRANCISCO JOSÉ PINHO VIEIRA
CÍVEL,ICOARACI,3ª DEFENSORIA PÚBLICA CÍVEL DE ICOARACI,2026-02-04 08:47:48.450894-03:00,0800688-33.2026.8.14.0201,GUARDA DE INFÂNCIA E JUVENTUDE (1420),FRANCISCO JOSÉ PINHO VIEIRA
CÍVEL,ICOARACI,3ª DEFENSORIA PÚBLICA CÍVEL DE ICOARACI,2026-02-04 09:43:55.633059-03:00,0800687-48.2026.8.14.0201,DIVÓRCIO CONSENSUAL (12372),FRANCISCO JOSÉ PINHO VIEIRA
CÍVEL,ICOARACI,3ª DEFENSORIA PÚBLICA CÍVEL DE ICOARACI,2026-02-06 09:53:20.160488-03:00,0800782-78.2026.8.14.0201,RETIFICAÇÃO OU SUPRIMENTO OU RESTAURAÇÃO DE REGISTRO CIVIL (1682),FRANCISCO JOSÉ PINHO VIEIRA
CÍVEL,ICOARACI,3ª DEFENSORIA PÚBLICA CÍVEL DE ICOARACI,2026-02-09 09:33:52.980398-03:00,0800841-66.2026.8.14.0201,ALIMENTOS - LEI ESPECIAL Nº 5.478/68 (69),FRANCISCO JOSÉ PINHO VIEIRA
CÍVEL,ICOARACI,3ª DEFENSORIA PÚBLICA CÍVEL DE ICOARACI,2026-02-09 10:47:35.360722-03:00,0800783-63.2026.8.14.0201,CUMPRIMENTO DE SENTENÇA (156),FRANCISCO JOSÉ PINHO VIEIRA
CÍVEL,ICOARACI,3ª DEFENSORIA PÚBLICA CÍVEL DE ICOARACI,2026-02-09 10:57:24.385251-03:00,0800781-93.2026.8.14.0201,ALIMENTOS - LEI ESPECIAL Nº 5.478/68 (69),FRANCISCO JOSÉ PINHO VIEIRA
CÍVEL,ICOARACI,3ª DEFENSORIA PÚBLICA CÍVEL DE ICOARACI,2026-02-10 09:15:06.364123-03:00,0800915-23.2026.8.14.0201,DIVÓRCIO LITIGIOSO (12541),FRANCISCO JOSÉ PINHO VIEIRA
CÍVEL,ICOARACI,3ª DEFENSORIA PÚBLICA CÍVEL DE ICOARACI,2026-02-10 11:11:41.444162-03:00,0800840-81.2026.8.14.0201,ALIMENTOS - LEI ESPECIAL Nº 5.478/68 (69),FRANCISCO JOSÉ PINHO VIEIRA
CÍVEL,ICOARACI,3ª DEFENSORIA PÚBLICA CÍVEL DE ICOARACI,2026-02-11 10:07:30.301521-03:00,0800839-96.2026.8.14.0201,DIVÓRCIO CONSENSUAL (12372),FRANCISCO JOSÉ PINHO VIEIRA
CÍVEL,ICOARACI,3ª DEFENSORIA PÚBLICA CÍVEL DE ICOARACI,2026-02-11 13:38:27.205319-03:00,0800866-79.2026.8.14.0201,CUMPRIMENTO DE SENTENÇA (156),FRANCISCO JOSÉ PINHO VIEIRA
CÍVEL,ICOARACI,3ª DEFENSORIA PÚBLICA CÍVEL DE ICOARACI,2026-02-12 08:49:38.882631-03:00,0800905-76.2026.8.14.0201,DIVÓRCIO CONSENSUAL (12372),FRANCISCO JOSÉ PINHO VIEIRA
CÍVEL,ICOARACI,3ª DEFENSORIA PÚBLICA CÍVEL DE ICOARACI,2026-02-12 08:58:32.822605-03:00,0800904-91.2026.8.14.0201,DIVÓRCIO LITIGIOSO (12541),FRANCISCO JOSÉ PINHO VIEIRA
CÍVEL,ICOARACI,3ª DEFENSORIA PÚBLICA CÍVEL DE ICOARACI,2026-02-12 10:08:17.228956-03:00,0800903-09.2026.8.14.0201,ALIMENTOS - LEI ESPECIAL Nº 5.478/68 (69),FRANCISCO JOSÉ PINHO VIEIRA
CÍVEL,ICOARACI,3ª DEFENSORIA PÚBLICA CÍVEL DE ICOARACI,2026-02-13 09:48:12.679887-03:00,0800916-08.2026.8.14.0201,DIVÓRCIO LITIGIOSO (12541),FRANCISCO JOSÉ PINHO VIEIRA
CÍVEL,ICOARACI,3ª DEFENSORIA PÚBLICA CÍVEL DE ICOARACI,2026-02-13 10:33:35.388799-03:00,0800923-97.2026.8.14.0201,ALIMENTOS - LEI ESPECIAL Nº 5.478/68 (69),FRANCISCO JOSÉ PINHO VIEIRA
CÍVEL,ICOARACI,3ª DEFENSORIA PÚBLICA CÍVEL DE ICOARACI,2026-02-13 11:29:59.064901-03:00,0800922-15.2026.8.14.0201,PROCEDIMENTO COMUM CÍVEL (7),FRANCISCO JOSÉ PINHO VIEIRA
CÍVEL,ICOARACI,3ª DEFENSORIA PÚBLICA CÍVEL DE ICOARACI,2026-02-13 11:42:10.605241-03:00,0800921-30.2026.8.14.0201,RETIFICAÇÃO OU SUPRIMENTO OU RESTAURAÇÃO DE REGISTRO CIVIL (1682),FRANCISCO JOSÉ PINHO VIEIRA
CÍVEL,ICOARACI,3ª DEFENSORIA PÚBLICA CÍVEL DE ICOARACI,2026-02-19 08:20:33.407781-03:00,0800967-19.2026.8.14.0201,DIVÓRCIO LITIGIOSO (12541),FRANCISCO JOSÉ PINHO VIEIRA
CÍVEL,ICOARACI,3ª DEFENSORIA PÚBLICA CÍVEL DE ICOARACI,2026-02-19 13:07:41.546724-03:00,0801062-49.2026.8.14.0201,CUMPRIMENTO DE SENTENÇA (156),FRANCISCO JOSÉ PINHO VIEIRA
CÍVEL,ICOARACI,3ª DEFENSORIA PÚBLICA CÍVEL DE ICOARACI,2026-02-24 11:00:12.280451-03:00,0801237-43.2026.8.14.0201,CUMPRIMENTO DE SENTENÇA (156),FRANCISCO JOSÉ PINHO VIEIRA
CÍVEL,ICOARACI,3ª DEFENSORIA PÚBLICA CÍVEL DE ICOARACI,2026-02-24 12:12:43.483424-03:00,0801071-11.2026.8.14.0201,DIVÓRCIO CONSENSUAL (12372),FRANCISCO JOSÉ PINHO VIEIRA
CÍVEL,ICOARACI,3ª DEFENSORIA PÚBLICA CÍVEL DE ICOARACI,2026-02-25 09:18:25.987858-03:00,0801149-05.2026.8.14.0201,ALIMENTOS - LEI ESPECIAL Nº 5.478/68 (69),FRANCISCO JOSÉ PINHO VIEIRA
CÍVEL,ICOARACI,3ª DEFENSORIA PÚBLICA CÍVEL DE ICOARACI,2026-02-25 12:50:27.595384-03:00,0801148-20.2026.8.14.0201,CUMPRIMENTO DE SENTENÇA (156),FRANCISCO JOSÉ PINHO VIEIRA
CÍVEL,ICOARACI,3ª DEFENSORIA PÚBLICA CÍVEL DE ICOARACI,2026-02-26 09:00:44.570291-03:00,0801239-13.2026.8.14.0201,CUMPRIMENTO DE SENTENÇA (156),FRANCISCO JOSÉ PINHO VIEIRA
CÍVEL,ICOARACI,3ª DEFENSORIA PÚBLICA CÍVEL DE ICOARACI,2026-02-26 10:36:07.219807-03:00,0801147-35.2026.8.14.0201,CUMPRIMENTO DE SENTENÇA (156),FRANCISCO JOSÉ PINHO VIEIRA
CÍVEL,ICOARACI,3ª DEFENSORIA PÚBLICA CÍVEL DE ICOARACI,2026-02-26 10:55:42.920979-03:00,0801235-73.2026.8.14.0201,DIVÓRCIO LITIGIOSO (12541),FRANCISCO JOSÉ PINHO VIEIRA
CÍVEL,ICOARACI,3ª DEFENSORIA PÚBLICA CÍVEL DE ICOARACI,2026-02-26 11:45:32.034807-03:00,0801146-50.2026.8.14.0201,ALIMENTOS - LEI ESPECIAL Nº 5.478/68 (69),FRANCISCO JOSÉ PINHO VIEIRA
CÍVEL,ICOARACI,3ª DEFENSORIA PÚBLICA CÍVEL DE ICOARACI,2026-02-27 10:37:41.238958-03:00,0801233-06.2026.8.14.0201,AÇÃO CIVIL PÚBLICA (65),FRANCISCO JOSÉ PINHO VIEIRA
CÍVEL,ICOARACI,3ª DEFENSORIA PÚBLICA CÍVEL DE ICOARACI,2026-03-02 10:26:31.563972-03:00,0801190-69.2026.8.14.0201,ALIMENTOS - LEI ESPECIAL Nº 5.478/68 (69),FRANCISCO JOSÉ PINHO VIEIRA
CÍVEL,ICOARACI,3ª DEFENSORIA PÚBLICA CÍVEL DE ICOARACI,2026-03-02 13:31:41.278425-03:00,0801232-21.2026.8.14.0201,ALIMENTOS - LEI ESPECIAL Nº 5.478/68 (69),FRANCISCO JOSÉ PINHO VIEIRA
CÍVEL,ICOARACI,3ª DEFENSORIA PÚBLICA CÍVEL DE ICOARACI,2026-03-04 09:10:12.376977-03:00,0801296-31.2026.8.14.0201,DIVÓRCIO LITIGIOSO (12541),FRANCISCO JOSÉ PINHO VIEIRA
CÍVEL,ICOARACI,3ª DEFENSORIA PÚBLICA CÍVEL DE ICOARACI,2026-03-06 10:49:22.801412-03:00,0801322-29.2026.8.14.0201,ALIMENTOS - LEI ESPECIAL Nº 5.478/68 (69),FRANCISCO JOSÉ PINHO VIEIRA
CÍVEL,ICOARACI,3ª DEFENSORIA PÚBLICA CÍVEL DE ICOARACI,2026-03-09 10:50:00.953215-03:00,0801354-34.2026.8.14.0201,DIVÓRCIO LITIGIOSO (12541),FRANCISCO JOSÉ PINHO VIEIRA
CÍVEL,ICOARACI,3ª DEFENSORIA PÚBLICA CÍVEL DE ICOARACI,2026-03-11 07:58:03.844532-03:00,0801417-59.2026.8.14.0201,"ABERTURA, REGISTRO E CUMPRIMENTO DE TESTAMENTO (51)",FRANCISCO JOSÉ PINHO VIEIRA
CÍVEL,ICOARACI,3ª DEFENSORIA PÚBLICA CÍVEL DE ICOARACI,2026-03-11 14:06:18.258984-03:00,0801434-95.2026.8.14.0201,ALIMENTOS - LEI ESPECIAL Nº 5.478/68 (69),FRANCISCO JOSÉ PINHO VIEIRA
CÍVEL,ICOARACI,3ª DEFENSORIA PÚBLICA CÍVEL DE ICOARACI,2026-03-11 14:08:48.951098-03:00,0801433-13.2026.8.14.0201,ALIMENTOS - LEI ESPECIAL Nº 5.478/68 (69),FRANCISCO JOSÉ PINHO VIEIRA
CÍVEL,ICOARACI,3ª DEFENSORIA PÚBLICA CÍVEL DE ICOARACI,2026-03-12 11:36:00.681895-03:00,0801477-32.2026.8.14.0201,ALIMENTOS - LEI ESPECIAL Nº 5.478/68 (69),FRANCISCO JOSÉ PINHO VIEIRA
CÍVEL,ICOARACI,3ª DEFENSORIA PÚBLICA CÍVEL DE ICOARACI,2026-03-12 11:55:48.432303-03:00,0801478-17.2026.8.14.0201,AVERIGUAÇÃO DE PATERNIDADE (123),FRANCISCO JOSÉ PINHO VIEIRA
CÍVEL,ICOARACI,3ª DEFENSORIA PÚBLICA CÍVEL DE ICOARACI,2026-03-12 13:00:00.329829-03:00,0801481-69.2026.8.14.0201,ALIMENTOS - LEI ESPECIAL Nº 5.478/68 (69),FRANCISCO JOSÉ PINHO VIEIRA
CÍVEL,ICOARACI,3ª DEFENSORIA PÚBLICA CÍVEL DE ICOARACI,2026-03-13 10:20:14.697288-03:00,0801608-07.2026.8.14.0201,CUMPRIMENTO PROVISÓRIO DE SENTENÇA (157),FRANCISCO JOSÉ PINHO VIEIRA
CÍVEL,ICOARACI,3ª DEFENSORIA PÚBLICA CÍVEL DE ICOARACI,2026-03-13 10:33:51.361032-03:00,0801976-16.2026.8.14.0201,AÇÃO CIVIL PÚBLICA (65),FRANCISCO JOSÉ PINHO VIEIRA
CÍVEL,ICOARACI,3ª DEFENSORIA PÚBLICA CÍVEL DE ICOARACI,2026-03-13 10:52:37.346947-03:00,0801836-79.2026.8.14.0201,ALIMENTOS - LEI ESPECIAL Nº 5.478/68 (69),FRANCISCO JOSÉ PINHO VIEIRA
CÍVEL,ICOARACI,3ª DEFENSORIA PÚBLICA CÍVEL DE ICOARACI,2026-03-13 11:27:00.301780-03:00,0801760-55.2026.8.14.0201,HOMOLOGAÇÃO DA TRANSAÇÃO EXTRAJUDICIAL (12374),FRANCISCO JOSÉ PINHO VIEIRA
CÍVEL,ICOARACI,3ª DEFENSORIA PÚBLICA CÍVEL DE ICOARACI,2026-03-14 09:23:01.333784-03:00,0801601-15.2026.8.14.0201,ALIMENTOS - LEI ESPECIAL Nº 5.478/68 (69),FRANCISCO JOSÉ PINHO VIEIRA
CÍVEL,ICOARACI,3ª DEFENSORIA PÚBLICA CÍVEL DE ICOARACI,2026-03-14 09:44:12.251874-03:00,0801561-33.2026.8.14.0201,RETIFICAÇÃO OU SUPRIMENTO OU RESTAURAÇÃO DE REGISTRO CIVIL (1682),ALAN FERREIRA DAMASCENO
CÍVEL,ICOARACI,3ª DEFENSORIA PÚBLICA CÍVEL DE ICOARACI,2026-03-14 09:58:33.367676-03:00,0801834-12.2026.8.14.0201,ALIMENTOS - LEI ESPECIAL Nº 5.478/68 (69),FRANCISCO JOSÉ PINHO VIEIRA
CÍVEL,ICOARACI,3ª DEFENSORIA PÚBLICA CÍVEL DE ICOARACI,2026-03-14 11:02:00.642222-03:00,0801581-24.2026.8.14.0201,AÇÃO DE ALIMENTOS DE INFÂNCIA E JUVENTUDE (1389),ALAN FERREIRA DAMASCENO
CÍVEL,ICOARACI,3ª DEFENSORIA PÚBLICA CÍVEL DE ICOARACI,2026-03-14 11:20:01.695820-03:00,0801586-46.2026.8.14.0201,DIVÓRCIO LITIGIOSO (12541),ALAN FERREIRA DAMASCENO
CÍVEL,ICOARACI,3ª DEFENSORIA PÚBLICA CÍVEL DE ICOARACI,2026-03-14 12:07:01.293145-03:00,0801609-89.2026.8.14.0201,RETIFICAÇÃO OU SUPRIMENTO OU RESTAURAÇÃO DE REGISTRO CIVIL (1682),ALAN FERREIRA DAMASCENO
CÍVEL,ICOARACI,3ª DEFENSORIA PÚBLICA CÍVEL DE ICOARACI,2026-03-14 12:12:14.303005-03:00,0801603-82.2026.8.14.0201,DIVÓRCIO CONSENSUAL (12372),ALAN FERREIRA DAMASCENO
CÍVEL,ICOARACI,3ª DEFENSORIA PÚBLICA CÍVEL DE ICOARACI,2026-03-16 09:25:45.453939-03:00,0801678-24.2026.8.14.0201,ALIMENTOS - LEI ESPECIAL Nº 5.478/68 (69),FRANCISCO JOSÉ PINHO VIEIRA
CÍVEL,ICOARACI,3ª DEFENSORIA PÚBLICA CÍVEL DE ICOARACI,2026-03-16 10:09:01.792242-03:00,0801694-75.2026.8.14.0201,ALIMENTOS - LEI ESPECIAL Nº 5.478/68 (69),FRANCISCO JOSÉ PINHO VIEIRA
CÍVEL,ICOARACI,3ª DEFENSORIA PÚBLICA CÍVEL DE ICOARACI,2026-03-16 10:10:59.413701-03:00,0801759-70.2026.8.14.0201,ALIMENTOS - LEI ESPECIAL Nº 5.478/68 (69),FRANCISCO JOSÉ PINHO VIEIRA
CÍVEL,ICOARACI,3ª DEFENSORIA PÚBLICA CÍVEL DE ICOARACI,2026-03-16 10:31:53.401086-03:00,0801780-46.2026.8.14.0201,ALIMENTOS - LEI ESPECIAL Nº 5.478/68 (69),FRANCISCO JOSÉ PINHO VIEIRA
CÍVEL,ICOARACI,3ª DEFENSORIA PÚBLICA CÍVEL DE ICOARACI,2026-03-16 13:33:39.293733-03:00,0801693-90.2026.8.14.0201,ALIMENTOS - LEI ESPECIAL Nº 5.478/68 (69),FRANCISCO JOSÉ PINHO VIEIRA
CÍVEL,ICOARACI,3ª DEFENSORIA PÚBLICA CÍVEL DE ICOARACI,2026-03-18 11:57:36.711910-03:00,0830680-30.2026.8.14.0301,DIVÓRCIO CONSENSUAL (12372),FRANCISCO JOSÉ PINHO VIEIRA
CÍVEL,ICOARACI,3ª DEFENSORIA PÚBLICA CÍVEL DE ICOARACI,2026-03-18 14:29:01.896697-03:00,0801773-54.2026.8.14.0201,ALIMENTOS - LEI ESPECIAL Nº 5.478/68 (69),FRANCISCO JOSÉ PINHO VIEIRA
CÍVEL,ICOARACI,3ª DEFENSORIA PÚBLICA CÍVEL DE ICOARACI,2026-03-19 09:39:03.300677-03:00,0801789-08.2026.8.14.0201,RETIFICAÇÃO OU SUPRIMENTO OU RESTAURAÇÃO DE REGISTRO CIVIL (1682),FRANCISCO JOSÉ PINHO VIEIRA
CÍVEL,ICOARACI,3ª DEFENSORIA PÚBLICA CÍVEL DE ICOARACI,2026-03-19 10:03:30.823029-03:00,0801792-60.2026.8.14.0201,DIVÓRCIO CONSENSUAL (12372),FRANCISCO JOSÉ PINHO VIEIRA
CÍVEL,ICOARACI,3ª DEFENSORIA PÚBLICA CÍVEL DE ICOARACI,2026-03-19 11:46:57.965541-03:00,0801803-89.2026.8.14.0201,HABILITAÇÃO (38),FRANCISCO JOSÉ PINHO VIEIRA
CÍVEL,ICOARACI,3ª DEFENSORIA PÚBLICA CÍVEL DE ICOARACI,2026-03-20 11:00:06.780901-03:00,0801828-05.2026.8.14.0201,ALIMENTOS - LEI ESPECIAL Nº 5.478/68 (69),FRANCISCO JOSÉ PINHO VIEIRA
CÍVEL,ICOARACI,3ª DEFENSORIA PÚBLICA CÍVEL DE ICOARACI,2026-03-20 11:16:41.591327-03:00,0801941-56.2026.8.14.0201,DIVÓRCIO LITIGIOSO (12541),FRANCISCO JOSÉ PINHO VIEIRA
CÍVEL,ICOARACI,3ª DEFENSORIA PÚBLICA CÍVEL DE ICOARACI,2026-03-20 12:41:39.547258-03:00,0801874-91.2026.8.14.0201,DIVÓRCIO CONSENSUAL (12372),FRANCISCO JOSÉ PINHO VIEIRA
CÍVEL,ICOARACI,3ª DEFENSORIA PÚBLICA CÍVEL DE ICOARACI,2026-03-23 08:28:33.242494-03:00,0801875-76.2026.8.14.0201,ALIMENTOS - LEI ESPECIAL Nº 5.478/68 (69),FRANCISCO JOSÉ PINHO VIEIRA
CÍVEL,ICOARACI,3ª DEFENSORIA PÚBLICA CÍVEL DE ICOARACI,2026-03-23 11:52:38.428255-03:00,0801898-22.2026.8.14.0201,ALIMENTOS - LEI ESPECIAL Nº 5.478/68 (69),FRANCISCO JOSÉ PINHO VIEIRA
CÍVEL,ICOARACI,3ª DEFENSORIA PÚBLICA CÍVEL DE ICOARACI,2026-03-23 12:12:46.378084-03:00,0801965-84.2026.8.14.0201,GUARDA DE INFÂNCIA E JUVENTUDE (1420),FRANCISCO JOSÉ PINHO VIEIRA
CÍVEL,ICOARACI,3ª DEFENSORIA PÚBLICA CÍVEL DE ICOARACI,2026-03-23 12:25:13.204284-03:00,0801909-51.2026.8.14.0201,ALIMENTOS - LEI ESPECIAL Nº 5.478/68 (69),FRANCISCO JOSÉ PINHO VIEIRA
CÍVEL,ICOARACI,3ª DEFENSORIA PÚBLICA CÍVEL DE ICOARACI,2026-03-24 08:05:33.068753-03:00,0801932-94.2026.8.14.0201,CUMPRIMENTO DE SENTENÇA (156),FRANCISCO JOSÉ PINHO VIEIRA
CÍVEL,ICOARACI,3ª DEFENSORIA PÚBLICA CÍVEL DE ICOARACI,2026-03-24 11:10:15.148456-03:00,0801938-04.2026.8.14.0201,AÇÃO CIVIL PÚBLICA (65),FRANCISCO JOSÉ PINHO VIEIRA
CÍVEL,ICOARACI,3ª DEFENSORIA PÚBLICA CÍVEL DE ICOARACI,2026-03-24 13:34:03.006084-03:00,0801964-02.2026.8.14.0201,ALIMENTOS - LEI ESPECIAL Nº 5.478/68 (69),FRANCISCO JOSÉ PINHO VIEIRA
CÍVEL,ICOARACI,3ª DEFENSORIA PÚBLICA CÍVEL DE ICOARACI,2026-03-25 09:43:26.076081-03:00,0801977-98.2026.8.14.0201,DIVÓRCIO CONSENSUAL (12372),FRANCISCO JOSÉ PINHO VIEIRA
CÍVEL,ICOARACI,3ª DEFENSORIA PÚBLICA CÍVEL DE ICOARACI,2026-03-27 11:24:23.987984-03:00,0802164-09.2026.8.14.0201,CUMPRIMENTO DE SENTENÇA (156),FRANCISCO JOSÉ PINHO VIEIRA
CÍVEL,ICOARACI,3ª DEFENSORIA PÚBLICA CÍVEL DE ICOARACI,2026-03-30 13:53:04.849272-03:00,0802116-50.2026.8.14.0201,DIVÓRCIO LITIGIOSO (12541),FRANCISCO JOSÉ PINHO VIEIRA
CÍVEL,ICOARACI,3ª DEFENSORIA PÚBLICA CÍVEL DE ICOARACI,2026-03-31 08:14:49.537030-03:00,0802126-94.2026.8.14.0201,CUMPRIMENTO DE SENTENÇA (156),FRANCISCO JOSÉ PINHO VIEIRA
CÍVEL,ICOARACI,3ª DEFENSORIA PÚBLICA CÍVEL DE ICOARACI,2026-03-31 10:18:15.173706-03:00,0803015-48.2026.8.14.0201,DIVÓRCIO LITIGIOSO (12541),FRANCISCO JOSÉ PINHO VIEIRA
CÍVEL,ICOARACI,3ª DEFENSORIA PÚBLICA CÍVEL DE ICOARACI,2026-03-31 10:40:33.672618-03:00,0802149-40.2026.8.14.0201,DIVÓRCIO LITIGIOSO (12541),FRANCISCO JOSÉ PINHO VIEIRA
CÍVEL,ICOARACI,3ª DEFENSORIA PÚBLICA CÍVEL DE ICOARACI,2026-03-31 12:22:25.164751-03:00,0802262-91.2026.8.14.0201,DIVÓRCIO CONSENSUAL (12372),FRANCISCO JOSÉ PINHO VIEIRA
CÍVEL,ICOARACI,3ª DEFENSORIA PÚBLICA CÍVEL DE ICOARACI,2026-04-07 11:54:48.112748-03:00,0802263-76.2026.8.14.0201,ALIMENTOS - LEI ESPECIAL Nº 5.478/68 (69),FRANCISCO JOSÉ PINHO VIEIRA
CÍVEL,ICOARACI,3ª DEFENSORIA PÚBLICA CÍVEL DE ICOARACI,2026-04-07 13:08:41.854950-03:00,0802266-31.2026.8.14.0201,CUMPRIMENTO DE SENTENÇA (156),FRANCISCO JOSÉ PINHO VIEIRA
CÍVEL,ICOARACI,3ª DEFENSORIA PÚBLICA CÍVEL DE ICOARACI,2026-04-07 13:41:43.914651-03:00,0802276-75.2026.8.14.0201,CUMPRIMENTO DE SENTENÇA (156),FRANCISCO JOSÉ PINHO VIEIRA
CÍVEL,ICOARACI,3ª DEFENSORIA PÚBLICA CÍVEL DE ICOARACI,2026-04-08 11:38:29.559595-03:00,0802354-69.2026.8.14.0201,ALIMENTOS - LEI ESPECIAL Nº 5.478/68 (69),FRANCISCO JOSÉ PINHO VIEIRA
CÍVEL,ICOARACI,3ª DEFENSORIA PÚBLICA CÍVEL DE ICOARACI,2026-04-08 14:21:55.720137-03:00,0802350-32.2026.8.14.0201,RETIFICAÇÃO OU SUPRIMENTO OU RESTAURAÇÃO DE REGISTRO CIVIL (1682),FRANCISCO JOSÉ PINHO VIEIRA
CÍVEL,ICOARACI,3ª DEFENSORIA PÚBLICA CÍVEL DE ICOARACI,2026-04-09 09:03:33.440191-03:00,0802612-79.2026.8.14.0201,ALIMENTOS - LEI ESPECIAL Nº 5.478/68 (69),FRANCISCO JOSÉ PINHO VIEIRA
CÍVEL,ICOARACI,3ª DEFENSORIA PÚBLICA CÍVEL DE ICOARACI,2026-04-09 10:26:05.198282-03:00,0802348-62.2026.8.14.0201,ALIMENTOS - LEI ESPECIAL Nº 5.478/68 (69),FRANCISCO JOSÉ PINHO VIEIRA
CÍVEL,ICOARACI,3ª DEFENSORIA PÚBLICA CÍVEL DE ICOARACI,2026-04-09 11:24:40.852615-03:00,0802344-25.2026.8.14.0201,ALIMENTOS - LEI ESPECIAL Nº 5.478/68 (69),FRANCISCO JOSÉ PINHO VIEIRA
CÍVEL,ICOARACI,3ª DEFENSORIA PÚBLICA CÍVEL DE ICOARACI,2026-04-10 12:24:17.216164-03:00,0802400-58.2026.8.14.0201,ALIMENTOS - LEI ESPECIAL Nº 5.478/68 (69),FRANCISCO JOSÉ PINHO VIEIRA
CÍVEL,ICOARACI,3ª DEFENSORIA PÚBLICA CÍVEL DE ICOARACI,2026-04-11 09:37:29.817559-03:00,0802390-14.2026.8.14.0201,DIVÓRCIO LITIGIOSO (12541),CLARICE DOS SANTOS OTONI
CÍVEL,ICOARACI,3ª DEFENSORIA PÚBLICA CÍVEL DE ICOARACI,2026-04-11 10:18:24.939334-03:00,0802391-96.2026.8.14.0201,RETIFICAÇÃO OU SUPRIMENTO OU RESTAURAÇÃO DE REGISTRO CIVIL (1682),CLARICE DOS SANTOS OTONI
CÍVEL,ICOARACI,3ª DEFENSORIA PÚBLICA CÍVEL DE ICOARACI,2026-04-11 10:21:07.574087-03:00,0802393-66.2026.8.14.0201,RETIFICAÇÃO OU SUPRIMENTO OU RESTAURAÇÃO DE REGISTRO CIVIL (1682),CLARICE DOS SANTOS OTONI
CÍVEL,ICOARACI,3ª DEFENSORIA PÚBLICA CÍVEL DE ICOARACI,2026-04-11 11:42:37.274075-03:00,0802392-81.2026.8.14.0201,ALIMENTOS - LEI ESPECIAL Nº 5.478/68 (69),CLARICE DOS SANTOS OTONI
CÍVEL,ICOARACI,3ª DEFENSORIA PÚBLICA CÍVEL DE ICOARACI,2026-04-13 10:51:22.557591-03:00,0802454-24.2026.8.14.0201,CUMPRIMENTO DE SENTENÇA (156),FRANCISCO JOSÉ PINHO VIEIRA
CÍVEL,ICOARACI,3ª DEFENSORIA PÚBLICA CÍVEL DE ICOARACI,2026-04-13 16:14:35.533733-03:00,0802453-39.2026.8.14.0201,DIVÓRCIO LITIGIOSO (12541),FRANCISCO JOSÉ PINHO VIEIRA
CÍVEL,ICOARACI,3ª DEFENSORIA PÚBLICA CÍVEL DE ICOARACI,2026-04-14 11:43:50.145295-03:00,0801796-94.2026.8.14.0008,ALIMENTOS - LEI ESPECIAL Nº 5.478/68 (69),FRANCISCO JOSÉ PINHO VIEIRA
CÍVEL,ICOARACI,3ª DEFENSORIA PÚBLICA CÍVEL DE ICOARACI,2026-04-14 12:53:12.661280-03:00,0802489-81.2026.8.14.0201,ALIMENTOS - LEI ESPECIAL Nº 5.478/68 (69),FRANCISCO JOSÉ PINHO VIEIRA
CÍVEL,ICOARACI,3ª DEFENSORIA PÚBLICA CÍVEL DE ICOARACI,2026-04-15 10:41:11.233600-03:00,0802851-83.2026.8.14.0201,ALIMENTOS - LEI ESPECIAL Nº 5.478/68 (69),FRANCISCO JOSÉ PINHO VIEIRA
CÍVEL,ICOARACI,3ª DEFENSORIA PÚBLICA CÍVEL DE ICOARACI,2026-04-16 10:26:36.540202-03:00,0802537-40.2026.8.14.0201,ALIMENTOS - LEI ESPECIAL Nº 5.478/68 (69),FRANCISCO JOSÉ PINHO VIEIRA
CÍVEL,ICOARACI,3ª DEFENSORIA PÚBLICA CÍVEL DE ICOARACI,2026-04-16 11:08:00.176995-03:00,0802630-03.2026.8.14.0201,ALIMENTOS - LEI ESPECIAL Nº 5.478/68 (69),FRANCISCO JOSÉ PINHO VIEIRA
CÍVEL,ICOARACI,3ª DEFENSORIA PÚBLICA CÍVEL DE ICOARACI,2026-04-16 12:53:36.262102-03:00,0802600-65.2026.8.14.0201,ALIMENTOS - LEI ESPECIAL Nº 5.478/68 (69),FRANCISCO JOSÉ PINHO VIEIRA
CÍVEL,ICOARACI,3ª DEFENSORIA PÚBLICA CÍVEL DE ICOARACI,2026-04-16 13:39:53.749531-03:00,0802613-64.2026.8.14.0201,ALIMENTOS - LEI ESPECIAL Nº 5.478/68 (69),FRANCISCO JOSÉ PINHO VIEIRA
CÍVEL,ICOARACI,3ª DEFENSORIA PÚBLICA CÍVEL DE ICOARACI,2026-04-17 12:33:33.026501-03:00,0802614-49.2026.8.14.0201,ALIMENTOS - LEI ESPECIAL Nº 5.478/68 (69),FRANCISCO JOSÉ PINHO VIEIRA
CÍVEL,ICOARACI,3ª DEFENSORIA PÚBLICA CÍVEL DE ICOARACI,2026-04-17 13:05:21.909995-03:00,0802615-34.2026.8.14.0201,ALIMENTOS - LEI ESPECIAL Nº 5.478/68 (69),FRANCISCO JOSÉ PINHO VIEIRA
CÍVEL,ICOARACI,3ª DEFENSORIA PÚBLICA CÍVEL DE ICOARACI,2026-04-18 14:44:00.498685-03:00,0843500-81.2026.8.14.0301,TUTELA CÍVEL,FRANCISCO JOSÉ PINHO VIEIRA
CÍVEL,ICOARACI,3ª DEFENSORIA PÚBLICA CÍVEL DE ICOARACI,2026-04-22 10:33:26.418412-03:00,0802733-10.2026.8.14.0201,ALIMENTOS - LEI ESPECIAL Nº 5.478/68 (69),FRANCISCO JOSÉ PINHO VIEIRA
CÍVEL,ICOARACI,3ª DEFENSORIA PÚBLICA CÍVEL DE ICOARACI,2026-04-22 13:13:08.633097-03:00,0802717-56.2026.8.14.0201,ALIMENTOS - LEI ESPECIAL Nº 5.478/68 (69),FRANCISCO JOSÉ PINHO VIEIRA
CÍVEL,ICOARACI,3ª DEFENSORIA PÚBLICA CÍVEL DE ICOARACI,2026-04-22 15:17:31.120452-03:00,0802720-11.2026.8.14.0201,ALIMENTOS - LEI ESPECIAL Nº 5.478/68 (69),FRANCISCO JOSÉ PINHO VIEIRA
CÍVEL,ICOARACI,3ª DEFENSORIA PÚBLICA CÍVEL DE ICOARACI,2026-04-24 09:07:25.338414-03:00,0802792-95.2026.8.14.0201,ALIMENTOS - LEI ESPECIAL Nº 5.478/68 (69),FRANCISCO JOSÉ PINHO VIEIRA
CÍVEL,ICOARACI,3ª DEFENSORIA PÚBLICA CÍVEL DE ICOARACI,2026-04-24 09:49:39.472382-03:00,0802793-80.2026.8.14.0201,ALIMENTOS - LEI ESPECIAL Nº 5.478/68 (69),FRANCISCO JOSÉ PINHO VIEIRA
CÍVEL,ICOARACI,3ª DEFENSORIA PÚBLICA CÍVEL DE ICOARACI,2026-04-24 12:17:32.978725-03:00,0802962-67.2026.8.14.0201,CUMPRIMENTO DE SENTENÇA (156),FRANCISCO JOSÉ PINHO VIEIRA
CÍVEL,ICOARACI,3ª DEFENSORIA PÚBLICA CÍVEL DE ICOARACI,2026-04-27 10:32:39.506369-03:00,0802859-60.2026.8.14.0201,AVERIGUAÇÃO DE PATERNIDADE (123),FRANCISCO JOSÉ PINHO VIEIRA
CÍVEL,ICOARACI,3ª DEFENSORIA PÚBLICA CÍVEL DE ICOARACI,2026-04-27 11:45:35.592637-03:00,0802857-90.2026.8.14.0201,ALIMENTOS - LEI ESPECIAL Nº 5.478/68 (69),FRANCISCO JOSÉ PINHO VIEIRA
CÍVEL,ICOARACI,3ª DEFENSORIA PÚBLICA CÍVEL DE ICOARACI,2026-04-27 12:40:57.753863-03:00,0802916-78.2026.8.14.0201,ALIMENTOS - LEI ESPECIAL Nº 5.478/68 (69),FRANCISCO JOSÉ PINHO VIEIRA
CÍVEL,ICOARACI,3ª DEFENSORIA PÚBLICA CÍVEL DE ICOARACI,2026-04-27 12:59:57.109140-03:00,0802898-57.2026.8.14.0201,ALIMENTOS - LEI ESPECIAL Nº 5.478/68 (69),FRANCISCO JOSÉ PINHO VIEIRA
CÍVEL,ICOARACI,3ª DEFENSORIA PÚBLICA CÍVEL DE ICOARACI,2026-04-27 13:02:17.479162-03:00,0802897-72.2026.8.14.0201,ALIMENTOS - LEI ESPECIAL Nº 5.478/68 (69),FRANCISCO JOSÉ PINHO VIEIRA
CÍVEL,ICOARACI,3ª DEFENSORIA PÚBLICA CÍVEL DE ICOARACI,2026-04-28 10:21:21.891568-03:00,0802912-41.2026.8.14.0201,ALIMENTOS - LEI ESPECIAL Nº 5.478/68 (69),FRANCISCO JOSÉ PINHO VIEIRA
CÍVEL,ICOARACI,3ª DEFENSORIA PÚBLICA CÍVEL DE ICOARACI,2026-04-28 11:47:07.671785-03:00,0802915-93.2026.8.14.0201,ALIMENTOS - LEI ESPECIAL Nº 5.478/68 (69),FRANCISCO JOSÉ PINHO VIEIRA
CÍVEL,ICOARACI,3ª DEFENSORIA PÚBLICA CÍVEL DE ICOARACI,2026-04-28 13:17:21.608922-03:00,0802961-82.2026.8.14.0201,ALIMENTOS - LEI ESPECIAL Nº 5.478/68 (69),FRANCISCO JOSÉ PINHO VIEIRA
CÍVEL,ICOARACI,3ª DEFENSORIA PÚBLICA CÍVEL DE ICOARACI,2026-04-29 08:40:52.325185-03:00,0802963-52.2026.8.14.0201,ALIMENTOS - LEI ESPECIAL Nº 5.478/68 (69),FRANCISCO JOSÉ PINHO VIEIRA
CÍVEL,ICOARACI,3ª DEFENSORIA PÚBLICA CÍVEL DE ICOARACI,2026-04-29 09:15:01.994172-03:00,0802953-08.2026.8.14.0201,AÇÃO CIVIL PÚBLICA (65),FRANCISCO JOSÉ PINHO VIEIRA
CÍVEL,ICOARACI,3ª DEFENSORIA PÚBLICA CÍVEL DE ICOARACI,2026-04-29 09:33:52.925253-03:00,0802971-29.2026.8.14.0201,ALIMENTOS - LEI ESPECIAL Nº 5.478/68 (69),FRANCISCO JOSÉ PINHO VIEIRA
CÍVEL,ICOARACI,3ª DEFENSORIA PÚBLICA CÍVEL DE ICOARACI,2026-04-29 10:44:59.544068-03:00,0802999-94.2026.8.14.0201,ALIMENTOS - LEI ESPECIAL Nº 5.478/68 (69),FRANCISCO JOSÉ PINHO VIEIRA
CÍVEL,ICOARACI,3ª DEFENSORIA PÚBLICA CÍVEL DE ICOARACI,2026-04-29 11:43:08.451553-03:00,0802998-12.2026.8.14.0201,DIVÓRCIO LITIGIOSO (12541),FRANCISCO JOSÉ PINHO VIEIRA
CÍVEL,ICOARACI,3ª DEFENSORIA PÚBLICA CÍVEL DE ICOARACI,2026-04-29 12:57:51.507742-03:00,0802997-27.2026.8.14.0201,PROCEDIMENTO COMUM CÍVEL (7),FRANCISCO JOSÉ PINHO VIEIRA
CÍVEL,ICOARACI,3ª DEFENSORIA PÚBLICA CÍVEL DE ICOARACI,2026-04-30 09:53:35.076813-03:00,0803012-93.2026.8.14.0201,ALIMENTOS - LEI ESPECIAL Nº 5.478/68 (69),FRANCISCO JOSÉ PINHO VIEIRA
CÍVEL,ICOARACI,3ª DEFENSORIA PÚBLICA CÍVEL DE ICOARACI,2026-04-30 11:51:23.638601-03:00,0803018-03.2026.8.14.0201,ALIMENTOS - LEI ESPECIAL Nº 5.478/68 (69),FRANCISCO JOSÉ PINHO VIEIRA
CÍVEL,ICOARACI,3ª DEFENSORIA PÚBLICA CÍVEL DE ICOARACI,2026-04-30 12:35:54.984262-03:00,0803154-97.2026.8.14.0201,ALIMENTOS - LEI ESPECIAL Nº 5.478/68 (69),FRANCISCO JOSÉ PINHO VIEIRA
CÍVEL,ICOARACI,3ª DEFENSORIA PÚBLICA CÍVEL DE ICOARACI,2026-05-04 08:14:48.432206-03:00,0803162-74.2026.8.14.0201,ALIMENTOS - LEI ESPECIAL Nº 5.478/68 (69),FRANCISCO JOSÉ PINHO VIEIRA
CÍVEL,ICOARACI,3ª DEFENSORIA PÚBLICA CÍVEL DE ICOARACI,2026-05-04 09:42:40.016225-03:00,0803148-90.2026.8.14.0201,ALIMENTOS - LEI ESPECIAL Nº 5.478/68 (69),FRANCISCO JOSÉ PINHO VIEIRA
CÍVEL,ICOARACI,3ª DEFENSORIA PÚBLICA CÍVEL DE ICOARACI,2026-05-04 09:55:13.380679-03:00,0803147-08.2026.8.14.0201,ALIMENTOS - LEI ESPECIAL Nº 5.478/68 (69),FRANCISCO JOSÉ PINHO VIEIRA
CÍVEL,ICOARACI,3ª DEFENSORIA PÚBLICA CÍVEL DE ICOARACI,2026-05-04 11:04:12.982852-03:00,0803156-67.2026.8.14.0201,ALIMENTOS - LEI ESPECIAL Nº 5.478/68 (69),FRANCISCO JOSÉ PINHO VIEIRA
CÍVEL,ICOARACI,3ª DEFENSORIA PÚBLICA CÍVEL DE ICOARACI,2026-05-04 13:02:22.994194-03:00,0803146-23.2026.8.14.0201,DIVÓRCIO LITIGIOSO (12541),FRANCISCO JOSÉ PINHO VIEIRA
CÍVEL,ICOARACI,3ª DEFENSORIA PÚBLICA CÍVEL DE ICOARACI,2026-05-05 08:13:50.619734-03:00,0803290-94.2026.8.14.0201,ALIMENTOS - LEI ESPECIAL Nº 5.478/68 (69),FRANCISCO JOSÉ PINHO VIEIRA
CÍVEL,ICOARACI,3ª DEFENSORIA PÚBLICA CÍVEL DE ICOARACI,2026-05-05 09:11:44.770155-03:00,0803157-52.2026.8.14.0201,DIVÓRCIO LITIGIOSO (12541),FRANCISCO JOSÉ PINHO VIEIRA
CÍVEL,ICOARACI,3ª DEFENSORIA PÚBLICA CÍVEL DE ICOARACI,2026-05-05 09:16:29.184332-03:00,0803160-07.2026.8.14.0201,DIVÓRCIO LITIGIOSO (12541),FRANCISCO JOSÉ PINHO VIEIRA
CÍVEL,ICOARACI,3ª DEFENSORIA PÚBLICA CÍVEL DE ICOARACI,2026-05-05 12:05:29.771466-03:00,0803296-04.2026.8.14.0201,ALIMENTOS - LEI ESPECIAL Nº 5.478/68 (69),FRANCISCO JOSÉ PINHO VIEIRA
CÍVEL,ICOARACI,3ª DEFENSORIA PÚBLICA CÍVEL DE ICOARACI,2026-05-07 08:50:46.973566-03:00,0803346-30.2026.8.14.0201,ALIMENTOS - LEI ESPECIAL Nº 5.478/68 (69),FRANCISCO JOSÉ PINHO VIEIRA
CÍVEL,ICOARACI,3ª DEFENSORIA PÚBLICA CÍVEL DE ICOARACI,2026-05-07 10:02:17.420345-03:00,0803480-57.2026.8.14.0201,ALIMENTOS - LEI ESPECIAL Nº 5.478/68 (69),FRANCISCO JOSÉ PINHO VIEIRA
CÍVEL,ICOARACI,3ª DEFENSORIA PÚBLICA CÍVEL DE ICOARACI,2026-05-07 10:12:20.736550-03:00,0803551-59.2026.8.14.0201,ALIMENTOS - LEI ESPECIAL Nº 5.478/68 (69),FRANCISCO JOSÉ PINHO VIEIRA
CÍVEL,ICOARACI,3ª DEFENSORIA PÚBLICA CÍVEL DE ICOARACI,2026-05-07 10:20:44.845905-03:00,0803345-45.2026.8.14.0201,CUMPRIMENTO DE SENTENÇA (156),FRANCISCO JOSÉ PINHO VIEIRA
CÍVEL,ICOARACI,3ª DEFENSORIA PÚBLICA CÍVEL DE ICOARACI,2026-05-07 10:24:59.420452-03:00,0803299-56.2026.8.14.0201,ALIMENTOS - LEI ESPECIAL Nº 5.478/68 (69),FRANCISCO JOSÉ PINHO VIEIRA
CÍVEL,ICOARACI,3ª DEFENSORIA PÚBLICA CÍVEL DE ICOARACI,2026-05-08 10:42:24.390231-03:00,0803479-72.2026.8.14.0201,CUMPRIMENTO DE SENTENÇA (156),FRANCISCO JOSÉ PINHO VIEIRA
CÍVEL,ICOARACI,3ª DEFENSORIA PÚBLICA CÍVEL DE ICOARACI,2026-05-14 09:40:37.227421-03:00,0803563-73.2026.8.14.0201,ALIMENTOS - LEI ESPECIAL Nº 5.478/68 (69),FRANCISCO JOSÉ PINHO VIEIRA
CÍVEL,ICOARACI,3ª DEFENSORIA PÚBLICA CÍVEL DE ICOARACI,2026-05-14 10:35:21.555172-03:00,0803556-81.2026.8.14.0201,DIVÓRCIO CONSENSUAL (12372),FRANCISCO JOSÉ PINHO VIEIRA
CÍVEL,ICOARACI,3ª DEFENSORIA PÚBLICA CÍVEL DE ICOARACI,2026-05-14 13:14:05.787747-03:00,0803564-58.2026.8.14.0201,DIVÓRCIO CONSENSUAL (12372),FRANCISCO JOSÉ PINHO VIEIRA
CÍVEL,ICOARACI,3ª DEFENSORIA PÚBLICA CÍVEL DE ICOARACI,2026-05-15 09:51:13.155051-03:00,0803582-79.2026.8.14.0201,ALIMENTOS - LEI ESPECIAL Nº 5.478/68 (69),FRANCISCO JOSÉ PINHO VIEIRA
CÍVEL,ICOARACI,3ª DEFENSORIA PÚBLICA CÍVEL DE ICOARACI,2026-05-15 09:54:16.186205-03:00,0803579-27.2026.8.14.0201,ALIMENTOS - LEI ESPECIAL Nº 5.478/68 (69),FRANCISCO JOSÉ PINHO VIEIRA
CÍVEL,ICOARACI,3ª DEFENSORIA PÚBLICA CÍVEL DE ICOARACI,2026-05-15 10:00:02.439700-03:00,0803578-42.2026.8.14.0201,ALIMENTOS - LEI ESPECIAL Nº 5.478/68 (69),FRANCISCO JOSÉ PINHO VIEIRA
CÍVEL,ICOARACI,3ª DEFENSORIA PÚBLICA CÍVEL DE ICOARACI,2026-05-15 12:00:17.613838-03:00,0803622-61.2026.8.14.0201,ALIMENTOS - LEI ESPECIAL Nº 5.478/68 (69),FRANCISCO JOSÉ PINHO VIEIRA
CÍVEL,ICOARACI,3ª DEFENSORIA PÚBLICA CÍVEL DE ICOARACI,2026-05-18 09:46:30.131142-03:00,0803639-97.2026.8.14.0201,ALIMENTOS - LEI ESPECIAL Nº 5.478/68 (69),FRANCISCO JOSÉ PINHO VIEIRA
CÍVEL,ICOARACI,3ª DEFENSORIA PÚBLICA CÍVEL DE ICOARACI,2026-05-19 09:48:49.722630-03:00,0803714-39.2026.8.14.0201,CUMPRIMENTO DE SENTENÇA (156),FRANCISCO JOSÉ PINHO VIEIRA
CÍVEL,ICOARACI,3ª DEFENSORIA PÚBLICA CÍVEL DE ICOARACI,2026-05-19 10:16:12.383804-03:00,0803703-10.2026.8.14.0201,ALIMENTOS - LEI ESPECIAL Nº 5.478/68 (69),FRANCISCO JOSÉ PINHO VIEIRA
CÍVEL,ICOARACI,3ª DEFENSORIA PÚBLICA CÍVEL DE ICOARACI,2026-05-19 10:48:46.441507-03:00,0803702-25.2026.8.14.0201,ALIMENTOS - LEI ESPECIAL Nº 5.478/68 (69),FRANCISCO JOSÉ PINHO VIEIRA
CÍVEL,ICOARACI,3ª DEFENSORIA PÚBLICA CÍVEL DE ICOARACI,2026-05-20 09:17:18.458127-03:00,0803710-02.2026.8.14.0201,CUMPRIMENTO DE SENTENÇA (156),FRANCISCO JOSÉ PINHO VIEIRA
CÍVEL,ICOARACI,3ª DEFENSORIA PÚBLICA CÍVEL DE ICOARACI,2026-05-20 09:43:30.249498-03:00,0803717-91.2026.8.14.0201,ALIMENTOS - LEI ESPECIAL Nº 5.478/68 (69),FRANCISCO JOSÉ PINHO VIEIRA
CÍVEL,ICOARACI,3ª DEFENSORIA PÚBLICA CÍVEL DE ICOARACI,2026-05-20 10:16:14.570297-03:00,0803716-09.2026.8.14.0201,ALIMENTOS - LEI ESPECIAL Nº 5.478/68 (69),FRANCISCO JOSÉ PINHO VIEIRA
CÍVEL,ICOARACI,3ª DEFENSORIA PÚBLICA CÍVEL DE ICOARACI,2026-05-20 11:10:02.598357-03:00,0803719-61.2026.8.14.0201,CUMPRIMENTO DE SENTENÇA (156),FRANCISCO JOSÉ PINHO VIEIRA
CÍVEL,ICOARACI,3ª DEFENSORIA PÚBLICA CÍVEL DE ICOARACI,2026-05-20 11:39:04.152404-03:00,0803747-29.2026.8.14.0201,ALIMENTOS - LEI ESPECIAL Nº 5.478/68 (69),FRANCISCO JOSÉ PINHO VIEIRA
CÍVEL,ICOARACI,3ª DEFENSORIA PÚBLICA CÍVEL DE ICOARACI,2026-05-20 11:53:30.042132-03:00,0803746-44.2026.8.14.0201,ALIMENTOS - LEI ESPECIAL Nº 5.478/68 (69),FRANCISCO JOSÉ PINHO VIEIRA
CÍVEL,ICOARACI,3ª DEFENSORIA PÚBLICA CÍVEL DE ICOARACI,2026-05-20 12:04:54.095760-03:00,0803752-51.2026.8.14.0201,ALIMENTOS - LEI ESPECIAL Nº 5.478/68 (69),FRANCISCO JOSÉ PINHO VIEIRA
CÍVEL,ICOARACI,3ª DEFENSORIA PÚBLICA CÍVEL DE ICOARACI,2026-05-21 10:25:57.208580-03:00,0803753-36.2026.8.14.0201,ALIMENTOS - LEI ESPECIAL Nº 5.478/68 (69),FRANCISCO JOSÉ PINHO VIEIRA
CÍVEL,ICOARACI,3ª DEFENSORIA PÚBLICA CÍVEL DE ICOARACI,2026-05-22 12:03:41.773709-03:00,0803773-27.2026.8.14.0201,ALIMENTOS - LEI ESPECIAL Nº 5.478/68 (69),FRANCISCO JOSÉ PINHO VIEIRA
CÍVEL,ICOARACI,3ª DEFENSORIA PÚBLICA CÍVEL DE ICOARACI,2026-05-22 13:17:02.132538-03:00,0803814-91.2026.8.14.0201,ALIMENTOS - LEI ESPECIAL Nº 5.478/68 (69),FRANCISCO JOSÉ PINHO VIEIRA
CÍVEL,ICOARACI,3ª DEFENSORIA PÚBLICA CÍVEL DE ICOARACI,2026-05-25 08:44:44.042404-03:00,0803849-51.2026.8.14.0201,CUMPRIMENTO DE SENTENÇA DE OBRIGAÇÃO DE PRESTAR ALIMENTOS,FRANCISCO JOSÉ PINHO VIEIRA
CÍVEL,ICOARACI,3ª DEFENSORIA PÚBLICA CÍVEL DE ICOARACI,2026-05-25 10:50:07.803570-03:00,0803835-67.2026.8.14.0201,DIVÓRCIO LITIGIOSO (12541),FRANCISCO JOSÉ PINHO VIEIRA
CÍVEL,ICOARACI,3ª DEFENSORIA PÚBLICA CÍVEL DE ICOARACI,2026-05-25 10:56:53.009382-03:00,0803834-82.2026.8.14.0201,ALIMENTOS - LEI ESPECIAL Nº 5.478/68 (69),FRANCISCO JOSÉ PINHO VIEIRA
CÍVEL,ICOARACI,3ª DEFENSORIA PÚBLICA CÍVEL DE ICOARACI,2026-05-25 15:54:48.887294-03:00,0803855-58.2026.8.14.0201,ALIMENTOS - LEI ESPECIAL Nº 5.478/68 (69),FRANCISCO JOSÉ PINHO VIEIRA
CÍVEL,ICOARACI,3ª DEFENSORIA PÚBLICA CÍVEL DE ICOARACI,2026-05-26 10:27:04.257980-03:00,0803886-78.2026.8.14.0201,ALIMENTOS - LEI ESPECIAL Nº 5.478/68 (69),FRANCISCO JOSÉ PINHO VIEIRA
CÍVEL,ICOARACI,3ª DEFENSORIA PÚBLICA CÍVEL DE ICOARACI,2026-05-26 10:33:50.739543-03:00,0803882-41.2026.8.14.0201,ALIMENTOS - LEI ESPECIAL Nº 5.478/68 (69),FRANCISCO JOSÉ PINHO VIEIRA
CÍVEL,ICOARACI,3ª DEFENSORIA PÚBLICA CÍVEL DE ICOARACI,2026-05-26 10:56:07.208601-03:00,0803881-56.2026.8.14.0201,ALIMENTOS - LEI ESPECIAL Nº 5.478/68 (69),FRANCISCO JOSÉ PINHO VIEIRA
CÍVEL,ICOARACI,3ª DEFENSORIA PÚBLICA CÍVEL DE ICOARACI,2026-05-26 12:03:04.318644-03:00,0803883-26.2026.8.14.0201,ALIMENTOS - LEI ESPECIAL Nº 5.478/68 (69),FRANCISCO JOSÉ PINHO VIEIRA
CÍVEL,ICOARACI,3ª DEFENSORIA PÚBLICA CÍVEL DE ICOARACI,2026-05-26 12:37:46.836770-03:00,0803879-86.2026.8.14.0201,ALIMENTOS - LEI ESPECIAL Nº 5.478/68 (69),FRANCISCO JOSÉ PINHO VIEIRA
CÍVEL,ICOARACI,3ª DEFENSORIA PÚBLICA CÍVEL DE ICOARACI,2026-05-26 12:57:42.870869-03:00,0803884-11.2026.8.14.0201,DIVÓRCIO LITIGIOSO (12541),FRANCISCO JOSÉ PINHO VIEIRA
CÍVEL,ICOARACI,3ª DEFENSORIA PÚBLICA CÍVEL DE ICOARACI,2026-05-27 10:06:24.007221-03:00,0803943-96.2026.8.14.0201,AVERIGUAÇÃO DE PATERNIDADE (123),FRANCISCO JOSÉ PINHO VIEIRA
CÍVEL,ICOARACI,3ª DEFENSORIA PÚBLICA CÍVEL DE ICOARACI,2026-05-27 10:24:02.414358-03:00,0803942-14.2026.8.14.0201,ALIMENTOS - LEI ESPECIAL Nº 5.478/68 (69),FRANCISCO JOSÉ PINHO VIEIRA
CÍVEL,ICOARACI,3ª DEFENSORIA PÚBLICA CÍVEL DE ICOARACI,2026-05-28 09:25:26.185163-03:00,0803934-37.2026.8.14.0201,AVERIGUAÇÃO DE PATERNIDADE (123),FRANCISCO JOSÉ PINHO VIEIRA
CÍVEL,ICOARACI,3ª DEFENSORIA PÚBLICA CÍVEL DE ICOARACI,2026-05-28 11:01:49.039916-03:00,0803945-66.2026.8.14.0201,RETIFICAÇÃO OU SUPRIMENTO OU RESTAURAÇÃO DE REGISTRO CIVIL (1682),FRANCISCO JOSÉ PINHO VIEIRA
CÍVEL,ICOARACI,3ª DEFENSORIA PÚBLICA CÍVEL DE ICOARACI,2026-05-28 13:50:21.024446-03:00,0803952-58.2026.8.14.0201,ALIMENTOS - LEI ESPECIAL Nº 5.478/68 (69),FRANCISCO JOSÉ PINHO VIEIRA
CÍVEL,ICOARACI,3ª DEFENSORIA PÚBLICA CÍVEL DE ICOARACI,2026-05-29 09:59:39.438887-03:00,0803966-42.2026.8.14.0201,ALIMENTOS - LEI ESPECIAL Nº 5.478/68 (69),FRANCISCO JOSÉ PINHO VIEIRA
CÍVEL,ICOARACI,3ª DEFENSORIA PÚBLICA CÍVEL DE ICOARACI,2026-05-29 10:39:13.848157-03:00,0804060-87.2026.8.14.0201,ALIMENTOS - LEI ESPECIAL Nº 5.478/68 (69),FRANCISCO JOSÉ PINHO VIEIRA
CÍVEL,ICOARACI,3ª DEFENSORIA PÚBLICA CÍVEL DE ICOARACI,2026-06-01 10:52:04.349026-03:00,0804010-61.2026.8.14.0201,ALIMENTOS - LEI ESPECIAL Nº 5.478/68 (69),FRANCISCO JOSÉ PINHO VIEIRA
CÍVEL,ICOARACI,3ª DEFENSORIA PÚBLICA CÍVEL DE ICOARACI,2026-06-01 13:08:55.982158-03:00,0804103-24.2026.8.14.0201,CUMPRIMENTO DE SENTENÇA (156),FRANCISCO JOSÉ PINHO VIEIRA
CÍVEL,ICOARACI,3ª DEFENSORIA PÚBLICA CÍVEL DE ICOARACI,2026-06-01 15:19:11.361869-03:00,0804043-51.2026.8.14.0201,ALIMENTOS - LEI ESPECIAL Nº 5.478/68 (69),FRANCISCO JOSÉ PINHO VIEIRA
CÍVEL,ICOARACI,3ª DEFENSORIA PÚBLICA CÍVEL DE ICOARACI,2026-06-02 11:57:19.815751-03:00,0804069-49.2026.8.14.0201,ALIMENTOS - LEI ESPECIAL Nº 5.478/68 (69),FRANCISCO JOSÉ PINHO VIEIRA
CÍVEL,ICOARACI,3ª DEFENSORIA PÚBLICA CÍVEL DE ICOARACI,2026-06-08 09:06:23.946824-03:00,0804194-17.2026.8.14.0201,ALIMENTOS - LEI ESPECIAL Nº 5.478/68 (69),FRANCISCO JOSÉ PINHO VIEIRA
CÍVEL,ICOARACI,3ª DEFENSORIA PÚBLICA CÍVEL DE ICOARACI,2026-06-08 10:15:51.449788-03:00,0804193-32.2026.8.14.0201,ALIMENTOS - LEI ESPECIAL Nº 5.478/68 (69),FRANCISCO JOSÉ PINHO VIEIRA
CÍVEL,ICOARACI,3ª DEFENSORIA PÚBLICA CÍVEL DE ICOARACI,2026-06-09 10:08:42.463237-03:00,0804195-02.2026.8.14.0201,ALIMENTOS - LEI ESPECIAL Nº 5.478/68 (69),FRANCISCO JOSÉ PINHO VIEIRA
CÍVEL,ICOARACI,3ª DEFENSORIA PÚBLICA CÍVEL DE ICOARACI,2026-06-11 10:21:59.046120-03:00,0804247-95.2026.8.14.0201,ALIMENTOS - LEI ESPECIAL Nº 5.478/68 (69),FRANCISCO JOSÉ PINHO VIEIRA
CÍVEL,ICOARACI,3ª DEFENSORIA PÚBLICA CÍVEL DE ICOARACI,2026-06-15 10:55:02.884862-03:00,0804338-88.2026.8.14.0201,ALIMENTOS - LEI ESPECIAL Nº 5.478/68 (69),FRANCISCO JOSÉ PINHO VIEIRA
CÍVEL,ICOARACI,3ª DEFENSORIA PÚBLICA CÍVEL DE ICOARACI,2026-06-16 10:56:25.883963-03:00,0804424-59.2026.8.14.0201,ALIMENTOS - LEI ESPECIAL Nº 5.478/68 (69),FRANCISCO JOSÉ PINHO VIEIRA
CÍVEL,ICOARACI,3ª DEFENSORIA PÚBLICA CÍVEL DE ICOARACI,2026-06-16 11:55:48.076166-03:00,0804370-93.2026.8.14.0201,ALIMENTOS - LEI ESPECIAL Nº 5.478/68 (69),FRANCISCO JOSÉ PINHO VIEIRA
CÍVEL,ICOARACI,3ª DEFENSORIA PÚBLICA CÍVEL DE ICOARACI,2026-06-16 12:45:23.399106-03:00,0804377-85.2026.8.14.0201,ALIMENTOS - LEI ESPECIAL Nº 5.478/68 (69),FRANCISCO JOSÉ PINHO VIEIRA
CÍVEL,ICOARACI,3ª DEFENSORIA PÚBLICA CÍVEL DE ICOARACI,2026-06-17 09:54:19.078380-03:00,0804393-39.2026.8.14.0201,DIVÓRCIO LITIGIOSO (12541),FRANCISCO JOSÉ PINHO VIEIRA
CÍVEL,ICOARACI,3ª DEFENSORIA PÚBLICA CÍVEL DE ICOARACI,2026-06-17 10:25:48.753966-03:00,0804399-46.2026.8.14.0201,ALIMENTOS - LEI ESPECIAL Nº 5.478/68 (69),FRANCISCO JOSÉ PINHO VIEIRA
CÍVEL,ICOARACI,3ª DEFENSORIA PÚBLICA CÍVEL DE ICOARACI,2026-06-17 13:32:16.673343-03:00,0804406-38.2026.8.14.0201,ALIMENTOS - LEI ESPECIAL Nº 5.478/68 (69),FRANCISCO JOSÉ PINHO VIEIRA
CÍVEL,ICOARACI,3ª DEFENSORIA PÚBLICA CÍVEL DE ICOARACI,2026-06-18 09:20:55.671744-03:00,0804427-14.2026.8.14.0201,ALIMENTOS - LEI ESPECIAL Nº 5.478/68 (69),FRANCISCO JOSÉ PINHO VIEIRA
CÍVEL,ICOARACI,3ª DEFENSORIA PÚBLICA CÍVEL DE ICOARACI,2026-06-18 09:48:08.976314-03:00,0804428-96.2026.8.14.0201,CUMPRIMENTO DE SENTENÇA (156),FRANCISCO JOSÉ PINHO VIEIRA
CÍVEL,ICOARACI,3ª DEFENSORIA PÚBLICA CÍVEL DE ICOARACI,2026-06-18 11:51:32.788336-03:00,0804448-87.2026.8.14.0201,ALIMENTOS - LEI ESPECIAL Nº 5.478/68 (69),FRANCISCO JOSÉ PINHO VIEIRA
CÍVEL,ICOARACI,3ª DEFENSORIA PÚBLICA CÍVEL DE ICOARACI,2026-06-18 12:29:35.473024-03:00,0804449-72.2026.8.14.0201,CUMPRIMENTO DE SENTENÇA (156),FRANCISCO JOSÉ PINHO VIEIRA
CÍVEL,ICOARACI,3ª DEFENSORIA PÚBLICA CÍVEL DE ICOARACI,2026-06-19 10:50:02.586632-03:00,0804473-03.2026.8.14.0201,ALIMENTOS - LEI ESPECIAL Nº 5.478/68 (69),FRANCISCO JOSÉ PINHO VIEIRA
CÍVEL,ICOARACI,3ª DEFENSORIA PÚBLICA CÍVEL DE ICOARACI,2026-06-19 11:32:40.641951-03:00,0804474-85.2026.8.14.0201,ALIMENTOS - LEI ESPECIAL Nº 5.478/68 (69),FRANCISCO JOSÉ PINHO VIEIRA
CÍVEL,ICOARACI,3ª DEFENSORIA PÚBLICA CÍVEL DE ICOARACI,2026-06-19 11:50:31.928173-03:00,0804472-18.2026.8.14.0201,ALIMENTOS - LEI ESPECIAL Nº 5.478/68 (69),FRANCISCO JOSÉ PINHO VIEIRA
CÍVEL,ICOARACI,3ª DEFENSORIA PÚBLICA CÍVEL DE ICOARACI,2026-06-19 12:36:41.393724-03:00,0804471-33.2026.8.14.0201,ALIMENTOS - LEI ESPECIAL Nº 5.478/68 (69),FRANCISCO JOSÉ PINHO VIEIRA
CÍVEL,ICOARACI,3ª DEFENSORIA PÚBLICA CÍVEL DE ICOARACI,2026-06-22 09:32:45.303892-03:00,0804559-71.2026.8.14.0201,ALIMENTOS - LEI ESPECIAL Nº 5.478/68 (69),FRANCISCO JOSÉ PINHO VIEIRA
CÍVEL,ICOARACI,3ª DEFENSORIA PÚBLICA CÍVEL DE ICOARACI,2026-06-22 11:21:14.182049-03:00,0804621-14.2026.8.14.0201,DIVÓRCIO LITIGIOSO (12541),FRANCISCO JOSÉ PINHO VIEIRA
CÍVEL,ICOARACI,3ª DEFENSORIA PÚBLICA CÍVEL DE ICOARACI,2026-06-24 10:28:54.703914-03:00,0804623-81.2026.8.14.0201,ALIMENTOS - LEI ESPECIAL Nº 5.478/68 (69),FRANCISCO JOSÉ PINHO VIEIRA
CÍVEL,ICOARACI,3ª DEFENSORIA PÚBLICA CÍVEL DE ICOARACI,2026-06-24 11:59:17.424516-03:00,0804625-51.2026.8.14.0201,ALIMENTOS - LEI ESPECIAL Nº 5.478/68 (69),FRANCISCO JOSÉ PINHO VIEIRA
CÍVEL,ICOARACI,3ª DEFENSORIA PÚBLICA CÍVEL DE ICOARACI,2026-06-24 13:02:05.375991-03:00,0804647-12.2026.8.14.0201,ALIMENTOS - LEI ESPECIAL Nº 5.478/68 (69),FRANCISCO JOSÉ PINHO VIEIRA
CÍVEL,ICOARACI,3ª DEFENSORIA PÚBLICA CÍVEL DE ICOARACI,2026-06-25 09:17:10.980233-03:00,0801067-44.2026.8.14.0501,DIVÓRCIO LITIGIOSO (12541),FRANCISCO JOSÉ PINHO VIEIRA
CÍVEL,ICOARACI,3ª DEFENSORIA PÚBLICA CÍVEL DE ICOARACI,2026-06-25 11:02:55.933499-03:00,0804736-35.2026.8.14.0201,DIVÓRCIO LITIGIOSO (12541),FRANCISCO JOSÉ PINHO VIEIRA
CÍVEL,ICOARACI,3ª DEFENSORIA PÚBLICA CÍVEL DE ICOARACI,2026-06-26 10:43:44.447115-03:00,0865184-62.2026.8.14.0301,ALIMENTOS - LEI ESPECIAL Nº 5.478/68 (69),FRANCISCO JOSÉ PINHO VIEIRA
CÍVEL,ICOARACI,3ª DEFENSORIA PÚBLICA CÍVEL DE ICOARACI,2026-06-29 09:35:00.751787-03:00,0804750-19.2026.8.14.0201,CUMPRIMENTO DE SENTENÇA (156),FRANCISCO JOSÉ PINHO VIEIRA
CÍVEL,ICOARACI,3ª DEFENSORIA PÚBLICA CÍVEL DE ICOARACI,2026-06-29 10:21:47.298729-03:00,0804748-49.2026.8.14.0201,PROCEDIMENTO COMUM CÍVEL (7),FRANCISCO JOSÉ PINHO VIEIRA
CÍVEL,ICOARACI,3ª DEFENSORIA PÚBLICA CÍVEL DE ICOARACI,2026-06-30 09:25:36.888110-03:00,0804753-71.2026.8.14.0201,ALIMENTOS - LEI ESPECIAL Nº 5.478/68 (69),FRANCISCO JOSÉ PINHO VIEIRA
CÍVEL,ICOARACI,3ª DEFENSORIA PÚBLICA CÍVEL DE ICOARACI,2026-07-01 09:48:06.365884-03:00,0804897-45.2026.8.14.0201,ALIMENTOS - LEI ESPECIAL Nº 5.478/68 (69),FRANCISCO JOSÉ PINHO VIEIRA
CÍVEL,ICOARACI,3ª DEFENSORIA PÚBLICA CÍVEL DE ICOARACI,2026-07-02 10:46:56.081794-03:00,0804882-76.2026.8.14.0201,CUMPRIMENTO DE SENTENÇA (156),FRANCISCO JOSÉ PINHO VIEIRA
CÍVEL,ICOARACI,3ª DEFENSORIA PÚBLICA CÍVEL DE ICOARACI,2026-07-03 08:26:52.543933-03:00,0804883-61.2026.8.14.0201,ALIMENTOS - LEI ESPECIAL Nº 5.478/68 (69),FRANCISCO JOSÉ PINHO VIEIRA
CÍVEL,ICOARACI,3ª DEFENSORIA PÚBLICA CÍVEL DE ICOARACI,2026-07-03 08:52:48.464375-03:00,0804884-46.2026.8.14.0201,ALIMENTOS - LEI ESPECIAL Nº 5.478/68 (69),FRANCISCO JOSÉ PINHO VIEIRA
CÍVEL,ICOARACI,3ª DEFENSORIA PÚBLICA CÍVEL DE ICOARACI,2026-07-04 08:30:28.726645-03:00,0804916-51.2026.8.14.0201,OUTROS PROCEDIMENTOS DE JURISDIÇÃO VOLUNTÁRIA (1294),FRANCISCO JOSÉ PINHO VIEIRA
CÍVEL,ICOARACI,3ª DEFENSORIA PÚBLICA CÍVEL DE ICOARACI,2026-07-07 07:33:27.209227-03:00,0804992-75.2026.8.14.0201,INTERDIÇÃO/CURATELA (58),FRANCISCO JOSÉ PINHO VIEIRA
CÍVEL,ICOARACI,3ª DEFENSORIA PÚBLICA CÍVEL DE ICOARACI,2026-07-07 09:22:09.030776-03:00,0804990-08.2026.8.14.0201,ALIMENTOS - LEI ESPECIAL Nº 5.478/68 (69),FRANCISCO JOSÉ PINHO VIEIRA
CÍVEL,ICOARACI,3ª DEFENSORIA PÚBLICA CÍVEL DE ICOARACI,2026-07-07 11:02:25.788399-03:00,0804989-23.2026.8.14.0201,ALIMENTOS - LEI ESPECIAL Nº 5.478/68 (69),FRANCISCO JOSÉ PINHO VIEIRA
CÍVEL,ICOARACI,3ª DEFENSORIA PÚBLICA CÍVEL DE ICOARACI,2026-07-07 11:40:08.261375-03:00,0804988-38.2026.8.14.0201,ALIMENTOS - LEI ESPECIAL Nº 5.478/68 (69),MAURA CRISTINA MAIA VIEIRA
CÍVEL,ICOARACI,3ª DEFENSORIA PÚBLICA CÍVEL DE ICOARACI,2026-07-07 15:21:07.198167-03:00,0804999-67.2026.8.14.0201,ALIMENTOS - LEI ESPECIAL Nº 5.478/68 (69),FRANCISCO JOSÉ PINHO VIEIRA
CÍVEL,ICOARACI,3ª DEFENSORIA PÚBLICA CÍVEL DE ICOARACI,2026-07-08 09:07:50.022827-03:00,0805161-62.2026.8.14.0201,ALIMENTOS - LEI ESPECIAL Nº 5.478/68 (69),FRANCISCO JOSÉ PINHO VIEIRA
CÍVEL,ICOARACI,3ª DEFENSORIA PÚBLICA CÍVEL DE ICOARACI,2026-07-08 09:25:41.324483-03:00,0805020-43.2026.8.14.0201,ALIMENTOS - LEI ESPECIAL Nº 5.478/68 (69),MAURA CRISTINA MAIA VIEIRA
CÍVEL,ICOARACI,3ª DEFENSORIA PÚBLICA CÍVEL DE ICOARACI,2026-07-08 10:08:01.269272-03:00,0805024-80.2026.8.14.0201,ALIMENTOS - LEI ESPECIAL Nº 5.478/68 (69),MAURA CRISTINA MAIA VIEIRA
CÍVEL,ICOARACI,3ª DEFENSORIA PÚBLICA CÍVEL DE ICOARACI,2026-07-08 10:09:12.420519-03:00,0805064-62.2026.8.14.0201,ALIMENTOS - LEI ESPECIAL Nº 5.478/68 (69),MAURA CRISTINA MAIA VIEIRA
CÍVEL,ICOARACI,3ª DEFENSORIA PÚBLICA CÍVEL DE ICOARACI,2026-07-08 10:20:58.499138-03:00,0805205-81.2026.8.14.0201,ALIMENTOS - LEI ESPECIAL Nº 5.478/68 (69),FRANCISCO JOSÉ PINHO VIEIRA
CÍVEL,ICOARACI,3ª DEFENSORIA PÚBLICA CÍVEL DE ICOARACI,2026-07-08 11:22:43.212104-03:00,0805063-77.2026.8.14.0201,ALIMENTOS - LEI ESPECIAL Nº 5.478/68 (69),FRANCISCO JOSÉ PINHO VIEIRA
CÍVEL,ICOARACI,3ª DEFENSORIA PÚBLICA CÍVEL DE ICOARACI,2026-07-08 12:14:40.645349-03:00,0805065-47.2026.8.14.0201,ALIMENTOS - LEI ESPECIAL Nº 5.478/68 (69),MAURA CRISTINA MAIA VIEIRA
CÍVEL,ICOARACI,3ª DEFENSORIA PÚBLICA CÍVEL DE ICOARACI,2026-07-09 09:56:55.325631-03:00,0805071-54.2026.8.14.0201,ALIMENTOS - LEI ESPECIAL Nº 5.478/68 (69),MAURA CRISTINA MAIA VIEIRA
CÍVEL,ICOARACI,3ª DEFENSORIA PÚBLICA CÍVEL DE ICOARACI,2026-07-09 10:48:47.985949-03:00,0805077-61.2026.8.14.0201,ALIMENTOS - LEI ESPECIAL Nº 5.478/68 (69),FRANCISCO JOSÉ PINHO VIEIRA
CÍVEL,ICOARACI,3ª DEFENSORIA PÚBLICA CÍVEL DE ICOARACI,2026-07-09 11:03:31.162110-03:00,0805082-83.2026.8.14.0201,ALIMENTOS - LEI ESPECIAL Nº 5.478/68 (69),FRANCISCO JOSÉ PINHO VIEIRA
CÍVEL,ICOARACI,3ª DEFENSORIA PÚBLICA CÍVEL DE ICOARACI,2026-07-09 12:37:28.518795-03:00,0805087-08.2026.8.14.0201,DIVÓRCIO CONSENSUAL (12372),MAURA CRISTINA MAIA VIEIRA
CÍVEL,ICOARACI,3ª DEFENSORIA PÚBLICA CÍVEL DE ICOARACI,2026-07-10 11:10:35.240280-03:00,0805139-04.2026.8.14.0201,ALIMENTOS - LEI ESPECIAL Nº 5.478/68 (69),FRANCISCO JOSÉ PINHO VIEIRA
CÍVEL,ICOARACI,3ª DEFENSORIA PÚBLICA CÍVEL DE ICOARACI,2026-07-13 11:20:57.287600-03:00,0805172-91.2026.8.14.0201,ALIMENTOS - LEI ESPECIAL Nº 5.478/68 (69),FRANCISCO JOSÉ PINHO VIEIRA
CÍVEL,ICOARACI,3ª DEFENSORIA PÚBLICA CÍVEL DE ICOARACI,2026-07-13 12:05:28.323458-03:00,0805175-46.2026.8.14.0201,ALIMENTOS - LEI ESPECIAL Nº 5.478/68 (69),FRANCISCO JOSÉ PINHO VIEIRA
CÍVEL,ICOARACI,3ª DEFENSORIA PÚBLICA CÍVEL DE ICOARACI,2026-07-14 07:11:53.638510-03:00,0805248-18.2026.8.14.0201,ALIMENTOS - LEI ESPECIAL Nº 5.478/68 (69),MAURA CRISTINA MAIA VIEIRA
CÍVEL,ICOARACI,3ª DEFENSORIA PÚBLICA CÍVEL DE ICOARACI,2026-07-14 11:55:02.291009-03:00,0805289-82.2026.8.14.0201,ALIMENTOS - LEI ESPECIAL Nº 5.478/68 (69),MAURA CRISTINA MAIA VIEIRA
CÍVEL,ICOARACI,3ª DEFENSORIA PÚBLICA CÍVEL DE ICOARACI,2026-07-15 09:31:05.020256-03:00,0805296-74.2026.8.14.0201,ALIMENTOS - LEI ESPECIAL Nº 5.478/68 (69),MAURA CRISTINA MAIA VIEIRA
CÍVEL,ICOARACI,3ª DEFENSORIA PÚBLICA CÍVEL DE ICOARACI,2026-07-15 09:31:56.263538-03:00,0805330-49.2026.8.14.0201,ALIMENTOS - LEI ESPECIAL Nº 5.478/68 (69),MAURA CRISTINA MAIA VIEIRA
CÍVEL,ICOARACI,3ª DEFENSORIA PÚBLICA CÍVEL DE ICOARACI,2026-07-15 11:04:57.545319-03:00,0805262-02.2026.8.14.0201,ALIMENTOS - LEI ESPECIAL Nº 5.478/68 (69),MAURA CRISTINA MAIA VIEIRA
CÍVEL,ICOARACI,3ª DEFENSORIA PÚBLICA CÍVEL DE ICOARACI,2026-07-15 11:17:13.148725-03:00,0805269-91.2026.8.14.0201,AÇÃO DE ALIMENTOS DE INFÂNCIA E JUVENTUDE (1389),MAURA CRISTINA MAIA VIEIRA
CÍVEL,ICOARACI,3ª DEFENSORIA PÚBLICA CÍVEL DE ICOARACI,2026-07-15 11:41:46.086247-03:00,0805316-65.2026.8.14.0201,ALIMENTOS - LEI ESPECIAL Nº 5.478/68 (69),MAURA CRISTINA MAIA VIEIRA
CÍVEL,ICOARACI,3ª DEFENSORIA PÚBLICA CÍVEL DE ICOARACI,2026-07-15 11:49:55.990975-03:00,0805261-17.2026.8.14.0201,AÇÃO DE ALIMENTOS DE INFÂNCIA E JUVENTUDE (1389),MAURA CRISTINA MAIA VIEIRA
CÍVEL,ICOARACI,3ª DEFENSORIA PÚBLICA CÍVEL DE ICOARACI,2026-07-15 12:42:06.567503-03:00,0805268-09.2026.8.14.0201,AÇÃO DE ALIMENTOS DE INFÂNCIA E JUVENTUDE (1389),MAURA CRISTINA MAIA VIEIRA
CÍVEL,ICOARACI,3ª DEFENSORIA PÚBLICA CÍVEL DE ICOARACI,2026-07-15 13:03:56.317833-03:00,0805305-36.2026.8.14.0201,ALIMENTOS - LEI ESPECIAL Nº 5.478/68 (69),MAURA CRISTINA MAIA VIEIRA
CÍVEL,ICOARACI,3ª DEFENSORIA PÚBLICA CÍVEL DE ICOARACI,2026-07-16 08:34:19.049742-03:00,0805319-20.2026.8.14.0201,ALIMENTOS - LEI ESPECIAL Nº 5.478/68 (69),MAURA CRISTINA MAIA VIEIRA
CÍVEL,ICOARACI,3ª DEFENSORIA PÚBLICA CÍVEL DE ICOARACI,2026-07-16 09:14:49.798988-03:00,0805321-87.2026.8.14.0201,ALIMENTOS - LEI ESPECIAL Nº 5.478/68 (69),MAURA CRISTINA MAIA VIEIRA
CÍVEL,ICOARACI,3ª DEFENSORIA PÚBLICA CÍVEL DE ICOARACI,2026-07-16 10:18:23.109786-03:00,0805308-88.2026.8.14.0201,AÇÃO DE ALIMENTOS DE INFÂNCIA E JUVENTUDE (1389),MAURA CRISTINA MAIA VIEIRA
CÍVEL,ICOARACI,3ª DEFENSORIA PÚBLICA CÍVEL DE ICOARACI,2026-07-16 11:00:13.858686-03:00,0805318-35.2026.8.14.0201,CUMPRIMENTO DE SENTENÇA (156),MAURA CRISTINA MAIA VIEIRA
CÍVEL,ICOARACI,3ª DEFENSORIA PÚBLICA CÍVEL DE ICOARACI,2026-07-17 11:44:17.773107-03:00,0805418-87.2026.8.14.0201,ALIMENTOS - LEI ESPECIAL Nº 5.478/68 (69),MAURA CRISTINA MAIA VIEIRA
CÍVEL,ICOARACI,3ª DEFENSORIA PÚBLICA CÍVEL DE ICOARACI,2026-07-20 08:49:53.454515-03:00,0805415-35.2026.8.14.0201,AÇÃO DE ALIMENTOS DE INFÂNCIA E JUVENTUDE (1389),MAURA CRISTINA MAIA VIEIRA
CÍVEL,ICOARACI,3ª DEFENSORIA PÚBLICA CÍVEL DE ICOARACI,2026-07-20 10:53:02.603858-03:00,0805417-05.2026.8.14.0201,GUARDA DE INFÂNCIA E JUVENTUDE (1420),MAURA CRISTINA MAIA VIEIRA
CÍVEL,ICOARACI,3ª DEFENSORIA PÚBLICA CÍVEL DE ICOARACI,2026-07-20 14:48:42.529347-03:00,0805433-56.2026.8.14.0201,ALIMENTOS - LEI ESPECIAL Nº 5.478/68 (69),FRANCISCO JOSÉ PINHO VIEIRA
CÍVEL,ICOARACI,3ª DEFENSORIA PÚBLICA CÍVEL DE ICOARACI,2026-07-21 08:41:41.590833-03:00,0805473-38.2026.8.14.0201,DIVÓRCIO CONSENSUAL (12372),MAURA CRISTINA MAIA VIEIRA
CÍVEL,ICOARACI,3ª DEFENSORIA PÚBLICA CÍVEL DE ICOARACI,2026-07-21 08:48:28.141277-03:00,0805474-23.2026.8.14.0201,DIVÓRCIO CONSENSUAL (12372),MAURA CRISTINA MAIA VIEIRA
CÍVEL,ICOARACI,3ª DEFENSORIA PÚBLICA CÍVEL DE ICOARACI,2026-07-21 08:52:05.636027-03:00,0805435-26.2026.8.14.0201,DIVÓRCIO CONSENSUAL (12372),MAURA CRISTINA MAIA VIEIRA
CÍVEL,ICOARACI,3ª DEFENSORIA PÚBLICA CÍVEL DE ICOARACI,2026-07-21 09:34:58.581831-03:00,0805438-78.2026.8.14.0201,AÇÃO DE ALIMENTOS DE INFÂNCIA E JUVENTUDE (1389),MAURA CRISTINA MAIA VIEIRA
CÍVEL,ICOARACI,3ª DEFENSORIA PÚBLICA CÍVEL DE ICOARACI,2026-07-21 09:48:23.592216-03:00,0805440-48.2026.8.14.0201,AÇÃO DE ALIMENTOS DE INFÂNCIA E JUVENTUDE (1389),MAURA CRISTINA MAIA VIEIRA
CÍVEL,ICOARACI,3ª DEFENSORIA PÚBLICA CÍVEL DE ICOARACI,2026-07-21 10:27:17.879777-03:00,0805443-03.2026.8.14.0201,AÇÃO DE ALIMENTOS DE INFÂNCIA E JUVENTUDE (1389),MAURA CRISTINA MAIA VIEIRA
CÍVEL,ICOARACI,3ª DEFENSORIA PÚBLICA CÍVEL DE ICOARACI,2026-07-22 10:38:18.177457-03:00,0805481-15.2026.8.14.0201,ALIMENTOS - LEI ESPECIAL Nº 5.478/68 (69),MAURA CRISTINA MAIA VIEIRA
CÍVEL,ICOARACI,3ª DEFENSORIA PÚBLICA CÍVEL DE ICOARACI,2026-07-23 09:07:13.150563-03:00,0805535-78.2026.8.14.0201,DIVÓRCIO CONSENSUAL (12372),MAURA CRISTINA MAIA VIEIRA
CÍVEL,ICOARACI,3ª DEFENSORIA PÚBLICA CÍVEL DE ICOARACI,2026-07-23 11:29:32.408842-03:00,0805511-50.2026.8.14.0201,ALIMENTOS - LEI ESPECIAL Nº 5.478/68 (69),FRANCISCO JOSÉ PINHO VIEIRA
CÍVEL,ICOARACI,3ª DEFENSORIA PÚBLICA CÍVEL DE ICOARACI,2026-07-23 13:57:20.704650-03:00,0805682-07.2026.8.14.0201,DIVÓRCIO LITIGIOSO (12541),FRANCISCO JOSÉ PINHO VIEIRA
CÍVEL,ICOARACI,3ª DEFENSORIA PÚBLICA CÍVEL DE ICOARACI,2026-07-24 09:53:04.250698-03:00,0805536-63.2026.8.14.0201,ALIMENTOS - LEI ESPECIAL Nº 5.478/68 (69),MAURA CRISTINA MAIA VIEIRA
CÍVEL,ICOARACI,3ª DEFENSORIA PÚBLICA CÍVEL DE ICOARACI,2026-07-24 10:19:46.999974-03:00,0805534-93.2026.8.14.0201,CUMPRIMENTO DE SENTENÇA (156),MAURA CRISTINA MAIA VIEIRA
CÍVEL,ICOARACI,3ª DEFENSORIA PÚBLICA CÍVEL DE ICOARACI,2026-07-27 11:44:11.763634-03:00,0805627-56.2026.8.14.0201,RETIFICAÇÃO OU SUPRIMENTO OU RESTAURAÇÃO DE REGISTRO CIVIL (1682),FRANCISCO JOSÉ PINHO VIEIRA
CÍVEL,ICOARACI,3ª DEFENSORIA PÚBLICA CÍVEL DE ICOARACI,2026-07-31 12:53:45.492358-03:00,0805798-13.2026.8.14.0201,ALIMENTOS - LEI ESPECIAL Nº 5.478/68 (69),FRANCISCO JOSÉ PINHO VIEIRA
CÍVEL,ICOARACI,3ª DEFENSORIA PÚBLICA CÍVEL DE ICOARACI,2026-08-03 10:16:16.484405-03:00,0805870-97.2026.8.14.0201,ALIMENTOS - LEI ESPECIAL Nº 5.478/68 (69),MAURA CRISTINA MAIA VIEIRA
CÍVEL,ICOARACI,3ª DEFENSORIA PÚBLICA CÍVEL DE ICOARACI,2026-08-03 11:36:31.697235-03:00,0805869-15.2026.8.14.0201,CUMPRIMENTO DE SENTENÇA (156),MAURA CRISTINA MAIA VIEIRA
CÍVEL,ICOARACI,3ª DEFENSORIA PÚBLICA CÍVEL DE ICOARACI,2026-08-04 09:04:41.542720-03:00,0805866-60.2026.8.14.0201,ALIMENTOS - LEI ESPECIAL Nº 5.478/68 (69),MAURA CRISTINA MAIA VIEIRA
CÍVEL,ICOARACI,3ª DEFENSORIA PÚBLICA CÍVEL DE ICOARACI,2026-08-10 09:50:24.474235-03:00,0806147-16.2026.8.14.0201,DIVÓRCIO LITIGIOSO (12541),MAURA CRISTINA MAIA VIEIRA
CÍVEL,ICOARACI,3ª DEFENSORIA PÚBLICA CÍVEL DE ICOARACI,2026-08-10 13:59:17.633784-03:00,0806149-83.2026.8.14.0201,ALIMENTOS - LEI ESPECIAL Nº 5.478/68 (69),MAURA CRISTINA MAIA VIEIRA
CÍVEL,ICOARACI,3ª DEFENSORIA PÚBLICA CÍVEL DE ICOARACI,2026-08-11 10:12:26.026219-03:00,0806148-98.2026.8.14.0201,ALIMENTOS - LEI ESPECIAL Nº 5.478/68 (69),MAURA CRISTINA MAIA VIEIRA
CÍVEL,ICOARACI,3ª DEFENSORIA PÚBLICA CÍVEL DE ICOARACI,2026-08-12 09:41:42.188965-03:00,0806151-53.2026.8.14.0201,ALIMENTOS - LEI ESPECIAL Nº 5.478/68 (69),MAURA CRISTINA MAIA VIEIRA
CÍVEL,ICOARACI,3ª DEFENSORIA PÚBLICA CÍVEL DE ICOARACI,2026-08-12 09:50:47.610135-03:00,0806204-34.2026.8.14.0201,GUARDA DE FAMÍLIA,MAURA CRISTINA MAIA VIEIRA
CÍVEL,ICOARACI,3ª DEFENSORIA PÚBLICA CÍVEL DE ICOARACI,2026-08-12 11:00:21.709790-03:00,0806159-30.2026.8.14.0201,ALIMENTOS - LEI ESPECIAL Nº 5.478/68 (69),MAURA CRISTINA MAIA VIEIRA
CÍVEL,ICOARACI,3ª DEFENSORIA PÚBLICA CÍVEL DE ICOARACI,2026-08-13 11:06:18.044288-03:00,0806205-19.2026.8.14.0201,ALIMENTOS - LEI ESPECIAL Nº 5.478/68 (69),MAURA CRISTINA MAIA VIEIRA
CÍVEL,ICOARACI,3ª DEFENSORIA PÚBLICA CÍVEL DE ICOARACI,2026-08-13 12:32:37.087793-03:00,0806228-62.2026.8.14.0201,ALIMENTOS - LEI ESPECIAL Nº 5.478/68 (69),MAURA CRISTINA MAIA VIEIRA
CÍVEL,ICOARACI,3ª DEFENSORIA PÚBLICA CÍVEL DE ICOARACI,2026-08-14 09:25:17.404198-03:00,0806232-02.2026.8.14.0201,ALIMENTOS - LEI ESPECIAL Nº 5.478/68 (69),MAURA CRISTINA MAIA VIEIRA
CÍVEL,ICOARACI,3ª DEFENSORIA PÚBLICA CÍVEL DE ICOARACI,2026-08-14 09:36:15.413371-03:00,0806229-47.2026.8.14.0201,ALIMENTOS - LEI ESPECIAL Nº 5.478/68 (69),MAURA CRISTINA MAIA VIEIRA
CÍVEL,ICOARACI,3ª DEFENSORIA PÚBLICA CÍVEL DE ICOARACI,2026-08-18 11:05:04.699069-03:00,0806434-76.2026.8.14.0201,ALIMENTOS - LEI ESPECIAL Nº 5.478/68 (69),FRANCISCO JOSÉ PINHO VIEIRA
CÍVEL,ICOARACI,3ª DEFENSORIA PÚBLICA CÍVEL DE ICOARACI,2026-08-21 09:46:29.617889-03:00,0806431-24.2026.8.14.0201,ALIMENTOS - LEI ESPECIAL Nº 5.478/68 (69),FRANCISCO JOSÉ PINHO VIEIRA
CÍVEL,ICOARACI,3ª DEFENSORIA PÚBLICA CÍVEL DE ICOARACI,2026-08-21 11:14:27.519892-03:00,0806439-98.2026.8.14.0201,ALIMENTOS - LEI ESPECIAL Nº 5.478/68 (69),FRANCISCO JOSÉ PINHO VIEIRA
CÍVEL,ICOARACI,3ª DEFENSORIA PÚBLICA CÍVEL DE ICOARACI,2026-08-24 14:01:20.452425-03:00,0806527-39.2026.8.14.0201,ALIMENTOS - LEI ESPECIAL Nº 5.478/68 (69),FRANCISCO JOSÉ PINHO VIEIRA
CÍVEL,ICOARACI,3ª DEFENSORIA PÚBLICA CÍVEL DE ICOARACI,2026-08-24 14:29:31.437752-03:00,0881854-78.2026.8.14.0301,RETIFICAÇÃO OU SUPRIMENTO OU RESTAURAÇÃO DE REGISTRO CIVIL (1682),FRANCISCO JOSÉ PINHO VIEIRA
CÍVEL,ICOARACI,3ª DEFENSORIA PÚBLICA CÍVEL DE ICOARACI,2026-08-25 10:13:35.710423-03:00,0806557-74.2026.8.14.0201,ALIMENTOS - LEI ESPECIAL Nº 5.478/68 (69),JAIRO MAIA JUNIOR
CÍVEL,ICOARACI,3ª DEFENSORIA PÚBLICA CÍVEL DE ICOARACI,2026-08-27 09:54:50.750551-03:00,0806625-24.2026.8.14.0201,PROCEDIMENTO COMUM CÍVEL (7),JAIRO MAIA JUNIOR
CÍVEL,ICOARACI,3ª DEFENSORIA PÚBLICA CÍVEL DE ICOARACI,2026-08-31 10:30:17.302600-03:00,0806759-51.2026.8.14.0201,ALIMENTOS - LEI ESPECIAL Nº 5.478/68 (69),MAURA CRISTINA MAIA VIEIRA
CÍVEL,ICOARACI,3ª DEFENSORIA PÚBLICA CÍVEL DE ICOARACI,2026-09-01 09:29:23.230260-03:00,0806756-96.2026.8.14.0201,ALIMENTOS - LEI ESPECIAL Nº 5.478/68 (69),MAURA CRISTINA MAIA VIEIRA
CÍVEL,ICOARACI,3ª DEFENSORIA PÚBLICA CÍVEL DE ICOARACI,2026-09-01 10:05:25.878339-03:00,0806783-79.2026.8.14.0201,ALIMENTOS - LEI ESPECIAL Nº 5.478/68 (69),MAURA CRISTINA MAIA VIEIRA
CÍVEL,ICOARACI,3ª DEFENSORIA PÚBLICA CÍVEL DE ICOARACI,2026-09-03 10:14:49.321468-03:00,0806860-88.2026.8.14.0201,ALIMENTOS - LEI ESPECIAL Nº 5.478/68 (69),MAURA CRISTINA MAIA VIEIRA
CÍVEL,ICOARACI,3ª DEFENSORIA PÚBLICA CÍVEL DE ICOARACI,2026-09-04 11:05:33.290005-03:00,0807035-82.2026.8.14.0201,GUARDA DE FAMÍLIA,MAURA CRISTINA MAIA VIEIRA
CÍVEL,ICOARACI,3ª DEFENSORIA PÚBLICA CÍVEL DE ICOARACI,2026-09-09 09:08:11.923328-03:00,0807050-51.2026.8.14.0201,ALIMENTOS - LEI ESPECIAL Nº 5.478/68 (69),MAURA CRISTINA MAIA VIEIRA
CÍVEL,ICOARACI,3ª DEFENSORIA PÚBLICA CÍVEL DE ICOARACI,2026-09-10 09:23:00.803069-03:00,0807109-39.2026.8.14.0201,DIVÓRCIO CONSENSUAL (12372),MAURA CRISTINA MAIA VIEIRA
CÍVEL,ICOARACI,3ª DEFENSORIA PÚBLICA CÍVEL DE ICOARACI,2026-09-10 11:43:25.393610-03:00,0807080-86.2026.8.14.0201,ALIMENTOS - LEI ESPECIAL Nº 5.478/68 (69),MAURA CRISTINA MAIA VIEIRA
CÍVEL,ICOARACI,3ª DEFENSORIA PÚBLICA CÍVEL DE ICOARACI,2026-09-10 12:15:35.547256-03:00,0807085-11.2026.8.14.0201,GUARDA DE FAMÍLIA,MAURA CRISTINA MAIA VIEIRA
CÍVEL,ICOARACI,3ª DEFENSORIA PÚBLICA CÍVEL DE ICOARACI,2026-09-15 12:23:17.923210-03:00,0807284-33.2026.8.14.0201,ALIMENTOS - LEI ESPECIAL Nº 5.478/68 (69),MAURA CRISTINA MAIA VIEIRA
CÍVEL,ICOARACI,3ª DEFENSORIA PÚBLICA CRIMINAL DE ICOARACI,2026-01-24 10:48:43.182380-03:00,0801589-04.2026.8.14.0006,PROCEDIMENTO COMUM CÍVEL (7),PAULA BARROS PEREIRA DE FARIAS OLIVEIRA
CÍVEL,ICOARACI,3ª DEFENSORIA PÚBLICA CRIMINAL DE ICOARACI,2026-07-13 09:16:27.687937-03:00,0805943-69.2026.8.14.0201,ALIMENTOS - LEI ESPECIAL Nº 5.478/68 (69),FRANCISCO JOSÉ PINHO VIEIRA
CÍVEL,ICOARACI,4ª DEFENSORIA PÚBLICA CÍVEL DE ICOARACI,2026-02-09 11:15:25.243693-03:00,0800778-41.2026.8.14.0201,ALVARÁ JUDICIAL - LEI 6858/80 (74),CLARICE DOS SANTOS OTONI
CÍVEL,ICOARACI,4ª DEFENSORIA PÚBLICA CÍVEL DE ICOARACI,2026-02-10 09:58:58.708877-03:00,0800829-52.2026.8.14.0201,RETIFICAÇÃO OU SUPRIMENTO OU RESTAURAÇÃO DE REGISTRO CIVIL (1682),CLARICE DOS SANTOS OTONI
CÍVEL,ICOARACI,4ª DEFENSORIA PÚBLICA CÍVEL DE ICOARACI,2026-02-10 11:15:09.446515-03:00,0800871-04.2026.8.14.0201,CUMPRIMENTO DE SENTENÇA (156),CLARICE DOS SANTOS OTONI
CÍVEL,ICOARACI,4ª DEFENSORIA PÚBLICA CÍVEL DE ICOARACI,2026-02-11 08:51:13.353165-03:00,0800870-19.2026.8.14.0201,RETIFICAÇÃO OU SUPRIMENTO OU RESTAURAÇÃO DE REGISTRO CIVIL (1682),CLARICE DOS SANTOS OTONI
CÍVEL,ICOARACI,4ª DEFENSORIA PÚBLICA CÍVEL DE ICOARACI,2026-02-12 11:02:04.908714-03:00,0800898-84.2026.8.14.0201,INTERDIÇÃO/CURATELA (58),CLARICE DOS SANTOS OTONI
CÍVEL,ICOARACI,4ª DEFENSORIA PÚBLICA CÍVEL DE ICOARACI,2026-02-13 09:46:32.852955-03:00,0801107-53.2026.8.14.0201,RETIFICAÇÃO OU SUPRIMENTO OU RESTAURAÇÃO DE REGISTRO CIVIL (1682),CLARICE DOS SANTOS OTONI
CÍVEL,ICOARACI,4ª DEFENSORIA PÚBLICA CÍVEL DE ICOARACI,2026-02-26 09:54:16.345333-03:00,0801193-24.2026.8.14.0201,CUMPRIMENTO DE SENTENÇA (156),CLARICE DOS SANTOS OTONI
CÍVEL,ICOARACI,4ª DEFENSORIA PÚBLICA CÍVEL DE ICOARACI,2026-02-26 10:52:25.117027-03:00,0801301-53.2026.8.14.0201,PROCEDIMENTO COMUM CÍVEL (7),CLARICE DOS SANTOS OTONI
CÍVEL,ICOARACI,4ª DEFENSORIA PÚBLICA CÍVEL DE ICOARACI,2026-02-26 10:55:06.572861-03:00,0801196-76.2026.8.14.0201,CUMPRIMENTO DE SENTENÇA (156),CLARICE DOS SANTOS OTONI
CÍVEL,ICOARACI,4ª DEFENSORIA PÚBLICA CÍVEL DE ICOARACI,2026-02-26 11:32:07.702167-03:00,0801305-90.2026.8.14.0201,RETIFICAÇÃO OU SUPRIMENTO OU RESTAURAÇÃO DE REGISTRO CIVIL (1682),CLARICE DOS SANTOS OTONI
CÍVEL,ICOARACI,4ª DEFENSORIA PÚBLICA CÍVEL DE ICOARACI,2026-03-06 10:13:49.068332-03:00,0801313-67.2026.8.14.0201,CUMPRIMENTO PROVISÓRIO DE SENTENÇA (157),CLARICE DOS SANTOS OTONI
CÍVEL,ICOARACI,4ª DEFENSORIA PÚBLICA CÍVEL DE ICOARACI,2026-03-06 10:30:02.393341-03:00,0801307-60.2026.8.14.0201,RETIFICAÇÃO OU SUPRIMENTO OU RESTAURAÇÃO DE REGISTRO CIVIL (1682),CLARICE DOS SANTOS OTONI
CÍVEL,ICOARACI,4ª DEFENSORIA PÚBLICA CÍVEL DE ICOARACI,2026-03-09 11:25:06.727276-03:00,0801399-38.2026.8.14.0201,RETIFICAÇÃO OU SUPRIMENTO OU RESTAURAÇÃO DE REGISTRO CIVIL (1682),CLARICE DOS SANTOS OTONI
CÍVEL,ICOARACI,4ª DEFENSORIA PÚBLICA CÍVEL DE ICOARACI,2026-03-11 08:19:35.979216-03:00,0801421-96.2026.8.14.0201,RETIFICAÇÃO OU SUPRIMENTO OU RESTAURAÇÃO DE REGISTRO CIVIL (1682),CLARICE DOS SANTOS OTONI
CÍVEL,ICOARACI,4ª DEFENSORIA PÚBLICA CÍVEL DE ICOARACI,2026-03-12 10:16:50.500016-03:00,0801463-48.2026.8.14.0201,PROCEDIMENTO COMUM CÍVEL (7),CLARICE DOS SANTOS OTONI
CÍVEL,ICOARACI,4ª DEFENSORIA PÚBLICA CÍVEL DE ICOARACI,2026-03-12 11:38:06.583273-03:00,0801516-29.2026.8.14.0201,INTERDIÇÃO/CURATELA (58),CLARICE DOS SANTOS OTONI
CÍVEL,ICOARACI,4ª DEFENSORIA PÚBLICA CÍVEL DE ICOARACI,2026-03-14 10:10:15.217313-03:00,0801567-40.2026.8.14.0201,RETIFICAÇÃO OU SUPRIMENTO OU RESTAURAÇÃO DE REGISTRO CIVIL (1682),CLARICE DOS SANTOS OTONI
CÍVEL,ICOARACI,4ª DEFENSORIA PÚBLICA CÍVEL DE ICOARACI,2026-03-14 10:21:17.992490-03:00,0801572-62.2026.8.14.0201,ALIMENTOS - LEI ESPECIAL Nº 5.478/68 (69),CLARICE DOS SANTOS OTONI
CÍVEL,ICOARACI,4ª DEFENSORIA PÚBLICA CÍVEL DE ICOARACI,2026-03-14 10:51:44.944183-03:00,0801595-08.2026.8.14.0201,ALIMENTOS - LEI ESPECIAL Nº 5.478/68 (69),CLARICE DOS SANTOS OTONI
CÍVEL,ICOARACI,4ª DEFENSORIA PÚBLICA CÍVEL DE ICOARACI,2026-03-14 11:10:41.287067-03:00,0801582-09.2026.8.14.0201,RETIFICAÇÃO OU SUPRIMENTO OU RESTAURAÇÃO DE REGISTRO CIVIL (1682),CLARICE DOS SANTOS OTONI
CÍVEL,ICOARACI,4ª DEFENSORIA PÚBLICA CÍVEL DE ICOARACI,2026-03-14 11:15:11.567497-03:00,0801592-53.2026.8.14.0201,ALIMENTOS - LEI ESPECIAL Nº 5.478/68 (69),CLARICE DOS SANTOS OTONI
CÍVEL,ICOARACI,4ª DEFENSORIA PÚBLICA CÍVEL DE ICOARACI,2026-03-14 12:42:46.222597-03:00,0801620-21.2026.8.14.0201,RETIFICAÇÃO OU SUPRIMENTO OU RESTAURAÇÃO DE REGISTRO CIVIL (1682),CLARICE DOS SANTOS OTONI
CÍVEL,ICOARACI,4ª DEFENSORIA PÚBLICA CÍVEL DE ICOARACI,2026-03-14 13:29:59.955208-03:00,0801640-12.2026.8.14.0201,ALIMENTOS - LEI ESPECIAL Nº 5.478/68 (69),CLARICE DOS SANTOS OTONI
CÍVEL,ICOARACI,4ª DEFENSORIA PÚBLICA CÍVEL DE ICOARACI,2026-03-14 13:35:19.138109-03:00,0801641-94.2026.8.14.0201,PROCEDIMENTO COMUM CÍVEL (7),CLARICE DOS SANTOS OTONI
CÍVEL,ICOARACI,4ª DEFENSORIA PÚBLICA CÍVEL DE ICOARACI,2026-03-16 10:10:31.463337-03:00,0801671-32.2026.8.14.0201,USUCAPIÃO (49),CLARICE DOS SANTOS OTONI
CÍVEL,ICOARACI,4ª DEFENSORIA PÚBLICA CÍVEL DE ICOARACI,2026-03-17 09:24:17.400177-03:00,0801785-68.2026.8.14.0201,RETIFICAÇÃO OU SUPRIMENTO OU RESTAURAÇÃO DE REGISTRO CIVIL (1682),CLARICE DOS SANTOS OTONI
CÍVEL,ICOARACI,4ª DEFENSORIA PÚBLICA CÍVEL DE ICOARACI,2026-03-18 09:34:45.509575-03:00,0801786-53.2026.8.14.0201,IMISSÃO NA POSSE (113),CLARICE DOS SANTOS OTONI
CÍVEL,ICOARACI,4ª DEFENSORIA PÚBLICA CÍVEL DE ICOARACI,2026-03-20 08:59:16.606567-03:00,0801825-50.2026.8.14.0201,INTERDIÇÃO/CURATELA (58),CLARICE DOS SANTOS OTONI
CÍVEL,ICOARACI,4ª DEFENSORIA PÚBLICA CÍVEL DE ICOARACI,2026-03-23 10:24:12.126205-03:00,0801930-27.2026.8.14.0201,PROCEDIMENTO COMUM CÍVEL (7),CLARICE DOS SANTOS OTONI
CÍVEL,ICOARACI,4ª DEFENSORIA PÚBLICA CÍVEL DE ICOARACI,2026-03-23 11:05:35.090059-03:00,0801929-42.2026.8.14.0201,PROCEDIMENTO COMUM CÍVEL (7),CLARICE DOS SANTOS OTONI
CÍVEL,ICOARACI,4ª DEFENSORIA PÚBLICA CÍVEL DE ICOARACI,2026-03-30 11:04:25.093669-03:00,0802843-09.2026.8.14.0201,PROCEDIMENTO COMUM CÍVEL (7),CLARICE DOS SANTOS OTONI
CÍVEL,ICOARACI,4ª DEFENSORIA PÚBLICA CÍVEL DE ICOARACI,2026-03-31 13:26:48.319527-03:00,0802738-32.2026.8.14.0201,PROCEDIMENTO COMUM CÍVEL (7),CLARICE DOS SANTOS OTONI
CÍVEL,ICOARACI,4ª DEFENSORIA PÚBLICA CÍVEL DE ICOARACI,2026-04-06 09:02:10.710574-03:00,0802272-38.2026.8.14.0201,RETIFICAÇÃO OU SUPRIMENTO OU RESTAURAÇÃO DE REGISTRO CIVIL (1682),MARCO AURÉLIO VELLOZO GUTERRES
CÍVEL,ICOARACI,4ª DEFENSORIA PÚBLICA CÍVEL DE ICOARACI,2026-04-08 10:57:10.997624-03:00,0802345-10.2026.8.14.0201,PROCEDIMENTO COMUM CÍVEL (7),CLARICE DOS SANTOS OTONI
CÍVEL,ICOARACI,4ª DEFENSORIA PÚBLICA CÍVEL DE ICOARACI,2026-04-15 00:58:36.726972-03:00,0802705-42.2026.8.14.0201,PROCEDIMENTO COMUM CÍVEL (7),CLARICE DOS SANTOS OTONI
CÍVEL,ICOARACI,4ª DEFENSORIA PÚBLICA CÍVEL DE ICOARACI,2026-04-20 15:22:20.888561-03:00,0802794-65.2026.8.14.0201,PROCEDIMENTO COMUM CÍVEL (7),CLARICE DOS SANTOS OTONI
CÍVEL,ICOARACI,4ª DEFENSORIA PÚBLICA CÍVEL DE ICOARACI,2026-04-22 12:50:42.371743-03:00,0802732-25.2026.8.14.0201,PROCEDIMENTO COMUM CÍVEL (7),CLARICE DOS SANTOS OTONI
CÍVEL,ICOARACI,4ª DEFENSORIA PÚBLICA CÍVEL DE ICOARACI,2026-04-22 15:26:15.388441-03:00,0803112-48.2026.8.14.0201,PROCEDIMENTO COMUM CÍVEL (7),CLARICE DOS SANTOS OTONI
CÍVEL,ICOARACI,4ª DEFENSORIA PÚBLICA CÍVEL DE ICOARACI,2026-04-23 09:24:41.485950-03:00,0802755-68.2026.8.14.0201,INTERDIÇÃO/CURATELA (58),CLARICE DOS SANTOS OTONI
CÍVEL,ICOARACI,4ª DEFENSORIA PÚBLICA CÍVEL DE ICOARACI,2026-04-24 09:26:19.174824-03:00,0802844-91.2026.8.14.0201,PROCEDIMENTO COMUM CÍVEL (7),CLARICE DOS SANTOS OTONI
CÍVEL,ICOARACI,4ª DEFENSORIA PÚBLICA CÍVEL DE ICOARACI,2026-04-27 09:07:28.690770-03:00,0802980-88.2026.8.14.0201,PROCEDIMENTO COMUM CÍVEL (7),CLARICE DOS SANTOS OTONI
CÍVEL,ICOARACI,4ª DEFENSORIA PÚBLICA CÍVEL DE ICOARACI,2026-04-27 11:01:47.024366-03:00,0802862-15.2026.8.14.0201,RETIFICAÇÃO OU SUPRIMENTO OU RESTAURAÇÃO DE REGISTRO CIVIL (1682),CLARICE DOS SANTOS OTONI
CÍVEL,ICOARACI,4ª DEFENSORIA PÚBLICA CÍVEL DE ICOARACI,2026-04-27 11:08:16.448844-03:00,0802974-81.2026.8.14.0201,PROCEDIMENTO COMUM CÍVEL (7),CLARICE DOS SANTOS OTONI
CÍVEL,ICOARACI,4ª DEFENSORIA PÚBLICA CÍVEL DE ICOARACI,2026-04-27 12:19:05.657690-03:00,0802864-82.2026.8.14.0201,RETIFICAÇÃO OU SUPRIMENTO OU RESTAURAÇÃO DE REGISTRO CIVIL (1682),CLARICE DOS SANTOS OTONI
CÍVEL,ICOARACI,4ª DEFENSORIA PÚBLICA CÍVEL DE ICOARACI,2026-04-27 12:19:38.458410-03:00,0802981-73.2026.8.14.0201,PROCEDIMENTO COMUM CÍVEL (7),CLARICE DOS SANTOS OTONI
CÍVEL,ICOARACI,4ª DEFENSORIA PÚBLICA CÍVEL DE ICOARACI,2026-04-30 09:45:10.687726-03:00,0801171-84.2026.8.14.0097,DIVÓRCIO LITIGIOSO (12541),CLARICE DOS SANTOS OTONI
CÍVEL,ICOARACI,4ª DEFENSORIA PÚBLICA CÍVEL DE ICOARACI,2026-04-30 11:02:23.941139-03:00,0801172-69.2026.8.14.0097,RETIFICAÇÃO OU SUPRIMENTO OU RESTAURAÇÃO DE REGISTRO CIVIL (1682),CLARICE DOS SANTOS OTONI
CÍVEL,ICOARACI,4ª DEFENSORIA PÚBLICA CÍVEL DE ICOARACI,2026-04-30 11:51:54.620744-03:00,0801173-54.2026.8.14.0097,DIVÓRCIO LITIGIOSO (12541),CLARICE DOS SANTOS OTONI
CÍVEL,ICOARACI,4ª DEFENSORIA PÚBLICA CÍVEL DE ICOARACI,2026-04-30 15:09:12.120667-03:00,0803104-71.2026.8.14.0201,PROCEDIMENTO COMUM CÍVEL (7),CLARICE DOS SANTOS OTONI
CÍVEL,ICOARACI,4ª DEFENSORIA PÚBLICA CÍVEL DE ICOARACI,2026-05-05 09:11:26.456499-03:00,0801224-65.2026.8.14.0097,DIVÓRCIO CONSENSUAL (12372),CLARICE DOS SANTOS OTONI
CÍVEL,ICOARACI,4ª DEFENSORIA PÚBLICA CÍVEL DE ICOARACI,2026-05-09 10:26:51.846407-03:00,0801254-03.2026.8.14.0097,RETIFICAÇÃO OU SUPRIMENTO OU RESTAURAÇÃO DE REGISTRO CIVIL (1682),CLARICE DOS SANTOS OTONI
CÍVEL,ICOARACI,4ª DEFENSORIA PÚBLICA CÍVEL DE ICOARACI,2026-05-09 12:14:47.323013-03:00,0801266-17.2026.8.14.0097,RETIFICAÇÃO OU SUPRIMENTO OU RESTAURAÇÃO DE REGISTRO CIVIL (1682),CLARICE DOS SANTOS OTONI
CÍVEL,ICOARACI,4ª DEFENSORIA PÚBLICA CÍVEL DE ICOARACI,2026-05-11 09:55:52.657674-03:00,0803395-71.2026.8.14.0201,PROCEDIMENTO COMUM CÍVEL (7),CLARICE DOS SANTOS OTONI
CÍVEL,ICOARACI,4ª DEFENSORIA PÚBLICA CÍVEL DE ICOARACI,2026-05-15 10:41:46.159518-03:00,0803634-75.2026.8.14.0201,PROCEDIMENTO COMUM CÍVEL (7),CLARICE DOS SANTOS OTONI
CÍVEL,ICOARACI,4ª DEFENSORIA PÚBLICA CÍVEL DE ICOARACI,2026-05-18 08:44:16.001474-03:00,0803635-60.2026.8.14.0201,CONSIGNAÇÃO EM PAGAMENTO (32),CLARICE DOS SANTOS OTONI
CÍVEL,ICOARACI,4ª DEFENSORIA PÚBLICA CÍVEL DE ICOARACI,2026-05-18 10:24:02.310302-03:00,0803709-17.2026.8.14.0201,RETIFICAÇÃO OU SUPRIMENTO OU RESTAURAÇÃO DE REGISTRO CIVIL (1682),CLARICE DOS SANTOS OTONI
CÍVEL,ICOARACI,4ª DEFENSORIA PÚBLICA CÍVEL DE ICOARACI,2026-05-18 11:08:51.644823-03:00,0803708-32.2026.8.14.0201,RETIFICAÇÃO OU SUPRIMENTO OU RESTAURAÇÃO DE REGISTRO CIVIL (1682),CLARICE DOS SANTOS OTONI
CÍVEL,ICOARACI,4ª DEFENSORIA PÚBLICA CÍVEL DE ICOARACI,2026-05-22 10:57:53.328435-03:00,0803856-43.2026.8.14.0201,RETIFICAÇÃO OU SUPRIMENTO OU RESTAURAÇÃO DE REGISTRO CIVIL (1682),CLARICE DOS SANTOS OTONI
CÍVEL,ICOARACI,4ª DEFENSORIA PÚBLICA CÍVEL DE ICOARACI,2026-05-26 12:22:37.240306-03:00,0803878-04.2026.8.14.0201,PROCEDIMENTO COMUM CÍVEL (7),CLARICE DOS SANTOS OTONI
CÍVEL,ICOARACI,4ª DEFENSORIA PÚBLICA CÍVEL DE ICOARACI,2026-05-27 09:04:18.178715-03:00,0804191-62.2026.8.14.0201,PROCEDIMENTO COMUM CÍVEL (7),CLARICE DOS SANTOS OTONI
CÍVEL,ICOARACI,4ª DEFENSORIA PÚBLICA CÍVEL DE ICOARACI,2026-05-28 09:02:21.040446-03:00,0803930-97.2026.8.14.0201,RETIFICAÇÃO OU SUPRIMENTO OU RESTAURAÇÃO DE REGISTRO CIVIL (1682),MÁRCIO ALVES FIGUEIRA
CÍVEL,ICOARACI,4ª DEFENSORIA PÚBLICA CÍVEL DE ICOARACI,2026-05-28 11:10:28.280592-03:00,0803948-21.2026.8.14.0201,INTERDIÇÃO/CURATELA (58),MÁRCIO ALVES FIGUEIRA
CÍVEL,ICOARACI,4ª DEFENSORIA PÚBLICA CÍVEL DE ICOARACI,2026-05-29 10:24:48.224581-03:00,0803968-12.2026.8.14.0201,INTERDIÇÃO/CURATELA (58),MÁRCIO ALVES FIGUEIRA
CÍVEL,ICOARACI,4ª DEFENSORIA PÚBLICA CÍVEL DE ICOARACI,2026-06-01 11:18:08.418093-03:00,0804122-30.2026.8.14.0201,PROCEDIMENTO COMUM CÍVEL (7),CLARICE DOS SANTOS OTONI
CÍVEL,ICOARACI,4ª DEFENSORIA PÚBLICA CÍVEL DE ICOARACI,2026-06-02 07:55:35.125854-03:00,0804042-66.2026.8.14.0201,INVENTÁRIO (39),CLARICE DOS SANTOS OTONI
CÍVEL,ICOARACI,4ª DEFENSORIA PÚBLICA CÍVEL DE ICOARACI,2026-06-09 12:10:00.911856-03:00,0804228-89.2026.8.14.0201,PROCEDIMENTO COMUM CÍVEL (7),MÁRCIO ALVES FIGUEIRA
CÍVEL,ICOARACI,4ª DEFENSORIA PÚBLICA CÍVEL DE ICOARACI,2026-06-10 12:02:26.066602-03:00,0804227-07.2026.8.14.0201,REINTEGRAÇÃO / MANUTENÇÃO DE POSSE (1707),MÁRCIO ALVES FIGUEIRA
CÍVEL,ICOARACI,4ª DEFENSORIA PÚBLICA CÍVEL DE ICOARACI,2026-06-10 14:07:20.562847-03:00,0804348-35.2026.8.14.0201,PROCEDIMENTO COMUM CÍVEL (7),MÁRCIO ALVES FIGUEIRA
CÍVEL,ICOARACI,4ª DEFENSORIA PÚBLICA CÍVEL DE ICOARACI,2026-06-11 11:14:17.088565-03:00,0804251-35.2026.8.14.0201,LIQUIDAÇÃO DE SENTENÇA PELO PROCEDIMENTO COMUM (152),MÁRCIO ALVES FIGUEIRA
CÍVEL,ICOARACI,4ª DEFENSORIA PÚBLICA CÍVEL DE ICOARACI,2026-06-12 10:08:50.581960-03:00,0804315-45.2026.8.14.0201,RETIFICAÇÃO OU SUPRIMENTO OU RESTAURAÇÃO DE REGISTRO CIVIL (1682),MÁRCIO ALVES FIGUEIRA
CÍVEL,ICOARACI,4ª DEFENSORIA PÚBLICA CÍVEL DE ICOARACI,2026-06-18 08:00:29.240619-03:00,0804434-06.2026.8.14.0201,INTERDIÇÃO/CURATELA (58),MÁRCIO ALVES FIGUEIRA
CÍVEL,ICOARACI,4ª DEFENSORIA PÚBLICA CÍVEL DE ICOARACI,2026-06-24 10:38:08.914304-03:00,0804637-65.2026.8.14.0201,RETIFICAÇÃO OU SUPRIMENTO OU RESTAURAÇÃO DE REGISTRO CIVIL (1682),MÁRCIO ALVES FIGUEIRA
CÍVEL,ICOARACI,4ª DEFENSORIA PÚBLICA CÍVEL DE ICOARACI,2026-06-30 12:00:06.424787-03:00,0804760-63.2026.8.14.0201,PROCEDIMENTO COMUM CÍVEL (7),MÁRCIO ALVES FIGUEIRA
CÍVEL,ICOARACI,4ª DEFENSORIA PÚBLICA CÍVEL DE ICOARACI,2026-07-02 11:37:38.877059-03:00,0804865-40.2026.8.14.0201,PROCEDIMENTO COMUM CÍVEL (7),MÁRCIO ALVES FIGUEIRA
CÍVEL,ICOARACI,4ª DEFENSORIA PÚBLICA CÍVEL DE ICOARACI,2026-07-17 12:38:18.707889-03:00,0805369-46.2026.8.14.0201,PROCEDIMENTO COMUM CÍVEL (7),MÁRCIO ALVES FIGUEIRA
CÍVEL,ICOARACI,4ª DEFENSORIA PÚBLICA CÍVEL DE ICOARACI,2026-07-17 12:50:44.032649-03:00,0805367-76.2026.8.14.0201,PROCEDIMENTO COMUM CÍVEL (7),MÁRCIO ALVES FIGUEIRA
CÍVEL,ICOARACI,4ª DEFENSORIA PÚBLICA CÍVEL DE ICOARACI,2026-07-17 12:57:09.392423-03:00,0805414-50.2026.8.14.0201,PROCEDIMENTO COMUM CÍVEL (7),MÁRCIO ALVES FIGUEIRA
CÍVEL,ICOARACI,4ª DEFENSORIA PÚBLICA CÍVEL DE ICOARACI,2026-07-22 13:25:15.769222-03:00,0805492-44.2026.8.14.0201,PROCEDIMENTO COMUM CÍVEL (7),MÁRCIO ALVES FIGUEIRA
CÍVEL,ICOARACI,4ª DEFENSORIA PÚBLICA CÍVEL DE ICOARACI,2026-07-23 14:18:50.124384-03:00,0805515-87.2026.8.14.0201,PROCEDIMENTO COMUM CÍVEL (7),MÁRCIO ALVES FIGUEIRA
CÍVEL,ICOARACI,4ª DEFENSORIA PÚBLICA CÍVEL DE ICOARACI,2026-07-29 10:37:01.263640-03:00,0805704-65.2026.8.14.0201,PROCEDIMENTO COMUM CÍVEL (7),MÁRCIO ALVES FIGUEIRA
CÍVEL,ICOARACI,4ª DEFENSORIA PÚBLICA CÍVEL DE ICOARACI,2026-07-29 13:58:07.643896-03:00,0805848-39.2026.8.14.0201,PROCEDIMENTO COMUM CÍVEL (7),MÁRCIO ALVES FIGUEIRA
CÍVEL,ICOARACI,4ª DEFENSORIA PÚBLICA CÍVEL DE ICOARACI,2026-07-31 11:59:03.619833-03:00,0805847-54.2026.8.14.0201,PROCEDIMENTO COMUM CÍVEL (7),MÁRCIO ALVES FIGUEIRA
CÍVEL,ICOARACI,4ª DEFENSORIA PÚBLICA CÍVEL DE ICOARACI,2026-08-05 13:40:40.311644-03:00,0805941-02.2026.8.14.0201,PROCEDIMENTO COMUM CÍVEL (7),MÁRCIO ALVES FIGUEIRA
CÍVEL,ICOARACI,4ª DEFENSORIA PÚBLICA CÍVEL DE ICOARACI,2026-08-07 11:35:39.632589-03:00,0805979-14.2026.8.14.0201,PROCEDIMENTO COMUM CÍVEL (7),MÁRCIO ALVES FIGUEIRA
CÍVEL,ICOARACI,4ª DEFENSORIA PÚBLICA CÍVEL DE ICOARACI,2026-08-11 09:28:40.976290-03:00,0806158-45.2026.8.14.0201,PROCEDIMENTO COMUM CÍVEL (7),MÁRCIO ALVES FIGUEIRA
CÍVEL,ICOARACI,4ª DEFENSORIA PÚBLICA CÍVEL DE ICOARACI,2026-08-11 09:29:27.482593-03:00,0806128-10.2026.8.14.0201,PROCEDIMENTO COMUM CÍVEL (7),MÁRCIO ALVES FIGUEIRA
CÍVEL,ICOARACI,4ª DEFENSORIA PÚBLICA CÍVEL DE ICOARACI,2026-08-12 11:03:06.829911-03:00,0806171-44.2026.8.14.0201,RETIFICAÇÃO OU SUPRIMENTO OU RESTAURAÇÃO DE REGISTRO CIVIL (1682),MÁRCIO ALVES FIGUEIRA
CÍVEL,ICOARACI,4ª DEFENSORIA PÚBLICA CÍVEL DE ICOARACI,2026-08-12 14:39:49.577124-03:00,0806194-87.2026.8.14.0201,PROCEDIMENTO COMUM CÍVEL (7),MÁRCIO ALVES FIGUEIRA
CÍVEL,ICOARACI,4ª DEFENSORIA PÚBLICA CÍVEL DE ICOARACI,2026-08-13 09:23:59.347472-03:00,0806191-35.2026.8.14.0201,RETIFICAÇÃO OU SUPRIMENTO OU RESTAURAÇÃO DE REGISTRO CIVIL (1682),MÁRCIO ALVES FIGUEIRA
CÍVEL,ICOARACI,4ª DEFENSORIA PÚBLICA CÍVEL DE ICOARACI,2026-08-14 09:07:52.188845-03:00,0806244-16.2026.8.14.0201,RETIFICAÇÃO OU SUPRIMENTO OU RESTAURAÇÃO DE REGISTRO CIVIL (1682),MÁRCIO ALVES FIGUEIRA
CÍVEL,ICOARACI,4ª DEFENSORIA PÚBLICA CÍVEL DE ICOARACI,2026-08-14 18:15:02.058484-03:00,0806286-65.2026.8.14.0201,RETIFICAÇÃO OU SUPRIMENTO OU RESTAURAÇÃO DE REGISTRO CIVIL (1682),MÁRCIO ALVES FIGUEIRA
CÍVEL,ICOARACI,4ª DEFENSORIA PÚBLICA CÍVEL DE ICOARACI,2026-08-18 08:59:28.882325-03:00,0806309-11.2026.8.14.0201,PROCEDIMENTO COMUM CÍVEL (7),MARCO AURÉLIO VELLOZO GUTERRES
CÍVEL,ICOARACI,4ª DEFENSORIA PÚBLICA CÍVEL DE ICOARACI,2026-09-01 10:24:30.674295-03:00,0806813-17.2026.8.14.0201,PROCEDIMENTO COMUM CÍVEL (7),MARCO AURÉLIO VELLOZO GUTERRES
CÍVEL,ICOARACI,4ª DEFENSORIA PÚBLICA CÍVEL DE ICOARACI,2026-09-17 12:35:29.255343-03:00,0807309-46.2026.8.14.0201,USUCAPIÃO (49),MÁRCIO ALVES FIGUEIRA
CÍVEL,ICOARACI,4ª DEFENSORIA PÚBLICA CÍVEL DE ICOARACI,2026-09-18 09:32:57.406107-03:00,0807331-07.2026.8.14.0201,RETIFICAÇÃO OU SUPRIMENTO OU RESTAURAÇÃO DE REGISTRO CIVIL (1682),MÁRCIO ALVES FIGUEIRA
CÍVEL,ICOARACI,4ª DEFENSORIA PÚBLICA CÍVEL DE ICOARACI,2026-09-18 09:56:41.116731-03:00,0807362-27.2026.8.14.0201,RETIFICAÇÃO OU SUPRIMENTO OU RESTAURAÇÃO DE REGISTRO CIVIL (1682),MÁRCIO ALVES FIGUEIRA
CÍVEL,ICOARACI,4ª DEFENSORIA PÚBLICA CÍVEL DE ICOARACI,2026-09-18 10:08:32.351497-03:00,0807361-42.2026.8.14.0201,RETIFICAÇÃO OU SUPRIMENTO OU RESTAURAÇÃO DE REGISTRO CIVIL (1682),MÁRCIO ALVES FIGUEIRA
CÍVEL,ICOARACI,4ª DEFENSORIA PÚBLICA CÍVEL DE ICOARACI,2026-09-18 10:49:30.269384-03:00,0807360-57.2026.8.14.0201,RETIFICAÇÃO OU SUPRIMENTO OU RESTAURAÇÃO DE REGISTRO CIVIL (1682),MÁRCIO ALVES FIGUEIRA
CÍVEL,ICOARACI,4ª DEFENSORIA PÚBLICA CÍVEL DE ICOARACI,2026-09-18 11:25:34.361551-03:00,0807345-88.2026.8.14.0201,RETIFICAÇÃO OU SUPRIMENTO OU RESTAURAÇÃO DE REGISTRO CIVIL (1682),MÁRCIO ALVES FIGUEIRA
CÍVEL,ICOARACI,4ª DEFENSORIA PÚBLICA CÍVEL DE ICOARACI,2026-09-18 11:31:42.557823-03:00,0807359-72.2026.8.14.0201,RETIFICAÇÃO OU SUPRIMENTO OU RESTAURAÇÃO DE REGISTRO CIVIL (1682),MÁRCIO ALVES FIGUEIRA
CÍVEL,ICOARACI,4ª DEFENSORIA PÚBLICA CÍVEL DE ICOARACI,2026-09-18 11:37:36.917964-03:00,0807358-87.2026.8.14.0201,RETIFICAÇÃO OU SUPRIMENTO OU RESTAURAÇÃO DE REGISTRO CIVIL (1682),MÁRCIO ALVES FIGUEIRA
CÍVEL,ICOARACI,4ª DEFENSORIA PÚBLICA CÍVEL DE ICOARACI,2026-09-18 11:40:33.681240-03:00,0807357-05.2026.8.14.0201,RETIFICAÇÃO OU SUPRIMENTO OU RESTAURAÇÃO DE REGISTRO CIVIL (1682),MÁRCIO ALVES FIGUEIRA
CÍVEL,ICOARACI,4ª DEFENSORIA PÚBLICA CÍVEL DE ICOARACI,2026-09-21 11:12:40.699752-03:00,0807436-81.2026.8.14.0201,PROCEDIMENTO COMUM CÍVEL (7),MÁRCIO ALVES FIGUEIRA
CÍVEL,ICOARACI,4ª DEFENSORIA PÚBLICA CÍVEL DE ICOARACI,2026-09-21 11:56:12.446254-03:00,0807435-96.2026.8.14.0201,INTERDIÇÃO/CURATELA (58),MÁRCIO ALVES FIGUEIRA
CÍVEL,ICOARACI,4ª DEFENSORIA PÚBLICA CÍVEL DE ICOARACI,2026-09-21 12:19:06.627501-03:00,0807439-36.2026.8.14.0201,PROCEDIMENTO COMUM CÍVEL (7),MÁRCIO ALVES FIGUEIRA
CÍVEL,ICOARACI,4ª DEFENSORIA PÚBLICA CÍVEL DE ICOARACI,2026-09-22 09:40:34.534230-03:00,0807509-53.2026.8.14.0201,INTERDIÇÃO/CURATELA (58),MÁRCIO ALVES FIGUEIRA
CÍVEL,ICOARACI,4ª DEFENSORIA PÚBLICA CÍVEL DE ICOARACI,2026-09-22 09:41:51.538734-03:00,0807482-70.2026.8.14.0201,RETIFICAÇÃO OU SUPRIMENTO OU RESTAURAÇÃO DE REGISTRO CIVIL (1682),MÁRCIO ALVES FIGUEIRA
CÍVEL,ICOARACI,4ª DEFENSORIA PÚBLICA CÍVEL DE ICOARACI,2026-09-23 09:42:10.340518-03:00,0807512-08.2026.8.14.0201,RETIFICAÇÃO OU SUPRIMENTO OU RESTAURAÇÃO DE REGISTRO CIVIL (1682),MÁRCIO ALVES FIGUEIRA
CÍVEL,ICOARACI,4ª DEFENSORIA PÚBLICA CÍVEL DE ICOARACI,2026-09-23 13:13:00.891647-03:00,0807510-38.2026.8.14.0201,OUTROS PROCEDIMENTOS DE JURISDIÇÃO VOLUNTÁRIA (1294),MÁRCIO ALVES FIGUEIRA
CÍVEL,ICOARACI,5ª DEFENSORIA PÚBLICA CÍVEL DE ICOARACI,2026-01-07 10:26:51.428220-03:00,0800094-19.2026.8.14.0201,DIVÓRCIO CONSENSUAL (12372),FERNANDO JOSE SAMPAIO LOBO
CÍVEL,ICOARACI,5ª DEFENSORIA PÚBLICA CÍVEL DE ICOARACI,2026-01-07 11:03:33.191885-03:00,0800096-86.2026.8.14.0201,CUMPRIMENTO DE SENTENÇA (156),FERNANDO JOSE SAMPAIO LOBO
CÍVEL,ICOARACI,5ª DEFENSORIA PÚBLICA CÍVEL DE ICOARACI,2026-01-07 12:21:36.911960-03:00,0800158-29.2026.8.14.0201,DIVÓRCIO LITIGIOSO (12541),FERNANDO JOSE SAMPAIO LOBO
CÍVEL,ICOARACI,5ª DEFENSORIA PÚBLICA CÍVEL DE ICOARACI,2026-01-12 10:14:58.368050-03:00,0800160-96.2026.8.14.0201,ALIMENTOS - LEI ESPECIAL Nº 5.478/68 (69),FERNANDO JOSE SAMPAIO LOBO
CÍVEL,ICOARACI,5ª DEFENSORIA PÚBLICA CÍVEL DE ICOARACI,2026-01-13 10:38:46.564284-03:00,0800175-65.2026.8.14.0201,ALIMENTOS - LEI ESPECIAL Nº 5.478/68 (69),FERNANDO JOSE SAMPAIO LOBO
CÍVEL,ICOARACI,5ª DEFENSORIA PÚBLICA CÍVEL DE ICOARACI,2026-01-13 14:11:31.446738-03:00,0800205-03.2026.8.14.0201,CUMPRIMENTO DE SENTENÇA (156),FERNANDO JOSE SAMPAIO LOBO
CÍVEL,ICOARACI,5ª DEFENSORIA PÚBLICA CÍVEL DE ICOARACI,2026-01-14 09:45:12.678733-03:00,0800199-93.2026.8.14.0201,CUMPRIMENTO DE SENTENÇA (156),FERNANDO JOSE SAMPAIO LOBO
CÍVEL,ICOARACI,5ª DEFENSORIA PÚBLICA CÍVEL DE ICOARACI,2026-01-14 10:19:18.337542-03:00,0800204-18.2026.8.14.0201,DIVÓRCIO LITIGIOSO (12541),FERNANDO JOSE SAMPAIO LOBO
CÍVEL,ICOARACI,5ª DEFENSORIA PÚBLICA CÍVEL DE ICOARACI,2026-01-14 11:50:35.418872-03:00,0800246-67.2026.8.14.0201,CUMPRIMENTO DE SENTENÇA (156),FERNANDO JOSE SAMPAIO LOBO
CÍVEL,ICOARACI,5ª DEFENSORIA PÚBLICA CÍVEL DE ICOARACI,2026-01-15 09:19:49.179758-03:00,0800481-34.2026.8.14.0201,PROCEDIMENTO COMUM CÍVEL (7),FERNANDO JOSE SAMPAIO LOBO
CÍVEL,ICOARACI,5ª DEFENSORIA PÚBLICA CÍVEL DE ICOARACI,2026-01-15 09:59:48.272758-03:00,0800217-17.2026.8.14.0201,ALIMENTOS - LEI ESPECIAL Nº 5.478/68 (69),FERNANDO JOSE SAMPAIO LOBO
CÍVEL,ICOARACI,5ª DEFENSORIA PÚBLICA CÍVEL DE ICOARACI,2026-01-16 08:20:47.795744-03:00,0800239-75.2026.8.14.0201,ALIMENTOS - LEI ESPECIAL Nº 5.478/68 (69),FERNANDO JOSE SAMPAIO LOBO
CÍVEL,ICOARACI,5ª DEFENSORIA PÚBLICA CÍVEL DE ICOARACI,2026-01-16 12:15:41.157415-03:00,0800245-82.2026.8.14.0201,DIVÓRCIO CONSENSUAL (12372),FERNANDO JOSE SAMPAIO LOBO
CÍVEL,ICOARACI,5ª DEFENSORIA PÚBLICA CÍVEL DE ICOARACI,2026-01-20 08:42:10.364137-03:00,0800318-54.2026.8.14.0201,ALIMENTOS - LEI ESPECIAL Nº 5.478/68 (69),FERNANDO JOSE SAMPAIO LOBO
CÍVEL,ICOARACI,5ª DEFENSORIA PÚBLICA CÍVEL DE ICOARACI,2026-01-27 09:07:26.487722-03:00,0800474-42.2026.8.14.0201,ALIMENTOS - LEI ESPECIAL Nº 5.478/68 (69),FERNANDO JOSE SAMPAIO LOBO
CÍVEL,ICOARACI,5ª DEFENSORIA PÚBLICA CÍVEL DE ICOARACI,2026-01-28 10:58:11.328787-03:00,0801518-96.2026.8.14.0201,PROCEDIMENTO COMUM CÍVEL (7),FERNANDO JOSE SAMPAIO LOBO
CÍVEL,ICOARACI,5ª DEFENSORIA PÚBLICA CÍVEL DE ICOARACI,2026-01-28 11:10:29.856186-03:00,0800587-93.2026.8.14.0201,DIVÓRCIO LITIGIOSO (12541),FERNANDO JOSE SAMPAIO LOBO
CÍVEL,ICOARACI,5ª DEFENSORIA PÚBLICA CÍVEL DE ICOARACI,2026-01-28 13:08:53.300730-03:00,0800504-77.2026.8.14.0201,CUMPRIMENTO DE SENTENÇA (156),FERNANDO JOSE SAMPAIO LOBO
CÍVEL,ICOARACI,5ª DEFENSORIA PÚBLICA CÍVEL DE ICOARACI,2026-01-29 09:44:41.462145-03:00,0800586-11.2026.8.14.0201,ALIMENTOS - LEI ESPECIAL Nº 5.478/68 (69),FERNANDO JOSE SAMPAIO LOBO
CÍVEL,ICOARACI,5ª DEFENSORIA PÚBLICA CÍVEL DE ICOARACI,2026-02-02 08:25:19.049499-03:00,0800591-33.2026.8.14.0201,ALIMENTOS - LEI ESPECIAL Nº 5.478/68 (69),FERNANDO JOSE SAMPAIO LOBO
CÍVEL,ICOARACI,5ª DEFENSORIA PÚBLICA CÍVEL DE ICOARACI,2026-02-02 10:05:31.639826-03:00,0800598-25.2026.8.14.0201,CUMPRIMENTO DE SENTENÇA (156),FERNANDO JOSE SAMPAIO LOBO
CÍVEL,ICOARACI,5ª DEFENSORIA PÚBLICA CÍVEL DE ICOARACI,2026-02-04 11:36:04.023825-03:00,0800675-34.2026.8.14.0201,DIVÓRCIO CONSENSUAL (12372),FERNANDO JOSE SAMPAIO LOBO
CÍVEL,ICOARACI,5ª DEFENSORIA PÚBLICA CÍVEL DE ICOARACI,2026-02-04 15:04:38.781059-03:00,0801827-20.2026.8.14.0201,DIVÓRCIO LITIGIOSO (12541),FERNANDO JOSE SAMPAIO LOBO
CÍVEL,ICOARACI,5ª DEFENSORIA PÚBLICA CÍVEL DE ICOARACI,2026-02-05 09:54:27.560495-03:00,0801519-81.2026.8.14.0201,ALIMENTOS - LEI ESPECIAL Nº 5.478/68 (69),FERNANDO JOSE SAMPAIO LOBO
CÍVEL,ICOARACI,5ª DEFENSORIA PÚBLICA CÍVEL DE ICOARACI,2026-02-05 10:12:15.116744-03:00,0800694-40.2026.8.14.0201,ALIMENTOS - LEI ESPECIAL Nº 5.478/68 (69),FERNANDO JOSE SAMPAIO LOBO
CÍVEL,ICOARACI,5ª DEFENSORIA PÚBLICA CÍVEL DE ICOARACI,2026-02-05 14:36:07.656896-03:00,0800707-39.2026.8.14.0201,CUMPRIMENTO DE SENTENÇA (156),FERNANDO JOSE SAMPAIO LOBO
CÍVEL,ICOARACI,5ª DEFENSORIA PÚBLICA CÍVEL DE ICOARACI,2026-02-06 10:10:36.933134-03:00,0800724-75.2026.8.14.0201,ALIMENTOS - LEI ESPECIAL Nº 5.478/68 (69),FERNANDO JOSE SAMPAIO LOBO
CÍVEL,ICOARACI,5ª DEFENSORIA PÚBLICA CÍVEL DE ICOARACI,2026-02-06 10:27:52.713670-03:00,0800719-53.2026.8.14.0201,ALIMENTOS - LEI ESPECIAL Nº 5.478/68 (69),FERNANDO JOSE SAMPAIO LOBO
CÍVEL,ICOARACI,5ª DEFENSORIA PÚBLICA CÍVEL DE ICOARACI,2026-02-09 10:28:55.575962-03:00,0800774-04.2026.8.14.0201,DIVÓRCIO CONSENSUAL (12372),FERNANDO JOSE SAMPAIO LOBO
CÍVEL,ICOARACI,5ª DEFENSORIA PÚBLICA CÍVEL DE ICOARACI,2026-02-10 09:53:40.765051-03:00,0800812-16.2026.8.14.0201,CUMPRIMENTO DE SENTENÇA (156),FERNANDO JOSE SAMPAIO LOBO
CÍVEL,ICOARACI,5ª DEFENSORIA PÚBLICA CÍVEL DE ICOARACI,2026-02-12 08:39:34.536672-03:00,0800873-71.2026.8.14.0201,ALIMENTOS - LEI ESPECIAL Nº 5.478/68 (69),FERNANDO JOSE SAMPAIO LOBO
CÍVEL,ICOARACI,5ª DEFENSORIA PÚBLICA CÍVEL DE ICOARACI,2026-02-12 09:18:04.951297-03:00,0800890-10.2026.8.14.0201,PROCEDIMENTO COMUM CÍVEL (7),FERNANDO JOSE SAMPAIO LOBO
CÍVEL,ICOARACI,5ª DEFENSORIA PÚBLICA CÍVEL DE ICOARACI,2026-02-12 10:14:03.677511-03:00,0800899-69.2026.8.14.0201,DIVÓRCIO LITIGIOSO (12541),FERNANDO JOSE SAMPAIO LOBO
CÍVEL,ICOARACI,5ª DEFENSORIA PÚBLICA CÍVEL DE ICOARACI,2026-02-12 10:17:27.234703-03:00,0800897-02.2026.8.14.0201,SOBREPARTILHA (48),FERNANDO JOSE SAMPAIO LOBO
CÍVEL,ICOARACI,5ª DEFENSORIA PÚBLICA CÍVEL DE ICOARACI,2026-02-24 10:20:09.966217-03:00,0801520-66.2026.8.14.0201,ALIMENTOS - LEI ESPECIAL Nº 5.478/68 (69),FERNANDO JOSE SAMPAIO LOBO
CÍVEL,ICOARACI,5ª DEFENSORIA PÚBLICA CÍVEL DE ICOARACI,2026-02-24 11:03:18.975884-03:00,0801075-48.2026.8.14.0201,ALIMENTOS - LEI ESPECIAL Nº 5.478/68 (69),FERNANDO JOSE SAMPAIO LOBO
CÍVEL,ICOARACI,5ª DEFENSORIA PÚBLICA CÍVEL DE ICOARACI,2026-03-03 11:15:47.508166-03:00,0801218-37.2026.8.14.0201,ALIMENTOS - LEI ESPECIAL Nº 5.478/68 (69),FERNANDO JOSE SAMPAIO LOBO
CÍVEL,ICOARACI,5ª DEFENSORIA PÚBLICA CÍVEL DE ICOARACI,2026-03-05 12:36:47.346908-03:00,0801324-96.2026.8.14.0201,DIVÓRCIO LITIGIOSO (12541),FERNANDO JOSE SAMPAIO LOBO
CÍVEL,ICOARACI,5ª DEFENSORIA PÚBLICA CÍVEL DE ICOARACI,2026-03-11 11:17:48.126120-03:00,0801428-88.2026.8.14.0201,ALIMENTOS - LEI ESPECIAL Nº 5.478/68 (69),FERNANDO JOSE SAMPAIO LOBO
CÍVEL,ICOARACI,5ª DEFENSORIA PÚBLICA CÍVEL DE ICOARACI,2026-03-12 09:43:51.584309-03:00,0801494-68.2026.8.14.0201,DIVÓRCIO CONSENSUAL (12372),FERNANDO JOSE SAMPAIO LOBO
CÍVEL,ICOARACI,5ª DEFENSORIA PÚBLICA CÍVEL DE ICOARACI,2026-03-12 10:59:55.155324-03:00,0801471-25.2026.8.14.0201,DIVÓRCIO LITIGIOSO (12541),FERNANDO JOSE SAMPAIO LOBO
CÍVEL,ICOARACI,5ª DEFENSORIA PÚBLICA CÍVEL DE ICOARACI,2026-03-13 10:50:15.517822-03:00,0801835-94.2026.8.14.0201,PROCEDIMENTO COMUM CÍVEL (7),FERNANDO JOSE SAMPAIO LOBO
CÍVEL,ICOARACI,5ª DEFENSORIA PÚBLICA CÍVEL DE ICOARACI,2026-03-13 13:37:11.868233-03:00,0801690-38.2026.8.14.0201,CUMPRIMENTO DE SENTENÇA (156),FERNANDO JOSE SAMPAIO LOBO
CÍVEL,ICOARACI,5ª DEFENSORIA PÚBLICA CÍVEL DE ICOARACI,2026-03-14 09:37:12.911991-03:00,0801557-93.2026.8.14.0201,RETIFICAÇÃO OU SUPRIMENTO OU RESTAURAÇÃO DE REGISTRO CIVIL (1682),FERNANDO JOSE SAMPAIO LOBO
CÍVEL,ICOARACI,5ª DEFENSORIA PÚBLICA CÍVEL DE ICOARACI,2026-03-14 09:54:15.183970-03:00,0801565-70.2026.8.14.0201,RETIFICAÇÃO OU SUPRIMENTO OU RESTAURAÇÃO DE REGISTRO CIVIL (1682),FERNANDO JOSE SAMPAIO LOBO
CÍVEL,ICOARACI,5ª DEFENSORIA PÚBLICA CÍVEL DE ICOARACI,2026-03-14 10:40:48.016359-03:00,0801574-32.2026.8.14.0201,ALIMENTOS - LEI ESPECIAL Nº 5.478/68 (69),FERNANDO JOSE SAMPAIO LOBO
CÍVEL,ICOARACI,5ª DEFENSORIA PÚBLICA CÍVEL DE ICOARACI,2026-03-14 10:55:55.388107-03:00,0801621-06.2026.8.14.0201,ALIMENTOS - LEI ESPECIAL Nº 5.478/68 (69),FERNANDO JOSE SAMPAIO LOBO
CÍVEL,ICOARACI,5ª DEFENSORIA PÚBLICA CÍVEL DE ICOARACI,2026-03-14 11:37:49.154338-03:00,0801623-73.2026.8.14.0201,ALIMENTOS - LEI ESPECIAL Nº 5.478/68 (69),FERNANDO JOSE SAMPAIO LOBO
CÍVEL,ICOARACI,5ª DEFENSORIA PÚBLICA CÍVEL DE ICOARACI,2026-03-14 12:28:26.437962-03:00,0801619-36.2026.8.14.0201,RETIFICAÇÃO OU SUPRIMENTO OU RESTAURAÇÃO DE REGISTRO CIVIL (1682),FERNANDO JOSE SAMPAIO LOBO
CÍVEL,ICOARACI,5ª DEFENSORIA PÚBLICA CÍVEL DE ICOARACI,2026-03-14 13:12:24.130066-03:00,0801632-35.2026.8.14.0201,DIVÓRCIO CONSENSUAL (12372),FERNANDO JOSE SAMPAIO LOBO
CÍVEL,ICOARACI,5ª DEFENSORIA PÚBLICA CÍVEL DE ICOARACI,2026-03-17 13:56:49.922210-03:00,0801762-25.2026.8.14.0201,CUMPRIMENTO DE SENTENÇA (156),FERNANDO JOSE SAMPAIO LOBO
CÍVEL,ICOARACI,5ª DEFENSORIA PÚBLICA CÍVEL DE ICOARACI,2026-03-18 09:38:03.267361-03:00,0801750-11.2026.8.14.0201,DIVÓRCIO LITIGIOSO (12541),FERNANDO JOSE SAMPAIO LOBO
CÍVEL,ICOARACI,5ª DEFENSORIA PÚBLICA CÍVEL DE ICOARACI,2026-03-18 11:53:19.113110-03:00,0801757-03.2026.8.14.0201,DIVÓRCIO CONSENSUAL (12372),FERNANDO JOSE SAMPAIO LOBO
CÍVEL,ICOARACI,5ª DEFENSORIA PÚBLICA CÍVEL DE ICOARACI,2026-03-20 10:06:43.674237-03:00,0801837-64.2026.8.14.0201,DIVÓRCIO CONSENSUAL (12372),FERNANDO JOSE SAMPAIO LOBO
CÍVEL,ICOARACI,5ª DEFENSORIA PÚBLICA CÍVEL DE ICOARACI,2026-03-23 09:36:06.275773-03:00,0801885-23.2026.8.14.0201,ALIMENTOS - LEI ESPECIAL Nº 5.478/68 (69),FERNANDO JOSE SAMPAIO LOBO
CÍVEL,ICOARACI,5ª DEFENSORIA PÚBLICA CÍVEL DE ICOARACI,2026-03-24 09:14:50.279080-03:00,0801967-54.2026.8.14.0201,ALIMENTOS - LEI ESPECIAL Nº 5.478/68 (69),FERNANDO JOSE SAMPAIO LOBO
CÍVEL,ICOARACI,5ª DEFENSORIA PÚBLICA CÍVEL DE ICOARACI,2026-03-25 10:56:17.088134-03:00,0801975-31.2026.8.14.0201,DIVÓRCIO LITIGIOSO (12541),FERNANDO JOSE SAMPAIO LOBO
CÍVEL,ICOARACI,5ª DEFENSORIA PÚBLICA CÍVEL DE ICOARACI,2026-03-25 11:05:55.904516-03:00,0801973-61.2026.8.14.0201,ALIMENTOS - LEI ESPECIAL Nº 5.478/68 (69),FERNANDO JOSE SAMPAIO LOBO
CÍVEL,ICOARACI,5ª DEFENSORIA PÚBLICA CÍVEL DE ICOARACI,2026-03-26 08:59:12.145586-03:00,0802000-44.2026.8.14.0201,CUMPRIMENTO DE SENTENÇA (156),FERNANDO JOSE SAMPAIO LOBO
CÍVEL,ICOARACI,5ª DEFENSORIA PÚBLICA CÍVEL DE ICOARACI,2026-03-26 09:01:22.347083-03:00,0801999-59.2026.8.14.0201,DIVÓRCIO LITIGIOSO (12541),FERNANDO JOSE SAMPAIO LOBO
CÍVEL,ICOARACI,5ª DEFENSORIA PÚBLICA CÍVEL DE ICOARACI,2026-03-30 11:06:49.134678-03:00,0802100-96.2026.8.14.0201,DIVÓRCIO LITIGIOSO (12541),FERNANDO JOSE SAMPAIO LOBO
CÍVEL,ICOARACI,5ª DEFENSORIA PÚBLICA CÍVEL DE ICOARACI,2026-03-31 11:16:48.709912-03:00,0802133-86.2026.8.14.0201,PROCEDIMENTO COMUM CÍVEL (7),FERNANDO JOSE SAMPAIO LOBO
CÍVEL,ICOARACI,5ª DEFENSORIA PÚBLICA CÍVEL DE ICOARACI,2026-04-01 09:50:24.307685-03:00,0802163-24.2026.8.14.0201,ALIMENTOS - LEI ESPECIAL Nº 5.478/68 (69),FERNANDO JOSE SAMPAIO LOBO
CÍVEL,ICOARACI,5ª DEFENSORIA PÚBLICA CÍVEL DE ICOARACI,2026-04-06 09:30:04.510678-03:00,0802213-50.2026.8.14.0201,DIVÓRCIO CONSENSUAL (12372),FERNANDO JOSE SAMPAIO LOBO
CÍVEL,ICOARACI,5ª DEFENSORIA PÚBLICA CÍVEL DE ICOARACI,2026-04-15 11:11:17.955787-03:00,0802505-35.2026.8.14.0201,ALIMENTOS - LEI ESPECIAL Nº 5.478/68 (69),FERNANDO JOSE SAMPAIO LOBO
CÍVEL,ICOARACI,5ª DEFENSORIA PÚBLICA CÍVEL DE ICOARACI,2026-04-15 11:15:00.208867-03:00,0802506-20.2026.8.14.0201,ALIMENTOS - LEI ESPECIAL Nº 5.478/68 (69),FERNANDO JOSE SAMPAIO LOBO
CÍVEL,ICOARACI,5ª DEFENSORIA PÚBLICA CÍVEL DE ICOARACI,2026-04-16 08:18:16.400316-03:00,0802554-76.2026.8.14.0201,CUMPRIMENTO DE SENTENÇA (156),FERNANDO JOSE SAMPAIO LOBO
CÍVEL,ICOARACI,5ª DEFENSORIA PÚBLICA CÍVEL DE ICOARACI,2026-04-16 09:30:48.862560-03:00,0802547-84.2026.8.14.0201,ALIMENTOS - LEI ESPECIAL Nº 5.478/68 (69),FERNANDO JOSE SAMPAIO LOBO
CÍVEL,ICOARACI,5ª DEFENSORIA PÚBLICA CÍVEL DE ICOARACI,2026-04-16 10:58:46.183097-03:00,0802552-09.2026.8.14.0201,PROCEDIMENTO COMUM CÍVEL (7),FERNANDO JOSE SAMPAIO LOBO
CÍVEL,ICOARACI,5ª DEFENSORIA PÚBLICA CÍVEL DE ICOARACI,2026-04-17 12:34:13.900065-03:00,0802618-86.2026.8.14.0201,PROCEDIMENTO COMUM CÍVEL (7),FERNANDO JOSE SAMPAIO LOBO
CÍVEL,ICOARACI,5ª DEFENSORIA PÚBLICA CÍVEL DE ICOARACI,2026-04-24 08:53:07.576699-03:00,0802856-08.2026.8.14.0201,ALIMENTOS - LEI ESPECIAL Nº 5.478/68 (69),FERNANDO JOSE SAMPAIO LOBO
CÍVEL,ICOARACI,5ª DEFENSORIA PÚBLICA CÍVEL DE ICOARACI,2026-04-28 10:13:35.213080-03:00,0802904-64.2026.8.14.0201,DIVÓRCIO LITIGIOSO (12541),FERNANDO JOSE SAMPAIO LOBO
CÍVEL,ICOARACI,5ª DEFENSORIA PÚBLICA CÍVEL DE ICOARACI,2026-04-29 11:26:23.032201-03:00,0802975-66.2026.8.14.0201,ALIMENTOS - LEI ESPECIAL Nº 5.478/68 (69),FERNANDO JOSE SAMPAIO LOBO
CÍVEL,ICOARACI,5ª DEFENSORIA PÚBLICA CÍVEL DE ICOARACI,2026-05-04 09:54:43.415033-03:00,0803119-40.2026.8.14.0201,CUMPRIMENTO DE SENTENÇA (156),FERNANDO JOSE SAMPAIO LOBO
CÍVEL,ICOARACI,5ª DEFENSORIA PÚBLICA CÍVEL DE ICOARACI,2026-05-04 13:16:36.286296-03:00,0803133-24.2026.8.14.0201,DIVÓRCIO LITIGIOSO (12541),FERNANDO JOSE SAMPAIO LOBO
CÍVEL,ICOARACI,5ª DEFENSORIA PÚBLICA CÍVEL DE ICOARACI,2026-05-05 09:51:09.029886-03:00,0803282-20.2026.8.14.0201,CUMPRIMENTO DE SENTENÇA (156),FERNANDO JOSE SAMPAIO LOBO
CÍVEL,ICOARACI,5ª DEFENSORIA PÚBLICA CÍVEL DE ICOARACI,2026-05-05 10:07:56.276962-03:00,0803215-55.2026.8.14.0201,PROCEDIMENTO COMUM CÍVEL (7),FERNANDO JOSE SAMPAIO LOBO
CÍVEL,ICOARACI,5ª DEFENSORIA PÚBLICA CÍVEL DE ICOARACI,2026-05-05 12:11:20.837298-03:00,0803219-92.2026.8.14.0201,CUMPRIMENTO DE SENTENÇA (156),FERNANDO JOSE SAMPAIO LOBO
CÍVEL,ICOARACI,5ª DEFENSORIA PÚBLICA CÍVEL DE ICOARACI,2026-05-07 12:56:20.648674-03:00,0803742-07.2026.8.14.0201,DIVÓRCIO CONSENSUAL (12372),FERNANDO JOSE SAMPAIO LOBO
CÍVEL,ICOARACI,5ª DEFENSORIA PÚBLICA CÍVEL DE ICOARACI,2026-05-08 09:46:31.399394-03:00,0803349-82.2026.8.14.0201,DIVÓRCIO CONSENSUAL (12372),FERNANDO JOSE SAMPAIO LOBO
CÍVEL,ICOARACI,5ª DEFENSORIA PÚBLICA CÍVEL DE ICOARACI,2026-05-11 10:45:32.719366-03:00,0803399-11.2026.8.14.0201,ALIMENTOS - LEI ESPECIAL Nº 5.478/68 (69),FERNANDO JOSE SAMPAIO LOBO
CÍVEL,ICOARACI,5ª DEFENSORIA PÚBLICA CÍVEL DE ICOARACI,2026-05-14 08:54:25.094680-03:00,0803552-44.2026.8.14.0201,AVERIGUAÇÃO DE PATERNIDADE (123),FERNANDO JOSE SAMPAIO LOBO
CÍVEL,ICOARACI,5ª DEFENSORIA PÚBLICA CÍVEL DE ICOARACI,2026-05-15 08:32:29.707874-03:00,0803606-10.2026.8.14.0201,CUMPRIMENTO DE SENTENÇA (156),FERNANDO JOSE SAMPAIO LOBO
CÍVEL,ICOARACI,5ª DEFENSORIA PÚBLICA CÍVEL DE ICOARACI,2026-05-15 14:03:52.699114-03:00,0803609-62.2026.8.14.0201,ALIMENTOS - LEI ESPECIAL Nº 5.478/68 (69),FERNANDO JOSE SAMPAIO LOBO
CÍVEL,ICOARACI,5ª DEFENSORIA PÚBLICA CÍVEL DE ICOARACI,2026-05-20 09:39:41.362443-03:00,0803741-22.2026.8.14.0201,PETIÇÃO CÍVEL (241),FERNANDO JOSE SAMPAIO LOBO
CÍVEL,ICOARACI,5ª DEFENSORIA PÚBLICA CÍVEL DE ICOARACI,2026-05-20 11:04:37.908120-03:00,0803718-76.2026.8.14.0201,AVERIGUAÇÃO DE PATERNIDADE (123),FERNANDO JOSE SAMPAIO LOBO
CÍVEL,ICOARACI,5ª DEFENSORIA PÚBLICA CÍVEL DE ICOARACI,2026-05-29 11:33:43.517611-03:00,0804371-78.2026.8.14.0201,DIVÓRCIO LITIGIOSO (12541),FRANCISCO JOSÉ PINHO VIEIRA
CÍVEL,ICOARACI,5ª DEFENSORIA PÚBLICA CÍVEL DE ICOARACI,2026-06-22 10:48:30.631781-03:00,0804591-76.2026.8.14.0201,ALIMENTOS - LEI ESPECIAL Nº 5.478/68 (69),JAIRO MAIA JUNIOR
CÍVEL,ICOARACI,5ª DEFENSORIA PÚBLICA CÍVEL DE ICOARACI,2026-06-22 14:14:17.910099-03:00,0804592-61.2026.8.14.0201,ALIMENTOS - LEI ESPECIAL Nº 5.478/68 (69),JAIRO MAIA JUNIOR
CÍVEL,ICOARACI,5ª DEFENSORIA PÚBLICA CÍVEL DE ICOARACI,2026-06-23 11:22:29.952565-03:00,0804606-45.2026.8.14.0201,ALIMENTOS - LEI ESPECIAL Nº 5.478/68 (69),JAIRO MAIA JUNIOR
CÍVEL,ICOARACI,5ª DEFENSORIA PÚBLICA CÍVEL DE ICOARACI,2026-06-23 12:20:54.956513-03:00,0804607-30.2026.8.14.0201,ALIMENTOS - LEI ESPECIAL Nº 5.478/68 (69),JAIRO MAIA JUNIOR
CÍVEL,ICOARACI,5ª DEFENSORIA PÚBLICA CÍVEL DE ICOARACI,2026-06-23 14:31:15.070264-03:00,0804624-66.2026.8.14.0201,ALIMENTOS - LEI ESPECIAL Nº 5.478/68 (69),JAIRO MAIA JUNIOR
CÍVEL,ICOARACI,5ª DEFENSORIA PÚBLICA CÍVEL DE ICOARACI,2026-06-25 09:14:07.532859-03:00,0804684-39.2026.8.14.0201,ALIMENTOS - LEI ESPECIAL Nº 5.478/68 (69),JAIRO MAIA JUNIOR
CÍVEL,ICOARACI,5ª DEFENSORIA PÚBLICA CÍVEL DE ICOARACI,2026-06-26 10:36:13.708939-03:00,0804687-91.2026.8.14.0201,ALIMENTOS - LEI ESPECIAL Nº 5.478/68 (69),JAIRO MAIA JUNIOR
CÍVEL,ICOARACI,5ª DEFENSORIA PÚBLICA CÍVEL DE ICOARACI,2026-06-29 10:47:21.497626-03:00,0804751-04.2026.8.14.0201,CUMPRIMENTO DE SENTENÇA (156),JAIRO MAIA JUNIOR
CÍVEL,ICOARACI,5ª DEFENSORIA PÚBLICA CÍVEL DE ICOARACI,2026-07-02 10:28:47.555369-03:00,0804868-92.2026.8.14.0201,ALIMENTOS - LEI ESPECIAL Nº 5.478/68 (69),JAIRO MAIA JUNIOR
CÍVEL,ICOARACI,5ª DEFENSORIA PÚBLICA CÍVEL DE ICOARACI,2026-07-02 12:44:10.594435-03:00,0804908-74.2026.8.14.0201,ALIMENTOS - LEI ESPECIAL Nº 5.478/68 (69),JAIRO MAIA JUNIOR
CÍVEL,ICOARACI,5ª DEFENSORIA PÚBLICA CÍVEL DE ICOARACI,2026-07-02 13:04:45.531363-03:00,0804909-59.2026.8.14.0201,DIVÓRCIO LITIGIOSO (12541),JAIRO MAIA JUNIOR
CÍVEL,ICOARACI,5ª DEFENSORIA PÚBLICA CÍVEL DE ICOARACI,2026-07-03 10:01:23.345377-03:00,0804910-44.2026.8.14.0201,ALIMENTOS - LEI ESPECIAL Nº 5.478/68 (69),JAIRO MAIA JUNIOR
CÍVEL,ICOARACI,5ª DEFENSORIA PÚBLICA CÍVEL DE ICOARACI,2026-07-13 09:02:37.998928-03:00,0805164-17.2026.8.14.0201,ALIMENTOS - LEI ESPECIAL Nº 5.478/68 (69),JAIRO MAIA JUNIOR
CÍVEL,ICOARACI,5ª DEFENSORIA PÚBLICA CÍVEL DE ICOARACI,2026-07-13 10:11:33.350001-03:00,0805166-84.2026.8.14.0201,ALIMENTOS - LEI ESPECIAL Nº 5.478/68 (69),JAIRO MAIA JUNIOR
CÍVEL,ICOARACI,5ª DEFENSORIA PÚBLICA CÍVEL DE ICOARACI,2026-07-15 10:44:38.109953-03:00,0805259-47.2026.8.14.0201,ALIMENTOS - LEI ESPECIAL Nº 5.478/68 (69),JAIRO MAIA JUNIOR
CÍVEL,ICOARACI,5ª DEFENSORIA PÚBLICA CÍVEL DE ICOARACI,2026-07-15 11:37:59.099309-03:00,0805260-32.2026.8.14.0201,CUMPRIMENTO DE SENTENÇA (156),JAIRO MAIA JUNIOR
CÍVEL,ICOARACI,5ª DEFENSORIA PÚBLICA CÍVEL DE ICOARACI,2026-07-16 11:12:32.250575-03:00,0805323-57.2026.8.14.0201,DIVÓRCIO LITIGIOSO (12541),JAIRO MAIA JUNIOR
CÍVEL,ICOARACI,5ª DEFENSORIA PÚBLICA CÍVEL DE ICOARACI,2026-07-16 13:48:25.767003-03:00,0805325-27.2026.8.14.0201,PROCEDIMENTO COMUM CÍVEL (7),JAIRO MAIA JUNIOR
CÍVEL,ICOARACI,5ª DEFENSORIA PÚBLICA CÍVEL DE ICOARACI,2026-07-20 12:41:29.395347-03:00,0805447-40.2026.8.14.0201,ALIMENTOS - LEI ESPECIAL Nº 5.478/68 (69),JAIRO MAIA JUNIOR
CÍVEL,ICOARACI,5ª DEFENSORIA PÚBLICA CÍVEL DE ICOARACI,2026-07-24 09:42:44.487986-03:00,0805530-56.2026.8.14.0201,ALIMENTOS - LEI ESPECIAL Nº 5.478/68 (69),JAIRO MAIA JUNIOR
CÍVEL,ICOARACI,5ª DEFENSORIA PÚBLICA CÍVEL DE ICOARACI,2026-07-24 11:46:49.595282-03:00,0805551-32.2026.8.14.0201,ALIMENTOS - LEI ESPECIAL Nº 5.478/68 (69),JAIRO MAIA JUNIOR
CÍVEL,ICOARACI,5ª DEFENSORIA PÚBLICA CÍVEL DE ICOARACI,2026-07-27 09:43:27.641736-03:00,0805601-58.2026.8.14.0201,GUARDA DE INFÂNCIA E JUVENTUDE (1420),JAIRO MAIA JUNIOR
CÍVEL,ICOARACI,5ª DEFENSORIA PÚBLICA CÍVEL DE ICOARACI,2026-07-27 10:42:15.747003-03:00,0805597-21.2026.8.14.0201,ALIMENTOS - LEI ESPECIAL Nº 5.478/68 (69),JAIRO MAIA JUNIOR
CÍVEL,ICOARACI,5ª DEFENSORIA PÚBLICA CÍVEL DE ICOARACI,2026-07-27 12:09:40.830876-03:00,0805608-50.2026.8.14.0201,CUMPRIMENTO DE SENTENÇA DE OBRIGAÇÃO DE PRESTAR ALIMENTOS,JAIRO MAIA JUNIOR
CÍVEL,ICOARACI,5ª DEFENSORIA PÚBLICA CÍVEL DE ICOARACI,2026-07-28 10:57:30.185936-03:00,0805644-92.2026.8.14.0201,ALIMENTOS - LEI ESPECIAL Nº 5.478/68 (69),JAIRO MAIA JUNIOR
CÍVEL,ICOARACI,5ª DEFENSORIA PÚBLICA CÍVEL DE ICOARACI,2026-07-28 12:22:47.299740-03:00,0805654-39.2026.8.14.0201,CUMPRIMENTO DE SENTENÇA (156),JAIRO MAIA JUNIOR
CÍVEL,ICOARACI,5ª DEFENSORIA PÚBLICA CÍVEL DE ICOARACI,2026-07-28 12:28:49.410669-03:00,0805701-13.2026.8.14.0201,DIVÓRCIO LITIGIOSO (12541),JAIRO MAIA JUNIOR
CÍVEL,ICOARACI,5ª DEFENSORIA PÚBLICA CÍVEL DE ICOARACI,2026-07-29 09:42:26.891330-03:00,0805700-28.2026.8.14.0201,CUMPRIMENTO DE SENTENÇA DE OBRIGAÇÃO DE PRESTAR ALIMENTOS,JAIRO MAIA JUNIOR
CÍVEL,ICOARACI,5ª DEFENSORIA PÚBLICA CÍVEL DE ICOARACI,2026-07-31 10:19:45.735900-03:00,0805902-05.2026.8.14.0201,ALIMENTOS - LEI ESPECIAL Nº 5.478/68 (69),JAIRO MAIA JUNIOR
CÍVEL,ICOARACI,5ª DEFENSORIA PÚBLICA CÍVEL DE ICOARACI,2026-08-03 09:44:19.061368-03:00,0805952-31.2026.8.14.0201,ALIMENTOS - LEI ESPECIAL Nº 5.478/68 (69),JAIRO MAIA JUNIOR
CÍVEL,ICOARACI,5ª DEFENSORIA PÚBLICA CÍVEL DE ICOARACI,2026-08-03 10:18:25.679406-03:00,0804074-68.2026.8.14.0008,ALIMENTOS - LEI ESPECIAL Nº 5.478/68 (69),JAIRO MAIA JUNIOR
CÍVEL,ICOARACI,5ª DEFENSORIA PÚBLICA CÍVEL DE ICOARACI,2026-08-05 09:48:52.521394-03:00,0805944-54.2026.8.14.0201,ALIMENTOS - LEI ESPECIAL Nº 5.478/68 (69),JAIRO MAIA JUNIOR
CÍVEL,ICOARACI,5ª DEFENSORIA PÚBLICA CÍVEL DE ICOARACI,2026-08-06 11:24:16.419447-03:00,0805977-44.2026.8.14.0201,ALIMENTOS - LEI ESPECIAL Nº 5.478/68 (69),JAIRO MAIA JUNIOR
CÍVEL,ICOARACI,5ª DEFENSORIA PÚBLICA CÍVEL DE ICOARACI,2026-08-06 12:07:54.880553-03:00,0805978-29.2026.8.14.0201,ALIMENTOS - LEI ESPECIAL Nº 5.478/68 (69),JAIRO MAIA JUNIOR
CÍVEL,ICOARACI,5ª DEFENSORIA PÚBLICA CÍVEL DE ICOARACI,2026-08-06 13:52:07.674563-03:00,0805980-96.2026.8.14.0201,ALIMENTOS - LEI ESPECIAL Nº 5.478/68 (69),JAIRO MAIA JUNIOR
CÍVEL,ICOARACI,5ª DEFENSORIA PÚBLICA CÍVEL DE ICOARACI,2026-08-10 10:07:37.471285-03:00,0806122-03.2026.8.14.0201,ALIMENTOS - LEI ESPECIAL Nº 5.478/68 (69),JAIRO MAIA JUNIOR
CÍVEL,ICOARACI,5ª DEFENSORIA PÚBLICA CÍVEL DE ICOARACI,2026-08-11 11:55:27.758218-03:00,0806133-32.2026.8.14.0201,ALIMENTOS - LEI ESPECIAL Nº 5.478/68 (69),JAIRO MAIA JUNIOR
CÍVEL,ICOARACI,5ª DEFENSORIA PÚBLICA CÍVEL DE ICOARACI,2026-08-17 10:05:03.276964-03:00,0806319-55.2026.8.14.0201,ALIMENTOS - LEI ESPECIAL Nº 5.478/68 (69),JAIRO MAIA JUNIOR
CÍVEL,ICOARACI,5ª DEFENSORIA PÚBLICA CÍVEL DE ICOARACI,2026-08-19 10:00:40.449360-03:00,0806361-07.2026.8.14.0201,ALIMENTOS - LEI ESPECIAL Nº 5.478/68 (69),JAIRO MAIA JUNIOR
CÍVEL,ICOARACI,5ª DEFENSORIA PÚBLICA CÍVEL DE ICOARACI,2026-08-24 11:20:15.383953-03:00,0806515-25.2026.8.14.0201,ALIMENTOS - LEI ESPECIAL Nº 5.478/68 (69),JAIRO MAIA JUNIOR
CÍVEL,ICOARACI,5ª DEFENSORIA PÚBLICA CÍVEL DE ICOARACI,2026-08-25 07:25:49.231635-03:00,0806551-67.2026.8.14.0201,DIVÓRCIO LITIGIOSO (12541),JAIRO MAIA JUNIOR
CÍVEL,ICOARACI,5ª DEFENSORIA PÚBLICA CÍVEL DE ICOARACI,2026-08-25 09:50:51.132221-03:00,0882148-33.2026.8.14.0301,ALIMENTOS - LEI ESPECIAL Nº 5.478/68 (69),JAIRO MAIA JUNIOR
CÍVEL,ICOARACI,5ª DEFENSORIA PÚBLICA CÍVEL DE ICOARACI,2026-08-25 10:57:07.584672-03:00,0806568-06.2026.8.14.0201,DIVÓRCIO CONSENSUAL (12372),JAIRO MAIA JUNIOR
CÍVEL,ICOARACI,5ª DEFENSORIA PÚBLICA CÍVEL DE ICOARACI,2026-08-26 09:48:31.283807-03:00,0806581-05.2026.8.14.0201,ALIMENTOS - LEI ESPECIAL Nº 5.478/68 (69),GABRIEL MONTENEGRO DUARTE PEREIRA
CÍVEL,ICOARACI,5ª DEFENSORIA PÚBLICA CÍVEL DE ICOARACI,2026-08-26 10:22:32.008599-03:00,0806585-42.2026.8.14.0201,ALIMENTOS - LEI ESPECIAL Nº 5.478/68 (69),JAIRO MAIA JUNIOR
CÍVEL,ICOARACI,5ª DEFENSORIA PÚBLICA CÍVEL DE ICOARACI,2026-08-26 12:30:03.419477-03:00,0806595-86.2026.8.14.0201,ALIMENTOS - LEI ESPECIAL Nº 5.478/68 (69),JAIRO MAIA JUNIOR
CÍVEL,ICOARACI,5ª DEFENSORIA PÚBLICA CÍVEL DE ICOARACI,2026-08-26 12:30:18.755089-03:00,0806596-71.2026.8.14.0201,ALIMENTOS - LEI ESPECIAL Nº 5.478/68 (69),JAIRO MAIA JUNIOR
CÍVEL,ICOARACI,5ª DEFENSORIA PÚBLICA CÍVEL DE ICOARACI,2026-08-27 10:57:22.546032-03:00,0806629-61.2026.8.14.0201,DIVÓRCIO LITIGIOSO (12541),JAIRO MAIA JUNIOR
CÍVEL,ICOARACI,5ª DEFENSORIA PÚBLICA CÍVEL DE ICOARACI,2026-08-31 09:12:08.382668-03:00,0806722-24.2026.8.14.0201,ALIMENTOS - LEI ESPECIAL Nº 5.478/68 (69),JAIRO MAIA JUNIOR
CÍVEL,ICOARACI,5ª DEFENSORIA PÚBLICA CÍVEL DE ICOARACI,2026-08-31 09:48:21.969815-03:00,0806738-75.2026.8.14.0201,ALIMENTOS - LEI ESPECIAL Nº 5.478/68 (69),JAIRO MAIA JUNIOR
CÍVEL,ICOARACI,5ª DEFENSORIA PÚBLICA CÍVEL DE ICOARACI,2026-09-01 09:22:59.780366-03:00,0806760-36.2026.8.14.0201,ALIMENTOS - LEI ESPECIAL Nº 5.478/68 (69),JAIRO MAIA JUNIOR
CÍVEL,ICOARACI,5ª DEFENSORIA PÚBLICA CÍVEL DE ICOARACI,2026-09-01 12:04:02.969410-03:00,0806772-50.2026.8.14.0201,ALIMENTOS - LEI ESPECIAL Nº 5.478/68 (69),JAIRO MAIA JUNIOR
CÍVEL,ICOARACI,5ª DEFENSORIA PÚBLICA CÍVEL DE ICOARACI,2026-09-02 11:57:39.574288-03:00,0806796-78.2026.8.14.0201,ALIMENTOS - LEI ESPECIAL Nº 5.478/68 (69),JAIRO MAIA JUNIOR
CÍVEL,ICOARACI,5ª DEFENSORIA PÚBLICA CÍVEL DE ICOARACI,2026-09-04 10:18:21.975676-03:00,0806877-27.2026.8.14.0201,RETIFICAÇÃO OU SUPRIMENTO OU RESTAURAÇÃO DE REGISTRO CIVIL (1682),JAIRO MAIA JUNIOR
CÍVEL,ICOARACI,5ª DEFENSORIA PÚBLICA CÍVEL DE ICOARACI,2026-09-04 10:21:54.198736-03:00,0806878-12.2026.8.14.0201,RETIFICAÇÃO OU SUPRIMENTO OU RESTAURAÇÃO DE REGISTRO CIVIL (1682),JAIRO MAIA JUNIOR
CÍVEL,ICOARACI,5ª DEFENSORIA PÚBLICA CÍVEL DE ICOARACI,2026-09-04 10:40:51.901757-03:00,0806874-72.2026.8.14.0201,RETIFICAÇÃO OU SUPRIMENTO OU RESTAURAÇÃO DE REGISTRO CIVIL (1682),JAIRO MAIA JUNIOR
CÍVEL,ICOARACI,5ª DEFENSORIA PÚBLICA CÍVEL DE ICOARACI,2026-09-04 12:34:40.386137-03:00,0806885-04.2026.8.14.0201,RETIFICAÇÃO OU SUPRIMENTO OU RESTAURAÇÃO DE REGISTRO CIVIL (1682),JAIRO MAIA JUNIOR
CÍVEL,ICOARACI,5ª DEFENSORIA PÚBLICA CÍVEL DE ICOARACI,2026-09-04 12:43:46.078636-03:00,0806887-71.2026.8.14.0201,ALIMENTOS - LEI ESPECIAL Nº 5.478/68 (69),JAIRO MAIA JUNIOR
CÍVEL,ICOARACI,5ª DEFENSORIA PÚBLICA CÍVEL DE ICOARACI,2026-09-04 13:22:23.880827-03:00,0806888-56.2026.8.14.0201,RETIFICAÇÃO OU SUPRIMENTO OU RESTAURAÇÃO DE REGISTRO CIVIL (1682),JAIRO MAIA JUNIOR
CÍVEL,ICOARACI,5ª DEFENSORIA PÚBLICA CÍVEL DE ICOARACI,2026-09-08 11:47:50.859887-03:00,0806994-18.2026.8.14.0201,ALIMENTOS - LEI ESPECIAL Nº 5.478/68 (69),GABRIEL MONTENEGRO DUARTE PEREIRA
CÍVEL,ICOARACI,5ª DEFENSORIA PÚBLICA CÍVEL DE ICOARACI,2026-09-09 11:51:32.221094-03:00,0807026-23.2026.8.14.0201,GUARDA DE FAMÍLIA,GABRIEL MONTENEGRO DUARTE PEREIRA
CÍVEL,ICOARACI,5ª DEFENSORIA PÚBLICA CÍVEL DE ICOARACI,2026-09-21 10:38:44.438532-03:00,0807425-52.2026.8.14.0201,ALIMENTOS - LEI ESPECIAL Nº 5.478/68 (69),GABRIEL MONTENEGRO DUARTE PEREIRA
CÍVEL,ICOARACI,5ª DEFENSORIA PÚBLICA CÍVEL DE ICOARACI,2026-09-22 11:30:45.207767-03:00,0807486-10.2026.8.14.0201,ALIMENTOS - LEI ESPECIAL Nº 5.478/68 (69),GABRIEL MONTENEGRO DUARTE PEREIRA
CÍVEL,ICOARACI,5ª DEFENSORIA PÚBLICA CÍVEL DE ICOARACI,2026-09-22 11:55:29.236967-03:00,0807488-77.2026.8.14.0201,ALIMENTOS - LEI ESPECIAL Nº 5.478/68 (69),GABRIEL MONTENEGRO DUARTE PEREIRA
CÍVEL,ICOARACI,5ª DEFENSORIA PÚBLICA CÍVEL DE ICOARACI,2026-09-22 11:59:36.258993-03:00,0807489-62.2026.8.14.0201,ALIMENTOS - LEI ESPECIAL Nº 5.478/68 (69),GABRIEL MONTENEGRO DUARTE PEREIRA
CÍVEL,ICOARACI,5ª DEFENSORIA PÚBLICA CÍVEL DE ICOARACI,2026-09-23 11:33:32.827685-03:00,0807506-98.2026.8.14.0201,ALIMENTOS - LEI ESPECIAL Nº 5.478/68 (69),GABRIEL MONTENEGRO DUARTE PEREIRA
CÍVEL,ICOARACI,6ª DEFENSORIA PÚBLICA CÍVEL DE ICOARACI,2026-01-09 08:13:26.457364-03:00,0800128-91.2026.8.14.0201,RETIFICAÇÃO OU SUPRIMENTO OU RESTAURAÇÃO DE REGISTRO CIVIL (1682),MARCO AURÉLIO VELLOZO GUTERRES
CÍVEL,ICOARACI,6ª DEFENSORIA PÚBLICA CÍVEL DE ICOARACI,2026-01-09 09:34:43.097331-03:00,0800129-76.2026.8.14.0201,RETIFICAÇÃO OU SUPRIMENTO OU RESTAURAÇÃO DE REGISTRO CIVIL (1682),MARCO AURÉLIO VELLOZO GUTERRES
CÍVEL,ICOARACI,6ª DEFENSORIA PÚBLICA CÍVEL DE ICOARACI,2026-01-12 11:32:21.954454-03:00,0800162-66.2026.8.14.0201,RETIFICAÇÃO OU SUPRIMENTO OU RESTAURAÇÃO DE REGISTRO CIVIL (1682),MARCO AURÉLIO VELLOZO GUTERRES
CÍVEL,ICOARACI,6ª DEFENSORIA PÚBLICA CÍVEL DE ICOARACI,2026-01-13 11:34:30.112346-03:00,0800195-56.2026.8.14.0201,PROCEDIMENTO COMUM CÍVEL (7),MARCO AURÉLIO VELLOZO GUTERRES
CÍVEL,ICOARACI,6ª DEFENSORIA PÚBLICA CÍVEL DE ICOARACI,2026-01-13 12:59:40.517313-03:00,0800240-60.2026.8.14.0201,EMBARGOS À EXECUÇÃO (172),MARCO AURÉLIO VELLOZO GUTERRES
CÍVEL,ICOARACI,6ª DEFENSORIA PÚBLICA CÍVEL DE ICOARACI,2026-01-14 09:00:55.417881-03:00,0800197-26.2026.8.14.0201,RETIFICAÇÃO OU SUPRIMENTO OU RESTAURAÇÃO DE REGISTRO CIVIL (1682),MARCO AURÉLIO VELLOZO GUTERRES
CÍVEL,ICOARACI,6ª DEFENSORIA PÚBLICA CÍVEL DE ICOARACI,2026-01-14 09:04:01.143460-03:00,0800196-41.2026.8.14.0201,RETIFICAÇÃO OU SUPRIMENTO OU RESTAURAÇÃO DE REGISTRO CIVIL (1682),MARCO AURÉLIO VELLOZO GUTERRES
CÍVEL,ICOARACI,6ª DEFENSORIA PÚBLICA CÍVEL DE ICOARACI,2026-01-15 11:17:06.785628-03:00,0800225-91.2026.8.14.0201,PROCEDIMENTO COMUM CÍVEL (7),MARCO AURÉLIO VELLOZO GUTERRES
CÍVEL,ICOARACI,6ª DEFENSORIA PÚBLICA CÍVEL DE ICOARACI,2026-01-19 08:45:34.197208-03:00,0800310-77.2026.8.14.0201,RETIFICAÇÃO OU SUPRIMENTO OU RESTAURAÇÃO DE REGISTRO CIVIL (1682),MARCO AURÉLIO VELLOZO GUTERRES
CÍVEL,ICOARACI,6ª DEFENSORIA PÚBLICA CÍVEL DE ICOARACI,2026-01-19 09:22:07.289509-03:00,0800285-64.2026.8.14.0201,RETIFICAÇÃO OU SUPRIMENTO OU RESTAURAÇÃO DE REGISTRO CIVIL (1682),MARCO AURÉLIO VELLOZO GUTERRES
CÍVEL,ICOARACI,6ª DEFENSORIA PÚBLICA CÍVEL DE ICOARACI,2026-01-19 10:16:25.846608-03:00,0800286-49.2026.8.14.0201,INTERDIÇÃO/CURATELA (58),MARCO AURÉLIO VELLOZO GUTERRES
CÍVEL,ICOARACI,6ª DEFENSORIA PÚBLICA CÍVEL DE ICOARACI,2026-01-19 10:30:46.160948-03:00,0800287-34.2026.8.14.0201,PROCEDIMENTO COMUM CÍVEL (7),MARCO AURÉLIO VELLOZO GUTERRES
CÍVEL,ICOARACI,6ª DEFENSORIA PÚBLICA CÍVEL DE ICOARACI,2026-01-19 12:43:46.801013-03:00,0800364-43.2026.8.14.0201,PROCEDIMENTO COMUM CÍVEL (7),MARCO AURÉLIO VELLOZO GUTERRES
CÍVEL,ICOARACI,6ª DEFENSORIA PÚBLICA CÍVEL DE ICOARACI,2026-01-20 11:36:14.544675-03:00,0800320-24.2026.8.14.0201,PROCEDIMENTO COMUM CÍVEL (7),MARCO AURÉLIO VELLOZO GUTERRES
CÍVEL,ICOARACI,6ª DEFENSORIA PÚBLICA CÍVEL DE ICOARACI,2026-01-23 09:18:56.931934-03:00,0800392-11.2026.8.14.0201,INTERDIÇÃO/CURATELA (58),MARCO AURÉLIO VELLOZO GUTERRES
CÍVEL,ICOARACI,6ª DEFENSORIA PÚBLICA CÍVEL DE ICOARACI,2026-01-23 10:50:50.532978-03:00,0800399-03.2026.8.14.0201,ALVARÁ JUDICIAL - LEI 6858/80 (74),MARCO AURÉLIO VELLOZO GUTERRES
CÍVEL,ICOARACI,6ª DEFENSORIA PÚBLICA CÍVEL DE ICOARACI,2026-01-23 11:02:54.536308-03:00,0800398-18.2026.8.14.0201,RETIFICAÇÃO OU SUPRIMENTO OU RESTAURAÇÃO DE REGISTRO CIVIL (1682),MARCO AURÉLIO VELLOZO GUTERRES
CÍVEL,ICOARACI,6ª DEFENSORIA PÚBLICA CÍVEL DE ICOARACI,2026-01-23 11:36:56.939898-03:00,0800400-85.2026.8.14.0201,RETIFICAÇÃO OU SUPRIMENTO OU RESTAURAÇÃO DE REGISTRO CIVIL (1682),MARCO AURÉLIO VELLOZO GUTERRES
CÍVEL,ICOARACI,6ª DEFENSORIA PÚBLICA CÍVEL DE ICOARACI,2026-01-28 10:36:54.357689-03:00,0800691-85.2026.8.14.0201,INTERDIÇÃO/CURATELA (58),MARCO AURÉLIO VELLOZO GUTERRES
CÍVEL,ICOARACI,6ª DEFENSORIA PÚBLICA CÍVEL DE ICOARACI,2026-01-28 11:16:58.067574-03:00,0800501-25.2026.8.14.0201,INTERDIÇÃO/CURATELA (58),MARCO AURÉLIO VELLOZO GUTERRES
CÍVEL,ICOARACI,6ª DEFENSORIA PÚBLICA CÍVEL DE ICOARACI,2026-02-05 10:01:09.362624-03:00,0800701-32.2026.8.14.0201,RETIFICAÇÃO OU SUPRIMENTO OU RESTAURAÇÃO DE REGISTRO CIVIL (1682),MARCO AURÉLIO VELLOZO GUTERRES
CÍVEL,ICOARACI,6ª DEFENSORIA PÚBLICA CÍVEL DE ICOARACI,2026-02-06 11:09:03.656712-03:00,0801339-65.2026.8.14.0201,PROCEDIMENTO COMUM CÍVEL (7),MARCO AURÉLIO VELLOZO GUTERRES
CÍVEL,ICOARACI,6ª DEFENSORIA PÚBLICA CÍVEL DE ICOARACI,2026-02-09 12:36:14.061105-03:00,0800805-24.2026.8.14.0201,PROCEDIMENTO COMUM CÍVEL (7),MARCO AURÉLIO VELLOZO GUTERRES
CÍVEL,ICOARACI,6ª DEFENSORIA PÚBLICA CÍVEL DE ICOARACI,2026-02-11 15:44:55.966260-03:00,0801058-12.2026.8.14.0201,PROCEDIMENTO COMUM CÍVEL (7),MARCO AURÉLIO VELLOZO GUTERRES
CÍVEL,ICOARACI,6ª DEFENSORIA PÚBLICA CÍVEL DE ICOARACI,2026-02-12 08:42:22.716081-03:00,0800867-64.2026.8.14.0201,RETIFICAÇÃO OU SUPRIMENTO OU RESTAURAÇÃO DE REGISTRO CIVIL (1682),MARCO AURÉLIO VELLOZO GUTERRES
CÍVEL,ICOARACI,6ª DEFENSORIA PÚBLICA CÍVEL DE ICOARACI,2026-02-12 11:51:39.521199-03:00,0800896-17.2026.8.14.0201,ALVARÁ JUDICIAL - LEI 6858/80 (74),MARCO AURÉLIO VELLOZO GUTERRES
CÍVEL,ICOARACI,6ª DEFENSORIA PÚBLICA CÍVEL DE ICOARACI,2026-02-13 10:31:04.012071-03:00,0800970-71.2026.8.14.0201,INVENTÁRIO (39),MARCO AURÉLIO VELLOZO GUTERRES
CÍVEL,ICOARACI,6ª DEFENSORIA PÚBLICA CÍVEL DE ICOARACI,2026-02-23 00:09:49.978141-03:00,0801688-68.2026.8.14.0201,PROCEDIMENTO COMUM CÍVEL (7),CLARICE DOS SANTOS OTONI
CÍVEL,ICOARACI,6ª DEFENSORIA PÚBLICA CÍVEL DE ICOARACI,2026-02-25 08:24:20.998833-03:00,0801092-84.2026.8.14.0201,RETIFICAÇÃO OU SUPRIMENTO OU RESTAURAÇÃO DE REGISTRO CIVIL (1682),MARCO AURÉLIO VELLOZO GUTERRES
CÍVEL,ICOARACI,6ª DEFENSORIA PÚBLICA CÍVEL DE ICOARACI,2026-02-25 08:54:38.599672-03:00,0801093-69.2026.8.14.0201,"ABERTURA, REGISTRO E CUMPRIMENTO DE TESTAMENTO (51)",MARCO AURÉLIO VELLOZO GUTERRES
CÍVEL,ICOARACI,6ª DEFENSORIA PÚBLICA CÍVEL DE ICOARACI,2026-02-26 12:06:36.095431-03:00,0801134-36.2026.8.14.0201,PROCEDIMENTO COMUM CÍVEL (7),MARCO AURÉLIO VELLOZO GUTERRES
CÍVEL,ICOARACI,6ª DEFENSORIA PÚBLICA CÍVEL DE ICOARACI,2026-02-27 11:02:23.138319-03:00,0801189-84.2026.8.14.0201,USUCAPIÃO (49),MARCO AURÉLIO VELLOZO GUTERRES
CÍVEL,ICOARACI,6ª DEFENSORIA PÚBLICA CÍVEL DE ICOARACI,2026-03-02 12:35:12.872340-03:00,0801247-87.2026.8.14.0201,PROCEDIMENTO COMUM CÍVEL (7),MARCO AURÉLIO VELLOZO GUTERRES
CÍVEL,ICOARACI,6ª DEFENSORIA PÚBLICA CÍVEL DE ICOARACI,2026-03-03 15:23:44.426546-03:00,0801250-42.2026.8.14.0201,PROCEDIMENTO COMUM CÍVEL (7),MARCO AURÉLIO VELLOZO GUTERRES
CÍVEL,ICOARACI,6ª DEFENSORIA PÚBLICA CÍVEL DE ICOARACI,2026-03-04 11:06:42.958868-03:00,0801252-12.2026.8.14.0201,PROCEDIMENTO COMUM CÍVEL (7),MARCO AURÉLIO VELLOZO GUTERRES
CÍVEL,ICOARACI,6ª DEFENSORIA PÚBLICA CÍVEL DE ICOARACI,2026-03-05 10:10:18.804925-03:00,0801299-83.2026.8.14.0201,RETIFICAÇÃO OU SUPRIMENTO OU RESTAURAÇÃO DE REGISTRO CIVIL (1682),MARCO AURÉLIO VELLOZO GUTERRES
CÍVEL,ICOARACI,6ª DEFENSORIA PÚBLICA CÍVEL DE ICOARACI,2026-03-06 10:46:07.857084-03:00,0801312-82.2026.8.14.0201,INVENTÁRIO (39),MARCO AURÉLIO VELLOZO GUTERRES
CÍVEL,ICOARACI,6ª DEFENSORIA PÚBLICA CÍVEL DE ICOARACI,2026-03-09 11:17:06.872382-03:00,0801527-58.2026.8.14.0201,PROCEDIMENTO COMUM CÍVEL (7),MARCO AURÉLIO VELLOZO GUTERRES
CÍVEL,ICOARACI,6ª DEFENSORIA PÚBLICA CÍVEL DE ICOARACI,2026-03-12 10:54:50.459036-03:00,0801525-88.2026.8.14.0201,PROCEDIMENTO COMUM CÍVEL (7),MARCO AURÉLIO VELLOZO GUTERRES
CÍVEL,ICOARACI,6ª DEFENSORIA PÚBLICA CÍVEL DE ICOARACI,2026-03-12 11:13:08.459352-03:00,0801524-06.2026.8.14.0201,PROCEDIMENTO COMUM CÍVEL (7),MARCO AURÉLIO VELLOZO GUTERRES
CÍVEL,ICOARACI,6ª DEFENSORIA PÚBLICA CÍVEL DE ICOARACI,2026-03-12 11:23:56.599100-03:00,0801526-73.2026.8.14.0201,RETIFICAÇÃO OU SUPRIMENTO OU RESTAURAÇÃO DE REGISTRO CIVIL (1682),MARCO AURÉLIO VELLOZO GUTERRES
CÍVEL,ICOARACI,6ª DEFENSORIA PÚBLICA CÍVEL DE ICOARACI,2026-03-13 12:49:10.054234-03:00,0801528-43.2026.8.14.0201,RETIFICAÇÃO OU SUPRIMENTO OU RESTAURAÇÃO DE REGISTRO CIVIL (1682),MARCO AURÉLIO VELLOZO GUTERRES
CÍVEL,ICOARACI,6ª DEFENSORIA PÚBLICA CÍVEL DE ICOARACI,2026-03-14 09:13:47.648199-03:00,0801555-26.2026.8.14.0201,RETIFICAÇÃO OU SUPRIMENTO OU RESTAURAÇÃO DE REGISTRO CIVIL (1682),MARCO AURÉLIO VELLOZO GUTERRES
CÍVEL,ICOARACI,6ª DEFENSORIA PÚBLICA CÍVEL DE ICOARACI,2026-03-14 09:22:13.126736-03:00,0801556-11.2026.8.14.0201,RETIFICAÇÃO OU SUPRIMENTO OU RESTAURAÇÃO DE REGISTRO CIVIL (1682),MARCO AURÉLIO VELLOZO GUTERRES
CÍVEL,ICOARACI,6ª DEFENSORIA PÚBLICA CÍVEL DE ICOARACI,2026-03-14 09:42:16.624810-03:00,0801559-63.2026.8.14.0201,RETIFICAÇÃO OU SUPRIMENTO OU RESTAURAÇÃO DE REGISTRO CIVIL (1682),MARCO AURÉLIO VELLOZO GUTERRES
CÍVEL,ICOARACI,6ª DEFENSORIA PÚBLICA CÍVEL DE ICOARACI,2026-03-14 10:19:38.254713-03:00,0801570-92.2026.8.14.0201,ALIMENTOS - LEI ESPECIAL Nº 5.478/68 (69),MARCO AURÉLIO VELLOZO GUTERRES
CÍVEL,ICOARACI,6ª DEFENSORIA PÚBLICA CÍVEL DE ICOARACI,2026-03-14 11:18:15.965509-03:00,0801597-75.2026.8.14.0201,ALIMENTOS - LEI ESPECIAL Nº 5.478/68 (69),MARCO AURÉLIO VELLOZO GUTERRES
CÍVEL,ICOARACI,6ª DEFENSORIA PÚBLICA CÍVEL DE ICOARACI,2026-03-14 11:58:14.497475-03:00,0801596-90.2026.8.14.0201,PROCEDIMENTO COMUM CÍVEL (7),MARCO AURÉLIO VELLOZO GUTERRES
CÍVEL,ICOARACI,6ª DEFENSORIA PÚBLICA CÍVEL DE ICOARACI,2026-03-14 12:32:34.075279-03:00,0801615-96.2026.8.14.0201,RETIFICAÇÃO OU SUPRIMENTO OU RESTAURAÇÃO DE REGISTRO CIVIL (1682),MARCO AURÉLIO VELLOZO GUTERRES
CÍVEL,ICOARACI,6ª DEFENSORIA PÚBLICA CÍVEL DE ICOARACI,2026-03-14 12:47:12.202981-03:00,0801622-88.2026.8.14.0201,ALIMENTOS - LEI ESPECIAL Nº 5.478/68 (69),MARCO AURÉLIO VELLOZO GUTERRES
CÍVEL,ICOARACI,6ª DEFENSORIA PÚBLICA CÍVEL DE ICOARACI,2026-03-14 13:23:59.950447-03:00,0801637-57.2026.8.14.0201,DIVÓRCIO LITIGIOSO (12541),MARCO AURÉLIO VELLOZO GUTERRES
CÍVEL,ICOARACI,6ª DEFENSORIA PÚBLICA CÍVEL DE ICOARACI,2026-03-16 14:40:03.915523-03:00,0801714-66.2026.8.14.0201,PROCEDIMENTO COMUM CÍVEL (7),CLARICE DOS SANTOS OTONI
CÍVEL,ICOARACI,6ª DEFENSORIA PÚBLICA CÍVEL DE ICOARACI,2026-03-18 14:41:07.697379-03:00,0802494-06.2026.8.14.0201,PROCEDIMENTO COMUM CÍVEL (7),MARCO AURÉLIO VELLOZO GUTERRES
CÍVEL,ICOARACI,6ª DEFENSORIA PÚBLICA CÍVEL DE ICOARACI,2026-03-19 10:34:08.684218-03:00,0801801-22.2026.8.14.0201,RETIFICAÇÃO OU SUPRIMENTO OU RESTAURAÇÃO DE REGISTRO CIVIL (1682),MARCO AURÉLIO VELLOZO GUTERRES
CÍVEL,ICOARACI,6ª DEFENSORIA PÚBLICA CÍVEL DE ICOARACI,2026-03-20 09:15:02.457698-03:00,0801876-61.2026.8.14.0201,INTERDIÇÃO/CURATELA (58),MARCO AURÉLIO VELLOZO GUTERRES
CÍVEL,ICOARACI,6ª DEFENSORIA PÚBLICA CÍVEL DE ICOARACI,2026-03-23 11:18:58.378068-03:00,0802001-29.2026.8.14.0201,PROCEDIMENTO COMUM CÍVEL (7),MARCO AURÉLIO VELLOZO GUTERRES
CÍVEL,ICOARACI,6ª DEFENSORIA PÚBLICA CÍVEL DE ICOARACI,2026-03-23 12:07:11.403675-03:00,0802002-14.2026.8.14.0201,PROCEDIMENTO COMUM CÍVEL (7),MARCO AURÉLIO VELLOZO GUTERRES
CÍVEL,ICOARACI,6ª DEFENSORIA PÚBLICA CÍVEL DE ICOARACI,2026-03-24 11:40:20.769047-03:00,0801942-41.2026.8.14.0201,ALVARÁ JUDICIAL - LEI 6858/80 (74),MARCO AURÉLIO VELLOZO GUTERRES
CÍVEL,ICOARACI,6ª DEFENSORIA PÚBLICA CÍVEL DE ICOARACI,2026-03-24 12:04:40.795309-03:00,0801943-26.2026.8.14.0201,INTERDIÇÃO/CURATELA (58),MARCO AURÉLIO VELLOZO GUTERRES
CÍVEL,ICOARACI,6ª DEFENSORIA PÚBLICA CÍVEL DE ICOARACI,2026-03-24 17:01:14.719742-03:00,0801970-09.2026.8.14.0201,PROCEDIMENTO COMUM CÍVEL (7),MARCO AURÉLIO VELLOZO GUTERRES
CÍVEL,ICOARACI,6ª DEFENSORIA PÚBLICA CÍVEL DE ICOARACI,2026-03-26 10:10:37.721136-03:00,0802003-96.2026.8.14.0201,RETIFICAÇÃO OU SUPRIMENTO OU RESTAURAÇÃO DE REGISTRO CIVIL (1682),MARCO AURÉLIO VELLOZO GUTERRES
CÍVEL,ICOARACI,6ª DEFENSORIA PÚBLICA CÍVEL DE ICOARACI,2026-03-26 15:41:49.036465-03:00,0802056-77.2026.8.14.0201,EXECUÇÃO DE TÍTULO EXTRAJUDICIAL,MARCO AURÉLIO VELLOZO GUTERRES
CÍVEL,ICOARACI,6ª DEFENSORIA PÚBLICA CÍVEL DE ICOARACI,2026-03-27 08:59:42.777451-03:00,0802045-48.2026.8.14.0201,INTERDIÇÃO/CURATELA (58),MARCO AURÉLIO VELLOZO GUTERRES
CÍVEL,ICOARACI,6ª DEFENSORIA PÚBLICA CÍVEL DE ICOARACI,2026-03-27 10:42:01.868721-03:00,0802049-85.2026.8.14.0201,INTERDIÇÃO/CURATELA (58),MARCO AURÉLIO VELLOZO GUTERRES
CÍVEL,ICOARACI,6ª DEFENSORIA PÚBLICA CÍVEL DE ICOARACI,2026-03-31 10:10:53.312265-03:00,0802207-43.2026.8.14.0201,PROCEDIMENTO COMUM CÍVEL (7),MARCO AURÉLIO VELLOZO GUTERRES
CÍVEL,ICOARACI,6ª DEFENSORIA PÚBLICA CÍVEL DE ICOARACI,2026-04-01 14:02:22.951909-03:00,0802206-58.2026.8.14.0201,RETIFICAÇÃO OU SUPRIMENTO OU RESTAURAÇÃO DE REGISTRO CIVIL (1682),MARCO AURÉLIO VELLOZO GUTERRES
CÍVEL,ICOARACI,6ª DEFENSORIA PÚBLICA CÍVEL DE ICOARACI,2026-04-06 09:36:51.874897-03:00,0802273-23.2026.8.14.0201,INTERDIÇÃO/CURATELA (58),MARCO AURÉLIO VELLOZO GUTERRES
CÍVEL,ICOARACI,6ª DEFENSORIA PÚBLICA CÍVEL DE ICOARACI,2026-04-09 10:04:31.517931-03:00,0802745-24.2026.8.14.0201,PROCEDIMENTO COMUM CÍVEL (7),MARCO AURÉLIO VELLOZO GUTERRES
CÍVEL,ICOARACI,6ª DEFENSORIA PÚBLICA CÍVEL DE ICOARACI,2026-04-10 10:11:32.179238-03:00,0802371-08.2026.8.14.0201,RETIFICAÇÃO OU SUPRIMENTO OU RESTAURAÇÃO DE REGISTRO CIVIL (1682),MARCO AURÉLIO VELLOZO GUTERRES
CÍVEL,ICOARACI,6ª DEFENSORIA PÚBLICA CÍVEL DE ICOARACI,2026-04-14 07:37:02.446558-03:00,0802644-84.2026.8.14.0201,RETIFICAÇÃO OU SUPRIMENTO OU RESTAURAÇÃO DE REGISTRO CIVIL (1682),MARCO AURÉLIO VELLOZO GUTERRES
CÍVEL,ICOARACI,6ª DEFENSORIA PÚBLICA CÍVEL DE ICOARACI,2026-04-14 11:40:09.544118-03:00,0802645-69.2026.8.14.0201,RETIFICAÇÃO OU SUPRIMENTO OU RESTAURAÇÃO DE REGISTRO CIVIL (1682),MARCO AURÉLIO VELLOZO GUTERRES
CÍVEL,ICOARACI,6ª DEFENSORIA PÚBLICA CÍVEL DE ICOARACI,2026-04-15 12:42:05.294219-03:00,0802649-09.2026.8.14.0201,INTERDIÇÃO/CURATELA (58),MARCO AURÉLIO VELLOZO GUTERRES
CÍVEL,ICOARACI,6ª DEFENSORIA PÚBLICA CÍVEL DE ICOARACI,2026-04-15 12:54:50.961885-03:00,0802508-87.2026.8.14.0201,RETIFICAÇÃO OU SUPRIMENTO OU RESTAURAÇÃO DE REGISTRO CIVIL (1682),MARCO AURÉLIO VELLOZO GUTERRES
CÍVEL,ICOARACI,6ª DEFENSORIA PÚBLICA CÍVEL DE ICOARACI,2026-04-16 23:30:04.259858-03:00,0802826-70.2026.8.14.0201,PROCEDIMENTO COMUM CÍVEL (7),MARCO AURÉLIO VELLOZO GUTERRES
CÍVEL,ICOARACI,6ª DEFENSORIA PÚBLICA CÍVEL DE ICOARACI,2026-04-17 08:36:52.972202-03:00,0803294-34.2026.8.14.0201,INVENTÁRIO (39),MARCO AURÉLIO VELLOZO GUTERRES
CÍVEL,ICOARACI,6ª DEFENSORIA PÚBLICA CÍVEL DE ICOARACI,2026-04-17 09:52:45.998591-03:00,0802598-95.2026.8.14.0201,EMBARGOS À EXECUÇÃO (172),MARCO AURÉLIO VELLOZO GUTERRES
CÍVEL,ICOARACI,6ª DEFENSORIA PÚBLICA CÍVEL DE ICOARACI,2026-04-17 10:25:47.020839-03:00,0802647-39.2026.8.14.0201,PROCEDIMENTO COMUM CÍVEL (7),MARCO AURÉLIO VELLOZO GUTERRES
CÍVEL,ICOARACI,6ª DEFENSORIA PÚBLICA CÍVEL DE ICOARACI,2026-04-17 10:40:09.044586-03:00,0802648-24.2026.8.14.0201,INVENTÁRIO (39),MARCO AURÉLIO VELLOZO GUTERRES
CÍVEL,ICOARACI,6ª DEFENSORIA PÚBLICA CÍVEL DE ICOARACI,2026-04-17 11:13:29.625156-03:00,0802650-91.2026.8.14.0201,ALVARÁ JUDICIAL - LEI 6858/80 (74),MARCO AURÉLIO VELLOZO GUTERRES
CÍVEL,ICOARACI,6ª DEFENSORIA PÚBLICA CÍVEL DE ICOARACI,2026-04-19 11:31:30.185157-03:00,0802646-54.2026.8.14.0201,RETIFICAÇÃO OU SUPRIMENTO OU RESTAURAÇÃO DE REGISTRO CIVIL (1682),MARCO AURÉLIO VELLOZO GUTERRES
CÍVEL,ICOARACI,6ª DEFENSORIA PÚBLICA CÍVEL DE ICOARACI,2026-04-20 10:04:38.037078-03:00,0803185-20.2026.8.14.0201,PROCEDIMENTO COMUM CÍVEL (7),MARCO AURÉLIO VELLOZO GUTERRES
CÍVEL,ICOARACI,6ª DEFENSORIA PÚBLICA CÍVEL DE ICOARACI,2026-04-20 11:06:49.291027-03:00,0802784-21.2026.8.14.0201,PROCEDIMENTO COMUM CÍVEL (7),MARCO AURÉLIO VELLOZO GUTERRES
CÍVEL,ICOARACI,6ª DEFENSORIA PÚBLICA CÍVEL DE ICOARACI,2026-04-22 01:05:49.963771-03:00,0803186-05.2026.8.14.0201,PROCEDIMENTO COMUM CÍVEL (7),MARCO AURÉLIO VELLOZO GUTERRES
CÍVEL,ICOARACI,6ª DEFENSORIA PÚBLICA CÍVEL DE ICOARACI,2026-04-23 12:37:59.655693-03:00,0802959-15.2026.8.14.0201,PROCEDIMENTO COMUM CÍVEL (7),MARCO AURÉLIO VELLOZO GUTERRES
CÍVEL,ICOARACI,6ª DEFENSORIA PÚBLICA CÍVEL DE ICOARACI,2026-04-24 15:17:16.562201-03:00,0802846-61.2026.8.14.0201,PROCEDIMENTO COMUM CÍVEL (7),MARCO AURÉLIO VELLOZO GUTERRES
CÍVEL,ICOARACI,6ª DEFENSORIA PÚBLICA CÍVEL DE ICOARACI,2026-04-27 00:40:11.096427-03:00,0802845-76.2026.8.14.0201,PROCEDIMENTO COMUM CÍVEL (7),MARCO AURÉLIO VELLOZO GUTERRES
CÍVEL,ICOARACI,6ª DEFENSORIA PÚBLICA CÍVEL DE ICOARACI,2026-04-27 01:26:26.745043-03:00,0802943-61.2026.8.14.0201,PROCEDIMENTO COMUM CÍVEL (7),MARCO AURÉLIO VELLOZO GUTERRES
CÍVEL,ICOARACI,6ª DEFENSORIA PÚBLICA CÍVEL DE ICOARACI,2026-04-27 11:15:55.909503-03:00,0802911-56.2026.8.14.0201,PROCEDIMENTO COMUM CÍVEL (7),MARCO AURÉLIO VELLOZO GUTERRES
CÍVEL,ICOARACI,6ª DEFENSORIA PÚBLICA CÍVEL DE ICOARACI,2026-04-28 12:05:54.774772-03:00,0803585-34.2026.8.14.0201,PROCEDIMENTO COMUM CÍVEL (7),CLARICE DOS SANTOS OTONI
CÍVEL,ICOARACI,6ª DEFENSORIA PÚBLICA CÍVEL DE ICOARACI,2026-04-30 11:35:03.315179-03:00,0803021-55.2026.8.14.0201,PROCEDIMENTO COMUM CÍVEL (7),MARCO AURÉLIO VELLOZO GUTERRES
CÍVEL,ICOARACI,6ª DEFENSORIA PÚBLICA CÍVEL DE ICOARACI,2026-05-03 10:34:12.407749-03:00,0803130-69.2026.8.14.0201,RETIFICAÇÃO OU SUPRIMENTO OU RESTAURAÇÃO DE REGISTRO CIVIL (1682),MARCO AURÉLIO VELLOZO GUTERRES
CÍVEL,ICOARACI,6ª DEFENSORIA PÚBLICA CÍVEL DE ICOARACI,2026-05-03 16:15:08.202187-03:00,0803131-54.2026.8.14.0201,INTERDIÇÃO/CURATELA (58),MARCO AURÉLIO VELLOZO GUTERRES
CÍVEL,ICOARACI,6ª DEFENSORIA PÚBLICA CÍVEL DE ICOARACI,2026-05-04 10:02:14.948022-03:00,0803110-78.2026.8.14.0201,PROCEDIMENTO COMUM CÍVEL (7),CLARICE DOS SANTOS OTONI
CÍVEL,ICOARACI,6ª DEFENSORIA PÚBLICA CÍVEL DE ICOARACI,2026-05-04 23:18:50.556879-03:00,0803169-66.2026.8.14.0201,PROCEDIMENTO COMUM CÍVEL (7),MARCO AURÉLIO VELLOZO GUTERRES
CÍVEL,ICOARACI,6ª DEFENSORIA PÚBLICA CÍVEL DE ICOARACI,2026-05-05 10:45:32.341238-03:00,0803184-35.2026.8.14.0201,RETIFICAÇÃO OU SUPRIMENTO OU RESTAURAÇÃO DE REGISTRO CIVIL (1682),MARCO AURÉLIO VELLOZO GUTERRES
CÍVEL,ICOARACI,6ª DEFENSORIA PÚBLICA CÍVEL DE ICOARACI,2026-05-05 11:41:33.094603-03:00,0803183-50.2026.8.14.0201,PROCEDIMENTO COMUM CÍVEL (7),MARCO AURÉLIO VELLOZO GUTERRES
CÍVEL,ICOARACI,6ª DEFENSORIA PÚBLICA CÍVEL DE ICOARACI,2026-05-06 17:12:04.850315-03:00,0803293-49.2026.8.14.0201,DIVÓRCIO LITIGIOSO (12541),MARCO AURÉLIO VELLOZO GUTERRES
CÍVEL,ICOARACI,6ª DEFENSORIA PÚBLICA CÍVEL DE ICOARACI,2026-05-06 17:23:02.086654-03:00,0803292-64.2026.8.14.0201,RETIFICAÇÃO OU SUPRIMENTO OU RESTAURAÇÃO DE REGISTRO CIVIL (1682),MARCO AURÉLIO VELLOZO GUTERRES
CÍVEL,ICOARACI,6ª DEFENSORIA PÚBLICA CÍVEL DE ICOARACI,2026-05-07 08:38:05.988213-03:00,0803291-79.2026.8.14.0201,RETIFICAÇÃO OU SUPRIMENTO OU RESTAURAÇÃO DE REGISTRO CIVIL (1682),MARCO AURÉLIO VELLOZO GUTERRES
CÍVEL,ICOARACI,6ª DEFENSORIA PÚBLICA CÍVEL DE ICOARACI,2026-05-07 09:51:17.362895-03:00,0803301-26.2026.8.14.0201,RETIFICAÇÃO OU SUPRIMENTO OU RESTAURAÇÃO DE REGISTRO CIVIL (1682),MARCO AURÉLIO VELLOZO GUTERRES
CÍVEL,ICOARACI,6ª DEFENSORIA PÚBLICA CÍVEL DE ICOARACI,2026-05-07 09:54:28.700329-03:00,0803302-11.2026.8.14.0201,RETIFICAÇÃO OU SUPRIMENTO OU RESTAURAÇÃO DE REGISTRO CIVIL (1682),MARCO AURÉLIO VELLOZO GUTERRES
CÍVEL,ICOARACI,6ª DEFENSORIA PÚBLICA CÍVEL DE ICOARACI,2026-05-07 10:53:08.323004-03:00,0803300-41.2026.8.14.0201,RETIFICAÇÃO OU SUPRIMENTO OU RESTAURAÇÃO DE REGISTRO CIVIL (1682),MARCO AURÉLIO VELLOZO GUTERRES
CÍVEL,ICOARACI,6ª DEFENSORIA PÚBLICA CÍVEL DE ICOARACI,2026-05-09 11:40:35.571917-03:00,0801255-85.2026.8.14.0097,DIVÓRCIO CONSENSUAL (12372),CLARICE DOS SANTOS OTONI
CÍVEL,ICOARACI,6ª DEFENSORIA PÚBLICA CÍVEL DE ICOARACI,2026-05-19 09:28:31.733258-03:00,0803706-62.2026.8.14.0201,PROCEDIMENTO COMUM CÍVEL (7),MARCO AURÉLIO VELLOZO GUTERRES
CÍVEL,ICOARACI,6ª DEFENSORIA PÚBLICA CÍVEL DE ICOARACI,2026-05-21 10:43:59.701678-03:00,0803755-06.2026.8.14.0201,PROCEDIMENTO COMUM CÍVEL (7),MARCO AURÉLIO VELLOZO GUTERRES
CÍVEL,ICOARACI,6ª DEFENSORIA PÚBLICA CÍVEL DE ICOARACI,2026-05-21 11:16:37.438542-03:00,0803927-45.2026.8.14.0201,PROCEDIMENTO COMUM CÍVEL (7),MARCO AURÉLIO VELLOZO GUTERRES
CÍVEL,ICOARACI,6ª DEFENSORIA PÚBLICA CÍVEL DE ICOARACI,2026-05-22 09:33:01.981622-03:00,0803789-78.2026.8.14.0201,RETIFICAÇÃO OU SUPRIMENTO OU RESTAURAÇÃO DE REGISTRO CIVIL (1682),MARCO AURÉLIO VELLOZO GUTERRES
CÍVEL,ICOARACI,6ª DEFENSORIA PÚBLICA CÍVEL DE ICOARACI,2026-05-22 10:34:10.257549-03:00,0803836-52.2026.8.14.0201,INTERDIÇÃO/CURATELA (58),MARCO AURÉLIO VELLOZO GUTERRES
CÍVEL,ICOARACI,6ª DEFENSORIA PÚBLICA CÍVEL DE ICOARACI,2026-05-25 11:44:08.380917-03:00,0803837-37.2026.8.14.0201,PROCEDIMENTO COMUM CÍVEL (7),MARCO AURÉLIO VELLOZO GUTERRES
CÍVEL,ICOARACI,6ª DEFENSORIA PÚBLICA CÍVEL DE ICOARACI,2026-05-26 10:13:05.831707-03:00,0803909-24.2026.8.14.0201,PROCEDIMENTO COMUM CÍVEL (7),MARCO AURÉLIO VELLOZO GUTERRES
CÍVEL,ICOARACI,6ª DEFENSORIA PÚBLICA CÍVEL DE ICOARACI,2026-05-27 08:24:56.103163-03:00,0803910-09.2026.8.14.0201,RETIFICAÇÃO OU SUPRIMENTO OU RESTAURAÇÃO DE REGISTRO CIVIL (1682),MARCO AURÉLIO VELLOZO GUTERRES
CÍVEL,ICOARACI,6ª DEFENSORIA PÚBLICA CÍVEL DE ICOARACI,2026-05-27 10:46:56.995303-03:00,0803905-84.2026.8.14.0201,REINTEGRAÇÃO / MANUTENÇÃO DE POSSE (1707),MARCO AURÉLIO VELLOZO GUTERRES
CÍVEL,ICOARACI,6ª DEFENSORIA PÚBLICA CÍVEL DE ICOARACI,2026-05-28 12:30:37.655482-03:00,0803973-34.2026.8.14.0201,INVENTÁRIO (39),MARCO AURÉLIO VELLOZO GUTERRES
CÍVEL,ICOARACI,6ª DEFENSORIA PÚBLICA CÍVEL DE ICOARACI,2026-05-29 09:20:53.737663-03:00,0803974-19.2026.8.14.0201,EMBARGOS À EXECUÇÃO (172),MARCO AURÉLIO VELLOZO GUTERRES
CÍVEL,ICOARACI,6ª DEFENSORIA PÚBLICA CÍVEL DE ICOARACI,2026-05-29 11:36:14.259070-03:00,0803970-79.2026.8.14.0201,PROCEDIMENTO COMUM CÍVEL (7),CLARICE DOS SANTOS OTONI
CÍVEL,ICOARACI,6ª DEFENSORIA PÚBLICA CÍVEL DE ICOARACI,2026-05-29 12:39:33.397099-03:00,0804030-52.2026.8.14.0201,INTERDIÇÃO/CURATELA (58),MARCO AURÉLIO VELLOZO GUTERRES
CÍVEL,ICOARACI,6ª DEFENSORIA PÚBLICA CÍVEL DE ICOARACI,2026-05-29 15:10:29.311516-03:00,0804031-37.2026.8.14.0201,RETIFICAÇÃO OU SUPRIMENTO OU RESTAURAÇÃO DE REGISTRO CIVIL (1682),MARCO AURÉLIO VELLOZO GUTERRES
CÍVEL,ICOARACI,6ª DEFENSORIA PÚBLICA CÍVEL DE ICOARACI,2026-06-01 10:51:41.656567-03:00,0804177-78.2026.8.14.0201,INVENTÁRIO (39),MARCO AURÉLIO VELLOZO GUTERRES
CÍVEL,ICOARACI,6ª DEFENSORIA PÚBLICA CÍVEL DE ICOARACI,2026-06-03 10:05:57.911065-03:00,0804100-69.2026.8.14.0201,INTERDIÇÃO/CURATELA (58),MARCO AURÉLIO VELLOZO GUTERRES
CÍVEL,ICOARACI,6ª DEFENSORIA PÚBLICA CÍVEL DE ICOARACI,2026-06-03 11:46:09.147404-03:00,0804214-08.2026.8.14.0201,RETIFICAÇÃO OU SUPRIMENTO OU RESTAURAÇÃO DE REGISTRO CIVIL (1682),MARCO AURÉLIO VELLOZO GUTERRES
CÍVEL,ICOARACI,6ª DEFENSORIA PÚBLICA CÍVEL DE ICOARACI,2026-06-03 15:46:47.463579-03:00,0804166-49.2026.8.14.0201,PROCEDIMENTO COMUM CÍVEL (7),MARCO AURÉLIO VELLOZO GUTERRES
CÍVEL,ICOARACI,6ª DEFENSORIA PÚBLICA CÍVEL DE ICOARACI,2026-06-09 11:04:40.978024-03:00,0804202-91.2026.8.14.0201,PROCEDIMENTO COMUM CÍVEL (7),MARCO AURÉLIO VELLOZO GUTERRES
CÍVEL,ICOARACI,6ª DEFENSORIA PÚBLICA CÍVEL DE ICOARACI,2026-06-12 08:29:01.889661-03:00,0804365-71.2026.8.14.0201,RETIFICAÇÃO OU SUPRIMENTO OU RESTAURAÇÃO DE REGISTRO CIVIL (1682),MARCO AURÉLIO VELLOZO GUTERRES
CÍVEL,ICOARACI,6ª DEFENSORIA PÚBLICA CÍVEL DE ICOARACI,2026-06-12 09:26:22.674847-03:00,0804366-56.2026.8.14.0201,PROCEDIMENTO COMUM CÍVEL (7),MARCO AURÉLIO VELLOZO GUTERRES
CÍVEL,ICOARACI,6ª DEFENSORIA PÚBLICA CÍVEL DE ICOARACI,2026-06-12 09:28:13.829049-03:00,0804367-41.2026.8.14.0201,RETIFICAÇÃO OU SUPRIMENTO OU RESTAURAÇÃO DE REGISTRO CIVIL (1682),MARCO AURÉLIO VELLOZO GUTERRES
CÍVEL,ICOARACI,6ª DEFENSORIA PÚBLICA CÍVEL DE ICOARACI,2026-06-13 14:51:20.340130-03:00,0860645-53.2026.8.14.0301,PROCEDIMENTO DO JUIZADO ESPECIAL DA FAZENDA PÚBLICA,MARCO AURÉLIO VELLOZO GUTERRES
CÍVEL,ICOARACI,6ª DEFENSORIA PÚBLICA CÍVEL DE ICOARACI,2026-06-18 11:40:54.186655-03:00,0804436-73.2026.8.14.0201,RETIFICAÇÃO OU SUPRIMENTO OU RESTAURAÇÃO DE REGISTRO CIVIL (1682),MARCO AURÉLIO VELLOZO GUTERRES
CÍVEL,ICOARACI,6ª DEFENSORIA PÚBLICA CÍVEL DE ICOARACI,2026-06-22 19:59:20.360215-03:00,0804590-91.2026.8.14.0201,RETIFICAÇÃO OU SUPRIMENTO OU RESTAURAÇÃO DE REGISTRO CIVIL (1682),MARCO AURÉLIO VELLOZO GUTERRES
CÍVEL,ICOARACI,6ª DEFENSORIA PÚBLICA CÍVEL DE ICOARACI,2026-06-24 11:05:01.968748-03:00,0804679-17.2026.8.14.0201,INTERDIÇÃO/CURATELA (58),MARCO AURÉLIO VELLOZO GUTERRES
CÍVEL,ICOARACI,6ª DEFENSORIA PÚBLICA CÍVEL DE ICOARACI,2026-06-30 12:10:04.014534-03:00,0804762-33.2026.8.14.0201,PROCEDIMENTO COMUM CÍVEL (7),MARCO AURÉLIO VELLOZO GUTERRES
CÍVEL,ICOARACI,6ª DEFENSORIA PÚBLICA CÍVEL DE ICOARACI,2026-06-30 12:15:02.909879-03:00,0804764-03.2026.8.14.0201,PROCEDIMENTO COMUM CÍVEL (7),MARCO AURÉLIO VELLOZO GUTERRES
CÍVEL,ICOARACI,6ª DEFENSORIA PÚBLICA CÍVEL DE ICOARACI,2026-07-09 11:21:34.199833-03:00,0805168-54.2026.8.14.0201,PROCEDIMENTO COMUM CÍVEL (7),MÁRCIO ALVES FIGUEIRA
CÍVEL,ICOARACI,6ª DEFENSORIA PÚBLICA CÍVEL DE ICOARACI,2026-07-15 09:38:49.391539-03:00,0805278-53.2026.8.14.0201,PROCEDIMENTO COMUM CÍVEL (7),MÁRCIO ALVES FIGUEIRA
CÍVEL,ICOARACI,6ª DEFENSORIA PÚBLICA CÍVEL DE ICOARACI,2026-07-16 11:43:36.087760-03:00,0805317-50.2026.8.14.0201,PETIÇÃO CÍVEL (241),MÁRCIO ALVES FIGUEIRA
CÍVEL,ICOARACI,6ª DEFENSORIA PÚBLICA CÍVEL DE ICOARACI,2026-07-23 10:35:03.317776-03:00,0805529-71.2026.8.14.0201,RETIFICAÇÃO OU SUPRIMENTO OU RESTAURAÇÃO DE REGISTRO CIVIL (1682),MARCO AURÉLIO VELLOZO GUTERRES
CÍVEL,ICOARACI,6ª DEFENSORIA PÚBLICA CÍVEL DE ICOARACI,2026-07-24 09:29:20.083762-03:00,0805546-10.2026.8.14.0201,RETIFICAÇÃO OU SUPRIMENTO OU RESTAURAÇÃO DE REGISTRO CIVIL (1682),MARCO AURÉLIO VELLOZO GUTERRES
CÍVEL,ICOARACI,6ª DEFENSORIA PÚBLICA CÍVEL DE ICOARACI,2026-07-31 12:44:03.087849-03:00,0805831-03.2026.8.14.0201,PROCEDIMENTO COMUM CÍVEL (7),MARCO AURÉLIO VELLOZO GUTERRES
CÍVEL,ICOARACI,6ª DEFENSORIA PÚBLICA CÍVEL DE ICOARACI,2026-08-04 11:04:12.660120-03:00,0806231-17.2026.8.14.0201,PROCEDIMENTO COMUM CÍVEL (7),MARCO AURÉLIO VELLOZO GUTERRES
CÍVEL,ICOARACI,6ª DEFENSORIA PÚBLICA CÍVEL DE ICOARACI,2026-08-06 09:02:15.855297-03:00,0805932-40.2026.8.14.0201,RETIFICAÇÃO OU SUPRIMENTO OU RESTAURAÇÃO DE REGISTRO CIVIL (1682),MARCO AURÉLIO VELLOZO GUTERRES
CÍVEL,ICOARACI,6ª DEFENSORIA PÚBLICA CÍVEL DE ICOARACI,2026-08-06 14:00:08.696629-03:00,0806115-11.2026.8.14.0201,PROCEDIMENTO COMUM CÍVEL (7),MARCO AURÉLIO VELLOZO GUTERRES
CÍVEL,ICOARACI,6ª DEFENSORIA PÚBLICA CÍVEL DE ICOARACI,2026-08-11 10:22:50.590119-03:00,0806135-02.2026.8.14.0201,RETIFICAÇÃO OU SUPRIMENTO OU RESTAURAÇÃO DE REGISTRO CIVIL (1682),MARCO AURÉLIO VELLOZO GUTERRES
CÍVEL,ICOARACI,6ª DEFENSORIA PÚBLICA CÍVEL DE ICOARACI,2026-08-11 11:00:46.806822-03:00,0806134-17.2026.8.14.0201,OUTROS PROCEDIMENTOS DE JURISDIÇÃO VOLUNTÁRIA (1294),MARCO AURÉLIO VELLOZO GUTERRES
CÍVEL,ICOARACI,6ª DEFENSORIA PÚBLICA CÍVEL DE ICOARACI,2026-08-11 15:21:34.308474-03:00,0806509-18.2026.8.14.0201,PROCEDIMENTO COMUM CÍVEL (7),MARCO AURÉLIO VELLOZO GUTERRES
CÍVEL,ICOARACI,6ª DEFENSORIA PÚBLICA CÍVEL DE ICOARACI,2026-08-12 10:27:37.681501-03:00,0806239-91.2026.8.14.0201,PROCEDIMENTO COMUM CÍVEL (7),MARCO AURÉLIO VELLOZO GUTERRES
CÍVEL,ICOARACI,6ª DEFENSORIA PÚBLICA CÍVEL DE ICOARACI,2026-08-13 11:10:18.725733-03:00,0806240-76.2026.8.14.0201,OUTROS PROCEDIMENTOS DE JURISDIÇÃO VOLUNTÁRIA (1294),MARCO AURÉLIO VELLOZO GUTERRES
CÍVEL,ICOARACI,6ª DEFENSORIA PÚBLICA CÍVEL DE ICOARACI,2026-08-17 12:34:33.916409-03:00,0806308-26.2026.8.14.0201,PROCEDIMENTO COMUM CÍVEL (7),MARCO AURÉLIO VELLOZO GUTERRES
CÍVEL,ICOARACI,6ª DEFENSORIA PÚBLICA CÍVEL DE ICOARACI,2026-08-18 11:45:59.102046-03:00,0806321-25.2026.8.14.0201,INTERDIÇÃO/CURATELA (58),MARCO AURÉLIO VELLOZO GUTERRES
CÍVEL,ICOARACI,6ª DEFENSORIA PÚBLICA CÍVEL DE ICOARACI,2026-08-20 09:43:03.522139-03:00,0806548-15.2026.8.14.0201,PROCEDIMENTO COMUM CÍVEL (7),MARCO AURÉLIO VELLOZO GUTERRES
CÍVEL,ICOARACI,6ª DEFENSORIA PÚBLICA CÍVEL DE ICOARACI,2026-08-20 10:47:24.529777-03:00,0806419-10.2026.8.14.0201,INTERDIÇÃO/CURATELA (58),MARCO AURÉLIO VELLOZO GUTERRES
CÍVEL,ICOARACI,6ª DEFENSORIA PÚBLICA CÍVEL DE ICOARACI,2026-08-24 08:45:29.910278-03:00,0806662-51.2026.8.14.0201,RETIFICAÇÃO OU SUPRIMENTO OU RESTAURAÇÃO DE REGISTRO CIVIL (1682),MARCO AURÉLIO VELLOZO GUTERRES
CÍVEL,ICOARACI,6ª DEFENSORIA PÚBLICA CÍVEL DE ICOARACI,2026-08-25 08:12:45.634152-03:00,0806560-29.2026.8.14.0201,RETIFICAÇÃO OU SUPRIMENTO OU RESTAURAÇÃO DE REGISTRO CIVIL (1682),MARCO AURÉLIO VELLOZO GUTERRES
CÍVEL,ICOARACI,6ª DEFENSORIA PÚBLICA CÍVEL DE ICOARACI,2026-08-27 18:19:21.935393-03:00,0806654-74.2026.8.14.0201,EXECUÇÃO DE TÍTULO EXTRAJUDICIAL,MARCO AURÉLIO VELLOZO GUTERRES
CÍVEL,ICOARACI,6ª DEFENSORIA PÚBLICA CÍVEL DE ICOARACI,2026-08-28 11:19:05.938195-03:00,0806661-66.2026.8.14.0201,RETIFICAÇÃO OU SUPRIMENTO OU RESTAURAÇÃO DE REGISTRO CIVIL (1682),MARCO AURÉLIO VELLOZO GUTERRES
CÍVEL,ICOARACI,6ª DEFENSORIA PÚBLICA CÍVEL DE ICOARACI,2026-08-31 09:41:07.030669-03:00,0806729-16.2026.8.14.0201,INTERDIÇÃO/CURATELA (58),MARCO AURÉLIO VELLOZO GUTERRES
CÍVEL,ICOARACI,6ª DEFENSORIA PÚBLICA CÍVEL DE ICOARACI,2026-08-31 10:20:27.552254-03:00,0806730-98.2026.8.14.0201,INVENTÁRIO (39),MARCO AURÉLIO VELLOZO GUTERRES
CÍVEL,ICOARACI,6ª DEFENSORIA PÚBLICA CÍVEL DE ICOARACI,2026-09-03 08:46:46.103224-03:00,0806828-83.2026.8.14.0201,RETIFICAÇÃO OU SUPRIMENTO OU RESTAURAÇÃO DE REGISTRO CIVIL (1682),MARCO AURÉLIO VELLOZO GUTERRES
CÍVEL,ICOARACI,6ª DEFENSORIA PÚBLICA CÍVEL DE ICOARACI,2026-09-03 10:03:13.886043-03:00,0806836-60.2026.8.14.0201,INVENTÁRIO (39),MARCO AURÉLIO VELLOZO GUTERRES
CÍVEL,ICOARACI,6ª DEFENSORIA PÚBLICA CÍVEL DE ICOARACI,2026-09-03 10:29:34.340026-03:00,0806835-75.2026.8.14.0201,RETIFICAÇÃO OU SUPRIMENTO OU RESTAURAÇÃO DE REGISTRO CIVIL (1682),MARCO AURÉLIO VELLOZO GUTERRES
CÍVEL,ICOARACI,6ª DEFENSORIA PÚBLICA CÍVEL DE ICOARACI,2026-09-03 10:36:46.578633-03:00,0806856-51.2026.8.14.0201,RETIFICAÇÃO OU SUPRIMENTO OU RESTAURAÇÃO DE REGISTRO CIVIL (1682),MARCO AURÉLIO VELLOZO GUTERRES
CÍVEL,ICOARACI,6ª DEFENSORIA PÚBLICA CÍVEL DE ICOARACI,2026-09-04 08:40:10.504134-03:00,0806855-66.2026.8.14.0201,EXECUÇÃO DE TÍTULO EXTRAJUDICIAL,MARCO AURÉLIO VELLOZO GUTERRES
CÍVEL,ICOARACI,6ª DEFENSORIA PÚBLICA CÍVEL DE ICOARACI,2026-09-04 08:53:18.829255-03:00,0806864-28.2026.8.14.0201,EXECUÇÃO DE TÍTULO EXTRAJUDICIAL,MARCO AURÉLIO VELLOZO GUTERRES
CÍVEL,ICOARACI,6ª DEFENSORIA PÚBLICA CÍVEL DE ICOARACI,2026-09-04 09:16:13.817219-03:00,0806861-73.2026.8.14.0201,RETIFICAÇÃO OU SUPRIMENTO OU RESTAURAÇÃO DE REGISTRO CIVIL (1682),MARCO AURÉLIO VELLOZO GUTERRES
CÍVEL,ICOARACI,6ª DEFENSORIA PÚBLICA CÍVEL DE ICOARACI,2026-09-04 09:24:17.936980-03:00,0806871-20.2026.8.14.0201,RETIFICAÇÃO OU SUPRIMENTO OU RESTAURAÇÃO DE REGISTRO CIVIL (1682),MARCO AURÉLIO VELLOZO GUTERRES
CÍVEL,ICOARACI,6ª DEFENSORIA PÚBLICA CÍVEL DE ICOARACI,2026-09-04 09:27:36.729315-03:00,0806866-95.2026.8.14.0201,RETIFICAÇÃO OU SUPRIMENTO OU RESTAURAÇÃO DE REGISTRO CIVIL (1682),MARCO AURÉLIO VELLOZO GUTERRES
CÍVEL,ICOARACI,6ª DEFENSORIA PÚBLICA CÍVEL DE ICOARACI,2026-09-04 09:38:49.073715-03:00,0807292-10.2026.8.14.0201,RETIFICAÇÃO OU SUPRIMENTO OU RESTAURAÇÃO DE REGISTRO CIVIL (1682),MARCO AURÉLIO VELLOZO GUTERRES
CÍVEL,ICOARACI,6ª DEFENSORIA PÚBLICA CÍVEL DE ICOARACI,2026-09-04 09:47:21.850848-03:00,0806870-35.2026.8.14.0201,RETIFICAÇÃO OU SUPRIMENTO OU RESTAURAÇÃO DE REGISTRO CIVIL (1682),MARCO AURÉLIO VELLOZO GUTERRES
CÍVEL,ICOARACI,6ª DEFENSORIA PÚBLICA CÍVEL DE ICOARACI,2026-09-04 09:49:57.375050-03:00,0806867-80.2026.8.14.0201,RETIFICAÇÃO OU SUPRIMENTO OU RESTAURAÇÃO DE REGISTRO CIVIL (1682),MARCO AURÉLIO VELLOZO GUTERRES
CÍVEL,ICOARACI,6ª DEFENSORIA PÚBLICA CÍVEL DE ICOARACI,2026-09-04 09:57:20.869939-03:00,0806863-43.2026.8.14.0201,RETIFICAÇÃO OU SUPRIMENTO OU RESTAURAÇÃO DE REGISTRO CIVIL (1682),MARCO AURÉLIO VELLOZO GUTERRES
CÍVEL,ICOARACI,6ª DEFENSORIA PÚBLICA CÍVEL DE ICOARACI,2026-09-04 10:02:37.889077-03:00,0806868-65.2026.8.14.0201,RETIFICAÇÃO OU SUPRIMENTO OU RESTAURAÇÃO DE REGISTRO CIVIL (1682),MARCO AURÉLIO VELLOZO GUTERRES
CÍVEL,ICOARACI,6ª DEFENSORIA PÚBLICA CÍVEL DE ICOARACI,2026-09-04 10:07:01.969722-03:00,0806869-50.2026.8.14.0201,RETIFICAÇÃO OU SUPRIMENTO OU RESTAURAÇÃO DE REGISTRO CIVIL (1682),MARCO AURÉLIO VELLOZO GUTERRES
CÍVEL,ICOARACI,6ª DEFENSORIA PÚBLICA CÍVEL DE ICOARACI,2026-09-04 10:09:18.007662-03:00,0806876-42.2026.8.14.0201,RETIFICAÇÃO OU SUPRIMENTO OU RESTAURAÇÃO DE REGISTRO CIVIL (1682),MARCO AURÉLIO VELLOZO GUTERRES
CÍVEL,ICOARACI,6ª DEFENSORIA PÚBLICA CÍVEL DE ICOARACI,2026-09-04 10:27:36.398735-03:00,0806875-57.2026.8.14.0201,RETIFICAÇÃO OU SUPRIMENTO OU RESTAURAÇÃO DE REGISTRO CIVIL (1682),MARCO AURÉLIO VELLOZO GUTERRES
CÍVEL,ICOARACI,6ª DEFENSORIA PÚBLICA CÍVEL DE ICOARACI,2026-09-04 13:02:24.555081-03:00,0806990-78.2026.8.14.0201,PROCEDIMENTO COMUM CÍVEL (7),MARCO AURÉLIO VELLOZO GUTERRES
CÍVEL,ICOARACI,6ª DEFENSORIA PÚBLICA CÍVEL DE ICOARACI,2026-09-08 10:48:44.490911-03:00,0807022-83.2026.8.14.0201,PROCEDIMENTO COMUM CÍVEL (7),MARCO AURÉLIO VELLOZO GUTERRES
CÍVEL,ICOARACI,6ª DEFENSORIA PÚBLICA CÍVEL DE ICOARACI,2026-09-08 12:02:45.118825-03:00,0806996-85.2026.8.14.0201,RETIFICAÇÃO OU SUPRIMENTO OU RESTAURAÇÃO DE REGISTRO CIVIL (1682),MARCO AURÉLIO VELLOZO GUTERRES
CÍVEL,ICOARACI,6ª DEFENSORIA PÚBLICA CÍVEL DE ICOARACI,2026-09-09 09:55:01.997051-03:00,0807023-68.2026.8.14.0201,PROCEDIMENTO COMUM CÍVEL (7),MARCO AURÉLIO VELLOZO GUTERRES
CÍVEL,ICOARACI,6ª DEFENSORIA PÚBLICA CÍVEL DE ICOARACI,2026-09-11 09:03:02.508147-03:00,0807169-12.2026.8.14.0201,RETIFICAÇÃO OU SUPRIMENTO OU RESTAURAÇÃO DE REGISTRO CIVIL (1682),MARCO AURÉLIO VELLOZO GUTERRES
CÍVEL,ICOARACI,6ª DEFENSORIA PÚBLICA CÍVEL DE ICOARACI,2026-09-11 09:26:36.764930-03:00,0807167-42.2026.8.14.0201,OUTROS PROCEDIMENTOS DE JURISDIÇÃO VOLUNTÁRIA (1294),MARCO AURÉLIO VELLOZO GUTERRES
CÍVEL,ICOARACI,6ª DEFENSORIA PÚBLICA CÍVEL DE ICOARACI,2026-09-11 10:10:24.187990-03:00,0807170-94.2026.8.14.0201,OUTROS PROCEDIMENTOS DE JURISDIÇÃO VOLUNTÁRIA (1294),MARCO AURÉLIO VELLOZO GUTERRES
CÍVEL,ICOARACI,6ª DEFENSORIA PÚBLICA CÍVEL DE ICOARACI,2026-09-11 10:56:29.025209-03:00,0807163-05.2026.8.14.0201,OUTROS PROCEDIMENTOS DE JURISDIÇÃO VOLUNTÁRIA (1294),MARCO AURÉLIO VELLOZO GUTERRES
CÍVEL,ICOARACI,6ª DEFENSORIA PÚBLICA CÍVEL DE ICOARACI,2026-09-11 12:17:06.195640-03:00,0807171-79.2026.8.14.0201,RETIFICAÇÃO OU SUPRIMENTO OU RESTAURAÇÃO DE REGISTRO CIVIL (1682),MARCO AURÉLIO VELLOZO GUTERRES
CÍVEL,ICOARACI,6ª DEFENSORIA PÚBLICA CÍVEL DE ICOARACI,2026-09-11 12:20:16.510214-03:00,0807162-20.2026.8.14.0201,OUTROS PROCEDIMENTOS DE JURISDIÇÃO VOLUNTÁRIA (1294),MARCO AURÉLIO VELLOZO GUTERRES
CÍVEL,ICOARACI,6ª DEFENSORIA PÚBLICA CÍVEL DE ICOARACI,2026-09-11 12:44:07.065195-03:00,0807165-72.2026.8.14.0201,OUTROS PROCEDIMENTOS DE JURISDIÇÃO VOLUNTÁRIA (1294),MARCO AURÉLIO VELLOZO GUTERRES
CÍVEL,ICOARACI,6ª DEFENSORIA PÚBLICA CÍVEL DE ICOARACI,2026-09-11 12:48:21.839204-03:00,0807166-57.2026.8.14.0201,OUTROS PROCEDIMENTOS DE JURISDIÇÃO VOLUNTÁRIA (1294),MARCO AURÉLIO VELLOZO GUTERRES
CÍVEL,ICOARACI,6ª DEFENSORIA PÚBLICA CÍVEL DE ICOARACI,2026-09-11 13:02:15.528587-03:00,0807168-27.2026.8.14.0201,OUTROS PROCEDIMENTOS DE JURISDIÇÃO VOLUNTÁRIA (1294),MARCO AURÉLIO VELLOZO GUTERRES
CÍVEL,ICOARACI,6ª DEFENSORIA PÚBLICA CÍVEL DE ICOARACI,2026-09-11 13:26:36.701211-03:00,0807164-87.2026.8.14.0201,OUTROS PROCEDIMENTOS DE JURISDIÇÃO VOLUNTÁRIA (1294),MARCO AURÉLIO VELLOZO GUTERRES
CÍVEL,ICOARACI,6ª DEFENSORIA PÚBLICA CÍVEL DE ICOARACI,2026-09-14 11:11:57.528666-03:00,0807188-18.2026.8.14.0201,RETIFICAÇÃO OU SUPRIMENTO OU RESTAURAÇÃO DE REGISTRO CIVIL (1682),MARCO AURÉLIO VELLOZO GUTERRES
CÍVEL,ICOARACI,6ª DEFENSORIA PÚBLICA CÍVEL DE ICOARACI,2026-09-14 12:44:32.374567-03:00,0807201-17.2026.8.14.0201,EXECUÇÃO DE TÍTULO EXTRAJUDICIAL,MARCO AURÉLIO VELLOZO GUTERRES
CÍVEL,ICOARACI,6ª DEFENSORIA PÚBLICA CÍVEL DE ICOARACI,2026-09-15 09:50:19.935359-03:00,0807217-68.2026.8.14.0201,PROCEDIMENTO COMUM CÍVEL (7),MARCO AURÉLIO VELLOZO GUTERRES
CÍVEL,ICOARACI,6ª DEFENSORIA PÚBLICA CÍVEL DE ICOARACI,2026-09-15 11:34:06.654131-03:00,0807218-53.2026.8.14.0201,PROCEDIMENTO COMUM CÍVEL (7),MARCO AURÉLIO VELLOZO GUTERRES
CÍVEL,ICOARACI,6ª DEFENSORIA PÚBLICA CÍVEL DE ICOARACI,2026-09-17 09:06:23.525249-03:00,0807286-03.2026.8.14.0201,RETIFICAÇÃO OU SUPRIMENTO OU RESTAURAÇÃO DE REGISTRO CIVIL (1682),MARCO AURÉLIO VELLOZO GUTERRES
CÍVEL,ICOARACI,6ª DEFENSORIA PÚBLICA CÍVEL DE ICOARACI,2026-09-17 09:08:53.428903-03:00,0807287-85.2026.8.14.0201,RETIFICAÇÃO OU SUPRIMENTO OU RESTAURAÇÃO DE REGISTRO CIVIL (1682),MARCO AURÉLIO VELLOZO GUTERRES
CÍVEL,ICOARACI,6ª DEFENSORIA PÚBLICA CÍVEL DE ICOARACI,2026-09-17 09:10:48.199099-03:00,0807288-70.2026.8.14.0201,RETIFICAÇÃO OU SUPRIMENTO OU RESTAURAÇÃO DE REGISTRO CIVIL (1682),MARCO AURÉLIO VELLOZO GUTERRES
CÍVEL,ICOARACI,6ª DEFENSORIA PÚBLICA CÍVEL DE ICOARACI,2026-09-17 09:33:48.673535-03:00,0807291-25.2026.8.14.0201,INTERDIÇÃO/CURATELA (58),MARCO AURÉLIO VELLOZO GUTERRES
CÍVEL,ICOARACI,6ª DEFENSORIA PÚBLICA CÍVEL DE ICOARACI,2026-09-17 09:45:20.723289-03:00,0807293-92.2026.8.14.0201,RETIFICAÇÃO OU SUPRIMENTO OU RESTAURAÇÃO DE REGISTRO CIVIL (1682),MARCO AURÉLIO VELLOZO GUTERRES
CÍVEL,ICOARACI,6ª DEFENSORIA PÚBLICA CÍVEL DE ICOARACI,2026-09-18 09:07:06.171288-03:00,0807353-65.2026.8.14.0201,RETIFICAÇÃO OU SUPRIMENTO OU RESTAURAÇÃO DE REGISTRO CIVIL (1682),MARCO AURÉLIO VELLOZO GUTERRES
CÍVEL,ICOARACI,6ª DEFENSORIA PÚBLICA CÍVEL DE ICOARACI,2026-09-18 09:46:23.150234-03:00,0807352-80.2026.8.14.0201,RETIFICAÇÃO OU SUPRIMENTO OU RESTAURAÇÃO DE REGISTRO CIVIL (1682),MARCO AURÉLIO VELLOZO GUTERRES
CÍVEL,ICOARACI,6ª DEFENSORIA PÚBLICA CÍVEL DE ICOARACI,2026-09-18 09:56:44.696090-03:00,0807355-35.2026.8.14.0201,RETIFICAÇÃO OU SUPRIMENTO OU RESTAURAÇÃO DE REGISTRO CIVIL (1682),MARCO AURÉLIO VELLOZO GUTERRES
CÍVEL,ICOARACI,6ª DEFENSORIA PÚBLICA CÍVEL DE ICOARACI,2026-09-18 10:07:47.451463-03:00,0807356-20.2026.8.14.0201,RETIFICAÇÃO OU SUPRIMENTO OU RESTAURAÇÃO DE REGISTRO CIVIL (1682),MARCO AURÉLIO VELLOZO GUTERRES
CÍVEL,ICOARACI,6ª DEFENSORIA PÚBLICA CÍVEL DE ICOARACI,2026-09-18 10:31:57.426009-03:00,0807354-50.2026.8.14.0201,RETIFICAÇÃO OU SUPRIMENTO OU RESTAURAÇÃO DE REGISTRO CIVIL (1682),MARCO AURÉLIO VELLOZO GUTERRES
CÍVEL,ICOARACI,6ª DEFENSORIA PÚBLICA CÍVEL DE ICOARACI,2026-09-21 11:05:33.308336-03:00,0807437-66.2026.8.14.0201,INTERDIÇÃO/CURATELA (58),MARCO AURÉLIO VELLOZO GUTERRES
CÍVEL,ICOARACI,6ª DEFENSORIA PÚBLICA CÍVEL DE ICOARACI,2026-09-22 09:14:10.279455-03:00,0807508-68.2026.8.14.0201,PROCEDIMENTO COMUM CÍVEL (7),MARCO AURÉLIO VELLOZO GUTERRES
CÍVEL,ICOARACI,7ª DEFENSORIA PÚBLICA CÍVEL DE ICOARACI,2026-01-20 12:37:17.167869-03:00,0800337-60.2026.8.14.0201,EMBARGOS À EXECUÇÃO (172),MARCO AURÉLIO VELLOZO GUTERRES
CÍVEL,ICOARACI,7ª DEFENSORIA PÚBLICA CÍVEL DE ICOARACI,2026-01-21 09:02:54.943432-03:00,0800699-62.2026.8.14.0201,PROCEDIMENTO COMUM CÍVEL (7),MARCO AURÉLIO VELLOZO GUTERRES
CÍVEL,ICOARACI,7ª DEFENSORIA PÚBLICA CÍVEL DE ICOARACI,2026-02-05 08:59:39.470668-03:00,0800714-31.2026.8.14.0201,INVENTÁRIO (39),CLARICE DOS SANTOS OTONI
CÍVEL,ICOARACI,7ª DEFENSORIA PÚBLICA CÍVEL DE ICOARACI,2026-02-06 08:53:12.985555-03:00,0800720-38.2026.8.14.0201,EMBARGOS À EXECUÇÃO (172),CLARICE DOS SANTOS OTONI
CÍVEL,ICOARACI,7ª DEFENSORIA PÚBLICA CÍVEL DE ICOARACI,2026-02-12 11:55:22.497472-03:00,0800891-92.2026.8.14.0201,RETIFICAÇÃO OU SUPRIMENTO OU RESTAURAÇÃO DE REGISTRO CIVIL (1682),CLARICE DOS SANTOS OTONI
CÍVEL,ICOARACI,7ª DEFENSORIA PÚBLICA CÍVEL DE ICOARACI,2026-02-24 11:02:22.819152-03:00,0801108-38.2026.8.14.0201,DIVÓRCIO CONSENSUAL (12372),CLARICE DOS SANTOS OTONI
CÍVEL,ICOARACI,7ª DEFENSORIA PÚBLICA CÍVEL DE ICOARACI,2026-02-27 09:31:36.562878-03:00,0801198-46.2026.8.14.0201,PROCEDIMENTO COMUM CÍVEL (7),CLARICE DOS SANTOS OTONI
CÍVEL,ICOARACI,7ª DEFENSORIA PÚBLICA CÍVEL DE ICOARACI,2026-03-02 10:30:14.386828-03:00,0801200-16.2026.8.14.0201,OUTROS PROCEDIMENTOS DE JURISDIÇÃO VOLUNTÁRIA (1294),CLARICE DOS SANTOS OTONI
CÍVEL,ICOARACI,7ª DEFENSORIA PÚBLICA CÍVEL DE ICOARACI,2026-03-02 10:33:10.084542-03:00,0801201-98.2026.8.14.0201,RETIFICAÇÃO OU SUPRIMENTO OU RESTAURAÇÃO DE REGISTRO CIVIL (1682),CLARICE DOS SANTOS OTONI
CÍVEL,ICOARACI,7ª DEFENSORIA PÚBLICA CÍVEL DE ICOARACI,2026-03-03 09:36:50.599093-03:00,0801214-97.2026.8.14.0201,PROCEDIMENTO COMUM CÍVEL (7),CLARICE DOS SANTOS OTONI
CÍVEL,ICOARACI,7ª DEFENSORIA PÚBLICA CÍVEL DE ICOARACI,2026-03-03 13:30:10.398118-03:00,0801226-14.2026.8.14.0201,PROCEDIMENTO COMUM CÍVEL (7),CLARICE DOS SANTOS OTONI
CÍVEL,ICOARACI,7ª DEFENSORIA PÚBLICA CÍVEL DE ICOARACI,2026-03-06 08:19:53.502316-03:00,0801462-63.2026.8.14.0201,PROCEDIMENTO COMUM CÍVEL (7),CLARICE DOS SANTOS OTONI
CÍVEL,ICOARACI,7ª DEFENSORIA PÚBLICA CÍVEL DE ICOARACI,2026-03-11 09:45:46.087136-03:00,0801461-78.2026.8.14.0201,RETIFICAÇÃO OU SUPRIMENTO OU RESTAURAÇÃO DE REGISTRO CIVIL (1682),CLARICE DOS SANTOS OTONI
CÍVEL,ICOARACI,7ª DEFENSORIA PÚBLICA CÍVEL DE ICOARACI,2026-03-14 12:14:41.313828-03:00,0801617-66.2026.8.14.0201,ALIMENTOS - LEI ESPECIAL Nº 5.478/68 (69),MARCO AURÉLIO VELLOZO GUTERRES
CÍVEL,ICOARACI,7ª DEFENSORIA PÚBLICA CÍVEL DE ICOARACI,2026-03-27 10:12:44.606170-03:00,0802098-29.2026.8.14.0201,RETIFICAÇÃO OU SUPRIMENTO OU RESTAURAÇÃO DE REGISTRO CIVIL (1682),CLARICE DOS SANTOS OTONI
CÍVEL,ICOARACI,7ª DEFENSORIA PÚBLICA CÍVEL DE ICOARACI,2026-03-30 09:20:26.492964-03:00,0802099-14.2026.8.14.0201,RETIFICAÇÃO OU SUPRIMENTO OU RESTAURAÇÃO DE REGISTRO CIVIL (1682),CLARICE DOS SANTOS OTONI
CÍVEL,ICOARACI,7ª DEFENSORIA PÚBLICA CÍVEL DE ICOARACI,2026-03-31 09:31:10.667102-03:00,0802139-93.2026.8.14.0201,RETIFICAÇÃO OU SUPRIMENTO OU RESTAURAÇÃO DE REGISTRO CIVIL (1682),CLARICE DOS SANTOS OTONI
CÍVEL,ICOARACI,7ª DEFENSORIA PÚBLICA CÍVEL DE ICOARACI,2026-04-01 10:42:48.063982-03:00,0802167-61.2026.8.14.0201,EMBARGOS À EXECUÇÃO (172),CLARICE DOS SANTOS OTONI
CÍVEL,ICOARACI,7ª DEFENSORIA PÚBLICA CÍVEL DE ICOARACI,2026-04-01 12:26:48.643246-03:00,0802169-31.2026.8.14.0201,RETIFICAÇÃO OU SUPRIMENTO OU RESTAURAÇÃO DE REGISTRO CIVIL (1682),CLARICE DOS SANTOS OTONI
CÍVEL,ICOARACI,7ª DEFENSORIA PÚBLICA CÍVEL DE ICOARACI,2026-04-10 11:20:55.958790-03:00,0802367-68.2026.8.14.0201,RETIFICAÇÃO OU SUPRIMENTO OU RESTAURAÇÃO DE REGISTRO CIVIL (1682),CLARICE DOS SANTOS OTONI
CÍVEL,ICOARACI,7ª DEFENSORIA PÚBLICA CÍVEL DE ICOARACI,2026-04-14 07:31:17.205300-03:00,0802706-27.2026.8.14.0201,INTERDIÇÃO/CURATELA (58),CLARICE DOS SANTOS OTONI
CÍVEL,ICOARACI,7ª DEFENSORIA PÚBLICA CÍVEL DE ICOARACI,2026-04-14 07:47:31.965259-03:00,0802532-18.2026.8.14.0201,RETIFICAÇÃO OU SUPRIMENTO OU RESTAURAÇÃO DE REGISTRO CIVIL (1682),CLARICE DOS SANTOS OTONI
CÍVEL,ICOARACI,7ª DEFENSORIA PÚBLICA CÍVEL DE ICOARACI,2026-04-15 10:59:16.633985-03:00,0802498-43.2026.8.14.0201,RETIFICAÇÃO OU SUPRIMENTO OU RESTAURAÇÃO DE REGISTRO CIVIL (1682),CLARICE DOS SANTOS OTONI
CÍVEL,ICOARACI,7ª DEFENSORIA PÚBLICA CÍVEL DE ICOARACI,2026-04-22 09:08:59.564306-03:00,0802709-79.2026.8.14.0201,RETIFICAÇÃO OU SUPRIMENTO OU RESTAURAÇÃO DE REGISTRO CIVIL (1682),CLARICE DOS SANTOS OTONI
CÍVEL,ICOARACI,7ª DEFENSORIA PÚBLICA CÍVEL DE ICOARACI,2026-04-24 10:07:10.456295-03:00,0802849-16.2026.8.14.0201,PROCEDIMENTO COMUM CÍVEL (7),CLARICE DOS SANTOS OTONI
CÍVEL,ICOARACI,7ª DEFENSORIA PÚBLICA CÍVEL DE ICOARACI,2026-04-24 15:31:44.498282-03:00,0803113-33.2026.8.14.0201,PROCEDIMENTO COMUM CÍVEL (7),CLARICE DOS SANTOS OTONI
CÍVEL,ICOARACI,7ª DEFENSORIA PÚBLICA CÍVEL DE ICOARACI,2026-04-26 10:04:23.431058-03:00,0802861-30.2026.8.14.0201,RETIFICAÇÃO OU SUPRIMENTO OU RESTAURAÇÃO DE REGISTRO CIVIL (1682),CLARICE DOS SANTOS OTONI
CÍVEL,ICOARACI,7ª DEFENSORIA PÚBLICA CÍVEL DE ICOARACI,2026-05-04 11:31:48.083007-03:00,0803118-55.2026.8.14.0201,PROCEDIMENTO COMUM CÍVEL (7),CLARICE DOS SANTOS OTONI
CÍVEL,ICOARACI,7ª DEFENSORIA PÚBLICA CÍVEL DE ICOARACI,2026-05-05 00:09:51.817902-03:00,0803201-71.2026.8.14.0201,PROCEDIMENTO COMUM CÍVEL (7),CLARICE DOS SANTOS OTONI
CÍVEL,ICOARACI,7ª DEFENSORIA PÚBLICA CÍVEL DE ICOARACI,2026-05-05 10:33:45.957377-03:00,0803394-86.2026.8.14.0201,PROCEDIMENTO COMUM CÍVEL (7),CLARICE DOS SANTOS OTONI
CÍVEL,ICOARACI,7ª DEFENSORIA PÚBLICA CÍVEL DE ICOARACI,2026-05-06 11:58:40.864199-03:00,0803236-31.2026.8.14.0201,PROCEDIMENTO COMUM CÍVEL (7),CLARICE DOS SANTOS OTONI
CÍVEL,ICOARACI,7ª DEFENSORIA PÚBLICA CÍVEL DE ICOARACI,2026-05-06 18:07:46.656419-03:00,0803295-19.2026.8.14.0201,RETIFICAÇÃO OU SUPRIMENTO OU RESTAURAÇÃO DE REGISTRO CIVIL (1682),CLARICE DOS SANTOS OTONI
CÍVEL,ICOARACI,7ª DEFENSORIA PÚBLICA CÍVEL DE ICOARACI,2026-05-07 12:48:52.257980-03:00,0803367-06.2026.8.14.0201,PROCEDIMENTO COMUM CÍVEL (7),CLARICE DOS SANTOS OTONI
CÍVEL,ICOARACI,7ª DEFENSORIA PÚBLICA CÍVEL DE ICOARACI,2026-05-08 11:28:57.592232-03:00,0807807-43.2026.8.14.0040,EMBARGOS À EXECUÇÃO (172),CLARICE DOS SANTOS OTONI
CÍVEL,ICOARACI,7ª DEFENSORIA PÚBLICA CÍVEL DE ICOARACI,2026-05-08 12:08:09.072779-03:00,0803356-74.2026.8.14.0201,EMBARGOS À EXECUÇÃO (172),CLARICE DOS SANTOS OTONI
CÍVEL,ICOARACI,7ª DEFENSORIA PÚBLICA CÍVEL DE ICOARACI,2026-05-11 14:23:09.733446-03:00,0803745-59.2026.8.14.0201,PROCEDIMENTO COMUM CÍVEL (7),CLARICE DOS SANTOS OTONI
CÍVEL,ICOARACI,7ª DEFENSORIA PÚBLICA CÍVEL DE ICOARACI,2026-05-13 09:25:56.081250-03:00,0803633-90.2026.8.14.0201,PROCEDIMENTO COMUM CÍVEL (7),CLARICE DOS SANTOS OTONI
CÍVEL,ICOARACI,7ª DEFENSORIA PÚBLICA CÍVEL DE ICOARACI,2026-05-20 11:02:40.401614-03:00,0803744-74.2026.8.14.0201,PROCEDIMENTO COMUM CÍVEL (7),CLARICE DOS SANTOS OTONI
CÍVEL,ICOARACI,7ª DEFENSORIA PÚBLICA CÍVEL DE ICOARACI,2026-05-26 09:27:34.184809-03:00,0803862-50.2026.8.14.0201,PROCEDIMENTO COMUM CÍVEL (7),CLARICE DOS SANTOS OTONI
CÍVEL,ICOARACI,7ª DEFENSORIA PÚBLICA CÍVEL DE ICOARACI,2026-05-26 11:05:12.156356-03:00,0803877-19.2026.8.14.0201,INTERDIÇÃO/CURATELA (58),MÁRCIO ALVES FIGUEIRA
CÍVEL,ICOARACI,7ª DEFENSORIA PÚBLICA CÍVEL DE ICOARACI,2026-05-29 15:49:27.222865-03:00,0804013-16.2026.8.14.0201,RETIFICAÇÃO OU SUPRIMENTO OU RESTAURAÇÃO DE REGISTRO CIVIL (1682),MÁRCIO ALVES FIGUEIRA
CÍVEL,ICOARACI,7ª DEFENSORIA PÚBLICA CÍVEL DE ICOARACI,2026-06-01 12:06:02.074568-03:00,0804012-31.2026.8.14.0201,RETIFICAÇÃO OU SUPRIMENTO OU RESTAURAÇÃO DE REGISTRO CIVIL (1682),MÁRCIO ALVES FIGUEIRA
CÍVEL,ICOARACI,7ª DEFENSORIA PÚBLICA CÍVEL DE ICOARACI,2026-06-03 10:48:35.585767-03:00,0804108-46.2026.8.14.0201,DIVÓRCIO LITIGIOSO (12541),MÁRCIO ALVES FIGUEIRA
CÍVEL,ICOARACI,7ª DEFENSORIA PÚBLICA CÍVEL DE ICOARACI,2026-06-08 10:39:01.409327-03:00,0804173-41.2026.8.14.0201,ALVARÁ JUDICIAL - LEI 6858/80 (74),MÁRCIO ALVES FIGUEIRA
CÍVEL,ICOARACI,7ª DEFENSORIA PÚBLICA CÍVEL DE ICOARACI,2026-06-09 10:21:06.434662-03:00,0804206-31.2026.8.14.0201,RETIFICAÇÃO OU SUPRIMENTO OU RESTAURAÇÃO DE REGISTRO CIVIL (1682),MÁRCIO ALVES FIGUEIRA
CÍVEL,ICOARACI,7ª DEFENSORIA PÚBLICA CÍVEL DE ICOARACI,2026-06-11 12:48:03.406650-03:00,0804346-65.2026.8.14.0201,PROCEDIMENTO COMUM CÍVEL (7),MÁRCIO ALVES FIGUEIRA
CÍVEL,ICOARACI,7ª DEFENSORIA PÚBLICA CÍVEL DE ICOARACI,2026-06-15 10:07:50.733961-03:00,0804343-13.2026.8.14.0201,RETIFICAÇÃO OU SUPRIMENTO OU RESTAURAÇÃO DE REGISTRO CIVIL (1682),MÁRCIO ALVES FIGUEIRA
CÍVEL,ICOARACI,7ª DEFENSORIA PÚBLICA CÍVEL DE ICOARACI,2026-06-15 13:47:31.439388-03:00,0804347-50.2026.8.14.0201,RETIFICAÇÃO OU SUPRIMENTO OU RESTAURAÇÃO DE REGISTRO CIVIL (1682),MÁRCIO ALVES FIGUEIRA
CÍVEL,ICOARACI,7ª DEFENSORIA PÚBLICA CÍVEL DE ICOARACI,2026-06-18 08:58:04.579025-03:00,0804435-88.2026.8.14.0201,RETIFICAÇÃO OU SUPRIMENTO OU RESTAURAÇÃO DE REGISTRO CIVIL (1682),MÁRCIO ALVES FIGUEIRA
CÍVEL,ICOARACI,7ª DEFENSORIA PÚBLICA CÍVEL DE ICOARACI,2026-06-18 10:19:46.049440-03:00,0804430-66.2026.8.14.0201,RETIFICAÇÃO OU SUPRIMENTO OU RESTAURAÇÃO DE REGISTRO CIVIL (1682),MÁRCIO ALVES FIGUEIRA
CÍVEL,ICOARACI,7ª DEFENSORIA PÚBLICA CÍVEL DE ICOARACI,2026-06-18 15:17:57.811559-03:00,0804441-95.2026.8.14.0201,PROCEDIMENTO COMUM CÍVEL (7),MÁRCIO ALVES FIGUEIRA
CÍVEL,ICOARACI,7ª DEFENSORIA PÚBLICA CÍVEL DE ICOARACI,2026-06-23 09:21:35.424916-03:00,0804595-16.2026.8.14.0201,RETIFICAÇÃO OU SUPRIMENTO OU RESTAURAÇÃO DE REGISTRO CIVIL (1682),MÁRCIO ALVES FIGUEIRA
CÍVEL,ICOARACI,7ª DEFENSORIA PÚBLICA CÍVEL DE ICOARACI,2026-06-24 09:46:12.683382-03:00,0804636-80.2026.8.14.0201,RETIFICAÇÃO OU SUPRIMENTO OU RESTAURAÇÃO DE REGISTRO CIVIL (1682),MÁRCIO ALVES FIGUEIRA
CÍVEL,ICOARACI,7ª DEFENSORIA PÚBLICA CÍVEL DE ICOARACI,2026-06-25 08:19:47.468067-03:00,0804657-56.2026.8.14.0201,RETIFICAÇÃO OU SUPRIMENTO OU RESTAURAÇÃO DE REGISTRO CIVIL (1682),MÁRCIO ALVES FIGUEIRA
CÍVEL,ICOARACI,7ª DEFENSORIA PÚBLICA CÍVEL DE ICOARACI,2026-06-26 11:13:08.062310-03:00,0804683-54.2026.8.14.0201,PROCEDIMENTO COMUM CÍVEL (7),MÁRCIO ALVES FIGUEIRA
CÍVEL,ICOARACI,7ª DEFENSORIA PÚBLICA CÍVEL DE ICOARACI,2026-07-01 12:06:27.049139-03:00,0804867-10.2026.8.14.0201,INTERDIÇÃO/CURATELA (58),MÁRCIO ALVES FIGUEIRA
CÍVEL,ICOARACI,7ª DEFENSORIA PÚBLICA CÍVEL DE ICOARACI,2026-07-02 11:34:02.740588-03:00,0804866-25.2026.8.14.0201,RETIFICAÇÃO OU SUPRIMENTO OU RESTAURAÇÃO DE REGISTRO CIVIL (1682),MÁRCIO ALVES FIGUEIRA
CÍVEL,ICOARACI,7ª DEFENSORIA PÚBLICA CÍVEL DE ICOARACI,2026-07-07 13:37:56.391155-03:00,0804993-60.2026.8.14.0201,PROCEDIMENTO COMUM CÍVEL (7),MÁRCIO ALVES FIGUEIRA
CÍVEL,ICOARACI,7ª DEFENSORIA PÚBLICA CÍVEL DE ICOARACI,2026-07-08 10:03:37.273138-03:00,0805029-05.2026.8.14.0201,RETIFICAÇÃO OU SUPRIMENTO OU RESTAURAÇÃO DE REGISTRO CIVIL (1682),MÁRCIO ALVES FIGUEIRA
CÍVEL,ICOARACI,7ª DEFENSORIA PÚBLICA CÍVEL DE ICOARACI,2026-07-09 08:47:54.862780-03:00,0805094-97.2026.8.14.0201,RETIFICAÇÃO OU SUPRIMENTO OU RESTAURAÇÃO DE REGISTRO CIVIL (1682),MÁRCIO ALVES FIGUEIRA
CÍVEL,ICOARACI,7ª DEFENSORIA PÚBLICA CÍVEL DE ICOARACI,2026-07-09 09:30:09.576922-03:00,0805093-15.2026.8.14.0201,RETIFICAÇÃO OU SUPRIMENTO OU RESTAURAÇÃO DE REGISTRO CIVIL (1682),MÁRCIO ALVES FIGUEIRA
CÍVEL,ICOARACI,7ª DEFENSORIA PÚBLICA CÍVEL DE ICOARACI,2026-07-09 10:56:20.509334-03:00,0805092-30.2026.8.14.0201,PROCEDIMENTO COMUM CÍVEL (7),MÁRCIO ALVES FIGUEIRA
CÍVEL,ICOARACI,7ª DEFENSORIA PÚBLICA CÍVEL DE ICOARACI,2026-07-09 12:04:19.523354-03:00,0805091-45.2026.8.14.0201,PROCEDIMENTO COMUM CÍVEL (7),MÁRCIO ALVES FIGUEIRA
CÍVEL,ICOARACI,7ª DEFENSORIA PÚBLICA CÍVEL DE ICOARACI,2026-07-14 10:37:48.033788-03:00,0805220-50.2026.8.14.0201,PROCEDIMENTO COMUM CÍVEL (7),MÁRCIO ALVES FIGUEIRA
CÍVEL,ICOARACI,7ª DEFENSORIA PÚBLICA CÍVEL DE ICOARACI,2026-07-14 11:56:50.160125-03:00,0805217-95.2026.8.14.0201,OUTROS PROCEDIMENTOS DE JURISDIÇÃO VOLUNTÁRIA (1294),MÁRCIO ALVES FIGUEIRA
CÍVEL,ICOARACI,7ª DEFENSORIA PÚBLICA CÍVEL DE ICOARACI,2026-07-14 13:15:03.998409-03:00,0805216-13.2026.8.14.0201,PROCEDIMENTO COMUM CÍVEL (7),MÁRCIO ALVES FIGUEIRA
CÍVEL,ICOARACI,7ª DEFENSORIA PÚBLICA CÍVEL DE ICOARACI,2026-07-15 09:20:42.916474-03:00,0805249-03.2026.8.14.0201,PROCEDIMENTO COMUM CÍVEL (7),MÁRCIO ALVES FIGUEIRA
CÍVEL,ICOARACI,7ª DEFENSORIA PÚBLICA CÍVEL DE ICOARACI,2026-07-15 11:17:30.229229-03:00,0805277-68.2026.8.14.0201,PROCEDIMENTO COMUM CÍVEL (7),MÁRCIO ALVES FIGUEIRA
CÍVEL,ICOARACI,7ª DEFENSORIA PÚBLICA CÍVEL DE ICOARACI,2026-07-15 14:20:50.753988-03:00,0805281-08.2026.8.14.0201,EXIBIÇÃO DE DOCUMENTO OU COISA CÍVEL (228),MÁRCIO ALVES FIGUEIRA
CÍVEL,ICOARACI,7ª DEFENSORIA PÚBLICA CÍVEL DE ICOARACI,2026-07-16 11:00:32.464928-03:00,0805309-73.2026.8.14.0201,PETIÇÃO CÍVEL (241),MÁRCIO ALVES FIGUEIRA
CÍVEL,ICOARACI,7ª DEFENSORIA PÚBLICA CÍVEL DE ICOARACI,2026-07-16 11:16:51.961368-03:00,0805314-95.2026.8.14.0201,PETIÇÃO CÍVEL (241),MÁRCIO ALVES FIGUEIRA
CÍVEL,ICOARACI,7ª DEFENSORIA PÚBLICA CÍVEL DE ICOARACI,2026-07-16 11:23:57.530245-03:00,0805313-13.2026.8.14.0201,INTERDIÇÃO/CURATELA (58),MÁRCIO ALVES FIGUEIRA
CÍVEL,ICOARACI,7ª DEFENSORIA PÚBLICA CÍVEL DE ICOARACI,2026-07-17 11:17:17.210737-03:00,0805366-91.2026.8.14.0201,INTERDIÇÃO/CURATELA (58),MÁRCIO ALVES FIGUEIRA
CÍVEL,ICOARACI,7ª DEFENSORIA PÚBLICA CÍVEL DE ICOARACI,2026-07-20 09:42:11.904887-03:00,0805412-80.2026.8.14.0201,PROCEDIMENTO COMUM CÍVEL (7),MÁRCIO ALVES FIGUEIRA
CÍVEL,ICOARACI,7ª DEFENSORIA PÚBLICA CÍVEL DE ICOARACI,2026-07-20 10:13:43.257672-03:00,0805413-65.2026.8.14.0201,INTERDIÇÃO/CURATELA (58),MÁRCIO ALVES FIGUEIRA
CÍVEL,ICOARACI,7ª DEFENSORIA PÚBLICA CÍVEL DE ICOARACI,2026-07-23 11:54:47.551134-03:00,0805505-43.2026.8.14.0201,EXECUÇÃO DE MEDIDA DE PROTEÇÃO À CRIANÇA E ADOLESCENTE (1434),MÁRCIO ALVES FIGUEIRA
CÍVEL,ICOARACI,7ª DEFENSORIA PÚBLICA CÍVEL DE ICOARACI,2026-07-28 11:19:26.882222-03:00,0805645-77.2026.8.14.0201,INTERDIÇÃO/CURATELA (58),MÁRCIO ALVES FIGUEIRA
CÍVEL,ICOARACI,7ª DEFENSORIA PÚBLICA CÍVEL DE ICOARACI,2026-07-28 11:38:43.311461-03:00,0805647-47.2026.8.14.0201,RETIFICAÇÃO OU SUPRIMENTO OU RESTAURAÇÃO DE REGISTRO CIVIL (1682),MÁRCIO ALVES FIGUEIRA
CÍVEL,ICOARACI,7ª DEFENSORIA PÚBLICA CÍVEL DE ICOARACI,2026-07-30 14:38:14.416306-03:00,0805758-31.2026.8.14.0201,AÇÃO CIVIL PÚBLICA (65),MÁRCIO ALVES FIGUEIRA
CÍVEL,ICOARACI,7ª DEFENSORIA PÚBLICA CÍVEL DE ICOARACI,2026-07-30 14:51:05.520665-03:00,0805765-23.2026.8.14.0201,PROCEDIMENTO COMUM CÍVEL (7),MÁRCIO ALVES FIGUEIRA
CÍVEL,ICOARACI,7ª DEFENSORIA PÚBLICA CÍVEL DE ICOARACI,2026-08-03 11:52:32.630459-03:00,0805846-69.2026.8.14.0201,RETIFICAÇÃO OU SUPRIMENTO OU RESTAURAÇÃO DE REGISTRO CIVIL (1682),MÁRCIO ALVES FIGUEIRA
CÍVEL,ICOARACI,7ª DEFENSORIA PÚBLICA CÍVEL DE ICOARACI,2026-08-04 15:53:40.193317-03:00,0805911-64.2026.8.14.0201,INTERDIÇÃO/CURATELA (58),MÁRCIO ALVES FIGUEIRA
CÍVEL,ICOARACI,7ª DEFENSORIA PÚBLICA CÍVEL DE ICOARACI,2026-08-12 09:43:53.743296-03:00,0806157-60.2026.8.14.0201,RETIFICAÇÃO OU SUPRIMENTO OU RESTAURAÇÃO DE REGISTRO CIVIL (1682),MÁRCIO ALVES FIGUEIRA
CÍVEL,ICOARACI,7ª DEFENSORIA PÚBLICA CÍVEL DE ICOARACI,2026-08-12 10:54:00.899025-03:00,0806172-29.2026.8.14.0201,RETIFICAÇÃO OU SUPRIMENTO OU RESTAURAÇÃO DE REGISTRO CIVIL (1682),MÁRCIO ALVES FIGUEIRA
CÍVEL,ICOARACI,7ª DEFENSORIA PÚBLICA CÍVEL DE ICOARACI,2026-08-12 14:24:55.314255-03:00,0806174-96.2026.8.14.0201,PROCEDIMENTO COMUM CÍVEL (7),MÁRCIO ALVES FIGUEIRA
CÍVEL,ICOARACI,7ª DEFENSORIA PÚBLICA CÍVEL DE ICOARACI,2026-08-13 11:20:25.269140-03:00,0806199-12.2026.8.14.0201,AÇÃO CIVIL PÚBLICA (65),MÁRCIO ALVES FIGUEIRA
CÍVEL,ICOARACI,7ª DEFENSORIA PÚBLICA CÍVEL DE ICOARACI,2026-08-14 10:39:55.858483-03:00,0806243-31.2026.8.14.0201,INTERDIÇÃO/CURATELA (58),MÁRCIO ALVES FIGUEIRA
CÍVEL,ICOARACI,7ª DEFENSORIA PÚBLICA CÍVEL DE ICOARACI,2026-09-10 10:19:09.103033-03:00,0807074-79.2026.8.14.0201,RETIFICAÇÃO OU SUPRIMENTO OU RESTAURAÇÃO DE REGISTRO CIVIL (1682),MÁRCIO ALVES FIGUEIRA
CÍVEL,ICOARACI,7ª DEFENSORIA PÚBLICA CÍVEL DE ICOARACI,2026-09-16 12:14:12.405262-03:00,0890012-25.2026.8.14.0301,RETIFICAÇÃO OU SUPRIMENTO OU RESTAURAÇÃO DE REGISTRO CIVIL (1682),WALBERT PANTOJA DE BRITO
CÍVEL,ICOARACI,7ª DEFENSORIA PÚBLICA CÍVEL DE ICOARACI,2026-09-18 10:23:29.348068-03:00,0807333-74.2026.8.14.0201,RETIFICAÇÃO OU SUPRIMENTO OU RESTAURAÇÃO DE REGISTRO CIVIL (1682),WALBERT PANTOJA DE BRITO
CÍVEL,ICOARACI,7ª DEFENSORIA PÚBLICA CÍVEL DE ICOARACI,2026-09-18 11:42:09.570194-03:00,0807351-95.2026.8.14.0201,RETIFICAÇÃO OU SUPRIMENTO OU RESTAURAÇÃO DE REGISTRO CIVIL (1682),WALBERT PANTOJA DE BRITO
CÍVEL,ICOARACI,7ª DEFENSORIA PÚBLICA CÍVEL DE ICOARACI,2026-09-18 12:28:54.644523-03:00,0807378-78.2026.8.14.0201,RETIFICAÇÃO OU SUPRIMENTO OU RESTAURAÇÃO DE REGISTRO CIVIL (1682),MÁRCIO ALVES FIGUEIRA
CÍVEL,ICOARACI,7ª DEFENSORIA PÚBLICA CÍVEL DE ICOARACI,2026-09-21 10:26:09.811636-03:00,0807440-21.2026.8.14.0201,BUSCA E APREENSÃO EM ALIENAÇÃO FIDUCIÁRIA (81),MÁRCIO ALVES FIGUEIRA
CÍVEL,ICOARACI,7ª DEFENSORIA PÚBLICA CÍVEL DE ICOARACI,2026-09-23 08:35:17.088892-03:00,0807516-45.2026.8.14.0201,RETIFICAÇÃO OU SUPRIMENTO OU RESTAURAÇÃO DE REGISTRO CIVIL (1682),MÁRCIO ALVES FIGUEIRA
CÍVEL,ICOARACI,7ª DEFENSORIA PÚBLICA CÍVEL DE ICOARACI,2026-09-23 10:29:18.889652-03:00,0807513-90.2026.8.14.0201,INTERDIÇÃO/CURATELA (58),MÁRCIO ALVES FIGUEIRA
CÍVEL,ICOARACI,DEFENSORIA DE ATENDIMENTO MASSIFICADO CIVEL DE ICOARACI,2026-03-06 11:16:00.829877-03:00,0801321-44.2026.8.14.0201,RETIFICAÇÃO OU SUPRIMENTO OU RESTAURAÇÃO DE REGISTRO CIVIL (1682),FRANCISCO JOSÉ PINHO VIEIRA
CÍVEL,ICOARACI,DEFENSORIA DE ATENDIMENTO MASSIFICADO CIVEL DE ICOARACI,2026-03-12 11:28:38.463500-03:00,0801515-44.2026.8.14.0201,RETIFICAÇÃO OU SUPRIMENTO OU RESTAURAÇÃO DE REGISTRO CIVIL (1682),FRANCISCO JOSÉ PINHO VIEIRA
CÍVEL,ICOARACI,DEFENSORIA DE ATENDIMENTO MASSIFICADO CIVEL DE ICOARACI,2026-03-14 09:34:19.830824-03:00,0801560-48.2026.8.14.0201,RETIFICAÇÃO OU SUPRIMENTO OU RESTAURAÇÃO DE REGISTRO CIVIL (1682),LUCIANA ALBUQUERQUE LIMA
CÍVEL,ICOARACI,DEFENSORIA DE ATENDIMENTO MASSIFICADO CIVEL DE ICOARACI,2026-03-14 09:43:16.180880-03:00,0801558-78.2026.8.14.0201,RETIFICAÇÃO OU SUPRIMENTO OU RESTAURAÇÃO DE REGISTRO CIVIL (1682),JOSÉ ANIJAR FRAGOSO REI
CÍVEL,ICOARACI,DEFENSORIA DE ATENDIMENTO MASSIFICADO CIVEL DE ICOARACI,2026-03-14 09:48:28.225825-03:00,0801654-93.2026.8.14.0201,ALIMENTOS - LEI ESPECIAL Nº 5.478/68 (69),BRENO LUZ MORAIS
CÍVEL,ICOARACI,DEFENSORIA DE ATENDIMENTO MASSIFICADO CIVEL DE ICOARACI,2026-03-14 09:53:16.781330-03:00,0801634-05.2026.8.14.0201,ALIMENTOS - LEI ESPECIAL Nº 5.478/68 (69),JOSEANE ROCHA GODOY SANTANA
CÍVEL,ICOARACI,DEFENSORIA DE ATENDIMENTO MASSIFICADO CIVEL DE ICOARACI,2026-03-14 10:04:46.571190-03:00,0801566-55.2026.8.14.0201,DIVÓRCIO CONSENSUAL (12372),REGINALDO TAVEIRA RIBEIRO
CÍVEL,ICOARACI,DEFENSORIA DE ATENDIMENTO MASSIFICADO CIVEL DE ICOARACI,2026-03-14 10:10:55.775365-03:00,0801568-25.2026.8.14.0201,RETIFICAÇÃO OU SUPRIMENTO OU RESTAURAÇÃO DE REGISTRO CIVIL (1682),REGINALDO TAVEIRA RIBEIRO
CÍVEL,ICOARACI,DEFENSORIA DE ATENDIMENTO MASSIFICADO CIVEL DE ICOARACI,2026-03-14 10:12:33.395470-03:00,0801593-38.2026.8.14.0201,ALIMENTOS - LEI ESPECIAL Nº 5.478/68 (69),BRENO LUZ MORAIS
CÍVEL,ICOARACI,DEFENSORIA DE ATENDIMENTO MASSIFICADO CIVEL DE ICOARACI,2026-03-14 10:16:17.988506-03:00,0801606-37.2026.8.14.0201,ALIMENTOS - LEI ESPECIAL Nº 5.478/68 (69),FRANCISCO JOSÉ PINHO VIEIRA
CÍVEL,ICOARACI,DEFENSORIA DE ATENDIMENTO MASSIFICADO CIVEL DE ICOARACI,2026-03-14 10:21:07.926516-03:00,0801571-77.2026.8.14.0201,ALIMENTOS - LEI ESPECIAL Nº 5.478/68 (69),LUCIANA ALBUQUERQUE LIMA
CÍVEL,ICOARACI,DEFENSORIA DE ATENDIMENTO MASSIFICADO CIVEL DE ICOARACI,2026-03-14 10:22:21.539746-03:00,0801602-97.2026.8.14.0201,ALIMENTOS - LEI ESPECIAL Nº 5.478/68 (69),FRANCISCO JOSÉ PINHO VIEIRA
CÍVEL,ICOARACI,DEFENSORIA DE ATENDIMENTO MASSIFICADO CIVEL DE ICOARACI,2026-03-14 10:32:18.878716-03:00,0801587-31.2026.8.14.0201,ALIMENTOS - LEI ESPECIAL Nº 5.478/68 (69),JOSEANE ROCHA GODOY SANTANA
CÍVEL,ICOARACI,DEFENSORIA DE ATENDIMENTO MASSIFICADO CIVEL DE ICOARACI,2026-03-14 10:56:12.342745-03:00,0801577-84.2026.8.14.0201,ALIMENTOS - LEI ESPECIAL Nº 5.478/68 (69),JOSÉ ANIJAR FRAGOSO REI
CÍVEL,ICOARACI,DEFENSORIA DE ATENDIMENTO MASSIFICADO CIVEL DE ICOARACI,2026-03-14 11:03:44.141674-03:00,0802250-77.2026.8.14.0201,ALIMENTOS - LEI ESPECIAL Nº 5.478/68 (69),JOSEANE ROCHA GODOY SANTANA
CÍVEL,ICOARACI,DEFENSORIA DE ATENDIMENTO MASSIFICADO CIVEL DE ICOARACI,2026-03-14 11:04:16.072374-03:00,0801578-69.2026.8.14.0201,OUTROS PROCEDIMENTOS DE JURISDIÇÃO VOLUNTÁRIA (1294),ANNALU MARINHO FERREIRA
CÍVEL,ICOARACI,DEFENSORIA DE ATENDIMENTO MASSIFICADO CIVEL DE ICOARACI,2026-03-14 11:08:14.551133-03:00,0801588-16.2026.8.14.0201,ALIMENTOS - LEI ESPECIAL Nº 5.478/68 (69),JOSÉ ANIJAR FRAGOSO REI
CÍVEL,ICOARACI,DEFENSORIA DE ATENDIMENTO MASSIFICADO CIVEL DE ICOARACI,2026-03-14 11:16:33.628134-03:00,0801584-76.2026.8.14.0201,ALIMENTOS - LEI ESPECIAL Nº 5.478/68 (69),JOSEANE ROCHA GODOY SANTANA
CÍVEL,ICOARACI,DEFENSORIA DE ATENDIMENTO MASSIFICADO CIVEL DE ICOARACI,2026-03-14 11:21:02.590644-03:00,0801583-91.2026.8.14.0201,RETIFICAÇÃO OU SUPRIMENTO OU RESTAURAÇÃO DE REGISTRO CIVIL (1682),JOSÉ ANIJAR FRAGOSO REI
CÍVEL,ICOARACI,DEFENSORIA DE ATENDIMENTO MASSIFICADO CIVEL DE ICOARACI,2026-03-14 11:29:52.251080-03:00,0801591-68.2026.8.14.0201,RETIFICAÇÃO OU SUPRIMENTO OU RESTAURAÇÃO DE REGISTRO CIVIL (1682),REGINALDO TAVEIRA RIBEIRO
CÍVEL,ICOARACI,DEFENSORIA DE ATENDIMENTO MASSIFICADO CIVEL DE ICOARACI,2026-03-14 11:30:20.765427-03:00,0801589-98.2026.8.14.0201,ALIMENTOS - LEI ESPECIAL Nº 5.478/68 (69),BRENO LUZ MORAIS
CÍVEL,ICOARACI,DEFENSORIA DE ATENDIMENTO MASSIFICADO CIVEL DE ICOARACI,2026-03-14 11:32:56.348714-03:00,0801642-79.2026.8.14.0201,PROCEDIMENTO COMUM CÍVEL (7),BRENO LUZ MORAIS
CÍVEL,ICOARACI,DEFENSORIA DE ATENDIMENTO MASSIFICADO CIVEL DE ICOARACI,2026-03-14 11:37:45.174853-03:00,0801590-83.2026.8.14.0201,ALIMENTOS - LEI ESPECIAL Nº 5.478/68 (69),REGINALDO TAVEIRA RIBEIRO
CÍVEL,ICOARACI,DEFENSORIA DE ATENDIMENTO MASSIFICADO CIVEL DE ICOARACI,2026-03-14 11:37:48.331578-03:00,0801682-61.2026.8.14.0201,ALIMENTOS - LEI ESPECIAL Nº 5.478/68 (69),ANNALU MARINHO FERREIRA
CÍVEL,ICOARACI,DEFENSORIA DE ATENDIMENTO MASSIFICADO CIVEL DE ICOARACI,2026-03-14 11:39:48.017025-03:00,0801607-22.2026.8.14.0201,ALIMENTOS - LEI ESPECIAL Nº 5.478/68 (69),FRANCISCO JOSÉ PINHO VIEIRA
CÍVEL,ICOARACI,DEFENSORIA DE ATENDIMENTO MASSIFICADO CIVEL DE ICOARACI,2026-03-14 11:43:43.703137-03:00,0801683-46.2026.8.14.0201,ALIMENTOS - LEI ESPECIAL Nº 5.478/68 (69),ANNALU MARINHO FERREIRA
CÍVEL,ICOARACI,DEFENSORIA DE ATENDIMENTO MASSIFICADO CIVEL DE ICOARACI,2026-03-14 12:08:46.864266-03:00,0801604-67.2026.8.14.0201,ALIMENTOS - LEI ESPECIAL Nº 5.478/68 (69),REGINALDO TAVEIRA RIBEIRO
CÍVEL,ICOARACI,DEFENSORIA DE ATENDIMENTO MASSIFICADO CIVEL DE ICOARACI,2026-03-14 12:10:08.669999-03:00,0801605-52.2026.8.14.0201,DIVÓRCIO CONSENSUAL (12372),REGINALDO TAVEIRA RIBEIRO
CÍVEL,ICOARACI,DEFENSORIA DE ATENDIMENTO MASSIFICADO CIVEL DE ICOARACI,2026-03-14 12:14:47.782689-03:00,0802242-03.2026.8.14.0201,ALIMENTOS - LEI ESPECIAL Nº 5.478/68 (69),FRANCISCO JOSÉ PINHO VIEIRA
CÍVEL,ICOARACI,DEFENSORIA DE ATENDIMENTO MASSIFICADO CIVEL DE ICOARACI,2026-03-14 12:26:49.565755-03:00,0801612-44.2026.8.14.0201,OUTROS PROCEDIMENTOS DE JURISDIÇÃO VOLUNTÁRIA (1294),JOSEANE ROCHA GODOY SANTANA
CÍVEL,ICOARACI,DEFENSORIA DE ATENDIMENTO MASSIFICADO CIVEL DE ICOARACI,2026-03-14 12:27:18.641504-03:00,0801611-59.2026.8.14.0201,ALIMENTOS - LEI ESPECIAL Nº 5.478/68 (69),JOSÉ ANIJAR FRAGOSO REI
CÍVEL,ICOARACI,DEFENSORIA DE ATENDIMENTO MASSIFICADO CIVEL DE ICOARACI,2026-03-14 12:31:28.727259-03:00,0801638-42.2026.8.14.0201,ALIMENTOS - LEI ESPECIAL Nº 5.478/68 (69),FRANCISCO JOSÉ PINHO VIEIRA
CÍVEL,ICOARACI,DEFENSORIA DE ATENDIMENTO MASSIFICADO CIVEL DE ICOARACI,2026-03-14 12:33:55.272844-03:00,0801616-81.2026.8.14.0201,ALIMENTOS - LEI ESPECIAL Nº 5.478/68 (69),ANNALU MARINHO FERREIRA
CÍVEL,ICOARACI,DEFENSORIA DE ATENDIMENTO MASSIFICADO CIVEL DE ICOARACI,2026-03-14 12:40:20.233269-03:00,0801625-43.2026.8.14.0201,RETIFICAÇÃO OU SUPRIMENTO OU RESTAURAÇÃO DE REGISTRO CIVIL (1682),REGINALDO TAVEIRA RIBEIRO
CÍVEL,ICOARACI,DEFENSORIA DE ATENDIMENTO MASSIFICADO CIVEL DE ICOARACI,2026-03-14 12:40:22.707536-03:00,0801618-51.2026.8.14.0201,DIVÓRCIO LITIGIOSO (12541),LEILIANA SANTA BRIGIDA SOARES LIMA
CÍVEL,ICOARACI,DEFENSORIA DE ATENDIMENTO MASSIFICADO CIVEL DE ICOARACI,2026-03-14 13:01:09.035602-03:00,0801628-95.2026.8.14.0201,DIVÓRCIO CONSENSUAL (12372),JOSÉ ANIJAR FRAGOSO REI
CÍVEL,ICOARACI,DEFENSORIA DE ATENDIMENTO MASSIFICADO CIVEL DE ICOARACI,2026-03-14 13:05:23.030226-03:00,0801639-27.2026.8.14.0201,ALIMENTOS - LEI ESPECIAL Nº 5.478/68 (69),FRANCISCO JOSÉ PINHO VIEIRA
CÍVEL,ICOARACI,DEFENSORIA DE ATENDIMENTO MASSIFICADO CIVEL DE ICOARACI,2026-03-14 13:11:15.399777-03:00,0801629-80.2026.8.14.0201,ALIMENTOS - LEI ESPECIAL Nº 5.478/68 (69),BRENO LUZ MORAIS
CÍVEL,ICOARACI,DEFENSORIA DE ATENDIMENTO MASSIFICADO CIVEL DE ICOARACI,2026-03-14 13:12:39.146177-03:00,0801631-50.2026.8.14.0201,OUTROS PROCEDIMENTOS DE JURISDIÇÃO VOLUNTÁRIA (1294),JOSEANE ROCHA GODOY SANTANA
CÍVEL,ICOARACI,DEFENSORIA DE ATENDIMENTO MASSIFICADO CIVEL DE ICOARACI,2026-03-14 13:17:45.688739-03:00,0801633-20.2026.8.14.0201,RETIFICAÇÃO OU SUPRIMENTO OU RESTAURAÇÃO DE REGISTRO CIVIL (1682),BRENO LUZ MORAIS
CÍVEL,ICOARACI,DEFENSORIA DE ATENDIMENTO MASSIFICADO CIVEL DE ICOARACI,2026-03-14 13:22:09.156707-03:00,0801676-54.2026.8.14.0201,DIVÓRCIO CONSENSUAL (12372),BRENO LUZ MORAIS
CÍVEL,ICOARACI,DEFENSORIA DE ATENDIMENTO MASSIFICADO CIVEL DE ICOARACI,2026-03-14 13:32:09.286693-03:00,0801684-31.2026.8.14.0201,ALIMENTOS - LEI ESPECIAL Nº 5.478/68 (69),ANNALU MARINHO FERREIRA
CÍVEL,ICOARACI,DEFENSORIA DE ATENDIMENTO MASSIFICADO CIVEL DE ICOARACI,2026-03-14 13:37:01.485449-03:00,0801679-09.2026.8.14.0201,DIVÓRCIO CONSENSUAL (12372),BRENO LUZ MORAIS
CÍVEL,ICOARACI,DEFENSORIA DE ATENDIMENTO MASSIFICADO CIVEL DE ICOARACI,2026-03-14 13:43:19.220027-03:00,0802251-62.2026.8.14.0201,ALIMENTOS - LEI ESPECIAL Nº 5.478/68 (69),JOSEANE ROCHA GODOY SANTANA
CÍVEL,ICOARACI,DEFENSORIA DE ATENDIMENTO MASSIFICADO CIVEL DE ICOARACI,2026-03-16 12:19:32.686418-03:00,0801687-83.2026.8.14.0201,DIVÓRCIO CONSENSUAL (12372),BRENO LUZ MORAIS
CÍVEL,ICOARACI,DEFENSORIA DE ATENDIMENTO MASSIFICADO CIVEL DE ICOARACI,2026-03-16 13:00:28.866668-03:00,0801691-23.2026.8.14.0201,ALIMENTOS - LEI ESPECIAL Nº 5.478/68 (69),ANNALU MARINHO FERREIRA
CÍVEL,ICOARACI,DEFENSORIA DE ATENDIMENTO MASSIFICADO CIVEL DE ICOARACI,2026-04-07 11:53:54.147138-03:00,0802265-46.2026.8.14.0201,ALIMENTOS - LEI ESPECIAL Nº 5.478/68 (69),FRANCISCO JOSÉ PINHO VIEIRA
CÍVEL,ICOARACI,DEFENSORIA DE ATENDIMENTO MASSIFICADO CIVEL DE ICOARACI,2026-04-09 09:31:28.430861-03:00,0802487-14.2026.8.14.0201,RETIFICAÇÃO OU SUPRIMENTO OU RESTAURAÇÃO DE REGISTRO CIVIL (1682),FRANCISCO JOSÉ PINHO VIEIRA
CÍVEL,ICOARACI,DEFENSORIA DE ATENDIMENTO MASSIFICADO CIVEL DE ICOARACI,2026-04-19 10:53:32.094005-03:00,0802662-08.2026.8.14.0201,RETIFICAÇÃO OU SUPRIMENTO OU RESTAURAÇÃO DE REGISTRO CIVIL (1682),FRANCISCO JOSÉ PINHO VIEIRA
CÍVEL,ICOARACI,DEFENSORIA DE ATENDIMENTO MASSIFICADO CIVEL DE ICOARACI,2026-04-23 10:02:34.571089-03:00,0802772-07.2026.8.14.0201,RETIFICAÇÃO OU SUPRIMENTO OU RESTAURAÇÃO DE REGISTRO CIVIL (1682),FRANCISCO JOSÉ PINHO VIEIRA
CÍVEL,ICOARACI,DEFENSORIA DE ATENDIMENTO MASSIFICADO CIVEL DE ICOARACI,2026-05-07 10:19:01.691861-03:00,0803298-71.2026.8.14.0201,RETIFICAÇÃO OU SUPRIMENTO OU RESTAURAÇÃO DE REGISTRO CIVIL (1682),FRANCISCO JOSÉ PINHO VIEIRA
CÍVEL,ICOARACI,DEFENSORIA DE ATENDIMENTO MASSIFICADO CIVEL DE ICOARACI,2026-05-18 08:33:52.732794-03:00,0803712-69.2026.8.14.0201,DIVÓRCIO CONSENSUAL (12372),FRANCISCO JOSÉ PINHO VIEIRA
CÍVEL,ICOARACI,DEFENSORIA DE ATENDIMENTO MASSIFICADO CIVEL DE ICOARACI,2026-05-22 15:50:38.287747-03:00,0803815-76.2026.8.14.0201,RETIFICAÇÃO OU SUPRIMENTO OU RESTAURAÇÃO DE REGISTRO CIVIL (1682),FRANCISCO JOSÉ PINHO VIEIRA
CÍVEL,ICOARACI,DEFENSORIA DE ATENDIMENTO MASSIFICADO CIVEL DE ICOARACI,2026-05-27 15:31:48.809110-03:00,0855820-66.2026.8.14.0301,OUTROS PROCEDIMENTOS DE JURISDIÇÃO VOLUNTÁRIA (1294),FRANCISCO JOSÉ PINHO VIEIRA
CÍVEL,ICOARACI,DEFENSORIA DE ATENDIMENTO MASSIFICADO CIVEL DE ICOARACI,2026-05-29 11:06:32.742686-03:00,0803969-94.2026.8.14.0201,RETIFICAÇÃO OU SUPRIMENTO OU RESTAURAÇÃO DE REGISTRO CIVIL (1682),FRANCISCO JOSÉ PINHO VIEIRA
CÍVEL,ICOARACI,DEFENSORIA DE ATENDIMENTO MASSIFICADO CIVEL DE ICOARACI,2026-05-29 12:04:56.631539-03:00,0804004-54.2026.8.14.0201,RETIFICAÇÃO OU SUPRIMENTO OU RESTAURAÇÃO DE REGISTRO CIVIL (1682),FRANCISCO JOSÉ PINHO VIEIRA
CÍVEL,ICOARACI,DEFENSORIA DE ATENDIMENTO MASSIFICADO CIVEL DE ICOARACI,2026-06-02 11:47:10.264800-03:00,0804057-35.2026.8.14.0201,RETIFICAÇÃO OU SUPRIMENTO OU RESTAURAÇÃO DE REGISTRO CIVIL (1682),FRANCISCO JOSÉ PINHO VIEIRA
CÍVEL,ICOARACI,DEFENSORIA DE ATENDIMENTO MASSIFICADO CIVEL DE ICOARACI,2026-07-17 13:05:28.938699-03:00,0805371-16.2026.8.14.0201,DIVÓRCIO CONSENSUAL (12372),FRANCISCO JOSÉ PINHO VIEIRA
CÍVEL,ICOARACI,DEFENSORIA DE ATENDIMENTO MASSIFICADO CIVEL DE ICOARACI,2026-07-27 15:12:02.123468-03:00,0808134-63.2026.8.14.0015,DIVÓRCIO LITIGIOSO (12541),FRANCISCO JOSÉ PINHO VIEIRA
CÍVEL,ICOARACI,DEFENSORIA DE ATENDIMENTO MASSIFICADO CIVEL DE ICOARACI,2026-08-13 12:15:30.576102-03:00,0806234-69.2026.8.14.0201,INTERDIÇÃO/CURATELA (58),CLARICE DOS SANTOS OTONI
CÍVEL,ICOARACI,DEFENSORIA DE ATENDIMENTO MASSIFICADO CIVEL DE ICOARACI,2026-08-13 12:39:22.337102-03:00,0806207-86.2026.8.14.0201,RETIFICAÇÃO OU SUPRIMENTO OU RESTAURAÇÃO DE REGISTRO CIVIL (1682),CLARICE DOS SANTOS OTONI
CÍVEL,ICOARACI,DEFENSORIA DE ATENDIMENTO MASSIFICADO CIVEL DE ICOARACI,2026-08-20 09:54:03.731963-03:00,0806432-09.2026.8.14.0201,DIVÓRCIO CONSENSUAL (12372),FRANCISCO JOSÉ PINHO VIEIRA
CÍVEL,ICOARACI,DEFENSORIA DE ATENDIMENTO MASSIFICADO CIVEL DE ICOARACI,2026-08-21 11:10:17.670643-03:00,0806443-38.2026.8.14.0201,PROCEDIMENTO COMUM CÍVEL (7),FRANCISCO JOSÉ PINHO VIEIRA
CÍVEL,ICOARACI,DEFENSORIA DE ATENDIMENTO MASSIFICADO CIVEL DE ICOARACI,2026-08-24 12:51:50.719012-03:00,0806528-24.2026.8.14.0201,ALIMENTOS - LEI ESPECIAL Nº 5.478/68 (69),FRANCISCO JOSÉ PINHO VIEIRA
CÍVEL,ICOARACI,DEFENSORIA DE ATENDIMENTO MASSIFICADO CIVEL DE ICOARACI,2026-09-03 09:41:11.823668-03:00,0806852-14.2026.8.14.0201,RETIFICAÇÃO OU SUPRIMENTO OU RESTAURAÇÃO DE REGISTRO CIVIL (1682),FRANCISCO JOSÉ PINHO VIEIRA
CÍVEL,ICOARACI,DEFENSORIA DE ATENDIMENTO MASSIFICADO CIVEL DE ICOARACI,2026-09-03 10:58:17.804265-03:00,0806831-38.2026.8.14.0201,ALIMENTOS - LEI ESPECIAL Nº 5.478/68 (69),FRANCISCO JOSÉ PINHO VIEIRA
CÍVEL,ICOARACI,DEFENSORIA DE ATENDIMENTO MASSIFICADO CIVEL DE ICOARACI,2026-09-04 08:53:28.265518-03:00,0806858-21.2026.8.14.0201,RETIFICAÇÃO OU SUPRIMENTO OU RESTAURAÇÃO DE REGISTRO CIVIL (1682),MARCO AURÉLIO VELLOZO GUTERRES
CÍVEL,ICOARACI,DEFENSORIA DE ATENDIMENTO MASSIFICADO CIVEL DE ICOARACI,2026-09-04 09:18:51.535890-03:00,0807176-04.2026.8.14.0201,RETIFICAÇÃO OU SUPRIMENTO OU RESTAURAÇÃO DE REGISTRO CIVIL (1682),FRANCISCO JOSÉ PINHO VIEIRA
CÍVEL,ICOARACI,DEFENSORIA DE ATENDIMENTO MASSIFICADO CIVEL DE ICOARACI,2026-09-04 09:50:48.361013-03:00,0807183-93.2026.8.14.0201,RETIFICAÇÃO OU SUPRIMENTO OU RESTAURAÇÃO DE REGISTRO CIVIL (1682),FRANCISCO JOSÉ PINHO VIEIRA
CÍVEL,ICOARACI,DEFENSORIA DE ATENDIMENTO MASSIFICADO CIVEL DE ICOARACI,2026-09-04 09:55:39.400978-03:00,0806862-58.2026.8.14.0201,RETIFICAÇÃO OU SUPRIMENTO OU RESTAURAÇÃO DE REGISTRO CIVIL (1682),JAIRO MAIA JUNIOR
CÍVEL,ICOARACI,DEFENSORIA DE ATENDIMENTO MASSIFICADO CIVEL DE ICOARACI,2026-09-04 10:12:40.246390-03:00,0807177-86.2026.8.14.0201,RETIFICAÇÃO OU SUPRIMENTO OU RESTAURAÇÃO DE REGISTRO CIVIL (1682),FRANCISCO JOSÉ PINHO VIEIRA
CÍVEL,ICOARACI,DEFENSORIA DE ATENDIMENTO MASSIFICADO CIVEL DE ICOARACI,2026-09-04 10:41:31.396689-03:00,0807282-63.2026.8.14.0201,RETIFICAÇÃO OU SUPRIMENTO OU RESTAURAÇÃO DE REGISTRO CIVIL (1682),FRANCISCO JOSÉ PINHO VIEIRA
CÍVEL,ICOARACI,DEFENSORIA DE ATENDIMENTO MASSIFICADO CIVEL DE ICOARACI,2026-09-04 11:05:44.527787-03:00,0807033-15.2026.8.14.0201,RETIFICAÇÃO OU SUPRIMENTO OU RESTAURAÇÃO DE REGISTRO CIVIL (1682),FRANCISCO JOSÉ PINHO VIEIRA
CÍVEL,ICOARACI,DEFENSORIA DE ATENDIMENTO MASSIFICADO CIVEL DE ICOARACI,2026-09-08 08:24:46.751958-03:00,0806978-64.2026.8.14.0201,RETIFICAÇÃO OU SUPRIMENTO OU RESTAURAÇÃO DE REGISTRO CIVIL (1682),FRANCISCO JOSÉ PINHO VIEIRA
CÍVEL,ICOARACI,DEFENSORIA DE ATENDIMENTO MASSIFICADO CIVEL DE ICOARACI,2026-09-08 08:41:45.622276-03:00,0806981-19.2026.8.14.0201,RETIFICAÇÃO OU SUPRIMENTO OU RESTAURAÇÃO DE REGISTRO CIVIL (1682),FRANCISCO JOSÉ PINHO VIEIRA
CÍVEL,ICOARACI,DEFENSORIA DE ATENDIMENTO MASSIFICADO CIVEL DE ICOARACI,2026-09-08 08:44:32.668963-03:00,0806982-04.2026.8.14.0201,RETIFICAÇÃO OU SUPRIMENTO OU RESTAURAÇÃO DE REGISTRO CIVIL (1682),FRANCISCO JOSÉ PINHO VIEIRA
CÍVEL,ICOARACI,DEFENSORIA DE ATENDIMENTO MASSIFICADO CIVEL DE ICOARACI,2026-09-08 08:49:23.162373-03:00,0806979-49.2026.8.14.0201,RETIFICAÇÃO OU SUPRIMENTO OU RESTAURAÇÃO DE REGISTRO CIVIL (1682),FRANCISCO JOSÉ PINHO VIEIRA
CÍVEL,ICOARACI,DEFENSORIA DE ATENDIMENTO MASSIFICADO CIVEL DE ICOARACI,2026-09-08 10:03:45.584682-03:00,0806986-41.2026.8.14.0201,RETIFICAÇÃO OU SUPRIMENTO OU RESTAURAÇÃO DE REGISTRO CIVIL (1682),FRANCISCO JOSÉ PINHO VIEIRA
CÍVEL,ICOARACI,DEFENSORIA DE ATENDIMENTO MASSIFICADO CIVEL DE ICOARACI,2026-09-08 10:06:48.889907-03:00,0806988-11.2026.8.14.0201,DIVÓRCIO LITIGIOSO (12541),FRANCISCO JOSÉ PINHO VIEIRA
CÍVEL,ICOARACI,DEFENSORIA DE ATENDIMENTO MASSIFICADO CIVEL DE ICOARACI,2026-09-08 10:18:32.144545-03:00,0806987-26.2026.8.14.0201,RETIFICAÇÃO OU SUPRIMENTO OU RESTAURAÇÃO DE REGISTRO CIVIL (1682),FRANCISCO JOSÉ PINHO VIEIRA
CÍVEL,ICOARACI,DEFENSORIA DE ATENDIMENTO MASSIFICADO CIVEL DE ICOARACI,2026-09-11 09:56:59.036159-03:00,0807180-41.2026.8.14.0201,RETIFICAÇÃO OU SUPRIMENTO OU RESTAURAÇÃO DE REGISTRO CIVIL (1682),FRANCISCO JOSÉ PINHO VIEIRA
CÍVEL,ICOARACI,DEFENSORIA DE ATENDIMENTO MASSIFICADO CIVEL DE ICOARACI,2026-09-11 10:12:01.067043-03:00,0807257-50.2026.8.14.0201,RETIFICAÇÃO OU SUPRIMENTO OU RESTAURAÇÃO DE REGISTRO CIVIL (1682),FRANCISCO JOSÉ PINHO VIEIRA
CÍVEL,ICOARACI,DEFENSORIA DE ATENDIMENTO MASSIFICADO CIVEL DE ICOARACI,2026-09-11 11:10:51.711621-03:00,0807179-56.2026.8.14.0201,RETIFICAÇÃO OU SUPRIMENTO OU RESTAURAÇÃO DE REGISTRO CIVIL (1682),FRANCISCO JOSÉ PINHO VIEIRA
CÍVEL,ICOARACI,DEFENSORIA DE ATENDIMENTO MASSIFICADO CIVEL DE ICOARACI,2026-09-11 12:22:47.955029-03:00,0807178-71.2026.8.14.0201,RETIFICAÇÃO OU SUPRIMENTO OU RESTAURAÇÃO DE REGISTRO CIVIL (1682),FRANCISCO JOSÉ PINHO VIEIRA
CÍVEL,ICOARACI,DEFENSORIA DE ATENDIMENTO MASSIFICADO CIVEL DE ICOARACI,2026-09-11 13:22:25.840351-03:00,0807175-19.2026.8.14.0201,RETIFICAÇÃO OU SUPRIMENTO OU RESTAURAÇÃO DE REGISTRO CIVIL (1682),FRANCISCO JOSÉ PINHO VIEIRA
CÍVEL,ICOARACI,DEFENSORIA DE ATENDIMENTO MASSIFICADO CIVEL DE ICOARACI,2026-09-14 10:30:22.789743-03:00,0807174-34.2026.8.14.0201,RETIFICAÇÃO OU SUPRIMENTO OU RESTAURAÇÃO DE REGISTRO CIVIL (1682),FRANCISCO JOSÉ PINHO VIEIRA
CÍVEL,ICOARACI,DEFENSORIA DE ATENDIMENTO MASSIFICADO CIVEL DE ICOARACI,2026-09-14 12:07:57.990157-03:00,0807189-03.2026.8.14.0201,RETIFICAÇÃO OU SUPRIMENTO OU RESTAURAÇÃO DE REGISTRO CIVIL (1682),FRANCISCO JOSÉ PINHO VIEIRA
CÍVEL,ICOARACI,DEFENSORIA DE ATENDIMENTO MASSIFICADO CIVEL DE ICOARACI,2026-09-16 08:55:25.861803-03:00,0807250-58.2026.8.14.0201,RETIFICAÇÃO OU SUPRIMENTO OU RESTAURAÇÃO DE REGISTRO CIVIL (1682),FRANCISCO JOSÉ PINHO VIEIRA
CÍVEL,ICOARACI,DEFENSORIA DE ATENDIMENTO MASSIFICADO CIVEL DE ICOARACI,2026-09-16 09:07:37.154569-03:00,0807283-48.2026.8.14.0201,RETIFICAÇÃO OU SUPRIMENTO OU RESTAURAÇÃO DE REGISTRO CIVIL (1682),FRANCISCO JOSÉ PINHO VIEIRA
CÍVEL,ICOARACI,DEFENSORIA DE ATENDIMENTO MASSIFICADO CIVEL DE ICOARACI,2026-09-18 09:18:46.950504-03:00,0807413-38.2026.8.14.0201,RETIFICAÇÃO OU SUPRIMENTO OU RESTAURAÇÃO DE REGISTRO CIVIL (1682),FRANCISCO JOSÉ PINHO VIEIRA
CÍVEL,ICOARACI,DEFENSORIA DE ATENDIMENTO MASSIFICADO CIVEL DE ICOARACI,2026-09-18 09:53:53.511730-03:00,0807412-53.2026.8.14.0201,RETIFICAÇÃO OU SUPRIMENTO OU RESTAURAÇÃO DE REGISTRO CIVIL (1682),FRANCISCO JOSÉ PINHO VIEIRA
CÍVEL,ICOARACI,DEFENSORIA DE ATENDIMENTO MASSIFICADO CIVEL DE ICOARACI,2026-09-18 10:16:07.099437-03:00,0807350-13.2026.8.14.0201,RETIFICAÇÃO OU SUPRIMENTO OU RESTAURAÇÃO DE REGISTRO CIVIL (1682),FRANCISCO JOSÉ PINHO VIEIRA
CÍVEL,ICOARACI,DEFENSORIA DE ATENDIMENTO MASSIFICADO CIVEL DE ICOARACI,2026-09-18 10:18:18.916112-03:00,0807411-68.2026.8.14.0201,RETIFICAÇÃO OU SUPRIMENTO OU RESTAURAÇÃO DE REGISTRO CIVIL (1682),FRANCISCO JOSÉ PINHO VIEIRA
CÍVEL,ICOARACI,DEFENSORIA DE ATENDIMENTO MASSIFICADO CIVEL DE ICOARACI,2026-09-18 10:19:03.896488-03:00,0807410-83.2026.8.14.0201,RETIFICAÇÃO OU SUPRIMENTO OU RESTAURAÇÃO DE REGISTRO CIVIL (1682),FRANCISCO JOSÉ PINHO VIEIRA
CÍVEL,ICOARACI,DEFENSORIA DE ATENDIMENTO MASSIFICADO CIVEL DE ICOARACI,2026-09-18 10:19:06.985797-03:00,0807408-16.2026.8.14.0201,RETIFICAÇÃO OU SUPRIMENTO OU RESTAURAÇÃO DE REGISTRO CIVIL (1682),FRANCISCO JOSÉ PINHO VIEIRA
CÍVEL,ICOARACI,DEFENSORIA DE ATENDIMENTO MASSIFICADO CIVEL DE ICOARACI,2026-09-18 10:21:10.815023-03:00,0807348-43.2026.8.14.0201,RETIFICAÇÃO OU SUPRIMENTO OU RESTAURAÇÃO DE REGISTRO CIVIL (1682),FRANCISCO JOSÉ PINHO VIEIRA
CÍVEL,ICOARACI,DEFENSORIA DE ATENDIMENTO MASSIFICADO CIVEL DE ICOARACI,2026-09-18 10:23:57.590841-03:00,0807346-73.2026.8.14.0201,RETIFICAÇÃO OU SUPRIMENTO OU RESTAURAÇÃO DE REGISTRO CIVIL (1682),FRANCISCO JOSÉ PINHO VIEIRA
CÍVEL,ICOARACI,DEFENSORIA DE ATENDIMENTO MASSIFICADO CIVEL DE ICOARACI,2026-09-18 10:41:26.495822-03:00,0807409-98.2026.8.14.0201,RETIFICAÇÃO OU SUPRIMENTO OU RESTAURAÇÃO DE REGISTRO CIVIL (1682),FRANCISCO JOSÉ PINHO VIEIRA
CÍVEL,ICOARACI,DEFENSORIA DE ATENDIMENTO MASSIFICADO CIVEL DE ICOARACI,2026-09-18 11:09:50.391836-03:00,0807407-31.2026.8.14.0201,RETIFICAÇÃO OU SUPRIMENTO OU RESTAURAÇÃO DE REGISTRO CIVIL (1682),FRANCISCO JOSÉ PINHO VIEIRA
CÍVEL,ICOARACI,DEFENSORIA DE ATENDIMENTO MASSIFICADO CIVEL DE ICOARACI,2026-09-18 11:16:31.877588-03:00,0807406-46.2026.8.14.0201,RETIFICAÇÃO OU SUPRIMENTO OU RESTAURAÇÃO DE REGISTRO CIVIL (1682),FRANCISCO JOSÉ PINHO VIEIRA
CÍVEL,ICOARACI,DEFENSORIA DE ATENDIMENTO MASSIFICADO CIVEL DE ICOARACI,2026-09-18 11:24:13.446352-03:00,0807344-06.2026.8.14.0201,RETIFICAÇÃO OU SUPRIMENTO OU RESTAURAÇÃO DE REGISTRO CIVIL (1682),FRANCISCO JOSÉ PINHO VIEIRA
CÍVEL,ICOARACI,DEFENSORIA DE ATENDIMENTO MASSIFICADO CIVEL DE ICOARACI,2026-09-18 11:28:43.367937-03:00,0807347-58.2026.8.14.0201,RETIFICAÇÃO OU SUPRIMENTO OU RESTAURAÇÃO DE REGISTRO CIVIL (1682),FRANCISCO JOSÉ PINHO VIEIRA
CÍVEL,ICOARACI,DEFENSORIA DE ATENDIMENTO MASSIFICADO CIVEL DE ICOARACI,2026-09-18 12:36:30.262204-03:00,0807405-61.2026.8.14.0201,RETIFICAÇÃO OU SUPRIMENTO OU RESTAURAÇÃO DE REGISTRO CIVIL (1682),FRANCISCO JOSÉ PINHO VIEIRA
CÍVEL,ICOARACI,DEFENSORIA DE ATENDIMENTO MASSIFICADO CIVEL DE ICOARACI,2026-09-21 09:20:46.234763-03:00,0807498-24.2026.8.14.0201,OUTROS PROCEDIMENTOS DE JURISDIÇÃO VOLUNTÁRIA (1294),FRANCISCO JOSÉ PINHO VIEIRA
CÍVEL,ICOARACI,DEFENSORIA DE ATENDIMENTO MASSIFICADO CIVEL DE ICOARACI,2026-09-21 10:21:55.068960-03:00,0807445-43.2026.8.14.0201,RETIFICAÇÃO OU SUPRIMENTO OU RESTAURAÇÃO DE REGISTRO CIVIL (1682),FRANCISCO JOSÉ PINHO VIEIRA
CÍVEL,ICOARACI,DEFENSORIA DE ATENDIMENTO MASSIFICADO CIVEL DE ICOARACI,2026-09-22 11:56:18.199118-03:00,0807490-47.2026.8.14.0201,RETIFICAÇÃO OU SUPRIMENTO OU RESTAURAÇÃO DE REGISTRO CIVIL (1682),FRANCISCO JOSÉ PINHO VIEIRA
CÍVEL,ICOARACI,ICOARACI - MUTIRÃO MEU PAI TEM NOME,2026-08-08 09:29:22.006871-03:00,0805992-13.2026.8.14.0201,DIVÓRCIO CONSENSUAL (12372),URSULA DINI MASCARENHAS
CÍVEL,ICOARACI,ICOARACI - MUTIRÃO MEU PAI TEM NOME,2026-08-08 09:32:11.194930-03:00,0806005-12.2026.8.14.0201,ALIMENTOS - LEI ESPECIAL Nº 5.478/68 (69),URSULA DINI MASCARENHAS
CÍVEL,ICOARACI,ICOARACI - MUTIRÃO MEU PAI TEM NOME,2026-08-08 09:52:54.822421-03:00,0806006-94.2026.8.14.0201,ALIMENTOS - LEI ESPECIAL Nº 5.478/68 (69),URSULA DINI MASCARENHAS
CÍVEL,ICOARACI,ICOARACI - MUTIRÃO MEU PAI TEM NOME,2026-08-08 09:53:01.856147-03:00,0805993-95.2026.8.14.0201,DIVÓRCIO CONSENSUAL (12372),REGINALDO TAVEIRA RIBEIRO
CÍVEL,ICOARACI,ICOARACI - MUTIRÃO MEU PAI TEM NOME,2026-08-08 09:53:27.310847-03:00,0806054-53.2026.8.14.0201,DIVÓRCIO LITIGIOSO (12541),CLARICE DOS SANTOS OTONI
CÍVEL,ICOARACI,ICOARACI - MUTIRÃO MEU PAI TEM NOME,2026-08-08 09:54:38.476475-03:00,0806022-48.2026.8.14.0201,ALIMENTOS - LEI ESPECIAL Nº 5.478/68 (69),REGINALDO TAVEIRA RIBEIRO
CÍVEL,ICOARACI,ICOARACI - MUTIRÃO MEU PAI TEM NOME,2026-08-08 10:02:51.004541-03:00,0806003-42.2026.8.14.0201,ALIMENTOS - LEI ESPECIAL Nº 5.478/68 (69),CLARICE DOS SANTOS OTONI
CÍVEL,ICOARACI,ICOARACI - MUTIRÃO MEU PAI TEM NOME,2026-08-08 10:15:22.117536-03:00,0805995-65.2026.8.14.0201,ALIMENTOS - LEI ESPECIAL Nº 5.478/68 (69),JOSEANE ROCHA GODOY SANTANA
CÍVEL,ICOARACI,ICOARACI - MUTIRÃO MEU PAI TEM NOME,2026-08-08 10:16:40.876359-03:00,0806002-57.2026.8.14.0201,ALIMENTOS - LEI ESPECIAL Nº 5.478/68 (69),CLARICE DOS SANTOS OTONI
CÍVEL,ICOARACI,ICOARACI - MUTIRÃO MEU PAI TEM NOME,2026-08-08 10:17:10.129501-03:00,0806000-87.2026.8.14.0201,ALIMENTOS - LEI ESPECIAL Nº 5.478/68 (69),CLARICE DOS SANTOS OTONI
CÍVEL,ICOARACI,ICOARACI - MUTIRÃO MEU PAI TEM NOME,2026-08-08 10:17:11.974531-03:00,0805997-35.2026.8.14.0201,DIVÓRCIO CONSENSUAL (12372),THAÍSSA GOMES DOS SANTOS DRAGO
CÍVEL,ICOARACI,ICOARACI - MUTIRÃO MEU PAI TEM NOME,2026-08-08 10:21:44.991534-03:00,0805996-50.2026.8.14.0201,ALIMENTOS - LEI ESPECIAL Nº 5.478/68 (69),REGINALDO TAVEIRA RIBEIRO
CÍVEL,ICOARACI,ICOARACI - MUTIRÃO MEU PAI TEM NOME,2026-08-08 10:23:30.276093-03:00,0805999-05.2026.8.14.0201,DIVÓRCIO CONSENSUAL (12372),CLARICE DOS SANTOS OTONI
CÍVEL,ICOARACI,ICOARACI - MUTIRÃO MEU PAI TEM NOME,2026-08-08 10:35:07.275109-03:00,0805998-20.2026.8.14.0201,DIVÓRCIO CONSENSUAL (12372),CLARICE DOS SANTOS OTONI
CÍVEL,ICOARACI,ICOARACI - MUTIRÃO MEU PAI TEM NOME,2026-08-08 10:36:08.635972-03:00,0806001-72.2026.8.14.0201,ALIMENTOS - LEI ESPECIAL Nº 5.478/68 (69),CLARICE DOS SANTOS OTONI
CÍVEL,ICOARACI,ICOARACI - MUTIRÃO MEU PAI TEM NOME,2026-08-08 10:46:47.700966-03:00,0806004-27.2026.8.14.0201,ALIMENTOS - LEI ESPECIAL Nº 5.478/68 (69),URSULA DINI MASCARENHAS
CÍVEL,ICOARACI,ICOARACI - MUTIRÃO MEU PAI TEM NOME,2026-08-08 10:47:02.163838-03:00,0876866-14.2026.8.14.0301,AVERIGUAÇÃO DE PATERNIDADE (123),CLARICE DOS SANTOS OTONI
CÍVEL,ICOARACI,ICOARACI - MUTIRÃO MEU PAI TEM NOME,2026-08-08 10:48:06.090623-03:00,0806007-79.2026.8.14.0201,DIVÓRCIO CONSENSUAL (12372),LIANE BENCHIMOL DE MATOS ALBANO
CÍVEL,ICOARACI,ICOARACI - MUTIRÃO MEU PAI TEM NOME,2026-08-08 10:52:58.431921-03:00,0806008-64.2026.8.14.0201,ALIMENTOS - LEI ESPECIAL Nº 5.478/68 (69),URSULA DINI MASCARENHAS
CÍVEL,ICOARACI,ICOARACI - MUTIRÃO MEU PAI TEM NOME,2026-08-08 10:58:30.771588-03:00,0806125-55.2026.8.14.0201,ALIMENTOS - LEI ESPECIAL Nº 5.478/68 (69),CLARICE DOS SANTOS OTONI
CÍVEL,ICOARACI,ICOARACI - MUTIRÃO MEU PAI TEM NOME,2026-08-08 11:05:44.937689-03:00,0806009-49.2026.8.14.0201,ALIMENTOS - LEI ESPECIAL Nº 5.478/68 (69),JAIRO MAIA JUNIOR
CÍVEL,ICOARACI,ICOARACI - MUTIRÃO MEU PAI TEM NOME,2026-08-08 11:07:38.745075-03:00,0806016-41.2026.8.14.0201,ALIMENTOS - LEI ESPECIAL Nº 5.478/68 (69),JAIRO MAIA JUNIOR
CÍVEL,ICOARACI,ICOARACI - MUTIRÃO MEU PAI TEM NOME,2026-08-08 11:12:52.593675-03:00,0806020-78.2026.8.14.0201,ALIMENTOS - LEI ESPECIAL Nº 5.478/68 (69),JAIRO MAIA JUNIOR
CÍVEL,ICOARACI,ICOARACI - MUTIRÃO MEU PAI TEM NOME,2026-08-08 11:13:26.066745-03:00,0806021-63.2026.8.14.0201,PROCEDIMENTO COMUM CÍVEL (7),REGINALDO TAVEIRA RIBEIRO
CÍVEL,ICOARACI,ICOARACI - MUTIRÃO MEU PAI TEM NOME,2026-08-08 11:15:55.020371-03:00,0806010-34.2026.8.14.0201,ALIMENTOS - LEI ESPECIAL Nº 5.478/68 (69),JOSEANE ROCHA GODOY SANTANA
CÍVEL,ICOARACI,ICOARACI - MUTIRÃO MEU PAI TEM NOME,2026-08-08 11:21:22.711328-03:00,0806048-46.2026.8.14.0201,DIVÓRCIO CONSENSUAL (12372),THAÍSSA GOMES DOS SANTOS DRAGO
CÍVEL,ICOARACI,ICOARACI - MUTIRÃO MEU PAI TEM NOME,2026-08-08 11:23:21.558908-03:00,0806012-04.2026.8.14.0201,ALIMENTOS - LEI ESPECIAL Nº 5.478/68 (69),JAIRO MAIA JUNIOR
CÍVEL,ICOARACI,ICOARACI - MUTIRÃO MEU PAI TEM NOME,2026-08-08 11:24:46.407260-03:00,0806019-93.2026.8.14.0201,DIVÓRCIO LITIGIOSO (12541),REGINALDO TAVEIRA RIBEIRO
CÍVEL,ICOARACI,ICOARACI - MUTIRÃO MEU PAI TEM NOME,2026-08-08 11:31:32.832844-03:00,0806014-71.2026.8.14.0201,ALIMENTOS - LEI ESPECIAL Nº 5.478/68 (69),URSULA DINI MASCARENHAS
CÍVEL,ICOARACI,ICOARACI - MUTIRÃO MEU PAI TEM NOME,2026-08-08 11:32:28.999306-03:00,0806013-86.2026.8.14.0201,ALIMENTOS - LEI ESPECIAL Nº 5.478/68 (69),URSULA DINI MASCARENHAS
CÍVEL,ICOARACI,ICOARACI - MUTIRÃO MEU PAI TEM NOME,2026-08-08 11:35:36.018423-03:00,0806024-18.2026.8.14.0201,DIVÓRCIO CONSENSUAL (12372),LIANE BENCHIMOL DE MATOS ALBANO
CÍVEL,ICOARACI,ICOARACI - MUTIRÃO MEU PAI TEM NOME,2026-08-08 11:36:35.958248-03:00,0806015-56.2026.8.14.0201,ALIMENTOS - LEI ESPECIAL Nº 5.478/68 (69),REGINALDO TAVEIRA RIBEIRO
CÍVEL,ICOARACI,ICOARACI - MUTIRÃO MEU PAI TEM NOME,2026-08-08 11:40:54.032978-03:00,0806032-92.2026.8.14.0201,ALIMENTOS - LEI ESPECIAL Nº 5.478/68 (69),JAIRO MAIA JUNIOR
CÍVEL,ICOARACI,ICOARACI - MUTIRÃO MEU PAI TEM NOME,2026-08-08 11:45:38.508709-03:00,0806053-68.2026.8.14.0201,PROCEDIMENTO COMUM CÍVEL (7),CLARICE DOS SANTOS OTONI
CÍVEL,ICOARACI,ICOARACI - MUTIRÃO MEU PAI TEM NOME,2026-08-08 11:48:52.258940-03:00,0806042-39.2026.8.14.0201,DIVÓRCIO CONSENSUAL (12372),LIANE BENCHIMOL DE MATOS ALBANO
CÍVEL,ICOARACI,ICOARACI - MUTIRÃO MEU PAI TEM NOME,2026-08-08 11:49:40.279992-03:00,0806049-31.2026.8.14.0201,DIVÓRCIO CONSENSUAL (12372),THAÍSSA GOMES DOS SANTOS DRAGO
CÍVEL,ICOARACI,ICOARACI - MUTIRÃO MEU PAI TEM NOME,2026-08-08 11:53:09.347755-03:00,0806026-85.2026.8.14.0201,ALIMENTOS - LEI ESPECIAL Nº 5.478/68 (69),URSULA DINI MASCARENHAS
CÍVEL,ICOARACI,ICOARACI - MUTIRÃO MEU PAI TEM NOME,2026-08-08 11:53:46.026023-03:00,0806025-03.2026.8.14.0201,PROCEDIMENTO COMUM CÍVEL (7),CLARICE DOS SANTOS OTONI
CÍVEL,ICOARACI,ICOARACI - MUTIRÃO MEU PAI TEM NOME,2026-08-08 11:57:22.810501-03:00,0806046-76.2026.8.14.0201,DIVÓRCIO CONSENSUAL (12372),THAÍSSA GOMES DOS SANTOS DRAGO
CÍVEL,ICOARACI,ICOARACI - MUTIRÃO MEU PAI TEM NOME,2026-08-08 11:59:59.144728-03:00,0806033-77.2026.8.14.0201,ALIMENTOS - LEI ESPECIAL Nº 5.478/68 (69),JAIRO MAIA JUNIOR
CÍVEL,ICOARACI,ICOARACI - MUTIRÃO MEU PAI TEM NOME,2026-08-08 12:02:47.973054-03:00,0806064-97.2026.8.14.0201,ALIMENTOS - LEI ESPECIAL Nº 5.478/68 (69),REGINALDO TAVEIRA RIBEIRO
CÍVEL,ICOARACI,ICOARACI - MUTIRÃO MEU PAI TEM NOME,2026-08-08 12:07:40.293776-03:00,0806028-55.2026.8.14.0201,DIVÓRCIO LITIGIOSO (12541),THAÍSSA GOMES DOS SANTOS DRAGO
CÍVEL,ICOARACI,ICOARACI - MUTIRÃO MEU PAI TEM NOME,2026-08-08 12:07:58.403059-03:00,0806029-40.2026.8.14.0201,DIVÓRCIO CONSENSUAL (12372),LIANE BENCHIMOL DE MATOS ALBANO
CÍVEL,ICOARACI,ICOARACI - MUTIRÃO MEU PAI TEM NOME,2026-08-08 12:08:49.522099-03:00,0806030-25.2026.8.14.0201,ALIMENTOS - LEI ESPECIAL Nº 5.478/68 (69),URSULA DINI MASCARENHAS
CÍVEL,ICOARACI,ICOARACI - MUTIRÃO MEU PAI TEM NOME,2026-08-08 12:09:24.756230-03:00,0806031-10.2026.8.14.0201,DIVÓRCIO CONSENSUAL (12372),JOSEANE ROCHA GODOY SANTANA
CÍVEL,ICOARACI,ICOARACI - MUTIRÃO MEU PAI TEM NOME,2026-08-08 12:16:03.880084-03:00,0806126-40.2026.8.14.0201,ALIMENTOS - LEI ESPECIAL Nº 5.478/68 (69),CLARICE DOS SANTOS OTONI
CÍVEL,ICOARACI,ICOARACI - MUTIRÃO MEU PAI TEM NOME,2026-08-08 12:26:13.862315-03:00,0808695-87.2026.8.14.0015,DIVÓRCIO CONSENSUAL (12372),LIANE BENCHIMOL DE MATOS ALBANO
CÍVEL,ICOARACI,ICOARACI - MUTIRÃO MEU PAI TEM NOME,2026-08-08 12:38:53.349800-03:00,0806035-47.2026.8.14.0201,ALIMENTOS - LEI ESPECIAL Nº 5.478/68 (69),URSULA DINI MASCARENHAS
CÍVEL,ICOARACI,ICOARACI - MUTIRÃO MEU PAI TEM NOME,2026-08-08 12:43:09.897605-03:00,0806057-08.2026.8.14.0201,ALIMENTOS - LEI ESPECIAL Nº 5.478/68 (69),CLARICE DOS SANTOS OTONI
CÍVEL,ICOARACI,ICOARACI - MUTIRÃO MEU PAI TEM NOME,2026-08-08 12:43:17.861600-03:00,0806044-09.2026.8.14.0201,ALIMENTOS - LEI ESPECIAL Nº 5.478/68 (69),THAÍSSA GOMES DOS SANTOS DRAGO
CÍVEL,ICOARACI,ICOARACI - MUTIRÃO MEU PAI TEM NOME,2026-08-08 12:43:50.140010-03:00,0806063-15.2026.8.14.0201,ALIMENTOS - LEI ESPECIAL Nº 5.478/68 (69),REGINALDO TAVEIRA RIBEIRO
CÍVEL,ICOARACI,ICOARACI - MUTIRÃO MEU PAI TEM NOME,2026-08-08 12:49:44.464337-03:00,0806036-32.2026.8.14.0201,ALIMENTOS - LEI ESPECIAL Nº 5.478/68 (69),URSULA DINI MASCARENHAS
CÍVEL,ICOARACI,ICOARACI - MUTIRÃO MEU PAI TEM NOME,2026-08-08 13:01:07.192817-03:00,0806037-17.2026.8.14.0201,ALIMENTOS - LEI ESPECIAL Nº 5.478/68 (69),URSULA DINI MASCARENHAS
CÍVEL,ICOARACI,ICOARACI - MUTIRÃO MEU PAI TEM NOME,2026-08-08 13:01:15.865692-03:00,0806091-80.2026.8.14.0201,AVERIGUAÇÃO DE PATERNIDADE (123),JOSEANE ROCHA GODOY SANTANA
CÍVEL,ICOARACI,ICOARACI - MUTIRÃO MEU PAI TEM NOME,2026-08-08 13:01:41.535386-03:00,0806045-91.2026.8.14.0201,ALIMENTOS - LEI ESPECIAL Nº 5.478/68 (69),THAÍSSA GOMES DOS SANTOS DRAGO
CÍVEL,ICOARACI,ICOARACI - MUTIRÃO MEU PAI TEM NOME,2026-08-08 13:11:04.332596-03:00,0806056-23.2026.8.14.0201,DIVÓRCIO LITIGIOSO (12541),CLARICE DOS SANTOS OTONI
CÍVEL,ICOARACI,ICOARACI - MUTIRÃO MEU PAI TEM NOME,2026-08-08 13:12:05.657012-03:00,0806092-65.2026.8.14.0201,ALIMENTOS - LEI ESPECIAL Nº 5.478/68 (69),JOSEANE ROCHA GODOY SANTANA
CÍVEL,ICOARACI,ICOARACI - MUTIRÃO MEU PAI TEM NOME,2026-08-08 13:12:29.382022-03:00,0806050-16.2026.8.14.0201,PETIÇÃO CÍVEL (241),THAÍSSA GOMES DOS SANTOS DRAGO
CÍVEL,ICOARACI,ICOARACI - MUTIRÃO MEU PAI TEM NOME,2026-08-08 13:13:45.099443-03:00,0806039-84.2026.8.14.0201,PROCEDIMENTO COMUM CÍVEL (7),REGINALDO TAVEIRA RIBEIRO
CÍVEL,ICOARACI,ICOARACI - MUTIRÃO MEU PAI TEM NOME,2026-08-08 13:16:23.770573-03:00,0806040-69.2026.8.14.0201,ALIMENTOS - LEI ESPECIAL Nº 5.478/68 (69),JOSEANE ROCHA GODOY SANTANA
CÍVEL,ICOARACI,ICOARACI - MUTIRÃO MEU PAI TEM NOME,2026-08-08 13:19:06.820477-03:00,0806047-61.2026.8.14.0201,DIVÓRCIO CONSENSUAL (12372),JOSEANE ROCHA GODOY SANTANA
CÍVEL,ICOARACI,ICOARACI - MUTIRÃO MEU PAI TEM NOME,2026-08-08 13:20:47.433546-03:00,0806043-24.2026.8.14.0201,PROCEDIMENTO COMUM CÍVEL (7),CLARICE DOS SANTOS OTONI
CÍVEL,ICOARACI,ICOARACI - MUTIRÃO MEU PAI TEM NOME,2026-08-08 13:24:37.281860-03:00,0806051-98.2026.8.14.0201,DIVÓRCIO CONSENSUAL (12372),THAÍSSA GOMES DOS SANTOS DRAGO
CÍVEL,ICOARACI,ICOARACI - MUTIRÃO MEU PAI TEM NOME,2026-08-08 13:27:58.220014-03:00,0806055-38.2026.8.14.0201,ALIMENTOS - LEI ESPECIAL Nº 5.478/68 (69),CLARICE DOS SANTOS OTONI
CÍVEL,ICOARACI,ICOARACI - MUTIRÃO MEU PAI TEM NOME,2026-08-08 13:33:33.195011-03:00,0806052-83.2026.8.14.0201,ALIMENTOS - LEI ESPECIAL Nº 5.478/68 (69),LIANE BENCHIMOL DE MATOS ALBANO
CÍVEL,ICOARACI,ICOARACI - MUTIRÃO MEU PAI TEM NOME,2026-08-08 13:33:54.624932-03:00,0806352-45.2026.8.14.0201,DIVÓRCIO CONSENSUAL (12372),CLARICE DOS SANTOS OTONI
CÍVEL,ICOARACI,ICOARACI - MUTIRÃO MEU PAI TEM NOME,2026-08-08 13:34:08.715150-03:00,0806093-50.2026.8.14.0201,AVERIGUAÇÃO DE PATERNIDADE (123),JOSEANE ROCHA GODOY SANTANA
CÍVEL,ICOARACI,ICOARACI - MUTIRÃO MEU PAI TEM NOME,2026-08-08 14:07:04.971906-03:00,0806130-77.2026.8.14.0201,ALIMENTOS - LEI ESPECIAL Nº 5.478/68 (69),CLARICE DOS SANTOS OTONI
CÍVEL,ICOARACI,ICOARACI - MUTIRÃO MEU PAI TEM NOME,2026-08-08 14:14:26.263545-03:00,0806245-98.2026.8.14.0201,ALIMENTOS - LEI ESPECIAL Nº 5.478/68 (69),URSULA DINI MASCARENHAS
CÍVEL,ICOARACI,ICOARACI - MUTIRÃO MEU PAI TEM NOME,2026-08-08 17:18:09.102340-03:00,0806139-39.2026.8.14.0201,ALIMENTOS - LEI ESPECIAL Nº 5.478/68 (69),THAÍSSA GOMES DOS SANTOS DRAGO
CÍVEL,ICOARACI,ICOARACI - MUTIRÃO MEU PAI TEM NOME,2026-08-10 11:05:14.417107-03:00,0806083-06.2026.8.14.0201,DIVÓRCIO CONSENSUAL (12372),REGINALDO TAVEIRA RIBEIRO
CÍVEL,ICOARACI,ICOARACI - MUTIRÃO MEU PAI TEM NOME,2026-08-10 11:15:03.946289-03:00,0806096-05.2026.8.14.0201,ALIMENTOS - LEI ESPECIAL Nº 5.478/68 (69),JAIRO MAIA JUNIOR
CÍVEL,ICOARACI,ICOARACI - MUTIRÃO MEU PAI TEM NOME,2026-08-10 11:46:27.479567-03:00,0806088-28.2026.8.14.0201,DIVÓRCIO LITIGIOSO (12541),LIANE BENCHIMOL DE MATOS ALBANO
CÍVEL,ICOARACI,ICOARACI - MUTIRÃO MEU PAI TEM NOME,2026-08-10 12:44:16.746525-03:00,0806119-48.2026.8.14.0201,ALIMENTOS - LEI ESPECIAL Nº 5.478/68 (69),JAIRO MAIA JUNIOR
CÍVEL,ICOARACI,ICOARACI - MUTIRÃO MEU PAI TEM NOME,2026-08-10 12:47:55.053009-03:00,0806120-33.2026.8.14.0201,ALIMENTOS - LEI ESPECIAL Nº 5.478/68 (69),JAIRO MAIA JUNIOR
CÍVEL,ICOARACI,ICOARACI - MUTIRÃO MEU PAI TEM NOME,2026-08-10 13:31:52.001218-03:00,0806121-18.2026.8.14.0201,ALIMENTOS - LEI ESPECIAL Nº 5.478/68 (69),JAIRO MAIA JUNIOR
CÍVEL,ICOARACI,ICOARACI - MUTIRÃO MEU PAI TEM NOME,2026-08-10 13:39:31.791770-03:00,0806129-92.2026.8.14.0201,ALIMENTOS - LEI ESPECIAL Nº 5.478/68 (69),JAIRO MAIA JUNIOR
CÍVEL,ICOARACI,ICOARACI - MUTIRÃO MEU PAI TEM NOME,2026-08-10 13:45:28.136606-03:00,0806106-49.2026.8.14.0201,ALIMENTOS - LEI ESPECIAL Nº 5.478/68 (69),URSULA DINI MASCARENHAS
CÍVEL,ICOARACI,ICOARACI - MUTIRÃO MEU PAI TEM NOME,2026-08-11 12:49:12.529801-03:00,0806140-24.2026.8.14.0201,ALIMENTOS - LEI ESPECIAL Nº 5.478/68 (69),THAÍSSA GOMES DOS SANTOS DRAGO
CÍVEL,ICOARACI,ICOARACI - MUTIRÃO MEU PAI TEM NOME,2026-08-12 10:59:50.894225-03:00,0806214-78.2026.8.14.0201,ALIMENTOS - LEI ESPECIAL Nº 5.478/68 (69),CLARICE DOS SANTOS OTONI
CÍVEL,ICOARACI,ICOARACI - MUTIRÃO MEU PAI TEM NOME,2026-08-14 11:06:55.180271-03:00,0806246-83.2026.8.14.0201,ALIMENTOS - LEI ESPECIAL Nº 5.478/68 (69),JAIRO MAIA JUNIOR
CRIMINAL,ICOARACI,1ª DEFENSORIA PÚBLICA DO JUIZADO CRIMINAL ICOARACI,2026-04-30 11:25:48.005972-03:00,0803042-31.2026.8.14.0201,AÇÃO PENAL - PROCEDIMENTO SUMÁRIO (10943),JOÃO PERES DE ANDRADE FILHO
CRIMINAL,ICOARACI,1ª DEFENSORIA PÚBLICA DO JUIZADO CRIMINAL ICOARACI,2026-05-05 09:27:27.698274-03:00,0803158-37.2026.8.14.0201,"CRIMES DE CALÚNIA, INJÚRIA E DIFAMAÇÃO DE COMPETÊNCIA DO JUIZ SINGULAR (288)",JOÃO PERES DE ANDRADE FILHO
CRIMINAL,ICOARACI,1ª DEFENSORIA PÚBLICA DO JUIZADO CRIMINAL ICOARACI,2026-05-20 10:32:37.426459-03:00,0803715-24.2026.8.14.0201,"CRIMES DE CALÚNIA, INJÚRIA E DIFAMAÇÃO DE COMPETÊNCIA DO JUIZ SINGULAR (288)",JOÃO PERES DE ANDRADE FILHO
CRIMINAL,ICOARACI,1ª DEFENSORIA PÚBLICA DO JUIZADO CRIMINAL ICOARACI,2026-06-02 11:18:53.125861-03:00,0804073-86.2026.8.14.0201,AÇÃO PENAL - PROCEDIMENTO SUMARÍSSIMO (10944),JOÃO PERES DE ANDRADE FILHO
CRIMINAL,ICOARACI,1ª DEFENSORIA PÚBLICA DO JUIZADO CRIMINAL ICOARACI,2026-06-23 09:30:04.051253-03:00,0804593-46.2026.8.14.0201,AÇÃO PENAL - PROCEDIMENTO SUMARÍSSIMO (10944),JOÃO PERES DE ANDRADE FILHO
CRIMINAL,ICOARACI,1ª DEFENSORIA PÚBLICA DO JUIZADO CRIMINAL ICOARACI,2026-08-04 10:28:13.193951-03:00,0805885-66.2026.8.14.0201,"CRIMES DE CALÚNIA, INJÚRIA E DIFAMAÇÃO DE COMPETÊNCIA DO JUIZ SINGULAR (288)",CLARICE DOS SANTOS OTONI
CRIMINAL,ICOARACI,1ª DEFENSORIA PÚBLICA DO JUIZADO CRIMINAL ICOARACI,2026-09-08 12:08:57.725198-03:00,0806993-33.2026.8.14.0201,AÇÃO PENAL - PROCEDIMENTO SUMARÍSSIMO (10944),JOÃO PERES DE ANDRADE FILHO
CRIMINAL,ICOARACI,2ª DEFENSORIA PÚBLICA CRIMINAL DE ICOARACI,2026-02-02 12:29:33.707070-03:00,0800620-83.2026.8.14.0201,MEDIDAS PROTETIVAS DE URGÊNCIA (LEI MARIA DA PENHA) CRIMINAL (1268),FRANCISCO JOSÉ PINHO VIEIRA
CRIMINAL,ICOARACI,7ª DEFENSORIA PÚBLICA CÍVEL DE ICOARACI,2026-02-24 12:43:59.440803-03:00,0801077-18.2026.8.14.0201,AÇÃO PENAL - PROCEDIMENTO ORDINÁRIO (283),CLARICE DOS SANTOS OTONI
